pr_number,title_length,body_length,title_word_count,body_word_count,is_draft,commits_24h,commit_authors_24h,files_changed_24h,additions_24h,deletions_24h,total_changes_24h,changes_per_commit_24h,files_per_commit_24h,deletion_ratio_24h,has_commit_activity_24h,has_file_activity_24h,change_risk_label
335913,52,1281,8,138,False,1.0,1.0,3.0,31.0,7.0,38.0,38.0,3.0,0.1842105263157894,1,1,0
335912,52,427,7,67,False,0.0,0.0,0.0,0.0,0.0,0.0,0.0,0.0,0.0,0,0,0
335911,56,821,8,111,False,0.0,0.0,0.0,0.0,0.0,0.0,0.0,0.0,0.0,0,0,0
335895,69,402,7,44,False,0.0,0.0,0.0,0.0,0.0,0.0,0.0,0.0,0.0,0,0,0
335890,52,1037,6,109,False,4.0,1.0,2.0,88.0,20.0,108.0,27.0,0.5,0.1851851851851851,1,1,0
335886,51,748,7,77,True,1.0,1.0,2.0,2.0,24.0,26.0,26.0,2.0,0.9230769230769232,1,1,0
335882,59,298,8,46,False,1.0,1.0,1.0,9.0,2.0,11.0,11.0,1.0,0.1818181818181818,1,1,0
335880,55,365,6,39,False,0.0,0.0,0.0,0.0,0.0,0.0,0.0,0.0,0.0,0,0,0
335878,67,1891,9,248,False,1.0,1.0,3.0,188.0,137.0,325.0,325.0,3.0,0.4215384615384615,1,1,0
335874,64,886,7,125,False,0.0,0.0,0.0,0.0,0.0,0.0,0.0,0.0,0.0,0,0,0
335872,51,548,5,68,False,1.0,1.0,5.0,72.0,8.0,80.0,80.0,5.0,0.1,1,1,0
335864,49,459,6,64,False,1.0,1.0,2.0,32.0,1.0,33.0,33.0,2.0,0.0303030303030303,1,1,0
335860,57,2740,7,368,False,5.0,1.0,74.0,4023.0,553.0,4576.0,915.2,14.8,0.1208479020979021,1,1,0
335853,80,68,13,7,False,0.0,0.0,0.0,0.0,0.0,0.0,0.0,0.0,0.0,0,0,0
335851,50,849,6,120,False,2.0,1.0,6.0,34.0,63.0,97.0,48.5,3.0,0.6494845360824743,1,1,0
335847,40,941,6,77,False,2.0,1.0,4.0,35.0,90.0,125.0,62.5,2.0,0.72,1,1,0
335845,66,721,8,82,False,2.0,1.0,4.0,56.0,12.0,68.0,34.0,2.0,0.1764705882352941,1,1,0
335843,27,683,5,95,False,3.0,2.0,5.0,6.0,3.0,9.0,3.0,1.6666666666666667,0.3333333333333333,1,1,0
335831,66,31,12,2,False,0.0,0.0,0.0,0.0,0.0,0.0,0.0,0.0,0.0,0,0,0
335828,58,5813,9,513,True,12.0,2.0,25.0,672.0,342.0,1014.0,84.5,2.083333333333333,0.3372781065088757,1,1,0
335827,61,1570,8,266,True,0.0,0.0,0.0,0.0,0.0,0.0,0.0,0.0,0.0,0,0,0
335823,52,684,7,77,False,0.0,0.0,0.0,0.0,0.0,0.0,0.0,0.0,0.0,0,0,0
335817,78,749,9,109,False,0.0,0.0,0.0,0.0,0.0,0.0,0.0,0.0,0.0,0,0,0
335812,70,587,9,62,False,0.0,0.0,0.0,0.0,0.0,0.0,0.0,0.0,0.0,0,0,0
335807,26,903,5,72,False,3.0,1.0,3.0,29.0,56.0,85.0,28.33333333333333,1.0,0.6588235294117647,1,1,0
335806,61,485,6,59,False,0.0,0.0,0.0,0.0,0.0,0.0,0.0,0.0,0.0,0,0,0
335805,40,343,7,49,False,4.0,1.0,2.0,58.0,24.0,82.0,20.5,0.5,0.2926829268292683,1,1,0
335800,67,703,7,85,False,0.0,0.0,0.0,0.0,0.0,0.0,0.0,0.0,0.0,0,0,0
335799,69,264,7,23,False,0.0,0.0,0.0,0.0,0.0,0.0,0.0,0.0,0.0,0,0,0
335795,56,548,8,57,False,1.0,1.0,5.0,68.0,58.0,126.0,126.0,5.0,0.4603174603174603,1,1,0
335793,44,585,8,75,True,0.0,0.0,0.0,0.0,0.0,0.0,0.0,0.0,0.0,0,0,0
335791,75,741,12,85,False,4.0,1.0,39.0,531.0,357.0,888.0,222.0,9.75,0.402027027027027,1,1,0
335785,72,971,9,121,False,0.0,0.0,0.0,0.0,0.0,0.0,0.0,0.0,0.0,0,0,0
335784,52,1224,5,162,False,0.0,0.0,0.0,0.0,0.0,0.0,0.0,0.0,0.0,0,0,0
335783,47,448,5,54,False,0.0,0.0,0.0,0.0,0.0,0.0,0.0,0.0,0.0,0,0,0
335772,36,355,5,51,False,0.0,0.0,0.0,0.0,0.0,0.0,0.0,0.0,0.0,0,0,0
335770,53,666,6,80,False,1.0,1.0,3.0,25.0,15.0,40.0,40.0,3.0,0.375,1,1,0
335766,53,514,7,51,False,1.0,1.0,4.0,49.0,20.0,69.0,69.0,4.0,0.2898550724637681,1,1,0
335762,40,880,7,128,False,0.0,0.0,0.0,0.0,0.0,0.0,0.0,0.0,0.0,0,0,0
335759,72,361,8,58,False,0.0,0.0,0.0,0.0,0.0,0.0,0.0,0.0,0.0,0,0,0
335753,56,222,9,42,False,0.0,0.0,0.0,0.0,0.0,0.0,0.0,0.0,0.0,0,0,0
335750,64,712,8,104,False,3.0,1.0,5.0,105.0,15.0,120.0,40.0,1.6666666666666667,0.125,1,1,0
335746,61,1083,10,151,False,0.0,0.0,0.0,0.0,0.0,0.0,0.0,0.0,0.0,0,0,0
335742,35,1052,4,147,False,0.0,0.0,0.0,0.0,0.0,0.0,0.0,0.0,0.0,0,0,0
335741,47,2723,9,376,False,2.0,1.0,6.0,102.0,19.0,121.0,60.5,3.0,0.1570247933884297,1,1,0
335739,49,639,8,59,False,0.0,0.0,0.0,0.0,0.0,0.0,0.0,0.0,0.0,0,0,0
335736,75,1675,8,240,False,0.0,0.0,0.0,0.0,0.0,0.0,0.0,0.0,0.0,0,0,0
335733,43,1200,6,111,False,0.0,0.0,0.0,0.0,0.0,0.0,0.0,0.0,0.0,0,0,0
335730,17,343,2,49,False,0.0,0.0,0.0,0.0,0.0,0.0,0.0,0.0,0.0,0,0,0
335727,61,1638,7,235,False,1.0,1.0,1.0,1.0,1.0,2.0,2.0,1.0,0.5,1,1,0
335721,56,335,9,58,True,1.0,1.0,2.0,108.0,0.0,108.0,108.0,2.0,0.0,1,1,0
335717,58,662,7,72,False,1.0,1.0,1.0,2.0,2.0,4.0,4.0,1.0,0.5,1,1,0
335715,14,51,2,8,False,0.0,0.0,0.0,0.0,0.0,0.0,0.0,0.0,0.0,0,0,0
335712,55,380,8,58,False,0.0,0.0,0.0,0.0,0.0,0.0,0.0,0.0,0.0,0,0,0
335706,42,343,7,49,False,1.0,1.0,4.0,28.0,16.0,44.0,44.0,4.0,0.3636363636363636,1,1,0
335700,41,2103,5,219,False,1.0,1.0,6.0,141.0,40.0,181.0,181.0,6.0,0.2209944751381215,1,1,0
335699,41,1128,6,119,False,1.0,1.0,1.0,12.0,0.0,12.0,12.0,1.0,0.0,1,1,0
335698,39,1086,7,125,False,0.0,0.0,0.0,0.0,0.0,0.0,0.0,0.0,0.0,0,0,0
335697,52,1107,7,122,False,0.0,0.0,0.0,0.0,0.0,0.0,0.0,0.0,0.0,0,0,0
335696,48,659,6,66,False,0.0,0.0,0.0,0.0,0.0,0.0,0.0,0.0,0.0,0,0,0
335694,44,1183,7,133,False,2.0,1.0,2.0,14.0,2.0,16.0,8.0,1.0,0.125,1,1,0
335689,48,944,6,123,False,0.0,0.0,0.0,0.0,0.0,0.0,0.0,0.0,0.0,0,0,0
335682,69,1269,10,158,False,0.0,0.0,0.0,0.0,0.0,0.0,0.0,0.0,0.0,0,0,0
335667,50,827,5,106,True,1.0,1.0,2.0,48.0,0.0,48.0,48.0,2.0,0.0,1,1,0
335648,35,159,6,11,False,2.0,1.0,9.0,164.0,13.0,177.0,88.5,4.5,0.0734463276836158,1,1,0
335646,37,526,6,73,False,1.0,1.0,1.0,28.0,0.0,28.0,28.0,1.0,0.0,1,1,0
335637,45,281,6,19,False,0.0,0.0,0.0,0.0,0.0,0.0,0.0,0.0,0.0,0,0,0
335636,23,322,4,27,False,0.0,0.0,0.0,0.0,0.0,0.0,0.0,0.0,0.0,0,0,0
335633,101,0,15,0,False,0.0,0.0,0.0,0.0,0.0,0.0,0.0,0.0,0.0,0,0,0
335631,38,1187,4,157,False,1.0,1.0,1.0,1.0,1.0,2.0,2.0,1.0,0.5,1,1,0
335628,58,934,8,116,False,4.0,1.0,4.0,8.0,7.0,15.0,3.75,1.0,0.4666666666666667,1,1,0
335613,71,2900,10,393,False,9.0,1.0,59.0,2675.0,1285.0,3960.0,440.0,6.555555555555555,0.3244949494949495,1,1,1
335611,41,1541,6,159,False,1.0,1.0,3.0,9.0,7.0,16.0,16.0,3.0,0.4375,1,1,0
335610,52,1235,6,157,False,0.0,0.0,0.0,0.0,0.0,0.0,0.0,0.0,0.0,0,0,0
335606,45,1094,7,112,False,0.0,0.0,0.0,0.0,0.0,0.0,0.0,0.0,0.0,0,0,0
335605,71,9071,9,1126,False,14.0,1.0,17.0,776.0,111.0,887.0,63.35714285714285,1.2142857142857142,0.125140924464487,1,1,1
335604,50,1550,7,209,False,9.0,1.0,13.0,110.0,27.0,137.0,15.22222222222222,1.4444444444444444,0.1970802919708029,1,1,0
335601,27,212,4,25,False,0.0,0.0,0.0,0.0,0.0,0.0,0.0,0.0,0.0,0,0,0
335599,58,2011,8,270,False,4.0,1.0,308.0,3150.0,1102.0,4252.0,1063.0,77.0,0.2591721542803387,1,1,1
335597,57,500,8,61,False,0.0,0.0,0.0,0.0,0.0,0.0,0.0,0.0,0.0,0,0,0
335596,46,1124,6,140,False,1.0,1.0,3.0,25.0,221.0,246.0,246.0,3.0,0.8983739837398373,1,1,0
335591,61,2144,7,273,False,0.0,0.0,0.0,0.0,0.0,0.0,0.0,0.0,0.0,0,0,0
335583,44,7384,6,976,False,13.0,1.0,29.0,1096.0,378.0,1474.0,113.3846153846154,2.230769230769231,0.2564450474898236,1,1,0
335582,28,2453,4,220,False,1.0,1.0,54.0,4586.0,729.0,5315.0,5315.0,54.0,0.1371589840075258,1,1,1
335580,28,2263,4,191,False,0.0,0.0,0.0,0.0,0.0,0.0,0.0,0.0,0.0,0,0,0
335579,57,1565,11,234,False,0.0,0.0,0.0,0.0,0.0,0.0,0.0,0.0,0.0,0,0,0
335577,36,547,6,75,False,2.0,1.0,1.0,83.0,83.0,166.0,83.0,0.5,0.5,1,1,0
335576,40,1103,6,158,False,3.0,1.0,4.0,156.0,18.0,174.0,58.0,1.3333333333333333,0.1034482758620689,1,1,0
335568,47,1086,6,112,False,5.0,1.0,5.0,38.0,37.0,75.0,15.0,1.0,0.4933333333333333,1,1,0
335567,54,489,8,66,False,0.0,0.0,0.0,0.0,0.0,0.0,0.0,0.0,0.0,0,0,0
335566,47,1905,6,230,False,0.0,0.0,0.0,0.0,0.0,0.0,0.0,0.0,0.0,0,0,0
335564,28,479,6,75,False,2.0,1.0,7.0,36.0,18.0,54.0,27.0,3.5,0.3333333333333333,1,1,0
335557,51,582,8,79,False,0.0,0.0,0.0,0.0,0.0,0.0,0.0,0.0,0.0,0,0,0
335553,36,615,5,84,False,0.0,0.0,0.0,0.0,0.0,0.0,0.0,0.0,0.0,0,0,0
335552,33,429,5,58,False,1.0,1.0,3.0,62.0,52.0,114.0,114.0,3.0,0.4561403508771929,1,1,0
335551,56,2954,7,377,False,3.0,1.0,304.0,22438.0,2870.0,25308.0,8436.0,101.33333333333331,0.1134028765607713,1,1,1
335550,48,455,7,57,False,1.0,1.0,1.0,1.0,1.0,2.0,2.0,1.0,0.5,1,1,0
335549,48,714,8,98,False,0.0,0.0,0.0,0.0,0.0,0.0,0.0,0.0,0.0,0,0,0
335543,75,334,12,51,False,0.0,0.0,0.0,0.0,0.0,0.0,0.0,0.0,0.0,0,0,0
335542,32,397,6,51,False,0.0,0.0,0.0,0.0,0.0,0.0,0.0,0.0,0.0,0,0,0
335539,47,666,7,91,False,3.0,1.0,4.0,55.0,35.0,90.0,30.0,1.3333333333333333,0.3888888888888889,1,1,0
335533,54,1573,7,215,False,8.0,1.0,412.0,8945.0,2060.0,11005.0,1375.625,51.5,0.1871876419809177,1,1,1
335526,52,760,7,64,False,1.0,1.0,7.0,105.0,35.0,140.0,140.0,7.0,0.25,1,1,0
335525,46,811,7,90,False,5.0,1.0,212.0,15715.0,1537.0,17252.0,3450.4,42.4,0.0890911198701599,1,1,1
335522,46,8078,6,1125,True,8.0,1.0,10.0,220.0,52.0,272.0,34.0,1.25,0.1911764705882352,1,1,0
335520,60,1001,10,147,False,2.0,1.0,5.0,72.0,21.0,93.0,46.5,2.5,0.2258064516129032,1,1,0
335518,39,9083,5,1232,False,1.0,1.0,2.0,146.0,0.0,146.0,146.0,2.0,0.0,1,1,0
335517,54,1343,8,196,False,2.0,1.0,25.0,1062.0,460.0,1522.0,761.0,12.5,0.3022339027595269,1,1,0
335515,54,1485,7,194,False,1.0,1.0,15.0,731.0,20.0,751.0,751.0,15.0,0.0266311584553928,1,1,0
335511,54,4283,6,588,False,2.0,1.0,7.0,155.0,46.0,201.0,100.5,3.5,0.2288557213930348,1,1,0
335510,41,343,7,49,False,3.0,1.0,93.0,7207.0,528.0,7735.0,2578.333333333333,31.0,0.0682611506140917,1,1,1
335506,60,1309,8,180,False,0.0,0.0,0.0,0.0,0.0,0.0,0.0,0.0,0.0,0,0,0
335504,122,4453,17,592,False,6.0,1.0,113.0,8088.0,706.0,8794.0,1465.6666666666667,18.83333333333333,0.0802820104616784,1,1,1
335502,57,1859,8,193,False,1.0,1.0,1.0,1.0,1.0,2.0,2.0,1.0,0.5,1,1,0
335501,45,2297,6,315,False,1.0,1.0,2.0,117.0,19.0,136.0,136.0,2.0,0.1397058823529411,1,1,0
335497,60,619,8,63,False,0.0,0.0,0.0,0.0,0.0,0.0,0.0,0.0,0.0,0,0,0
335491,42,1186,5,173,False,0.0,0.0,0.0,0.0,0.0,0.0,0.0,0.0,0.0,0,0,0
335490,51,2925,8,356,False,1.0,1.0,1.0,3.0,3.0,6.0,6.0,1.0,0.5,1,1,0
335487,54,31,8,2,False,0.0,0.0,0.0,0.0,0.0,0.0,0.0,0.0,0.0,0,0,0
335482,37,343,7,49,False,0.0,0.0,0.0,0.0,0.0,0.0,0.0,0.0,0.0,0,0,0
335481,50,368,7,42,False,0.0,0.0,0.0,0.0,0.0,0.0,0.0,0.0,0.0,0,0,0
335480,54,3188,6,432,False,3.0,1.0,281.0,18895.0,2152.0,21047.0,7015.666666666667,93.66666666666669,0.102247351166437,1,1,1
335479,30,1356,5,127,False,7.0,1.0,349.0,5469.0,1430.0,6899.0,985.5714285714286,49.85714285714285,0.2072764168720104,1,1,1
335478,49,343,9,49,False,0.0,0.0,0.0,0.0,0.0,0.0,0.0,0.0,0.0,0,0,0
335474,46,363,7,39,True,0.0,0.0,0.0,0.0,0.0,0.0,0.0,0.0,0.0,0,0,0
335471,45,2475,6,300,False,0.0,0.0,0.0,0.0,0.0,0.0,0.0,0.0,0.0,0,0,0
335466,31,343,4,49,False,0.0,0.0,0.0,0.0,0.0,0.0,0.0,0.0,0.0,0,0,0
335463,45,1936,7,195,False,1.0,1.0,2.0,14.0,2.0,16.0,16.0,2.0,0.125,1,1,0
335462,45,2227,7,225,False,0.0,0.0,0.0,0.0,0.0,0.0,0.0,0.0,0.0,0,0,0
335461,47,4130,6,454,False,1.0,1.0,1.0,20.0,4.0,24.0,24.0,1.0,0.1666666666666666,1,1,0
335459,51,1618,7,213,False,0.0,0.0,0.0,0.0,0.0,0.0,0.0,0.0,0.0,0,0,0
335455,56,2103,9,273,False,0.0,0.0,0.0,0.0,0.0,0.0,0.0,0.0,0.0,0,0,0
335454,38,943,7,118,False,0.0,0.0,0.0,0.0,0.0,0.0,0.0,0.0,0.0,0,0,0
335453,58,3874,9,356,False,0.0,0.0,0.0,0.0,0.0,0.0,0.0,0.0,0.0,0,0,0
335452,75,946,14,146,False,1.0,1.0,3.0,194.0,5.0,199.0,199.0,3.0,0.0251256281407035,1,1,0
335450,45,1563,6,180,False,0.0,0.0,0.0,0.0,0.0,0.0,0.0,0.0,0.0,0,0,0
335447,69,55,9,2,False,0.0,0.0,0.0,0.0,0.0,0.0,0.0,0.0,0.0,0,0,0
335443,57,781,9,116,False,0.0,0.0,0.0,0.0,0.0,0.0,0.0,0.0,0.0,0,0,0
335439,27,55,4,2,False,0.0,0.0,0.0,0.0,0.0,0.0,0.0,0.0,0.0,0,0,0
335436,44,1864,7,175,False,0.0,0.0,0.0,0.0,0.0,0.0,0.0,0.0,0.0,0,0,0
335434,51,1226,8,152,False,0.0,0.0,0.0,0.0,0.0,0.0,0.0,0.0,0.0,0,0,0
335433,52,1487,8,203,False,2.0,1.0,2.0,51.0,9.0,60.0,30.0,1.0,0.15,1,1,0
335431,58,1606,9,228,False,3.0,1.0,33.0,813.0,255.0,1068.0,356.0,11.0,0.2387640449438202,1,1,1
335430,54,840,9,118,True,0.0,0.0,0.0,0.0,0.0,0.0,0.0,0.0,0.0,0,0,0
335427,51,585,9,64,False,0.0,0.0,0.0,0.0,0.0,0.0,0.0,0.0,0.0,0,0,0
335424,49,1485,6,203,False,1.0,1.0,300.0,16149.0,4520.0,20669.0,20669.0,300.0,0.2186849871788669,1,1,1
335419,71,1059,8,142,False,3.0,2.0,2.0,223.0,9.0,232.0,77.33333333333333,0.6666666666666666,0.0387931034482758,1,1,0
335417,61,2705,7,333,False,2.0,1.0,4.0,96.0,54.0,150.0,75.0,2.0,0.36,1,1,0
335414,55,1158,6,144,True,3.0,1.0,150.0,9338.0,1977.0,11315.0,3771.6666666666665,50.0,0.1747238179407865,1,1,1
335413,27,343,4,49,False,0.0,0.0,0.0,0.0,0.0,0.0,0.0,0.0,0.0,0,0,0
335410,52,1026,6,108,True,0.0,0.0,0.0,0.0,0.0,0.0,0.0,0.0,0.0,0,0,0
335409,53,1080,7,144,False,0.0,0.0,0.0,0.0,0.0,0.0,0.0,0.0,0.0,0,0,0
335408,46,308,9,55,True,1.0,1.0,4.0,134.0,100.0,234.0,234.0,4.0,0.4273504273504273,1,1,0
335406,67,1232,9,182,False,2.0,1.0,21.0,627.0,78.0,705.0,352.5,10.5,0.1106382978723404,1,1,0
335398,44,1318,6,145,False,2.0,1.0,2.0,16.0,4.0,20.0,10.0,1.0,0.2,1,1,0
335391,57,2427,6,310,False,5.0,1.0,9.0,339.0,390.0,729.0,145.8,1.8,0.5349794238683128,1,1,0
335390,57,997,7,104,False,0.0,0.0,0.0,0.0,0.0,0.0,0.0,0.0,0.0,0,0,0
335387,50,4947,7,620,False,6.0,1.0,6.0,190.0,60.0,250.0,41.66666666666666,1.0,0.24,1,1,0
335384,53,949,8,94,False,1.0,1.0,2.0,2.0,2.0,4.0,4.0,2.0,0.5,1,1,0
335379,67,1337,8,167,False,2.0,1.0,68.0,2742.0,456.0,3198.0,1599.0,34.0,0.1425891181988743,1,1,0
335376,48,1526,6,201,False,2.0,1.0,7.0,176.0,48.0,224.0,112.0,3.5,0.2142857142857142,1,1,0
335375,57,814,5,83,False,0.0,0.0,0.0,0.0,0.0,0.0,0.0,0.0,0.0,0,0,0
335373,47,993,7,117,False,0.0,0.0,0.0,0.0,0.0,0.0,0.0,0.0,0.0,0,0,0
335368,40,883,6,115,False,1.0,1.0,1.0,4.0,1.0,5.0,5.0,1.0,0.2,1,1,0
335366,53,2890,8,367,False,2.0,1.0,5.0,726.0,86.0,812.0,406.0,2.5,0.105911330049261,1,1,0
335364,60,7573,7,990,False,0.0,0.0,0.0,0.0,0.0,0.0,0.0,0.0,0.0,0,0,0
335361,51,2390,7,320,False,4.0,1.0,6.0,1074.0,267.0,1341.0,335.25,1.5,0.1991051454138702,1,1,0
335360,44,1552,7,226,False,1.0,1.0,4.0,56.0,6.0,62.0,62.0,4.0,0.0967741935483871,1,1,0
335358,41,1017,4,103,False,2.0,1.0,5.0,101.0,27.0,128.0,64.0,2.5,0.2109375,1,1,0
335356,36,343,5,49,False,0.0,0.0,0.0,0.0,0.0,0.0,0.0,0.0,0.0,0,0,0
335355,46,1802,7,189,False,4.0,1.0,3.0,56.0,44.0,100.0,25.0,0.75,0.44,1,1,1
335353,57,4054,7,535,False,1.0,1.0,1.0,2.0,1.0,3.0,3.0,1.0,0.3333333333333333,1,1,0
335352,44,1923,5,277,False,3.0,1.0,10.0,219.0,54.0,273.0,91.0,3.333333333333333,0.1978021978021978,1,1,0
335344,34,788,6,122,True,1.0,1.0,2.0,6.0,3.0,9.0,9.0,2.0,0.3333333333333333,1,1,0
335343,50,1277,6,160,False,0.0,0.0,0.0,0.0,0.0,0.0,0.0,0.0,0.0,0,0,0
335342,45,1477,5,161,False,1.0,1.0,2.0,11.0,1.0,12.0,12.0,2.0,0.0833333333333333,1,1,0
335341,67,679,11,99,False,1.0,1.0,1.0,72.0,14.0,86.0,86.0,1.0,0.1627906976744186,1,1,0
335337,58,551,6,77,False,2.0,1.0,5.0,61.0,4.0,65.0,32.5,2.5,0.0615384615384615,1,1,0
335336,50,577,7,88,False,0.0,0.0,0.0,0.0,0.0,0.0,0.0,0.0,0.0,0,0,0
335333,44,884,7,102,False,5.0,1.0,311.0,13577.0,6368.0,19945.0,3989.0,62.2,0.3192780145399849,1,1,1
335325,51,1558,6,217,False,7.0,1.0,10.0,322.0,141.0,463.0,66.14285714285714,1.4285714285714286,0.3045356371490281,1,1,0
335324,49,680,6,87,False,2.0,1.0,5.0,126.0,20.0,146.0,73.0,2.5,0.136986301369863,1,1,0
335318,59,2326,9,328,False,0.0,0.0,0.0,0.0,0.0,0.0,0.0,0.0,0.0,0,0,0
335317,24,343,4,49,False,0.0,0.0,0.0,0.0,0.0,0.0,0.0,0.0,0.0,0,0,0
335308,39,4693,5,575,False,1.0,1.0,19.0,76.0,76.0,152.0,152.0,19.0,0.5,1,1,0
335305,44,1151,6,94,False,2.0,1.0,175.0,5735.0,791.0,6526.0,3263.0,87.5,0.1212074777811829,1,1,1
335304,66,1616,7,213,False,4.0,1.0,307.0,13238.0,5787.0,19025.0,4756.25,76.75,0.3041787122207621,1,1,1
335303,49,894,7,94,False,2.0,1.0,196.0,10943.0,2243.0,13186.0,6593.0,98.0,0.1701046564538146,1,1,1
335301,41,647,5,97,False,2.0,1.0,11.0,209.0,73.0,282.0,141.0,5.5,0.2588652482269503,1,1,0
335298,42,66,5,4,False,0.0,0.0,0.0,0.0,0.0,0.0,0.0,0.0,0.0,0,0,0
335296,63,343,9,49,False,0.0,0.0,0.0,0.0,0.0,0.0,0.0,0.0,0.0,0,0,0
335294,56,1040,8,128,False,0.0,0.0,0.0,0.0,0.0,0.0,0.0,0.0,0.0,0,0,0
335290,56,544,7,79,False,2.0,1.0,1.0,57.0,4.0,61.0,30.5,0.5,0.0655737704918032,1,1,0
335289,46,363,7,39,True,2.0,2.0,306.0,15974.0,4435.0,20409.0,10204.5,153.0,0.2173060904502915,1,1,1
335286,71,1281,12,120,False,2.0,2.0,5.0,116.0,18.0,134.0,67.0,2.5,0.1343283582089552,1,1,0
335285,23,0,3,0,False,0.0,0.0,0.0,0.0,0.0,0.0,0.0,0.0,0.0,0,0,0
335284,25,343,3,49,False,0.0,0.0,0.0,0.0,0.0,0.0,0.0,0.0,0.0,0,0,0
335282,55,3204,6,444,False,2.0,1.0,12.0,198.0,437.0,635.0,317.5,6.0,0.6881889763779527,1,1,0
335280,33,0,5,0,False,0.0,0.0,0.0,0.0,0.0,0.0,0.0,0.0,0.0,0,0,0
335275,82,1473,13,189,True,2.0,1.0,2.0,63.0,4.0,67.0,33.5,1.0,0.0597014925373134,1,1,0
335273,69,2460,10,330,True,1.0,1.0,2.0,136.0,5.0,141.0,141.0,2.0,0.0354609929078014,1,1,0
335270,58,1256,7,172,False,0.0,0.0,0.0,0.0,0.0,0.0,0.0,0.0,0.0,0,0,0
335268,46,2046,6,304,False,1.0,1.0,125.0,3280.0,486.0,3766.0,3766.0,125.0,0.1290493892724376,1,1,0
335266,51,994,9,125,False,0.0,0.0,0.0,0.0,0.0,0.0,0.0,0.0,0.0,0,0,0
335265,34,318,5,36,False,0.0,0.0,0.0,0.0,0.0,0.0,0.0,0.0,0.0,0,0,0
335263,98,343,11,49,False,0.0,0.0,0.0,0.0,0.0,0.0,0.0,0.0,0.0,0,0,0
335262,98,10283,11,928,False,0.0,0.0,0.0,0.0,0.0,0.0,0.0,0.0,0.0,0,0,1
335261,52,818,8,125,False,0.0,0.0,0.0,0.0,0.0,0.0,0.0,0.0,0.0,0,0,0
335259,52,825,7,109,False,8.0,1.0,208.0,7671.0,2200.0,9871.0,1233.875,26.0,0.2228750886435011,1,1,1
335258,49,932,6,135,False,0.0,0.0,0.0,0.0,0.0,0.0,0.0,0.0,0.0,0,0,0
335255,58,1451,8,229,False,0.0,0.0,0.0,0.0,0.0,0.0,0.0,0.0,0.0,0,0,0
335254,54,1741,8,241,False,1.0,1.0,4.0,93.0,3.0,96.0,96.0,4.0,0.03125,1,1,0
335253,50,898,5,128,False,3.0,1.0,14.0,113.0,50.0,163.0,54.333333333333336,4.666666666666667,0.3067484662576687,1,1,0
335247,45,1933,5,260,False,6.0,2.0,304.0,15149.0,7431.0,22580.0,3763.3333333333335,50.66666666666666,0.329096545615589,1,1,1
335246,46,671,7,90,False,2.0,1.0,2.0,53.0,43.0,96.0,48.0,1.0,0.4479166666666667,1,1,0
335245,50,753,8,92,True,0.0,0.0,0.0,0.0,0.0,0.0,0.0,0.0,0.0,0,0,1
335243,59,1109,8,162,False,0.0,0.0,0.0,0.0,0.0,0.0,0.0,0.0,0.0,0,0,0
335242,49,887,7,125,False,0.0,0.0,0.0,0.0,0.0,0.0,0.0,0.0,0.0,0,0,1
335241,51,746,7,93,False,0.0,0.0,0.0,0.0,0.0,0.0,0.0,0.0,0.0,0,0,0
335240,34,756,4,104,False,0.0,0.0,0.0,0.0,0.0,0.0,0.0,0.0,0.0,0,0,0
335239,53,621,6,88,False,0.0,0.0,0.0,0.0,0.0,0.0,0.0,0.0,0.0,0,0,0
335238,41,1656,6,210,False,0.0,0.0,0.0,0.0,0.0,0.0,0.0,0.0,0.0,0,0,0
335236,56,343,11,49,False,1.0,1.0,1.0,4.0,2.0,6.0,6.0,1.0,0.3333333333333333,1,1,0
335235,53,932,7,139,False,0.0,0.0,0.0,0.0,0.0,0.0,0.0,0.0,0.0,0,0,0
335234,59,343,10,49,False,0.0,0.0,0.0,0.0,0.0,0.0,0.0,0.0,0.0,0,0,0
335233,41,464,5,66,False,0.0,0.0,0.0,0.0,0.0,0.0,0.0,0.0,0.0,0,0,0
335231,45,771,6,89,False,0.0,0.0,0.0,0.0,0.0,0.0,0.0,0.0,0.0,0,0,0
335230,45,2825,5,347,False,3.0,1.0,304.0,13560.0,7107.0,20667.0,6889.0,101.33333333333331,0.3438815502975758,1,1,1
335222,50,463,8,73,False,0.0,0.0,0.0,0.0,0.0,0.0,0.0,0.0,0.0,0,0,0
335206,57,813,8,108,False,0.0,0.0,0.0,0.0,0.0,0.0,0.0,0.0,0.0,0,0,0
335205,66,1246,9,176,False,5.0,1.0,59.0,1776.0,1057.0,2833.0,566.6,11.8,0.3731027179668196,1,1,0
335201,50,1207,5,146,False,3.0,1.0,9.0,97.0,30.0,127.0,42.333333333333336,3.0,0.2362204724409448,1,1,0
335198,49,840,7,69,False,0.0,0.0,0.0,0.0,0.0,0.0,0.0,0.0,0.0,0,0,0
335195,58,1381,9,157,False,0.0,0.0,0.0,0.0,0.0,0.0,0.0,0.0,0.0,0,0,0
335185,57,928,9,96,True,1.0,1.0,300.0,15336.0,5260.0,20596.0,20596.0,300.0,0.2553893959992231,1,1,1
335179,31,663,4,99,False,1.0,1.0,1.0,1.0,1.0,2.0,2.0,1.0,0.5,1,1,0
335175,54,847,8,114,False,1.0,1.0,5.0,227.0,1323.0,1550.0,1550.0,5.0,0.8535483870967742,1,1,0
335173,52,3519,8,480,True,0.0,0.0,0.0,0.0,0.0,0.0,0.0,0.0,0.0,0,0,0
335170,58,790,7,95,False,1.0,1.0,2.0,27.0,0.0,27.0,27.0,2.0,0.0,1,1,0
335169,37,143,5,16,False,1.0,1.0,1.0,1.0,0.0,1.0,1.0,1.0,0.0,1,1,0
335162,40,1015,6,157,False,0.0,0.0,0.0,0.0,0.0,0.0,0.0,0.0,0.0,0,0,0
335161,44,1425,5,192,False,0.0,0.0,0.0,0.0,0.0,0.0,0.0,0.0,0.0,0,0,0
335160,53,854,8,131,False,1.0,1.0,1.0,1.0,1.0,2.0,2.0,1.0,0.5,1,1,0
335159,38,1005,4,132,True,0.0,0.0,0.0,0.0,0.0,0.0,0.0,0.0,0.0,0,0,1
335157,41,905,5,84,False,3.0,1.0,3.0,8.0,7.0,15.0,5.0,1.0,0.4666666666666667,1,1,0
335155,42,998,7,126,False,2.0,1.0,137.0,5328.0,790.0,6118.0,3059.0,68.5,0.129127165740438,1,1,1
335152,107,3330,14,380,False,1.0,1.0,0.0,0.0,0.0,0.0,0.0,0.0,0.0,1,0,0
335151,41,480,5,69,False,0.0,0.0,0.0,0.0,0.0,0.0,0.0,0.0,0.0,0,0,0
335147,23,305,4,40,False,0.0,0.0,0.0,0.0,0.0,0.0,0.0,0.0,0.0,0,0,0
335142,67,925,11,132,False,1.0,1.0,2.0,3.0,3.0,6.0,6.0,2.0,0.5,1,1,0
335141,56,1556,8,226,False,2.0,1.0,126.0,4869.0,1657.0,6526.0,3263.0,63.0,0.2539074471345388,1,1,1
335140,40,260,7,33,False,0.0,0.0,0.0,0.0,0.0,0.0,0.0,0.0,0.0,0,0,0
335139,46,1037,6,140,False,1.0,1.0,1.0,5.0,2.0,7.0,7.0,1.0,0.2857142857142857,1,1,0
335129,56,541,9,74,False,0.0,0.0,0.0,0.0,0.0,0.0,0.0,0.0,0.0,0,0,0
335128,57,1954,6,204,False,1.0,1.0,8.0,64.0,56.0,120.0,120.0,8.0,0.4666666666666667,1,1,0
335124,78,1251,6,176,False,0.0,0.0,0.0,0.0,0.0,0.0,0.0,0.0,0.0,0,0,0
335120,43,1416,5,142,False,1.0,1.0,1.0,20.0,20.0,40.0,40.0,1.0,0.5,1,1,0
335111,54,980,7,120,False,2.0,1.0,151.0,5581.0,2168.0,7749.0,3874.5,75.5,0.2797780358755968,1,1,1
335109,57,1606,9,237,False,0.0,0.0,0.0,0.0,0.0,0.0,0.0,0.0,0.0,0,0,0
335108,64,1205,5,171,False,0.0,0.0,0.0,0.0,0.0,0.0,0.0,0.0,0.0,0,0,0
335107,58,845,9,113,False,1.0,1.0,1.0,1.0,1.0,2.0,2.0,1.0,0.5,1,1,0
335105,59,1967,8,242,False,0.0,0.0,0.0,0.0,0.0,0.0,0.0,0.0,0.0,0,0,0
335103,55,2723,8,355,False,3.0,1.0,22.0,340.0,248.0,588.0,196.0,7.333333333333333,0.4217687074829932,1,1,0
335101,50,905,6,131,False,2.0,1.0,1.0,4.0,3.0,7.0,3.5,0.5,0.4285714285714285,1,1,0
335100,51,135,7,24,False,0.0,0.0,0.0,0.0,0.0,0.0,0.0,0.0,0.0,0,0,0
335096,41,646,6,68,False,0.0,0.0,0.0,0.0,0.0,0.0,0.0,0.0,0.0,0,0,0
335094,42,391,6,49,False,1.0,1.0,141.0,9214.0,1016.0,10230.0,10230.0,141.0,0.0993157380254154,1,1,1
335091,67,1791,11,257,True,0.0,0.0,0.0,0.0,0.0,0.0,0.0,0.0,0.0,0,0,0
335089,44,493,7,70,False,0.0,0.0,0.0,0.0,0.0,0.0,0.0,0.0,0.0,0,0,0
335088,68,332,10,48,False,1.0,1.0,1.0,3.0,2.0,5.0,5.0,1.0,0.4,1,1,1
335087,38,1696,4,195,False,3.0,1.0,4.0,37.0,106.0,143.0,47.66666666666666,1.3333333333333333,0.7412587412587412,1,1,0
335083,41,554,6,63,False,0.0,0.0,0.0,0.0,0.0,0.0,0.0,0.0,0.0,0,0,0
335080,63,875,10,127,False,0.0,0.0,0.0,0.0,0.0,0.0,0.0,0.0,0.0,0,0,0
335078,54,1386,7,134,False,2.0,1.0,12.0,170.0,135.0,305.0,152.5,6.0,0.4426229508196721,1,1,0
335076,56,795,7,111,False,1.0,1.0,39.0,1663.0,136.0,1799.0,1799.0,39.0,0.0755975541967759,1,1,0
335075,54,736,7,83,False,0.0,0.0,0.0,0.0,0.0,0.0,0.0,0.0,0.0,0,0,0
335074,28,114,4,14,False,0.0,0.0,0.0,0.0,0.0,0.0,0.0,0.0,0.0,0,0,0
335072,57,2584,10,331,False,1.0,1.0,46.0,2450.0,412.0,2862.0,2862.0,46.0,0.1439552760307477,1,1,0
335070,39,734,7,104,False,5.0,1.0,12.0,503.0,227.0,730.0,146.0,2.4,0.310958904109589,1,1,0
335067,34,397,6,51,False,1.0,1.0,6.0,194.0,69.0,263.0,263.0,6.0,0.2623574144486692,1,1,0
335066,59,118,9,20,False,1.0,1.0,1.0,0.0,18.0,18.0,18.0,1.0,1.0,1,1,0
335065,60,771,8,114,False,2.0,1.0,2.0,5.0,1.0,6.0,3.0,1.0,0.1666666666666666,1,1,0
335063,63,65,7,6,False,0.0,0.0,0.0,0.0,0.0,0.0,0.0,0.0,0.0,0,0,0
335062,68,65,8,6,False,1.0,1.0,1.0,0.0,18.0,18.0,18.0,1.0,1.0,1,1,0
335061,73,6975,9,890,True,0.0,0.0,0.0,0.0,0.0,0.0,0.0,0.0,0.0,0,0,0
335060,49,576,10,85,False,1.0,1.0,1.0,1.0,0.0,1.0,1.0,1.0,0.0,1,1,0
335059,26,0,3,0,False,0.0,0.0,0.0,0.0,0.0,0.0,0.0,0.0,0.0,0,0,0
335058,43,1258,7,173,False,2.0,1.0,35.0,1959.0,110.0,2069.0,1034.5,17.5,0.0531657805703238,1,1,0
335057,63,1209,9,176,False,4.0,2.0,162.0,12399.0,1788.0,14187.0,3546.75,40.5,0.126030873334743,1,1,1
335056,69,1460,11,199,False,5.0,1.0,310.0,14289.0,2261.0,16550.0,3310.0,62.0,0.1366163141993957,1,1,1
335055,80,59,10,7,False,0.0,0.0,0.0,0.0,0.0,0.0,0.0,0.0,0.0,0,0,1
335053,48,2086,6,291,False,8.0,1.0,365.0,17238.0,7536.0,24774.0,3096.75,45.625,0.30418987648341,1,1,1
335051,39,153,7,22,False,2.0,1.0,2.0,8.0,0.0,8.0,4.0,1.0,0.0,1,1,1
335050,72,343,11,49,False,1.0,1.0,1.0,8.0,2.0,10.0,10.0,1.0,0.2,1,1,0
335044,66,13,9,2,False,2.0,1.0,6.0,11.0,7.0,18.0,9.0,3.0,0.3888888888888889,1,1,0
335042,54,1811,7,232,False,0.0,0.0,0.0,0.0,0.0,0.0,0.0,0.0,0.0,0,0,0
335040,72,1373,9,155,False,1.0,1.0,7.0,11.0,39.0,50.0,50.0,7.0,0.78,1,1,0
335039,41,2491,7,335,False,3.0,1.0,4.0,119.0,41.0,160.0,53.333333333333336,1.3333333333333333,0.25625,1,1,0
335038,58,0,8,0,False,0.0,0.0,0.0,0.0,0.0,0.0,0.0,0.0,0.0,0,0,0
335030,40,473,5,49,False,0.0,0.0,0.0,0.0,0.0,0.0,0.0,0.0,0.0,0,0,0
335028,58,819,8,93,False,3.0,1.0,7.0,52.0,14.0,66.0,22.0,2.333333333333333,0.2121212121212121,1,1,0
335018,67,12049,8,1602,False,13.0,1.0,20.0,1479.0,255.0,1734.0,133.3846153846154,1.5384615384615383,0.1470588235294117,1,1,0
335013,54,1494,7,201,False,1.0,1.0,2.0,3.0,4.0,7.0,7.0,2.0,0.5714285714285714,1,1,0
335012,81,4363,10,500,False,0.0,0.0,0.0,0.0,0.0,0.0,0.0,0.0,0.0,0,0,0
335011,70,2523,11,343,False,0.0,0.0,0.0,0.0,0.0,0.0,0.0,0.0,0.0,0,0,0
335008,64,836,8,109,False,0.0,0.0,0.0,0.0,0.0,0.0,0.0,0.0,0.0,0,0,1
335007,76,401,8,48,False,0.0,0.0,0.0,0.0,0.0,0.0,0.0,0.0,0.0,0,0,0
334990,27,212,4,25,False,0.0,0.0,0.0,0.0,0.0,0.0,0.0,0.0,0.0,0,0,0
334989,52,1111,6,148,False,0.0,0.0,0.0,0.0,0.0,0.0,0.0,0.0,0.0,0,0,0
334987,81,495,10,75,False,0.0,0.0,0.0,0.0,0.0,0.0,0.0,0.0,0.0,0,0,0
334986,52,22097,7,3053,False,8.0,1.0,30.0,1699.0,342.0,2041.0,255.125,3.75,0.1675649191572758,1,1,0
334985,66,2368,11,347,False,1.0,1.0,249.0,14109.0,1836.0,15945.0,15945.0,249.0,0.115145813734713,1,1,1
334984,60,3755,8,495,False,2.0,1.0,3.0,65.0,26.0,91.0,45.5,1.5,0.2857142857142857,1,1,0
334983,44,1396,5,177,False,1.0,1.0,4.0,23.0,13.0,36.0,36.0,4.0,0.3611111111111111,1,1,0
334981,48,5210,6,663,False,2.0,1.0,3.0,65.0,26.0,91.0,45.5,1.5,0.2857142857142857,1,1,0
334980,61,2487,8,343,False,2.0,1.0,41.0,680.0,157.0,837.0,418.5,20.5,0.1875746714456392,1,1,0
334978,62,394,5,47,False,0.0,0.0,0.0,0.0,0.0,0.0,0.0,0.0,0.0,0,0,0
334977,70,1221,10,112,False,1.0,1.0,0.0,0.0,0.0,0.0,0.0,0.0,0.0,1,0,0
334976,46,1450,7,182,False,0.0,0.0,0.0,0.0,0.0,0.0,0.0,0.0,0.0,0,0,0
334975,63,1479,8,186,False,0.0,0.0,0.0,0.0,0.0,0.0,0.0,0.0,0.0,0,0,0
334974,59,1657,9,235,False,2.0,1.0,14.0,389.0,288.0,677.0,338.5,7.0,0.4254062038404727,1,1,0
334973,62,355,7,43,False,0.0,0.0,0.0,0.0,0.0,0.0,0.0,0.0,0.0,0,0,0
334972,62,1143,7,169,False,1.0,1.0,9.0,223.0,13.0,236.0,236.0,9.0,0.0550847457627118,1,1,1
334971,60,605,8,85,False,0.0,0.0,0.0,0.0,0.0,0.0,0.0,0.0,0.0,0,0,0
334968,49,343,8,49,False,0.0,0.0,0.0,0.0,0.0,0.0,0.0,0.0,0.0,0,0,0
334966,53,2370,10,318,False,5.0,2.0,3.0,128.0,81.0,209.0,41.8,0.6,0.3875598086124402,1,1,0
334965,51,477,9,57,False,1.0,1.0,4.0,47.0,36.0,83.0,83.0,4.0,0.4337349397590361,1,1,0
334962,53,452,10,58,False,1.0,1.0,4.0,87.0,32.0,119.0,119.0,4.0,0.2689075630252101,1,1,0
334961,51,624,8,89,False,4.0,1.0,13.0,173.0,56.0,229.0,57.25,3.25,0.2445414847161572,1,1,0
334960,27,212,4,25,False,0.0,0.0,0.0,0.0,0.0,0.0,0.0,0.0,0.0,0,0,0
334958,69,3556,9,464,False,3.0,1.0,2.0,76.0,19.0,95.0,31.666666666666668,0.6666666666666666,0.2,1,1,0
334957,46,400,7,55,False,0.0,0.0,0.0,0.0,0.0,0.0,0.0,0.0,0.0,0,0,0
334955,47,1736,7,230,False,0.0,0.0,0.0,0.0,0.0,0.0,0.0,0.0,0.0,0,0,0
334952,52,714,9,94,False,0.0,0.0,0.0,0.0,0.0,0.0,0.0,0.0,0.0,0,0,0
334948,41,1843,6,235,False,0.0,0.0,0.0,0.0,0.0,0.0,0.0,0.0,0.0,0,0,0
334947,63,936,6,112,False,0.0,0.0,0.0,0.0,0.0,0.0,0.0,0.0,0.0,0,0,0
334946,46,839,7,126,False,2.0,1.0,2.0,10.0,1.0,11.0,5.5,1.0,0.0909090909090909,1,1,0
334945,57,1613,6,222,False,6.0,1.0,73.0,3549.0,336.0,3885.0,647.5,12.166666666666666,0.0864864864864864,1,1,1
334944,73,9038,10,1104,False,1.0,1.0,9.0,556.0,48.0,604.0,604.0,9.0,0.0794701986754966,1,1,0
334942,42,606,5,69,False,2.0,1.0,87.0,1771.0,348.0,2119.0,1059.5,43.5,0.1642284096271826,1,1,0
334934,56,1175,9,107,False,1.0,1.0,1.0,4.0,4.0,8.0,8.0,1.0,0.5,1,1,0
334931,72,574,11,75,False,0.0,0.0,0.0,0.0,0.0,0.0,0.0,0.0,0.0,0,0,0
334929,42,3162,5,422,False,2.0,1.0,64.0,981.0,235.0,1216.0,608.0,32.0,0.1932565789473684,1,1,0
334928,76,0,11,0,False,0.0,0.0,0.0,0.0,0.0,0.0,0.0,0.0,0.0,0,0,0
334924,53,3206,7,412,False,1.0,1.0,1.0,12.0,0.0,12.0,12.0,1.0,0.0,1,1,0
334921,44,719,5,96,True,0.0,0.0,0.0,0.0,0.0,0.0,0.0,0.0,0.0,0,0,0
334919,49,899,5,107,False,1.0,1.0,2.0,61.0,4.0,65.0,65.0,2.0,0.0615384615384615,1,1,0
334911,42,2066,7,270,False,1.0,1.0,1.0,7.0,7.0,14.0,14.0,1.0,0.5,1,1,0
334909,77,1106,10,139,False,0.0,0.0,0.0,0.0,0.0,0.0,0.0,0.0,0.0,0,0,0
334908,36,2635,5,331,False,5.0,1.0,103.0,2226.0,498.0,2724.0,544.8,20.6,0.1828193832599119,1,1,0
334907,65,35,7,5,False,0.0,0.0,0.0,0.0,0.0,0.0,0.0,0.0,0.0,0,0,0
334904,47,2135,7,289,False,2.0,1.0,42.0,361.0,138.0,499.0,249.5,21.0,0.2765531062124248,1,1,0
334898,59,9001,9,1099,False,1.0,1.0,6.0,52.0,40.0,92.0,92.0,6.0,0.4347826086956521,1,1,0
334889,44,1110,7,170,False,2.0,1.0,6.0,31.0,35.0,66.0,33.0,3.0,0.5303030303030303,1,1,0
334879,67,0,10,0,False,1.0,1.0,1.0,1.0,0.0,1.0,1.0,1.0,0.0,1,1,0
334877,42,354,5,55,False,1.0,1.0,1.0,2.0,0.0,2.0,2.0,1.0,0.0,1,1,0
334876,55,739,7,83,False,0.0,0.0,0.0,0.0,0.0,0.0,0.0,0.0,0.0,0,0,0
334874,83,1194,12,160,False,0.0,0.0,0.0,0.0,0.0,0.0,0.0,0.0,0.0,0,0,0
334870,67,1064,10,148,False,0.0,0.0,0.0,0.0,0.0,0.0,0.0,0.0,0.0,0,0,0
334865,67,3431,9,428,False,0.0,0.0,0.0,0.0,0.0,0.0,0.0,0.0,0.0,0,0,0
334864,76,2135,15,338,False,4.0,1.0,71.0,1293.0,271.0,1564.0,391.0,17.75,0.1732736572890025,1,1,0
334863,50,2060,7,279,False,2.0,1.0,235.0,7969.0,1492.0,9461.0,4730.5,117.5,0.1577000317091216,1,1,1
334862,80,42,9,5,False,0.0,0.0,0.0,0.0,0.0,0.0,0.0,0.0,0.0,0,0,0
334861,28,349,4,49,False,0.0,0.0,0.0,0.0,0.0,0.0,0.0,0.0,0.0,0,0,0
334838,58,579,7,76,False,1.0,1.0,0.0,0.0,0.0,0.0,0.0,0.0,0.0,1,0,0
334836,69,5486,9,754,False,0.0,0.0,0.0,0.0,0.0,0.0,0.0,0.0,0.0,0,0,0
334835,57,233,9,34,False,0.0,0.0,0.0,0.0,0.0,0.0,0.0,0.0,0.0,0,0,0
334834,76,2749,7,319,False,1.0,1.0,2.0,0.0,9.0,9.0,9.0,2.0,1.0,1,1,0
334833,39,969,6,141,False,3.0,1.0,28.0,523.0,171.0,694.0,231.33333333333331,9.333333333333334,0.2463976945244956,1,1,0
334831,62,2091,6,255,False,0.0,0.0,0.0,0.0,0.0,0.0,0.0,0.0,0.0,0,0,1
334830,54,343,6,49,False,0.0,0.0,0.0,0.0,0.0,0.0,0.0,0.0,0.0,0,0,0
334829,83,2836,12,406,False,0.0,0.0,0.0,0.0,0.0,0.0,0.0,0.0,0.0,0,0,0
334828,80,7091,9,1010,False,0.0,0.0,0.0,0.0,0.0,0.0,0.0,0.0,0.0,0,0,0
334826,63,140,6,16,False,0.0,0.0,0.0,0.0,0.0,0.0,0.0,0.0,0.0,0,0,0
334824,44,533,6,71,False,0.0,0.0,0.0,0.0,0.0,0.0,0.0,0.0,0.0,0,0,0
334823,44,530,6,71,True,0.0,0.0,0.0,0.0,0.0,0.0,0.0,0.0,0.0,0,0,0
334818,54,1890,7,275,False,3.0,1.0,178.0,9069.0,1344.0,10413.0,3471.0,59.333333333333336,0.1290694324402189,1,1,1
334812,75,3220,13,429,False,0.0,0.0,0.0,0.0,0.0,0.0,0.0,0.0,0.0,0,0,0
334790,47,3736,5,558,False,0.0,0.0,0.0,0.0,0.0,0.0,0.0,0.0,0.0,0,0,0
334787,81,1237,10,178,False,0.0,0.0,0.0,0.0,0.0,0.0,0.0,0.0,0.0,0,0,0
334782,55,472,8,68,False,0.0,0.0,0.0,0.0,0.0,0.0,0.0,0.0,0.0,0,0,0
334781,67,1200,9,173,False,1.0,1.0,2.0,32.0,1.0,33.0,33.0,2.0,0.0303030303030303,1,1,0
334780,55,1469,8,216,False,0.0,0.0,0.0,0.0,0.0,0.0,0.0,0.0,0.0,0,0,0
334779,61,3108,8,447,False,3.0,1.0,2.0,100.0,51.0,151.0,50.333333333333336,0.6666666666666666,0.3377483443708609,1,1,0
334778,57,1052,9,147,False,0.0,0.0,0.0,0.0,0.0,0.0,0.0,0.0,0.0,0,0,0
334773,51,1053,7,139,False,3.0,1.0,134.0,7163.0,961.0,8124.0,2708.0,44.66666666666666,0.1182914820285573,1,1,1
334769,44,2860,6,431,False,1.0,1.0,2.0,70.0,5.0,75.0,75.0,2.0,0.0666666666666666,1,1,0
334761,54,1225,8,173,False,7.0,1.0,327.0,17878.0,3941.0,21819.0,3117.0,46.71428571428572,0.1806223933269169,1,1,1
334756,39,962,6,126,False,0.0,0.0,0.0,0.0,0.0,0.0,0.0,0.0,0.0,0,0,0
334753,37,865,6,97,False,0.0,0.0,0.0,0.0,0.0,0.0,0.0,0.0,0.0,0,0,0
334751,55,2083,8,316,False,0.0,0.0,0.0,0.0,0.0,0.0,0.0,0.0,0.0,0,0,0
334749,16,349,2,49,False,0.0,0.0,0.0,0.0,0.0,0.0,0.0,0.0,0.0,0,0,0
334741,55,1296,6,188,False,0.0,0.0,0.0,0.0,0.0,0.0,0.0,0.0,0.0,0,0,0
334739,29,373,4,52,False,3.0,1.0,3.0,10.0,9.0,19.0,6.333333333333333,1.0,0.4736842105263157,1,1,0
334719,55,1086,7,148,False,0.0,0.0,0.0,0.0,0.0,0.0,0.0,0.0,0.0,0,0,0
334705,86,1378,13,187,False,10.0,1.0,10.0,119.0,183.0,302.0,30.2,1.0,0.6059602649006622,1,1,1
334702,37,881,6,84,False,0.0,0.0,0.0,0.0,0.0,0.0,0.0,0.0,0.0,0,0,0
334700,61,1022,8,138,False,0.0,0.0,0.0,0.0,0.0,0.0,0.0,0.0,0.0,0,0,0
334696,66,7054,8,1005,False,0.0,0.0,0.0,0.0,0.0,0.0,0.0,0.0,0.0,0,0,0
334695,66,1094,9,153,False,2.0,1.0,2.0,32.0,14.0,46.0,23.0,1.0,0.3043478260869565,1,1,0
334694,65,965,6,134,False,0.0,0.0,0.0,0.0,0.0,0.0,0.0,0.0,0.0,0,0,0
334689,51,417,6,58,False,0.0,0.0,0.0,0.0,0.0,0.0,0.0,0.0,0.0,0,0,0
334688,41,1265,5,184,False,1.0,1.0,8.0,110.0,49.0,159.0,159.0,8.0,0.3081761006289308,1,1,1
334687,41,1250,5,183,False,0.0,0.0,0.0,0.0,0.0,0.0,0.0,0.0,0.0,0,0,0
334680,55,1377,6,188,False,0.0,0.0,0.0,0.0,0.0,0.0,0.0,0.0,0.0,0,0,0
334677,57,595,7,64,False,0.0,0.0,0.0,0.0,0.0,0.0,0.0,0.0,0.0,0,0,0
334674,30,394,4,58,False,1.0,1.0,34.0,2022.0,324.0,2346.0,2346.0,34.0,0.1381074168797953,1,1,0
334672,62,854,8,122,True,0.0,0.0,0.0,0.0,0.0,0.0,0.0,0.0,0.0,0,0,0
334671,50,921,7,116,True,0.0,0.0,0.0,0.0,0.0,0.0,0.0,0.0,0.0,0,0,0
334670,59,1270,7,185,False,1.0,1.0,7.0,357.0,106.0,463.0,463.0,7.0,0.2289416846652267,1,1,1
334667,64,419,12,68,True,0.0,0.0,0.0,0.0,0.0,0.0,0.0,0.0,0.0,0,0,0
334665,73,5033,9,489,True,4.0,1.0,5.0,138.0,10.0,148.0,37.0,1.25,0.0675675675675675,1,1,0
334664,64,2459,12,361,False,0.0,0.0,0.0,0.0,0.0,0.0,0.0,0.0,0.0,0,0,0
334661,53,468,7,66,False,0.0,0.0,0.0,0.0,0.0,0.0,0.0,0.0,0.0,0,0,0
334658,32,993,5,139,False,0.0,0.0,0.0,0.0,0.0,0.0,0.0,0.0,0.0,0,0,0
334657,54,3179,8,436,False,1.0,1.0,6.0,44.0,18.0,62.0,62.0,6.0,0.2903225806451613,1,1,0
334655,67,3171,11,444,False,3.0,1.0,3.0,34.0,21.0,55.0,18.33333333333333,1.0,0.3818181818181818,1,1,0
334654,64,1274,9,166,False,0.0,0.0,0.0,0.0,0.0,0.0,0.0,0.0,0.0,0,0,0
334652,64,1447,9,194,False,0.0,0.0,0.0,0.0,0.0,0.0,0.0,0.0,0.0,0,0,0
334649,41,1331,5,183,False,2.0,1.0,3.0,8.0,3.0,11.0,5.5,1.5,0.2727272727272727,1,1,0
334648,39,1311,5,180,False,2.0,1.0,3.0,8.0,3.0,11.0,5.5,1.5,0.2727272727272727,1,1,0
334645,39,1302,5,179,True,0.0,0.0,0.0,0.0,0.0,0.0,0.0,0.0,0.0,0,0,0
334644,47,1522,7,198,False,1.0,1.0,4.0,192.0,83.0,275.0,275.0,4.0,0.3018181818181818,1,1,0
334643,45,445,7,69,False,0.0,0.0,0.0,0.0,0.0,0.0,0.0,0.0,0.0,0,0,0
334642,70,14,11,2,False,1.0,1.0,1.0,0.0,1.0,1.0,1.0,1.0,1.0,1,1,0
334641,57,2443,9,328,False,0.0,0.0,0.0,0.0,0.0,0.0,0.0,0.0,0.0,0,0,0
334638,65,348,7,47,False,0.0,0.0,0.0,0.0,0.0,0.0,0.0,0.0,0.0,0,0,0
334637,60,14,8,2,False,1.0,1.0,1.0,1.0,2.0,3.0,3.0,1.0,0.6666666666666666,1,1,0
334634,53,1942,8,265,True,0.0,0.0,0.0,0.0,0.0,0.0,0.0,0.0,0.0,0,0,0
334633,73,6615,9,718,True,2.0,1.0,2.0,4.0,2.0,6.0,3.0,1.0,0.3333333333333333,1,1,0
334627,42,983,6,132,False,4.0,1.0,305.0,17575.0,3405.0,20980.0,5245.0,76.25,0.1622974261201143,1,1,1
334626,48,2183,6,270,False,0.0,0.0,0.0,0.0,0.0,0.0,0.0,0.0,0.0,0,0,0
334625,41,2867,5,308,False,0.0,0.0,0.0,0.0,0.0,0.0,0.0,0.0,0.0,0,0,1
334624,83,6228,9,646,True,2.0,1.0,2.0,4.0,2.0,6.0,3.0,1.0,0.3333333333333333,1,1,0
334620,67,1338,9,119,False,0.0,0.0,0.0,0.0,0.0,0.0,0.0,0.0,0.0,0,0,0
334612,42,406,8,51,False,0.0,0.0,0.0,0.0,0.0,0.0,0.0,0.0,0.0,0,0,0
334609,39,1311,5,180,True,0.0,0.0,0.0,0.0,0.0,0.0,0.0,0.0,0.0,0,0,0
334607,48,3118,7,445,True,0.0,0.0,0.0,0.0,0.0,0.0,0.0,0.0,0.0,0,0,0
334606,64,2833,10,350,False,1.0,1.0,4.0,74.0,74.0,148.0,148.0,4.0,0.5,1,1,1
334604,48,1839,7,216,False,3.0,1.0,6.0,231.0,4.0,235.0,78.33333333333333,2.0,0.0170212765957446,1,1,0
334602,36,1033,5,136,False,4.0,1.0,3.0,87.0,28.0,115.0,28.75,0.75,0.2434782608695652,1,1,1
334594,45,1486,6,176,False,8.0,1.0,7.0,325.0,129.0,454.0,56.75,0.875,0.2841409691629956,1,1,0
334593,55,7682,7,990,False,3.0,1.0,4.0,453.0,131.0,584.0,194.66666666666663,1.3333333333333333,0.2243150684931507,1,1,0
334591,43,1250,5,137,False,2.0,1.0,5.0,120.0,54.0,174.0,87.0,2.5,0.3103448275862069,1,1,0
334584,44,1922,6,301,False,0.0,0.0,0.0,0.0,0.0,0.0,0.0,0.0,0.0,0,0,0
334568,40,1689,6,237,False,2.0,1.0,11.0,337.0,117.0,454.0,227.0,5.5,0.2577092511013216,1,1,1
334566,28,2268,5,317,False,0.0,0.0,0.0,0.0,0.0,0.0,0.0,0.0,0.0,0,0,0
334559,72,2547,11,353,False,1.0,1.0,1.0,26.0,0.0,26.0,26.0,1.0,0.0,1,1,0
334554,47,2323,6,300,False,5.0,1.0,9.0,88.0,42.0,130.0,26.0,1.8,0.3230769230769231,1,1,0
334549,53,2968,11,422,False,1.0,1.0,2.0,22.0,2.0,24.0,24.0,2.0,0.0833333333333333,1,1,0
334546,51,0,6,0,False,0.0,0.0,0.0,0.0,0.0,0.0,0.0,0.0,0.0,0,0,0
334545,39,812,6,104,False,0.0,0.0,0.0,0.0,0.0,0.0,0.0,0.0,0.0,0,0,0
334544,53,1596,8,156,False,4.0,1.0,5.0,183.0,39.0,222.0,55.5,1.25,0.1756756756756756,1,1,0
334540,45,281,6,19,False,0.0,0.0,0.0,0.0,0.0,0.0,0.0,0.0,0.0,0,0,0
334539,23,322,4,27,False,0.0,0.0,0.0,0.0,0.0,0.0,0.0,0.0,0.0,0,0,0
334538,55,533,8,65,False,0.0,0.0,0.0,0.0,0.0,0.0,0.0,0.0,0.0,0,0,0
334535,81,9092,9,1064,True,5.0,1.0,27.0,283.0,101.0,384.0,76.8,5.4,0.2630208333333333,1,1,0
334534,51,1288,5,173,False,1.0,1.0,5.0,84.0,6.0,90.0,90.0,5.0,0.0666666666666666,1,1,0
334533,39,878,5,105,False,0.0,0.0,0.0,0.0,0.0,0.0,0.0,0.0,0.0,0,0,0
334532,64,3329,9,484,False,2.0,1.0,188.0,9544.0,2375.0,11919.0,5959.5,94.0,0.1992616830270996,1,1,1
334531,91,1475,11,224,False,2.0,1.0,190.0,9520.0,2363.0,11883.0,5941.5,95.0,0.1988555078683834,1,1,1
334530,61,1828,9,238,False,2.0,1.0,192.0,9552.0,2372.0,11924.0,5962.0,96.0,0.1989265347198926,1,1,1
334529,53,500,8,78,False,1.0,1.0,187.0,9517.0,2358.0,11875.0,11875.0,187.0,0.1985684210526316,1,1,1
334528,46,4893,7,625,True,0.0,0.0,0.0,0.0,0.0,0.0,0.0,0.0,0.0,0,0,0
334526,80,2812,12,404,False,0.0,0.0,0.0,0.0,0.0,0.0,0.0,0.0,0.0,0,0,0
334524,57,1793,7,199,False,0.0,0.0,0.0,0.0,0.0,0.0,0.0,0.0,0.0,0,0,1
334522,45,343,8,49,False,2.0,1.0,3.0,16.0,12.0,28.0,14.0,1.5,0.4285714285714285,1,1,0
334521,64,16460,7,2211,False,1.0,1.0,8.0,162.0,21.0,183.0,183.0,8.0,0.1147540983606557,1,1,1
334520,46,754,7,104,True,0.0,0.0,0.0,0.0,0.0,0.0,0.0,0.0,0.0,0,0,0
334518,103,343,12,49,False,1.0,1.0,3.0,69.0,5.0,74.0,74.0,3.0,0.0675675675675675,1,1,0
334516,62,2499,10,305,True,2.0,1.0,2.0,62.0,4.0,66.0,33.0,1.0,0.0606060606060606,1,1,0
334515,69,2799,11,401,False,4.0,1.0,3.0,245.0,7.0,252.0,63.0,0.75,0.0277777777777777,1,1,0
334514,23,349,3,49,False,0.0,0.0,0.0,0.0,0.0,0.0,0.0,0.0,0.0,0,0,1
334513,39,4394,5,621,False,0.0,0.0,0.0,0.0,0.0,0.0,0.0,0.0,0.0,0,0,1
334512,56,2880,11,443,False,2.0,1.0,42.0,1244.0,73.0,1317.0,658.5,21.0,0.0554290053151101,1,1,0
334510,41,1976,7,261,False,2.0,1.0,4.0,238.0,40.0,278.0,139.0,2.0,0.1438848920863309,1,1,1
334509,36,1955,8,307,True,1.0,1.0,4.0,85.0,11.0,96.0,96.0,4.0,0.1145833333333333,1,1,0
334507,45,2952,7,421,False,1.0,1.0,4.0,36.0,3.0,39.0,39.0,4.0,0.0769230769230769,1,1,1
334506,59,1987,8,252,True,0.0,0.0,0.0,0.0,0.0,0.0,0.0,0.0,0.0,0,0,0
334505,88,1094,11,154,False,0.0,0.0,0.0,0.0,0.0,0.0,0.0,0.0,0.0,0,0,0
334498,76,0,12,0,False,0.0,0.0,0.0,0.0,0.0,0.0,0.0,0.0,0.0,0,0,0
334493,54,282,8,36,False,0.0,0.0,0.0,0.0,0.0,0.0,0.0,0.0,0.0,0,0,0
334490,58,1845,10,239,False,1.0,1.0,3.0,124.0,12.0,136.0,136.0,3.0,0.088235294117647,1,1,0
334488,76,343,14,49,False,0.0,0.0,0.0,0.0,0.0,0.0,0.0,0.0,0.0,0,0,0
334487,48,507,5,78,False,1.0,1.0,6.0,66.0,11.0,77.0,77.0,6.0,0.1428571428571428,1,1,0
334471,41,343,7,49,False,2.0,1.0,2.0,1.0,7.0,8.0,4.0,1.0,0.875,1,1,0
334465,51,496,7,68,False,0.0,0.0,0.0,0.0,0.0,0.0,0.0,0.0,0.0,0,0,0
334452,45,343,7,49,False,0.0,0.0,0.0,0.0,0.0,0.0,0.0,0.0,0.0,0,0,0
334450,64,174,10,29,False,0.0,0.0,0.0,0.0,0.0,0.0,0.0,0.0,0.0,0,0,0
334449,68,2025,9,252,False,1.0,1.0,2.0,38.0,121.0,159.0,159.0,2.0,0.7610062893081762,1,1,0
334446,43,1003,5,142,False,0.0,0.0,0.0,0.0,0.0,0.0,0.0,0.0,0.0,0,0,0
334430,51,343,9,49,False,0.0,0.0,0.0,0.0,0.0,0.0,0.0,0.0,0.0,0,0,0
334426,45,141,6,16,False,0.0,0.0,0.0,0.0,0.0,0.0,0.0,0.0,0.0,0,0,0
334418,46,1109,5,152,False,0.0,0.0,0.0,0.0,0.0,0.0,0.0,0.0,0.0,0,0,0
334417,38,1266,6,136,False,2.0,1.0,302.0,16942.0,3234.0,20176.0,10088.0,151.0,0.160289452815226,1,1,1
334416,46,948,7,121,False,1.0,1.0,2.0,89.0,0.0,89.0,89.0,2.0,0.0,1,1,0
334413,53,3430,8,518,True,0.0,0.0,0.0,0.0,0.0,0.0,0.0,0.0,0.0,0,0,0
334412,53,2855,7,404,False,0.0,0.0,0.0,0.0,0.0,0.0,0.0,0.0,0.0,0,0,0
334411,52,1852,7,256,False,0.0,0.0,0.0,0.0,0.0,0.0,0.0,0.0,0.0,0,0,0
334410,54,1054,8,137,True,0.0,0.0,0.0,0.0,0.0,0.0,0.0,0.0,0.0,0,0,0
334408,30,2808,5,390,True,1.0,1.0,3.0,20.0,10.0,30.0,30.0,3.0,0.3333333333333333,1,1,0
334402,83,3553,9,441,True,5.0,1.0,26.0,343.0,120.0,463.0,92.6,5.2,0.2591792656587473,1,1,0
334393,83,2046,9,223,True,2.0,1.0,20.0,48.0,46.0,94.0,47.0,10.0,0.4893617021276595,1,1,0
334390,56,3978,8,561,False,3.0,1.0,6.0,72.0,45.0,117.0,39.0,2.0,0.3846153846153846,1,1,0
334388,39,3127,5,356,True,0.0,0.0,0.0,0.0,0.0,0.0,0.0,0.0,0.0,0,0,0
334385,53,2069,7,243,False,1.0,1.0,2.0,122.0,8.0,130.0,130.0,2.0,0.0615384615384615,1,1,0
334384,43,1142,7,97,False,1.0,1.0,4.0,20.0,4.0,24.0,24.0,4.0,0.1666666666666666,1,1,0
334382,55,733,7,103,False,2.0,2.0,2.0,6.0,6.0,12.0,6.0,1.0,0.5,1,1,0
334381,59,511,9,61,False,1.0,1.0,2.0,52.0,17.0,69.0,69.0,2.0,0.2463768115942029,1,1,0
334379,70,681,10,94,False,1.0,1.0,3.0,34.0,14.0,48.0,48.0,3.0,0.2916666666666667,1,1,0
334378,41,518,5,70,False,1.0,1.0,1.0,7.0,8.0,15.0,15.0,1.0,0.5333333333333333,1,1,1
334377,52,1457,5,198,True,0.0,0.0,0.0,0.0,0.0,0.0,0.0,0.0,0.0,0,0,0
334376,56,1969,7,231,True,0.0,0.0,0.0,0.0,0.0,0.0,0.0,0.0,0.0,0,0,0
334375,34,462,4,56,False,2.0,1.0,2.0,1106.0,240.0,1346.0,673.0,1.0,0.1783060921248142,1,1,0
334374,57,13,9,2,False,0.0,0.0,0.0,0.0,0.0,0.0,0.0,0.0,0.0,0,0,0
334373,50,691,7,86,True,2.0,1.0,5.0,41.0,9.0,50.0,25.0,2.5,0.18,1,1,0
334372,45,409,8,60,False,0.0,0.0,0.0,0.0,0.0,0.0,0.0,0.0,0.0,0,0,0
334371,68,2770,10,370,False,0.0,0.0,0.0,0.0,0.0,0.0,0.0,0.0,0.0,0,0,1
334370,62,1415,9,194,False,2.0,1.0,242.0,15370.0,4870.0,20240.0,10120.0,121.0,0.2406126482213438,1,1,1
334369,31,3706,4,480,False,11.0,1.0,84.0,3992.0,1735.0,5727.0,520.6363636363636,7.636363636363637,0.3029509341714684,1,1,1
334368,57,820,8,104,True,0.0,0.0,0.0,0.0,0.0,0.0,0.0,0.0,0.0,0,0,0
334367,57,9142,7,1074,True,2.0,1.0,20.0,200.0,137.0,337.0,168.5,10.0,0.4065281899109792,1,1,0
334366,47,4624,6,627,False,3.0,1.0,11.0,347.0,211.0,558.0,186.0,3.6666666666666665,0.3781362007168459,1,1,0
334365,34,468,5,60,False,0.0,0.0,0.0,0.0,0.0,0.0,0.0,0.0,0.0,0,0,0
334363,53,1092,8,152,False,2.0,1.0,5.0,27.0,27.0,54.0,27.0,2.5,0.5,1,1,0
334361,38,349,4,49,False,0.0,0.0,0.0,0.0,0.0,0.0,0.0,0.0,0.0,0,0,0
334358,67,8217,8,1318,False,3.0,1.0,25.0,490.0,244.0,734.0,244.66666666666663,8.333333333333334,0.332425068119891,1,1,0
334357,53,502,8,69,False,0.0,0.0,0.0,0.0,0.0,0.0,0.0,0.0,0.0,0,0,0
334356,55,787,8,86,False,5.0,1.0,28.0,599.0,284.0,883.0,176.6,5.6,0.3216308040770101,1,1,0
334354,54,343,8,49,False,3.0,1.0,184.0,8560.0,3566.0,12126.0,4042.0,61.333333333333336,0.2940788388586508,1,1,1
334353,45,680,5,98,False,1.0,1.0,1.0,18.0,17.0,35.0,35.0,1.0,0.4857142857142857,1,1,0
334348,72,2087,11,321,False,1.0,1.0,2.0,24.0,33.0,57.0,57.0,2.0,0.5789473684210527,1,1,0
334346,57,1755,8,229,False,0.0,0.0,0.0,0.0,0.0,0.0,0.0,0.0,0.0,0,0,0
334344,66,1826,10,230,False,0.0,0.0,0.0,0.0,0.0,0.0,0.0,0.0,0.0,0,0,0
334342,54,230,6,30,False,0.0,0.0,0.0,0.0,0.0,0.0,0.0,0.0,0.0,0,0,0
334341,74,3598,9,514,False,8.0,1.0,24.0,1391.0,248.0,1639.0,204.875,3.0,0.1513117754728493,1,1,1
334339,41,323,7,49,False,0.0,0.0,0.0,0.0,0.0,0.0,0.0,0.0,0.0,0,0,0
334338,67,1492,12,224,False,1.0,1.0,3.0,101.0,7.0,108.0,108.0,3.0,0.0648148148148148,1,1,0
334337,48,3210,9,504,False,0.0,0.0,0.0,0.0,0.0,0.0,0.0,0.0,0.0,0,0,0
334336,63,1095,11,173,False,0.0,0.0,0.0,0.0,0.0,0.0,0.0,0.0,0.0,0,0,0
334335,50,359,6,51,False,0.0,0.0,0.0,0.0,0.0,0.0,0.0,0.0,0.0,0,0,0
334333,52,1341,6,203,True,0.0,0.0,0.0,0.0,0.0,0.0,0.0,0.0,0.0,0,0,0
334332,34,505,4,69,False,8.0,1.0,254.0,11608.0,4109.0,15717.0,1964.625,31.75,0.261436660940383,1,1,1
334331,56,2911,8,418,False,1.0,1.0,3.0,11.0,19.0,30.0,30.0,3.0,0.6333333333333333,1,1,0
334330,69,2843,10,441,False,0.0,0.0,0.0,0.0,0.0,0.0,0.0,0.0,0.0,0,0,0
334329,63,2898,10,448,False,0.0,0.0,0.0,0.0,0.0,0.0,0.0,0.0,0.0,0,0,0
334328,82,4599,14,717,False,0.0,0.0,0.0,0.0,0.0,0.0,0.0,0.0,0.0,0,0,0
334327,49,1879,8,229,False,1.0,1.0,3.0,91.0,9.0,100.0,100.0,3.0,0.09,1,1,0
334325,42,491,5,72,False,0.0,0.0,0.0,0.0,0.0,0.0,0.0,0.0,0.0,0,0,0
334324,54,2790,8,440,False,0.0,0.0,0.0,0.0,0.0,0.0,0.0,0.0,0.0,0,0,0
334322,67,1549,11,154,False,0.0,0.0,0.0,0.0,0.0,0.0,0.0,0.0,0.0,0,0,1
334320,46,242,8,35,False,0.0,0.0,0.0,0.0,0.0,0.0,0.0,0.0,0.0,0,0,0
334319,76,2268,11,282,True,1.0,1.0,2.0,44.0,2.0,46.0,46.0,2.0,0.0434782608695652,1,1,0
334318,39,9221,5,1133,True,1.0,1.0,19.0,45.0,45.0,90.0,90.0,19.0,0.5,1,1,0
334317,63,2147,11,288,True,1.0,1.0,2.0,51.0,1.0,52.0,52.0,2.0,0.0192307692307692,1,1,0
334316,43,3012,5,332,False,2.0,1.0,13.0,431.0,252.0,683.0,341.5,6.5,0.3689604685212299,1,1,1
334313,46,608,7,95,False,0.0,0.0,0.0,0.0,0.0,0.0,0.0,0.0,0.0,0,0,0
334312,60,1066,7,152,False,0.0,0.0,0.0,0.0,0.0,0.0,0.0,0.0,0.0,0,0,1
334311,64,2990,12,414,False,0.0,0.0,0.0,0.0,0.0,0.0,0.0,0.0,0.0,0,0,0
334310,46,1046,6,119,False,4.0,1.0,10.0,116.0,38.0,154.0,38.5,2.5,0.2467532467532467,1,1,0
334309,39,674,5,81,False,0.0,0.0,0.0,0.0,0.0,0.0,0.0,0.0,0.0,0,0,0
334308,50,844,8,115,False,2.0,1.0,5.0,63.0,135.0,198.0,99.0,2.5,0.6818181818181818,1,1,0
334307,42,876,6,126,False,2.0,1.0,124.0,6551.0,2950.0,9501.0,4750.5,62.0,0.3104936322492369,1,1,1
334306,43,891,6,96,False,5.0,1.0,100.0,4067.0,869.0,4936.0,987.2,20.0,0.1760534846029173,1,1,1
334304,54,632,8,95,False,1.0,1.0,1.0,1.0,1.0,2.0,2.0,1.0,0.5,1,1,0
334303,55,662,7,88,False,5.0,1.0,31.0,621.0,370.0,991.0,198.2,6.2,0.3733602421796165,1,1,0
334302,108,4203,16,567,True,0.0,0.0,0.0,0.0,0.0,0.0,0.0,0.0,0.0,0,0,0
334301,64,3307,10,465,False,0.0,0.0,0.0,0.0,0.0,0.0,0.0,0.0,0.0,0,0,0
334300,35,1403,4,176,True,4.0,1.0,7.0,927.0,105.0,1032.0,258.0,1.75,0.1017441860465116,1,1,1
334299,43,3068,6,397,False,1.0,1.0,1.0,6.0,12.0,18.0,18.0,1.0,0.6666666666666666,1,1,0
334297,57,1364,8,120,False,1.0,1.0,7.0,134.0,37.0,171.0,171.0,7.0,0.2163742690058479,1,1,0
334295,45,600,5,80,False,0.0,0.0,0.0,0.0,0.0,0.0,0.0,0.0,0.0,0,0,0
334294,49,783,7,119,False,2.0,1.0,2.0,15.0,6.0,21.0,10.5,1.0,0.2857142857142857,1,1,0
334290,58,923,8,126,False,0.0,0.0,0.0,0.0,0.0,0.0,0.0,0.0,0.0,0,0,0
334289,43,977,7,139,False,0.0,0.0,0.0,0.0,0.0,0.0,0.0,0.0,0.0,0,0,0
334287,56,4753,11,648,False,1.0,1.0,3.0,23.0,7.0,30.0,30.0,3.0,0.2333333333333333,1,1,0
334280,61,257,7,35,False,0.0,0.0,0.0,0.0,0.0,0.0,0.0,0.0,0.0,0,0,0
334279,40,349,4,49,False,0.0,0.0,0.0,0.0,0.0,0.0,0.0,0.0,0.0,0,0,0
334278,67,408,7,65,False,0.0,0.0,0.0,0.0,0.0,0.0,0.0,0.0,0.0,0,0,0
334277,60,1569,8,220,False,0.0,0.0,0.0,0.0,0.0,0.0,0.0,0.0,0.0,0,0,0
334276,76,1906,13,305,False,0.0,0.0,0.0,0.0,0.0,0.0,0.0,0.0,0.0,0,0,0
334270,54,1066,7,140,False,9.0,1.0,415.0,21937.0,5621.0,27558.0,3062.0,46.11111111111112,0.2039698091298352,1,1,1
334269,51,4107,7,551,False,3.0,1.0,4.0,80.0,23.0,103.0,34.333333333333336,1.3333333333333333,0.2233009708737864,1,1,0
334260,61,1097,9,166,False,1.0,1.0,2.0,66.0,3.0,69.0,69.0,2.0,0.0434782608695652,1,1,0
334259,38,2012,7,268,False,2.0,1.0,5.0,25.0,6.0,31.0,15.5,2.5,0.1935483870967742,1,1,0
334258,47,828,6,113,False,0.0,0.0,0.0,0.0,0.0,0.0,0.0,0.0,0.0,0,0,0
334255,44,294,6,39,False,1.0,1.0,2.0,35.0,3.0,38.0,38.0,2.0,0.0789473684210526,1,1,0
334250,53,1002,6,127,False,8.0,1.0,63.0,1482.0,197.0,1679.0,209.875,7.875,0.1173317450863609,1,1,1
334249,51,2340,8,330,False,8.0,1.0,315.0,9892.0,3990.0,13882.0,1735.25,39.375,0.2874225615905489,1,1,1
334245,45,527,6,71,False,1.0,1.0,1.0,8.0,7.0,15.0,15.0,1.0,0.4666666666666667,1,1,0
334242,41,1489,7,171,False,0.0,0.0,0.0,0.0,0.0,0.0,0.0,0.0,0.0,0,0,0
334240,53,1469,7,167,False,2.0,1.0,2.0,301.0,60.0,361.0,180.5,1.0,0.1662049861495844,1,1,0
334238,51,8157,7,649,False,0.0,0.0,0.0,0.0,0.0,0.0,0.0,0.0,0.0,0,0,0
334237,56,8177,7,649,False,0.0,0.0,0.0,0.0,0.0,0.0,0.0,0.0,0.0,0,0,0
334235,56,309,8,44,False,1.0,1.0,1.0,19.0,11.0,30.0,30.0,1.0,0.3666666666666666,1,1,0
334233,79,2944,12,396,False,2.0,1.0,22.0,244.0,111.0,355.0,177.5,11.0,0.3126760563380282,1,1,1
334231,40,233,7,34,False,0.0,0.0,0.0,0.0,0.0,0.0,0.0,0.0,0.0,0,0,0
334230,57,1339,8,196,False,0.0,0.0,0.0,0.0,0.0,0.0,0.0,0.0,0.0,0,0,0
334226,71,1217,11,156,False,5.0,1.0,7.0,118.0,17.0,135.0,27.0,1.4,0.1259259259259259,1,1,0
334224,76,1898,13,274,False,1.0,1.0,1.0,1.0,4.0,5.0,5.0,1.0,0.8,1,1,0
334223,64,385,10,62,True,0.0,0.0,0.0,0.0,0.0,0.0,0.0,0.0,0.0,0,0,0
334222,70,69,12,2,False,1.0,1.0,4.0,148.0,33.0,181.0,181.0,4.0,0.1823204419889502,1,1,0
334221,47,1291,6,165,True,1.0,1.0,11.0,312.0,19.0,331.0,331.0,11.0,0.0574018126888217,1,1,0
334215,41,804,5,120,False,3.0,2.0,3.0,72.0,25.0,97.0,32.333333333333336,1.0,0.2577319587628865,1,1,0
334213,44,1400,7,149,False,0.0,0.0,0.0,0.0,0.0,0.0,0.0,0.0,0.0,0,0,0
334212,64,1170,8,167,False,3.0,1.0,9.0,114.0,29.0,143.0,47.66666666666666,3.0,0.2027972027972027,1,1,0
334209,51,1160,10,168,False,1.0,1.0,1.0,5.0,1.0,6.0,6.0,1.0,0.1666666666666666,1,1,0
334208,50,711,7,94,False,2.0,1.0,1.0,7.0,5.0,12.0,6.0,0.5,0.4166666666666667,1,1,0
334205,27,673,4,94,False,2.0,2.0,295.0,13049.0,4417.0,17466.0,8733.0,147.5,0.2528913317302187,1,1,1
334204,47,1033,6,115,False,0.0,0.0,0.0,0.0,0.0,0.0,0.0,0.0,0.0,0,0,0
334203,31,1560,5,203,False,0.0,0.0,0.0,0.0,0.0,0.0,0.0,0.0,0.0,0,0,0
334202,77,55,11,2,False,0.0,0.0,0.0,0.0,0.0,0.0,0.0,0.0,0.0,0,0,0
334197,45,942,6,125,False,0.0,0.0,0.0,0.0,0.0,0.0,0.0,0.0,0.0,0,0,0
334192,59,1922,8,257,False,3.0,1.0,303.0,14661.0,4828.0,19489.0,6496.333333333333,101.0,0.2477294884293704,1,1,1
334191,47,1024,6,112,False,2.0,1.0,3.0,15.0,7.0,22.0,11.0,1.5,0.3181818181818182,1,1,0
334189,38,955,5,106,False,0.0,0.0,0.0,0.0,0.0,0.0,0.0,0.0,0.0,0,0,0
334188,42,452,5,58,False,0.0,0.0,0.0,0.0,0.0,0.0,0.0,0.0,0.0,0,0,0
334184,57,3155,9,459,False,0.0,0.0,0.0,0.0,0.0,0.0,0.0,0.0,0.0,0,0,1
334180,43,1659,6,141,False,3.0,1.0,4.0,70.0,29.0,99.0,33.0,1.3333333333333333,0.2929292929292929,1,1,0
334179,41,395,4,54,False,0.0,0.0,0.0,0.0,0.0,0.0,0.0,0.0,0.0,0,0,0
334177,27,349,3,49,False,0.0,0.0,0.0,0.0,0.0,0.0,0.0,0.0,0.0,0,0,0
334176,39,2067,5,229,True,1.0,1.0,1.0,5.0,0.0,5.0,5.0,1.0,0.0,1,1,0
334175,48,793,6,88,False,0.0,0.0,0.0,0.0,0.0,0.0,0.0,0.0,0.0,0,0,0
334163,37,1165,6,123,False,2.0,1.0,312.0,14537.0,3408.0,17945.0,8972.5,156.0,0.1899136249651713,1,1,1
334154,39,609,6,83,False,0.0,0.0,0.0,0.0,0.0,0.0,0.0,0.0,0.0,0,0,0
334151,53,842,6,96,False,1.0,1.0,2.0,14.0,1.0,15.0,15.0,2.0,0.0666666666666666,1,1,0
334150,57,3662,8,450,False,2.0,1.0,304.0,14205.0,4272.0,18477.0,9238.5,152.0,0.2312063646695892,1,1,1
334147,50,919,7,117,False,0.0,0.0,0.0,0.0,0.0,0.0,0.0,0.0,0.0,0,0,0
334146,61,5336,11,834,False,0.0,0.0,0.0,0.0,0.0,0.0,0.0,0.0,0.0,0,0,0
334145,80,4342,14,632,False,1.0,1.0,1.0,44.0,24.0,68.0,68.0,1.0,0.3529411764705882,1,1,0
334143,72,241,7,25,False,5.0,1.0,1.0,135.0,313.0,448.0,89.6,0.2,0.6986607142857143,1,1,0
334141,38,6460,5,868,True,3.0,1.0,309.0,15096.0,4697.0,19793.0,6597.666666666667,103.0,0.2373061183246602,1,1,1
334140,36,349,6,49,False,0.0,0.0,0.0,0.0,0.0,0.0,0.0,0.0,0.0,0,0,0
334139,23,343,4,49,False,0.0,0.0,0.0,0.0,0.0,0.0,0.0,0.0,0.0,0,0,0
334137,59,195,7,27,False,1.0,1.0,1.0,2.0,7.0,9.0,9.0,1.0,0.7777777777777778,1,1,0
334136,49,4139,7,651,True,1.0,1.0,5.0,95.0,6.0,101.0,101.0,5.0,0.0594059405940594,1,1,0
334135,47,1356,7,185,False,0.0,0.0,0.0,0.0,0.0,0.0,0.0,0.0,0.0,0,0,0
334133,67,4934,8,785,False,2.0,1.0,6.0,42.0,16.0,58.0,29.0,3.0,0.2758620689655172,1,1,0
334132,53,3080,10,452,False,0.0,0.0,0.0,0.0,0.0,0.0,0.0,0.0,0.0,0,0,0
334131,54,4038,8,585,True,1.0,1.0,1.0,38.0,0.0,38.0,38.0,1.0,0.0,1,1,0
334130,38,395,4,54,False,0.0,0.0,0.0,0.0,0.0,0.0,0.0,0.0,0.0,0,0,0
334129,80,691,9,74,False,3.0,1.0,555.0,22788.0,4396.0,27184.0,9061.333333333334,185.0,0.1617127722189523,1,1,1
334128,47,416,8,58,False,6.0,1.0,259.0,12003.0,2873.0,14876.0,2479.333333333333,43.16666666666666,0.1931298736219414,1,1,1
334127,39,4569,4,692,False,1.0,1.0,4.0,254.0,4.0,258.0,258.0,4.0,0.0155038759689922,1,1,0
334125,42,284,6,48,False,4.0,1.0,2.0,20.0,14.0,34.0,8.5,0.5,0.4117647058823529,1,1,0
334124,56,788,6,110,False,2.0,1.0,7.0,220.0,8.0,228.0,114.0,3.5,0.0350877192982456,1,1,0
334123,43,1151,6,142,False,1.0,1.0,6.0,77.0,22.0,99.0,99.0,6.0,0.2222222222222222,1,1,0
334122,28,685,5,86,False,1.0,1.0,5.0,37.0,14.0,51.0,51.0,5.0,0.2745098039215686,1,1,0
334120,47,1457,7,199,False,0.0,0.0,0.0,0.0,0.0,0.0,0.0,0.0,0.0,0,0,0
334118,56,569,8,64,False,1.0,1.0,2.0,3.0,0.0,3.0,3.0,2.0,0.0,1,1,0
334117,24,349,3,49,False,0.0,0.0,0.0,0.0,0.0,0.0,0.0,0.0,0.0,0,0,0
334116,80,6992,9,469,False,0.0,0.0,0.0,0.0,0.0,0.0,0.0,0.0,0.0,0,0,0
334115,30,554,4,75,True,0.0,0.0,0.0,0.0,0.0,0.0,0.0,0.0,0.0,0,0,1
334113,63,6008,11,933,False,6.0,1.0,3.0,407.0,330.0,737.0,122.83333333333331,0.5,0.4477611940298507,1,1,0
334111,55,4328,8,660,False,3.0,1.0,12.0,102.0,26.0,128.0,42.66666666666666,4.0,0.203125,1,1,0
334110,35,856,5,95,False,0.0,0.0,0.0,0.0,0.0,0.0,0.0,0.0,0.0,0,0,0
334108,49,1413,8,187,False,2.0,1.0,32.0,1476.0,275.0,1751.0,875.5,16.0,0.1570531125071387,1,1,0
334105,81,4544,14,750,False,1.0,1.0,3.0,77.0,8.0,85.0,85.0,3.0,0.0941176470588235,1,1,0
334104,51,815,7,123,True,1.0,1.0,3.0,6.0,3.0,9.0,9.0,3.0,0.3333333333333333,1,1,0
334103,52,989,8,111,False,0.0,0.0,0.0,0.0,0.0,0.0,0.0,0.0,0.0,0,0,0
334102,42,1005,5,108,False,0.0,0.0,0.0,0.0,0.0,0.0,0.0,0.0,0.0,0,0,0
334101,53,625,8,84,False,0.0,0.0,0.0,0.0,0.0,0.0,0.0,0.0,0.0,0,0,0
334100,44,869,7,95,False,0.0,0.0,0.0,0.0,0.0,0.0,0.0,0.0,0.0,0,0,0
334098,35,825,5,93,False,1.0,1.0,2.0,50.0,1.0,51.0,51.0,2.0,0.0196078431372549,1,1,0
334096,44,747,7,86,False,1.0,1.0,2.0,29.0,11.0,40.0,40.0,2.0,0.275,1,1,0
334095,43,836,7,96,False,1.0,1.0,0.0,0.0,0.0,0.0,0.0,0.0,0.0,1,0,0
334094,50,4193,8,606,False,0.0,0.0,0.0,0.0,0.0,0.0,0.0,0.0,0.0,0,0,0
334091,53,1674,8,244,False,3.0,1.0,208.0,10013.0,2280.0,12293.0,4097.666666666667,69.33333333333333,0.1854714064914992,1,1,1
334089,46,553,7,59,False,2.0,1.0,105.0,7332.0,1810.0,9142.0,4571.0,52.5,0.1979873113104353,1,1,1
334087,66,3795,12,525,False,1.0,1.0,4.0,36.0,7.0,43.0,43.0,4.0,0.1627906976744186,1,1,0
334086,52,369,8,48,False,3.0,1.0,139.0,8523.0,2345.0,10868.0,3622.6666666666665,46.333333333333336,0.2157710710342289,1,1,1
334085,44,625,6,54,False,0.0,0.0,0.0,0.0,0.0,0.0,0.0,0.0,0.0,0,0,0
334084,57,1463,7,172,False,19.0,2.0,83.0,3049.0,853.0,3902.0,205.3684210526316,4.368421052631579,0.2186058431573552,1,1,0
334083,34,976,5,115,False,2.0,1.0,2.0,5.0,11.0,16.0,8.0,1.0,0.6875,1,1,0
334082,55,982,8,111,False,1.0,1.0,1.0,20.0,20.0,40.0,40.0,1.0,0.5,1,1,0
334081,50,349,8,49,False,1.0,1.0,300.0,12409.0,3565.0,15974.0,15974.0,300.0,0.2231751596344059,1,1,1
334080,38,660,6,92,True,8.0,1.0,5.0,76.0,92.0,168.0,21.0,0.625,0.5476190476190477,1,1,0
334079,54,998,7,146,True,2.0,1.0,6.0,128.0,11.0,139.0,69.5,3.0,0.079136690647482,1,1,0
334078,52,676,9,76,False,1.0,1.0,2.0,69.0,13.0,82.0,82.0,2.0,0.1585365853658536,1,1,0
334072,63,4476,10,658,False,1.0,1.0,3.0,186.0,5.0,191.0,191.0,3.0,0.0261780104712041,1,1,0
334071,49,731,7,109,False,5.0,1.0,6.0,368.0,65.0,433.0,86.6,1.2,0.1501154734411085,1,1,0
334068,38,1666,6,184,False,3.0,1.0,19.0,829.0,473.0,1302.0,434.0,6.333333333333333,0.3632872503840246,1,1,0
334067,46,483,7,71,True,1.0,1.0,2.0,47.0,3.0,50.0,50.0,2.0,0.06,1,1,0
334066,68,4648,11,657,False,2.0,1.0,4.0,88.0,6.0,94.0,47.0,2.0,0.0638297872340425,1,1,0
334065,45,560,7,77,False,1.0,1.0,4.0,84.0,5.0,89.0,89.0,4.0,0.0561797752808988,1,1,0
334063,49,1048,7,126,False,0.0,0.0,0.0,0.0,0.0,0.0,0.0,0.0,0.0,0,0,1
334060,66,4137,9,233,False,0.0,0.0,0.0,0.0,0.0,0.0,0.0,0.0,0.0,0,0,0
334057,39,3571,5,360,True,1.0,1.0,19.0,19.0,19.0,38.0,38.0,19.0,0.5,1,1,0
334056,55,1296,7,188,False,1.0,1.0,1.0,1.0,0.0,1.0,1.0,1.0,0.0,1,1,0
334053,51,3126,10,429,False,0.0,0.0,0.0,0.0,0.0,0.0,0.0,0.0,0.0,0,0,0
334052,43,360,8,45,False,0.0,0.0,0.0,0.0,0.0,0.0,0.0,0.0,0.0,0,0,0
334051,38,893,5,100,True,1.0,1.0,2.0,54.0,2.0,56.0,56.0,2.0,0.0357142857142857,1,1,0
334049,50,3089,10,457,False,1.0,1.0,2.0,53.0,4.0,57.0,57.0,2.0,0.0701754385964912,1,1,0
334048,73,2891,11,401,False,0.0,0.0,0.0,0.0,0.0,0.0,0.0,0.0,0.0,0,0,0
334047,42,3456,6,479,False,0.0,0.0,0.0,0.0,0.0,0.0,0.0,0.0,0.0,0,0,0
334045,52,1179,8,137,False,1.0,1.0,3.0,12.0,3.0,15.0,15.0,3.0,0.2,1,1,0
334044,63,3696,10,547,False,1.0,1.0,4.0,112.0,27.0,139.0,139.0,4.0,0.1942446043165467,1,1,0
334043,39,613,6,82,False,1.0,1.0,10.0,79.0,49.0,128.0,128.0,10.0,0.3828125,1,1,0
334042,45,841,6,117,False,2.0,1.0,7.0,161.0,67.0,228.0,114.0,3.5,0.293859649122807,1,1,0
334040,73,3215,12,440,False,1.0,1.0,2.0,46.0,12.0,58.0,58.0,2.0,0.2068965517241379,1,1,0
334039,76,65,10,4,False,1.0,1.0,1.0,3.0,2.0,5.0,5.0,1.0,0.4,1,1,0
334038,52,2772,7,393,False,0.0,0.0,0.0,0.0,0.0,0.0,0.0,0.0,0.0,0,0,0
334037,58,2669,9,357,False,1.0,1.0,3.0,29.0,6.0,35.0,35.0,3.0,0.1714285714285714,1,1,0
334036,53,682,6,102,False,3.0,1.0,7.0,120.0,50.0,170.0,56.66666666666666,2.333333333333333,0.2941176470588235,1,1,0
334034,79,3272,12,467,False,1.0,1.0,8.0,75.0,13.0,88.0,88.0,8.0,0.1477272727272727,1,1,0
334032,51,3031,7,436,False,0.0,0.0,0.0,0.0,0.0,0.0,0.0,0.0,0.0,0,0,0
334030,56,410,9,65,True,1.0,1.0,1.0,3.0,2.0,5.0,5.0,1.0,0.4,1,1,0
334026,58,18954,7,1458,False,0.0,0.0,0.0,0.0,0.0,0.0,0.0,0.0,0.0,0,0,0
334025,57,4404,7,353,False,0.0,0.0,0.0,0.0,0.0,0.0,0.0,0.0,0.0,0,0,0
334024,55,5230,9,364,False,0.0,0.0,0.0,0.0,0.0,0.0,0.0,0.0,0.0,0,0,0
334022,51,55307,7,3803,False,8.0,1.0,23.0,1104.0,795.0,1899.0,237.375,2.875,0.4186413902053712,1,1,0
334021,70,2011,11,215,False,1.0,1.0,2.0,48.0,0.0,48.0,48.0,2.0,0.0,1,1,0
334013,54,343,9,49,False,0.0,0.0,0.0,0.0,0.0,0.0,0.0,0.0,0.0,0,0,0
334011,44,2708,5,356,True,0.0,0.0,0.0,0.0,0.0,0.0,0.0,0.0,0.0,0,0,0
334010,47,3831,6,552,False,2.0,1.0,4.0,117.0,10.0,127.0,63.5,2.0,0.0787401574803149,1,1,0
334008,47,3006,7,424,False,0.0,0.0,0.0,0.0,0.0,0.0,0.0,0.0,0.0,0,0,0
334005,60,3240,7,422,False,1.0,1.0,2.0,43.0,1.0,44.0,44.0,2.0,0.0227272727272727,1,1,0
334003,54,8654,9,1227,False,0.0,0.0,0.0,0.0,0.0,0.0,0.0,0.0,0.0,0,0,0
334002,68,1745,11,229,False,0.0,0.0,0.0,0.0,0.0,0.0,0.0,0.0,0.0,0,0,0
334001,53,1765,8,222,True,1.0,1.0,2.0,42.0,3.0,45.0,45.0,2.0,0.0666666666666666,1,1,0
334000,45,489,6,77,False,1.0,1.0,1.0,3.0,1.0,4.0,4.0,1.0,0.25,1,1,1
333999,38,667,6,103,False,2.0,1.0,3.0,15.0,5.0,20.0,10.0,1.5,0.25,1,1,0
333998,64,2739,10,379,False,2.0,1.0,3.0,257.0,20.0,277.0,138.5,1.5,0.0722021660649819,1,1,0
333992,38,1419,5,180,False,6.0,1.0,11.0,837.0,100.0,937.0,156.16666666666666,1.8333333333333333,0.1067235859124866,1,1,0
333991,64,967,8,114,False,1.0,1.0,2.0,50.0,9.0,59.0,59.0,2.0,0.1525423728813559,1,1,0
333989,39,1372,7,220,True,1.0,1.0,3.0,27.0,2.0,29.0,29.0,3.0,0.0689655172413793,1,1,0
333987,50,886,7,128,False,2.0,1.0,3.0,3.0,4.0,7.0,3.5,1.5,0.5714285714285714,1,1,0
333986,47,349,2,49,False,0.0,0.0,0.0,0.0,0.0,0.0,0.0,0.0,0.0,0,0,0
333985,55,844,7,120,False,0.0,0.0,0.0,0.0,0.0,0.0,0.0,0.0,0.0,0,0,0
333984,51,990,8,85,False,0.0,0.0,0.0,0.0,0.0,0.0,0.0,0.0,0.0,0,0,0
333982,77,146,11,20,False,3.0,1.0,308.0,17746.0,3828.0,21574.0,7191.333333333333,102.66666666666669,0.1774358023546862,1,1,1
333981,41,1098,7,129,False,1.0,1.0,2.0,51.0,4.0,55.0,55.0,2.0,0.0727272727272727,1,1,0
333980,56,884,9,129,False,2.0,1.0,2.0,44.0,1.0,45.0,22.5,1.0,0.0222222222222222,1,1,0
333973,60,1768,8,246,False,7.0,2.0,8.0,214.0,125.0,339.0,48.42857142857143,1.1428571428571428,0.3687315634218289,1,1,0
333970,39,4495,5,504,False,1.0,1.0,0.0,0.0,0.0,0.0,0.0,0.0,0.0,1,0,0
333969,42,1169,6,168,False,1.0,1.0,1.0,2.0,2.0,4.0,4.0,1.0,0.5,1,1,0
333968,39,13,7,2,False,2.0,1.0,302.0,6512.0,1231.0,7743.0,3871.5,151.0,0.1589823065995092,1,1,1
333965,63,1583,9,231,False,5.0,1.0,208.0,17335.0,4508.0,21843.0,4368.6,41.6,0.206381907247173,1,1,1
333964,45,3273,7,313,False,7.0,1.0,28.0,809.0,224.0,1033.0,147.57142857142858,4.0,0.2168441432720232,1,1,0
333963,58,1178,7,137,False,2.0,1.0,270.0,12551.0,3146.0,15697.0,7848.5,135.0,0.2004204625087596,1,1,1
333962,44,343,9,49,False,0.0,0.0,0.0,0.0,0.0,0.0,0.0,0.0,0.0,0,0,0
333961,38,1855,6,244,True,0.0,0.0,0.0,0.0,0.0,0.0,0.0,0.0,0.0,0,0,0
333960,72,13,9,2,False,0.0,0.0,0.0,0.0,0.0,0.0,0.0,0.0,0.0,0,0,0
333959,61,1580,8,225,False,0.0,0.0,0.0,0.0,0.0,0.0,0.0,0.0,0.0,0,0,0
333956,53,633,7,84,False,1.0,1.0,7.0,193.0,15.0,208.0,208.0,7.0,0.0721153846153846,1,1,0
333955,47,2652,7,374,True,2.0,1.0,10.0,199.0,59.0,258.0,129.0,5.0,0.2286821705426356,1,1,1
333953,28,859,5,113,False,2.0,1.0,4.0,11.0,11.0,22.0,11.0,2.0,0.5,1,1,0
333952,55,343,9,49,False,0.0,0.0,0.0,0.0,0.0,0.0,0.0,0.0,0.0,0,0,0
333949,53,545,6,63,False,0.0,0.0,0.0,0.0,0.0,0.0,0.0,0.0,0.0,0,0,0
333946,48,781,5,102,True,0.0,0.0,0.0,0.0,0.0,0.0,0.0,0.0,0.0,0,0,0
333945,36,539,7,65,False,0.0,0.0,0.0,0.0,0.0,0.0,0.0,0.0,0.0,0,0,0
333943,96,1343,12,148,False,3.0,1.0,302.0,16347.0,10851.0,27198.0,9066.0,100.66666666666669,0.3989631590558129,1,1,1
333942,35,1494,7,207,False,0.0,0.0,0.0,0.0,0.0,0.0,0.0,0.0,0.0,0,0,0
333938,46,1628,7,225,True,2.0,1.0,5.0,111.0,5.0,116.0,58.0,2.5,0.043103448275862,1,1,0
333937,51,971,7,117,False,1.0,1.0,2.0,8.0,3.0,11.0,11.0,2.0,0.2727272727272727,1,1,0
333936,43,1332,6,174,False,0.0,0.0,0.0,0.0,0.0,0.0,0.0,0.0,0.0,0,0,0
333930,42,986,5,133,False,1.0,1.0,3.0,121.0,15.0,136.0,136.0,3.0,0.1102941176470588,1,1,0
333928,42,995,5,73,False,0.0,0.0,0.0,0.0,0.0,0.0,0.0,0.0,0.0,0,0,0
333926,88,5283,13,848,True,2.0,1.0,4.0,292.0,27.0,319.0,159.5,2.0,0.0846394984326018,1,1,0
333925,47,675,6,65,False,0.0,0.0,0.0,0.0,0.0,0.0,0.0,0.0,0.0,0,0,0
333923,45,567,7,72,False,1.0,1.0,2.0,2.0,2.0,4.0,4.0,2.0,0.5,1,1,0
333922,50,868,8,118,False,6.0,1.0,5.0,98.0,84.0,182.0,30.33333333333333,0.8333333333333334,0.4615384615384615,1,1,1
333921,48,1167,6,168,False,1.0,1.0,3.0,70.0,20.0,90.0,90.0,3.0,0.2222222222222222,1,1,0
333920,31,668,5,78,False,4.0,1.0,6.0,87.0,84.0,171.0,42.75,1.5,0.4912280701754385,1,1,0
333919,68,2511,11,336,False,1.0,1.0,2.0,69.0,3.0,72.0,72.0,2.0,0.0416666666666666,1,1,0
333917,94,4238,11,456,True,0.0,0.0,0.0,0.0,0.0,0.0,0.0,0.0,0.0,0,0,0
333916,102,4909,11,540,True,1.0,1.0,5.0,17.0,10.0,27.0,27.0,5.0,0.3703703703703703,1,1,0
333914,104,4553,11,485,True,0.0,0.0,0.0,0.0,0.0,0.0,0.0,0.0,0.0,0,0,0
333909,94,4433,15,673,False,2.0,1.0,1.0,8.0,14.0,22.0,11.0,0.5,0.6363636363636364,1,1,1
333908,46,896,6,83,True,0.0,0.0,0.0,0.0,0.0,0.0,0.0,0.0,0.0,0,0,0
333905,22,343,3,49,True,0.0,0.0,0.0,0.0,0.0,0.0,0.0,0.0,0.0,0,0,0
333904,45,349,9,49,False,0.0,0.0,0.0,0.0,0.0,0.0,0.0,0.0,0.0,0,0,0
333903,52,343,7,49,True,3.0,1.0,1.0,5.0,3.0,8.0,2.6666666666666665,0.3333333333333333,0.375,1,1,0
333902,70,2607,12,397,False,2.0,1.0,6.0,110.0,20.0,130.0,65.0,3.0,0.1538461538461538,1,1,0
333899,39,3884,5,463,True,0.0,0.0,0.0,0.0,0.0,0.0,0.0,0.0,0.0,0,0,0
333897,63,1165,10,164,False,2.0,1.0,183.0,4811.0,1059.0,5870.0,2935.0,91.5,0.1804088586030664,1,1,1
333896,68,1074,11,153,False,1.0,1.0,4.0,111.0,12.0,123.0,123.0,4.0,0.0975609756097561,1,1,0
333893,51,390,7,54,False,0.0,0.0,0.0,0.0,0.0,0.0,0.0,0.0,0.0,0,0,0
333892,36,73,4,14,False,0.0,0.0,0.0,0.0,0.0,0.0,0.0,0.0,0.0,0,0,0
333891,44,1798,6,237,False,0.0,0.0,0.0,0.0,0.0,0.0,0.0,0.0,0.0,0,0,0
333889,42,1329,5,151,False,1.0,1.0,18.0,178.0,158.0,336.0,336.0,18.0,0.4702380952380952,1,1,0
333888,44,419,5,39,False,0.0,0.0,0.0,0.0,0.0,0.0,0.0,0.0,0.0,0,0,0
333886,41,511,6,77,False,1.0,1.0,4.0,226.0,85.0,311.0,311.0,4.0,0.2733118971061093,1,1,0
333883,58,3808,7,589,False,2.0,1.0,6.0,70.0,183.0,253.0,126.5,3.0,0.7233201581027668,1,1,0
333881,45,488,5,71,False,0.0,0.0,0.0,0.0,0.0,0.0,0.0,0.0,0.0,0,0,0
333878,55,184,7,26,False,0.0,0.0,0.0,0.0,0.0,0.0,0.0,0.0,0.0,0,0,0
333874,49,711,7,90,False,0.0,0.0,0.0,0.0,0.0,0.0,0.0,0.0,0.0,0,0,0
333873,54,1285,7,133,False,2.0,1.0,3.0,51.0,60.0,111.0,55.5,1.5,0.5405405405405406,1,1,0
333872,47,373,6,67,False,3.0,1.0,16.0,323.0,40.0,363.0,121.0,5.333333333333333,0.1101928374655647,1,1,0
333871,51,1249,7,118,False,0.0,0.0,0.0,0.0,0.0,0.0,0.0,0.0,0.0,0,0,0
333870,33,49,4,6,False,2.0,2.0,1.0,8.0,8.0,16.0,8.0,0.5,0.5,1,1,0
333869,48,230,7,33,False,2.0,2.0,301.0,12026.0,3308.0,15334.0,7667.0,150.5,0.2157297508803965,1,1,1
333868,59,193,7,25,False,0.0,0.0,0.0,0.0,0.0,0.0,0.0,0.0,0.0,0,0,0
333864,43,834,6,96,False,2.0,1.0,4.0,351.0,12.0,363.0,181.5,2.0,0.0330578512396694,1,1,0
333863,70,2508,8,319,False,1.0,1.0,1.0,3.0,1.0,4.0,4.0,1.0,0.25,1,1,0
333862,24,343,5,49,False,0.0,0.0,0.0,0.0,0.0,0.0,0.0,0.0,0.0,0,0,0
333861,47,1278,7,175,False,0.0,0.0,0.0,0.0,0.0,0.0,0.0,0.0,0.0,0,0,0
333859,45,4257,6,640,False,0.0,0.0,0.0,0.0,0.0,0.0,0.0,0.0,0.0,0,0,0
333858,112,4356,15,561,False,5.0,4.0,370.0,15430.0,3666.0,19096.0,3819.2,74.0,0.1919773774612484,1,1,1
333857,59,343,11,49,False,0.0,0.0,0.0,0.0,0.0,0.0,0.0,0.0,0.0,0,0,0
333855,53,292,7,35,False,1.0,1.0,1.0,22.0,11.0,33.0,33.0,1.0,0.3333333333333333,1,1,0
333854,33,1566,5,193,True,1.0,1.0,4.0,52.0,16.0,68.0,68.0,4.0,0.2352941176470588,1,1,0
333853,49,1725,6,236,False,4.0,1.0,61.0,1344.0,226.0,1570.0,392.5,15.25,0.1439490445859872,1,1,0
333851,42,343,7,49,False,3.0,1.0,67.0,1624.0,180.0,1804.0,601.3333333333334,22.33333333333333,0.0997782705099778,1,1,0
333847,52,631,8,76,False,1.0,1.0,2.0,17.0,7.0,24.0,24.0,2.0,0.2916666666666667,1,1,0
333846,50,1278,6,178,False,1.0,1.0,3.0,33.0,4.0,37.0,37.0,3.0,0.1081081081081081,1,1,0
333844,46,711,6,84,False,3.0,1.0,3.0,87.0,30.0,117.0,39.0,1.0,0.2564102564102564,1,1,0
333842,51,343,9,49,False,1.0,1.0,1.0,1.0,3.0,4.0,4.0,1.0,0.75,1,1,0
333840,53,343,7,49,False,3.0,1.0,303.0,12084.0,2778.0,14862.0,4954.0,101.0,0.1869196608800969,1,1,1
333839,39,680,5,106,False,5.0,1.0,18.0,712.0,41.0,753.0,150.6,3.6,0.0544488711819389,1,1,0
333838,48,596,7,79,True,1.0,1.0,8.0,18.0,8.0,26.0,26.0,8.0,0.3076923076923077,1,1,0
333837,54,2313,3,268,False,1.0,1.0,0.0,0.0,0.0,0.0,0.0,0.0,0.0,1,0,0
333835,39,471,6,77,False,2.0,1.0,4.0,34.0,20.0,54.0,27.0,2.0,0.3703703703703703,1,1,0
333834,44,1053,5,152,False,5.0,1.0,5.0,205.0,29.0,234.0,46.8,1.0,0.1239316239316239,1,1,1
333833,67,974,10,133,False,1.0,1.0,2.0,42.0,15.0,57.0,57.0,2.0,0.2631578947368421,1,1,0
333831,47,747,5,86,False,0.0,0.0,0.0,0.0,0.0,0.0,0.0,0.0,0.0,0,0,0
333829,52,817,7,118,False,1.0,1.0,7.0,72.0,17.0,89.0,89.0,7.0,0.1910112359550561,1,1,0
333827,53,774,8,100,False,5.0,1.0,2.0,323.0,138.0,461.0,92.2,0.4,0.2993492407809111,1,1,0
333826,29,349,6,49,False,0.0,0.0,0.0,0.0,0.0,0.0,0.0,0.0,0.0,0,0,0
333825,59,2348,8,333,False,1.0,1.0,50.0,1340.0,188.0,1528.0,1528.0,50.0,0.1230366492146596,1,1,0
333823,56,2471,7,314,False,6.0,1.0,8.0,326.0,257.0,583.0,97.16666666666669,1.3333333333333333,0.4408233276157804,1,1,0
333822,41,2487,6,211,False,0.0,0.0,0.0,0.0,0.0,0.0,0.0,0.0,0.0,0,0,0
333821,56,5676,7,406,False,0.0,0.0,0.0,0.0,0.0,0.0,0.0,0.0,0.0,0,0,0
333818,43,1577,5,231,False,2.0,1.0,4.0,80.0,30.0,110.0,55.0,2.0,0.2727272727272727,1,1,0
333815,109,3878,14,470,True,0.0,0.0,0.0,0.0,0.0,0.0,0.0,0.0,0.0,0,0,0
333813,46,90,8,6,False,0.0,0.0,0.0,0.0,0.0,0.0,0.0,0.0,0.0,0,0,0
333812,55,1525,7,175,False,0.0,0.0,0.0,0.0,0.0,0.0,0.0,0.0,0.0,0,0,0
333811,56,702,7,77,False,2.0,1.0,3.0,31.0,16.0,47.0,23.5,1.5,0.3404255319148936,1,1,0
333810,43,684,8,70,False,3.0,2.0,30.0,879.0,151.0,1030.0,343.3333333333333,10.0,0.1466019417475728,1,1,0
333808,71,462,8,70,False,0.0,0.0,0.0,0.0,0.0,0.0,0.0,0.0,0.0,0,0,0
333804,57,814,7,122,False,0.0,0.0,0.0,0.0,0.0,0.0,0.0,0.0,0.0,0,0,0
333803,44,20,6,4,False,4.0,1.0,57.0,1390.0,230.0,1620.0,405.0,14.25,0.1419753086419753,1,1,0
333801,102,6914,9,489,False,0.0,0.0,0.0,0.0,0.0,0.0,0.0,0.0,0.0,0,0,0
333800,34,463,5,69,False,0.0,0.0,0.0,0.0,0.0,0.0,0.0,0.0,0.0,0,0,0
333798,79,5765,11,682,False,0.0,0.0,0.0,0.0,0.0,0.0,0.0,0.0,0.0,0,0,0
333796,41,1267,5,173,False,2.0,1.0,94.0,2332.0,790.0,3122.0,1561.0,47.0,0.2530429212043562,1,1,0
333795,41,915,6,111,False,0.0,0.0,0.0,0.0,0.0,0.0,0.0,0.0,0.0,0,0,0
333791,71,499,9,68,False,1.0,1.0,5.0,27.0,14.0,41.0,41.0,5.0,0.3414634146341463,1,1,0
333789,60,345,9,55,False,0.0,0.0,0.0,0.0,0.0,0.0,0.0,0.0,0.0,0,0,0
333787,91,6840,13,839,False,3.0,1.0,1.0,31.0,15.0,46.0,15.333333333333334,0.3333333333333333,0.3260869565217391,1,1,0
333784,41,744,5,104,True,5.0,1.0,345.0,5794.0,1430.0,7224.0,1444.8,69.0,0.1979512735326689,1,1,1
333782,48,1746,7,229,False,2.0,1.0,4.0,94.0,94.0,188.0,94.0,2.0,0.5,1,1,0
333781,78,5185,11,685,False,2.0,1.0,3.0,82.0,62.0,144.0,72.0,1.5,0.4305555555555556,1,1,0
333780,82,5872,11,728,False,0.0,0.0,0.0,0.0,0.0,0.0,0.0,0.0,0.0,0,0,0
333775,60,54,9,2,False,1.0,1.0,2.0,11.0,10.0,21.0,21.0,2.0,0.4761904761904761,1,1,0
333774,53,615,7,77,False,1.0,1.0,2.0,6.0,5.0,11.0,11.0,2.0,0.4545454545454545,1,1,0
333773,39,343,7,49,False,0.0,0.0,0.0,0.0,0.0,0.0,0.0,0.0,0.0,0,0,0
333767,53,343,10,49,False,0.0,0.0,0.0,0.0,0.0,0.0,0.0,0.0,0.0,0,0,0
333762,37,154,6,25,False,1.0,1.0,1.0,2.0,2.0,4.0,4.0,1.0,0.5,1,1,0
333756,44,740,5,104,False,2.0,1.0,302.0,1105.0,398.0,1503.0,751.5,151.0,0.2648037258815702,1,1,0
333754,53,359,8,47,False,0.0,0.0,0.0,0.0,0.0,0.0,0.0,0.0,0.0,0,0,0
333753,54,1409,9,192,False,0.0,0.0,0.0,0.0,0.0,0.0,0.0,0.0,0.0,0,0,0
333751,57,803,8,101,False,0.0,0.0,0.0,0.0,0.0,0.0,0.0,0.0,0.0,0,0,0
333749,83,1390,9,156,False,0.0,0.0,0.0,0.0,0.0,0.0,0.0,0.0,0.0,0,0,0
333748,27,212,4,25,False,2.0,1.0,1.0,2.0,2.0,4.0,2.0,0.5,0.5,1,1,0
333746,45,802,5,102,False,1.0,1.0,7.0,171.0,47.0,218.0,218.0,7.0,0.2155963302752293,1,1,0
333745,51,655,6,101,False,0.0,0.0,0.0,0.0,0.0,0.0,0.0,0.0,0.0,0,0,0
333744,28,0,4,0,False,0.0,0.0,0.0,0.0,0.0,0.0,0.0,0.0,0.0,0,0,0
333743,46,524,7,59,False,1.0,1.0,2.0,2.0,2.0,4.0,4.0,2.0,0.5,1,1,0
333741,50,637,8,91,False,1.0,1.0,1.0,6.0,0.0,6.0,6.0,1.0,0.0,1,1,0
333739,46,1242,7,193,False,2.0,1.0,303.0,633.0,552.0,1185.0,592.5,151.5,0.4658227848101265,1,1,0
333737,50,3637,7,458,False,2.0,2.0,1.0,8.0,10.0,18.0,9.0,0.5,0.5555555555555556,1,1,0
333736,47,2300,8,317,False,4.0,1.0,8.0,135.0,8.0,143.0,35.75,2.0,0.0559440559440559,1,1,0
333734,50,818,7,95,False,0.0,0.0,0.0,0.0,0.0,0.0,0.0,0.0,0.0,0,0,0
333733,58,327,7,47,False,0.0,0.0,0.0,0.0,0.0,0.0,0.0,0.0,0.0,0,0,0
333732,59,869,6,117,False,0.0,0.0,0.0,0.0,0.0,0.0,0.0,0.0,0.0,0,0,0
333727,70,311,5,39,False,6.0,1.0,4.0,11.0,10.0,21.0,3.5,0.6666666666666666,0.4761904761904761,1,1,1
333719,52,362,9,48,False,0.0,0.0,0.0,0.0,0.0,0.0,0.0,0.0,0.0,0,0,0
333712,69,5735,10,876,False,1.0,1.0,1.0,19.0,3.0,22.0,22.0,1.0,0.1363636363636363,1,1,0
333710,60,897,9,128,False,1.0,1.0,6.0,228.0,57.0,285.0,285.0,6.0,0.2,1,1,0
333708,65,785,8,105,True,0.0,0.0,0.0,0.0,0.0,0.0,0.0,0.0,0.0,0,0,0
333707,76,820,9,107,False,0.0,0.0,0.0,0.0,0.0,0.0,0.0,0.0,0.0,0,0,0
333706,43,2188,6,152,False,1.0,1.0,0.0,0.0,0.0,0.0,0.0,0.0,0.0,1,0,1
333705,56,617,8,79,False,0.0,0.0,0.0,0.0,0.0,0.0,0.0,0.0,0.0,0,0,0
333704,62,774,8,102,False,0.0,0.0,0.0,0.0,0.0,0.0,0.0,0.0,0.0,0,0,0
333703,55,495,6,59,False,0.0,0.0,0.0,0.0,0.0,0.0,0.0,0.0,0.0,0,0,0
333702,85,1121,12,135,False,1.0,1.0,300.0,3723.0,1053.0,4776.0,4776.0,300.0,0.2204773869346733,1,1,1
333698,55,2185,7,296,True,5.0,1.0,32.0,2501.0,1188.0,3689.0,737.8,6.4,0.3220384928164814,1,1,0
333697,48,622,7,83,False,3.0,1.0,302.0,15552.0,3911.0,19463.0,6487.666666666667,100.66666666666669,0.200945383548271,1,1,1
333696,66,2316,8,348,True,0.0,0.0,0.0,0.0,0.0,0.0,0.0,0.0,0.0,0,0,0
333694,29,343,3,49,False,3.0,1.0,303.0,4747.0,1306.0,6053.0,2017.6666666666667,101.0,0.2157607797786221,1,1,1
333693,20,349,4,49,False,0.0,0.0,0.0,0.0,0.0,0.0,0.0,0.0,0.0,0,0,1
333692,65,31,8,2,False,0.0,0.0,0.0,0.0,0.0,0.0,0.0,0.0,0.0,0,0,0
333689,55,2984,7,414,True,6.0,1.0,17.0,672.0,379.0,1051.0,175.16666666666666,2.833333333333333,0.3606089438629876,1,1,1
333687,32,1645,5,238,False,1.0,1.0,134.0,6450.0,3475.0,9925.0,9925.0,134.0,0.3501259445843829,1,1,1
333683,60,3753,8,532,False,1.0,1.0,2.0,51.0,2.0,53.0,53.0,2.0,0.0377358490566037,1,1,0
333676,29,49,5,6,False,0.0,0.0,0.0,0.0,0.0,0.0,0.0,0.0,0.0,0,0,0
333673,81,14,11,2,False,1.0,1.0,1.0,7.0,5.0,12.0,12.0,1.0,0.4166666666666667,1,1,0
333669,36,909,5,94,False,0.0,0.0,0.0,0.0,0.0,0.0,0.0,0.0,0.0,0,0,0
333668,74,1440,10,204,False,1.0,1.0,2.0,75.0,6.0,81.0,81.0,2.0,0.074074074074074,1,1,0
333666,31,349,4,49,False,1.0,1.0,14.0,73.0,63.0,136.0,136.0,14.0,0.4632352941176471,1,1,0
333664,44,901,6,116,False,5.0,1.0,357.0,6298.0,1662.0,7960.0,1592.0,71.4,0.2087939698492462,1,1,1
333663,68,962,9,132,False,0.0,0.0,0.0,0.0,0.0,0.0,0.0,0.0,0.0,0,0,0
333662,45,1369,7,190,False,0.0,0.0,0.0,0.0,0.0,0.0,0.0,0.0,0.0,0,0,0
333661,59,655,6,80,False,1.0,1.0,1.0,2.0,3.0,5.0,5.0,1.0,0.6,1,1,0
333657,36,285,5,37,False,0.0,0.0,0.0,0.0,0.0,0.0,0.0,0.0,0.0,0,0,0
333655,69,3972,9,592,False,0.0,0.0,0.0,0.0,0.0,0.0,0.0,0.0,0.0,0,0,0
333654,34,762,6,108,False,1.0,1.0,14.0,400.0,59.0,459.0,459.0,14.0,0.1285403050108932,1,1,0
333653,46,510,6,72,False,0.0,0.0,0.0,0.0,0.0,0.0,0.0,0.0,0.0,0,0,0
333651,45,396,6,51,False,0.0,0.0,0.0,0.0,0.0,0.0,0.0,0.0,0.0,0,0,0
333650,47,585,7,68,False,0.0,0.0,0.0,0.0,0.0,0.0,0.0,0.0,0.0,0,0,0
333649,52,464,7,56,False,0.0,0.0,0.0,0.0,0.0,0.0,0.0,0.0,0.0,0,0,0
333647,56,805,7,104,False,0.0,0.0,0.0,0.0,0.0,0.0,0.0,0.0,0.0,0,0,0
333646,57,1093,7,134,False,4.0,2.0,21.0,519.0,99.0,618.0,154.5,5.25,0.1601941747572815,1,1,0
333645,44,248,6,38,False,3.0,1.0,14.0,470.0,42.0,512.0,170.66666666666666,4.666666666666667,0.08203125,1,1,0
333641,57,1344,8,178,False,1.0,1.0,2.0,83.0,11.0,94.0,94.0,2.0,0.1170212765957446,1,1,0
333640,68,430,6,63,False,0.0,0.0,0.0,0.0,0.0,0.0,0.0,0.0,0.0,0,0,0
333638,95,691,12,97,False,0.0,0.0,0.0,0.0,0.0,0.0,0.0,0.0,0.0,0,0,0
333636,20,343,4,49,False,0.0,0.0,0.0,0.0,0.0,0.0,0.0,0.0,0.0,0,0,0
333635,51,2355,9,310,False,4.0,2.0,121.0,2920.0,702.0,3622.0,905.5,30.25,0.1938155715074544,1,1,0
333634,52,918,7,113,False,6.0,1.0,395.0,6594.0,1703.0,8297.0,1382.8333333333333,65.83333333333333,0.205254911413764,1,1,1
333632,65,614,10,68,False,2.0,1.0,58.0,1020.0,408.0,1428.0,714.0,29.0,0.2857142857142857,1,1,0
333629,54,2865,8,398,False,2.0,1.0,2.0,19.0,10.0,29.0,14.5,1.0,0.3448275862068966,1,1,0
333628,55,1220,8,163,False,0.0,0.0,0.0,0.0,0.0,0.0,0.0,0.0,0.0,0,0,0
333627,50,460,6,72,True,0.0,0.0,0.0,0.0,0.0,0.0,0.0,0.0,0.0,0,0,0
333626,53,1036,8,133,False,2.0,1.0,11.0,137.0,78.0,215.0,107.5,5.5,0.3627906976744186,1,1,0
333620,64,1147,10,112,False,2.0,1.0,3.0,26.0,26.0,52.0,26.0,1.5,0.5,1,1,0
333618,48,1897,5,250,False,4.0,1.0,6.0,275.0,147.0,422.0,105.5,1.5,0.3483412322274881,1,1,0
333617,67,2208,12,349,False,0.0,0.0,0.0,0.0,0.0,0.0,0.0,0.0,0.0,0,0,0
333615,41,635,5,59,False,0.0,0.0,0.0,0.0,0.0,0.0,0.0,0.0,0.0,0,0,0
333614,50,2742,9,348,False,3.0,1.0,3.0,113.0,45.0,158.0,52.66666666666666,1.0,0.2848101265822785,1,1,0
333612,28,2790,4,228,False,0.0,0.0,0.0,0.0,0.0,0.0,0.0,0.0,0.0,0,0,0
333611,40,387,5,50,False,0.0,0.0,0.0,0.0,0.0,0.0,0.0,0.0,0.0,0,0,0
333610,63,1334,8,179,False,0.0,0.0,0.0,0.0,0.0,0.0,0.0,0.0,0.0,0,0,0
333608,43,743,7,72,False,1.0,1.0,1.0,8.0,8.0,16.0,16.0,1.0,0.5,1,1,0
333606,49,103,5,11,False,0.0,0.0,0.0,0.0,0.0,0.0,0.0,0.0,0.0,0,0,0
333604,54,480,7,56,False,0.0,0.0,0.0,0.0,0.0,0.0,0.0,0.0,0.0,0,0,0
333603,49,550,6,59,False,1.0,1.0,2.0,7.0,1.0,8.0,8.0,2.0,0.125,1,1,0
333602,87,817,11,108,False,0.0,0.0,0.0,0.0,0.0,0.0,0.0,0.0,0.0,0,0,0
333597,74,886,10,111,False,0.0,0.0,0.0,0.0,0.0,0.0,0.0,0.0,0.0,0,0,0
333596,44,281,6,42,False,0.0,0.0,0.0,0.0,0.0,0.0,0.0,0.0,0.0,0,0,0
333595,42,1354,6,189,False,1.0,1.0,4.0,102.0,8.0,110.0,110.0,4.0,0.0727272727272727,1,1,0
333590,45,347,5,55,False,1.0,1.0,1.0,2.0,1.0,3.0,3.0,1.0,0.3333333333333333,1,1,0
333582,54,1359,10,217,False,3.0,1.0,4.0,123.0,19.0,142.0,47.333333333333336,1.3333333333333333,0.1338028169014084,1,1,0
333580,39,521,5,69,False,1.0,1.0,6.0,127.0,29.0,156.0,156.0,6.0,0.1858974358974359,1,1,0
333579,43,567,6,72,False,2.0,1.0,2.0,56.0,5.0,61.0,30.5,1.0,0.081967213114754,1,1,0
333575,45,558,6,81,False,4.0,1.0,10.0,203.0,32.0,235.0,58.75,2.5,0.1361702127659574,1,1,0
333574,78,5092,9,549,False,0.0,0.0,0.0,0.0,0.0,0.0,0.0,0.0,0.0,0,0,0
333573,78,6316,10,778,False,4.0,1.0,2.0,103.0,25.0,128.0,32.0,0.5,0.1953125,1,1,0
333570,56,1198,8,167,False,0.0,0.0,0.0,0.0,0.0,0.0,0.0,0.0,0.0,0,0,0
333568,49,342,6,51,False,0.0,0.0,0.0,0.0,0.0,0.0,0.0,0.0,0.0,0,0,0
333567,60,849,9,106,False,1.0,1.0,1.0,1.0,49.0,50.0,50.0,1.0,0.98,1,1,0
333566,83,5652,10,656,False,1.0,1.0,2.0,100.0,0.0,100.0,100.0,2.0,0.0,1,1,0
333565,67,5701,8,660,False,0.0,0.0,0.0,0.0,0.0,0.0,0.0,0.0,0.0,0,0,0
333563,77,5597,10,669,False,6.0,1.0,2.0,74.0,17.0,91.0,15.166666666666666,0.3333333333333333,0.1868131868131868,1,1,0
333558,50,1639,7,202,False,3.0,1.0,3.0,142.0,10.0,152.0,50.66666666666666,1.0,0.0657894736842105,1,1,0
333554,46,14,8,2,False,1.0,1.0,1.0,1.0,1.0,2.0,2.0,1.0,0.5,1,1,0
333541,80,6875,10,813,False,7.0,2.0,170.0,4809.0,1641.0,6450.0,921.4285714285714,24.285714285714285,0.2544186046511628,1,1,1
333539,67,2126,8,304,False,0.0,0.0,0.0,0.0,0.0,0.0,0.0,0.0,0.0,0,0,0
333532,56,4071,8,540,False,1.0,1.0,5.0,34.0,15.0,49.0,49.0,5.0,0.3061224489795918,1,1,0
333531,77,3006,6,349,False,3.0,1.0,20.0,1129.0,70.0,1199.0,399.6666666666667,6.666666666666667,0.0583819849874895,1,1,0
333530,73,780,10,103,False,0.0,0.0,0.0,0.0,0.0,0.0,0.0,0.0,0.0,0,0,0
333526,50,1175,6,151,False,1.0,1.0,1.0,9.0,2.0,11.0,11.0,1.0,0.1818181818181818,1,1,0
333525,53,2089,7,299,False,1.0,1.0,2.0,24.0,1.0,25.0,25.0,2.0,0.04,1,1,0
333524,51,8253,7,1280,True,0.0,0.0,0.0,0.0,0.0,0.0,0.0,0.0,0.0,0,0,0
333511,56,2557,8,333,False,0.0,0.0,0.0,0.0,0.0,0.0,0.0,0.0,0.0,0,0,0
333508,39,385,5,45,False,0.0,0.0,0.0,0.0,0.0,0.0,0.0,0.0,0.0,0,0,0
333499,41,811,6,104,False,0.0,0.0,0.0,0.0,0.0,0.0,0.0,0.0,0.0,0,0,0
333495,40,1068,8,154,False,1.0,1.0,1.0,2.0,0.0,2.0,2.0,1.0,0.0,1,1,0
333488,53,827,8,93,False,0.0,0.0,0.0,0.0,0.0,0.0,0.0,0.0,0.0,0,0,0
333477,41,1035,6,129,True,0.0,0.0,0.0,0.0,0.0,0.0,0.0,0.0,0.0,0,0,0
333475,48,700,8,78,False,1.0,1.0,1.0,34.0,16.0,50.0,50.0,1.0,0.32,1,1,0
333473,58,1132,9,157,False,0.0,0.0,0.0,0.0,0.0,0.0,0.0,0.0,0.0,0,0,0
333472,76,0,11,0,False,0.0,0.0,0.0,0.0,0.0,0.0,0.0,0.0,0.0,0,0,0
333466,23,322,4,27,False,0.0,0.0,0.0,0.0,0.0,0.0,0.0,0.0,0.0,0,0,0
333465,45,281,6,19,False,0.0,0.0,0.0,0.0,0.0,0.0,0.0,0.0,0.0,0,0,0
333464,44,822,7,125,False,0.0,0.0,0.0,0.0,0.0,0.0,0.0,0.0,0.0,0,0,0
333463,36,231,6,34,False,2.0,1.0,25.0,371.0,145.0,516.0,258.0,12.5,0.2810077519379845,1,1,0
333457,48,883,6,114,False,2.0,1.0,7.0,335.0,301.0,636.0,318.0,3.5,0.4732704402515723,1,1,0
333454,44,1987,7,263,True,1.0,1.0,18.0,1192.0,16.0,1208.0,1208.0,18.0,0.0132450331125827,1,1,0
333448,39,1793,6,243,False,2.0,1.0,4.0,30.0,10.0,40.0,20.0,2.0,0.25,1,1,0
333443,58,1905,8,256,False,0.0,0.0,0.0,0.0,0.0,0.0,0.0,0.0,0.0,0,0,0
333441,71,223,9,22,False,1.0,1.0,1.0,7.0,1.0,8.0,8.0,1.0,0.125,1,1,0
333439,50,458,7,65,False,0.0,0.0,0.0,0.0,0.0,0.0,0.0,0.0,0.0,0,0,0
333438,70,240,9,32,False,0.0,0.0,0.0,0.0,0.0,0.0,0.0,0.0,0.0,0,0,0
333436,70,1504,11,133,False,0.0,0.0,0.0,0.0,0.0,0.0,0.0,0.0,0.0,0,0,0
333435,50,388,6,60,False,0.0,0.0,0.0,0.0,0.0,0.0,0.0,0.0,0.0,0,0,0
333432,47,728,5,80,False,0.0,0.0,0.0,0.0,0.0,0.0,0.0,0.0,0.0,0,0,0
333431,70,126,8,16,False,1.0,1.0,1.0,4.0,4.0,8.0,8.0,1.0,0.5,1,1,0
333429,49,1297,7,174,False,2.0,1.0,3.0,57.0,8.0,65.0,32.5,1.5,0.123076923076923,1,1,0
333428,41,807,6,105,False,2.0,1.0,2.0,5.0,0.0,5.0,2.5,1.0,0.0,1,1,0
333426,75,4561,12,677,False,2.0,1.0,7.0,230.0,20.0,250.0,125.0,3.5,0.08,1,1,0
333423,64,4279,9,582,False,1.0,1.0,18.0,388.0,41.0,429.0,429.0,18.0,0.0955710955710955,1,1,0
333418,82,0,9,0,False,0.0,0.0,0.0,0.0,0.0,0.0,0.0,0.0,0.0,0,0,0
333412,294,0,44,0,False,0.0,0.0,0.0,0.0,0.0,0.0,0.0,0.0,0.0,0,0,1
333411,16,349,2,49,False,0.0,0.0,0.0,0.0,0.0,0.0,0.0,0.0,0.0,0,0,0
333410,62,343,15,49,True,2.0,1.0,32.0,1416.0,318.0,1734.0,867.0,16.0,0.1833910034602076,1,1,0
333404,41,434,6,65,False,0.0,0.0,0.0,0.0,0.0,0.0,0.0,0.0,0.0,0,0,0
333399,71,1155,11,174,False,0.0,0.0,0.0,0.0,0.0,0.0,0.0,0.0,0.0,0,0,0
333398,51,811,6,107,False,1.0,1.0,1.0,7.0,6.0,13.0,13.0,1.0,0.4615384615384615,1,1,0
333397,50,1077,7,124,False,0.0,0.0,0.0,0.0,0.0,0.0,0.0,0.0,0.0,0,0,0
333394,41,584,4,83,False,3.0,1.0,7.0,103.0,87.0,190.0,63.333333333333336,2.333333333333333,0.4578947368421052,1,1,1
333391,56,743,7,111,False,2.0,1.0,89.0,6082.0,873.0,6955.0,3477.5,44.5,0.1255212077641984,1,1,1
333390,65,963,8,106,False,0.0,0.0,0.0,0.0,0.0,0.0,0.0,0.0,0.0,0,0,0
333389,81,6620,9,741,True,2.0,1.0,5.0,51.0,53.0,104.0,52.0,2.5,0.5096153846153846,1,1,0
333385,57,841,9,135,False,0.0,0.0,0.0,0.0,0.0,0.0,0.0,0.0,0.0,0,0,0
333383,51,1095,7,122,False,1.0,1.0,1.0,3.0,2.0,5.0,5.0,1.0,0.4,1,1,1
333381,50,1088,8,116,False,0.0,0.0,0.0,0.0,0.0,0.0,0.0,0.0,0.0,0,0,0
333376,44,803,8,110,False,2.0,2.0,0.0,0.0,0.0,0.0,0.0,0.0,0.0,1,0,0
333372,18,2073,3,290,False,0.0,0.0,0.0,0.0,0.0,0.0,0.0,0.0,0.0,0,0,0
333365,44,2094,6,262,False,0.0,0.0,0.0,0.0,0.0,0.0,0.0,0.0,0.0,0,0,1
333363,38,678,4,77,False,1.0,1.0,1.0,25.0,0.0,25.0,25.0,1.0,0.0,1,1,0
333360,57,165,5,20,False,1.0,1.0,1.0,8.0,93.0,101.0,101.0,1.0,0.9207920792079208,1,1,0
333359,70,863,9,71,False,2.0,1.0,2.0,9.0,13.0,22.0,11.0,1.0,0.5909090909090909,1,1,0
333356,77,788,11,113,False,0.0,0.0,0.0,0.0,0.0,0.0,0.0,0.0,0.0,0,0,0
333353,68,188,8,27,False,1.0,1.0,1.0,6.0,8.0,14.0,14.0,1.0,0.5714285714285714,1,1,0
333350,14,460,2,50,False,1.0,1.0,300.0,18085.0,5474.0,23559.0,23559.0,300.0,0.2323528163334606,1,1,1
333340,50,823,8,100,False,1.0,1.0,1.0,17.0,0.0,17.0,17.0,1.0,0.0,1,1,0
333336,61,1473,7,179,False,0.0,0.0,0.0,0.0,0.0,0.0,0.0,0.0,0.0,0,0,0
333334,57,707,8,115,False,1.0,1.0,2.0,23.0,3.0,26.0,26.0,2.0,0.1153846153846153,1,1,0
333333,61,2167,9,283,False,0.0,0.0,0.0,0.0,0.0,0.0,0.0,0.0,0.0,0,0,0
333328,83,12249,9,1131,True,2.0,1.0,5.0,49.0,51.0,100.0,50.0,2.5,0.51,1,1,0
333326,64,799,10,104,False,0.0,0.0,0.0,0.0,0.0,0.0,0.0,0.0,0.0,0,0,1
333319,66,218,8,30,False,1.0,1.0,5.0,110.0,0.0,110.0,110.0,5.0,0.0,1,1,0
333318,84,8282,9,512,False,0.0,0.0,0.0,0.0,0.0,0.0,0.0,0.0,0.0,0,0,0
333314,38,619,6,94,False,1.0,1.0,1.0,4.0,3.0,7.0,7.0,1.0,0.4285714285714285,1,1,0
333308,74,709,11,96,False,2.0,1.0,4.0,37.0,11.0,48.0,24.0,2.0,0.2291666666666666,1,1,0
333307,49,771,7,100,False,0.0,0.0,0.0,0.0,0.0,0.0,0.0,0.0,0.0,0,0,0
333304,68,643,10,96,False,1.0,1.0,2.0,23.0,4.0,27.0,27.0,2.0,0.1481481481481481,1,1,0
333302,48,207,4,16,False,0.0,0.0,0.0,0.0,0.0,0.0,0.0,0.0,0.0,0,0,0
333300,36,400,5,52,False,0.0,0.0,0.0,0.0,0.0,0.0,0.0,0.0,0.0,0,0,0
333296,47,2147,6,274,False,0.0,0.0,0.0,0.0,0.0,0.0,0.0,0.0,0.0,0,0,1
333295,47,895,7,129,False,1.0,1.0,2.0,24.0,3.0,27.0,27.0,2.0,0.1111111111111111,1,1,0
333291,67,4181,10,588,True,0.0,0.0,0.0,0.0,0.0,0.0,0.0,0.0,0.0,0,0,0
333290,66,5237,6,713,False,0.0,0.0,0.0,0.0,0.0,0.0,0.0,0.0,0.0,0,0,0
333289,58,4238,7,570,True,0.0,0.0,0.0,0.0,0.0,0.0,0.0,0.0,0.0,0,0,0
333288,55,3894,7,577,False,3.0,2.0,307.0,10070.0,3789.0,13859.0,4619.666666666667,102.33333333333331,0.2733963489429252,1,1,1
333287,63,2406,9,341,True,0.0,0.0,0.0,0.0,0.0,0.0,0.0,0.0,0.0,0,0,0
333286,45,3272,6,420,True,2.0,1.0,6.0,190.0,20.0,210.0,105.0,3.0,0.0952380952380952,1,1,1
333285,66,490,7,73,False,1.0,1.0,1.0,25.0,17.0,42.0,42.0,1.0,0.4047619047619047,1,1,0
333282,48,2332,8,293,False,3.0,1.0,4.0,100.0,28.0,128.0,42.66666666666666,1.3333333333333333,0.21875,1,1,0
333281,42,476,6,67,False,3.0,1.0,187.0,4806.0,2221.0,7027.0,2342.333333333333,62.333333333333336,0.3160666002561548,1,1,1
333279,36,824,5,109,True,0.0,0.0,0.0,0.0,0.0,0.0,0.0,0.0,0.0,0,0,0
333277,53,2240,5,285,True,0.0,0.0,0.0,0.0,0.0,0.0,0.0,0.0,0.0,0,0,0
333275,31,480,6,66,False,2.0,1.0,4.0,147.0,95.0,242.0,121.0,2.0,0.3925619834710744,1,1,1
333274,49,612,7,81,False,3.0,1.0,4.0,71.0,28.0,99.0,33.0,1.3333333333333333,0.2828282828282828,1,1,0
333273,51,1705,9,227,False,0.0,0.0,0.0,0.0,0.0,0.0,0.0,0.0,0.0,0,0,0
333272,68,1054,12,161,False,0.0,0.0,0.0,0.0,0.0,0.0,0.0,0.0,0.0,0,0,0
333271,72,2403,11,335,False,1.0,1.0,2.0,79.0,5.0,84.0,84.0,2.0,0.0595238095238095,1,1,1
333264,78,3826,7,466,False,0.0,0.0,0.0,0.0,0.0,0.0,0.0,0.0,0.0,0,0,0
333263,38,1816,6,244,True,11.0,1.0,481.0,15962.0,6750.0,22712.0,2064.7272727272725,43.72727272727273,0.2971997182106375,1,1,1
333262,49,472,6,56,False,0.0,0.0,0.0,0.0,0.0,0.0,0.0,0.0,0.0,0,0,0
333260,37,833,4,81,False,1.0,1.0,3.0,45.0,17.0,62.0,62.0,3.0,0.2741935483870967,1,1,0
333258,63,1304,8,175,False,0.0,0.0,0.0,0.0,0.0,0.0,0.0,0.0,0.0,0,0,0
333256,43,1466,7,200,False,2.0,1.0,9.0,129.0,85.0,214.0,107.0,4.5,0.397196261682243,1,1,1
333251,49,812,6,111,False,1.0,1.0,20.0,867.0,45.0,912.0,912.0,20.0,0.0493421052631578,1,1,0
333249,68,6053,10,904,False,7.0,2.0,137.0,5023.0,855.0,5878.0,839.7142857142857,19.571428571428573,0.1454576386526029,1,1,1
333247,49,729,6,101,False,0.0,0.0,0.0,0.0,0.0,0.0,0.0,0.0,0.0,0,0,0
333244,32,984,6,107,False,0.0,0.0,0.0,0.0,0.0,0.0,0.0,0.0,0.0,0,0,0
333243,66,988,9,141,False,1.0,1.0,2.0,12.0,16.0,28.0,28.0,2.0,0.5714285714285714,1,1,0
333241,33,890,6,96,False,0.0,0.0,0.0,0.0,0.0,0.0,0.0,0.0,0.0,0,0,0
333240,35,1065,5,150,False,7.0,1.0,139.0,1997.0,733.0,2730.0,390.0,19.857142857142858,0.2684981684981685,1,1,0
333238,70,4251,9,595,False,2.0,2.0,58.0,3368.0,597.0,3965.0,1982.5,29.0,0.1505674653215636,1,1,1
333236,83,4698,12,575,False,0.0,0.0,0.0,0.0,0.0,0.0,0.0,0.0,0.0,0,0,0
333235,90,5701,10,597,False,1.0,1.0,2.0,68.0,6.0,74.0,74.0,2.0,0.081081081081081,1,1,0
333231,76,5899,12,672,False,0.0,0.0,0.0,0.0,0.0,0.0,0.0,0.0,0.0,0,0,0
333227,91,5992,13,684,False,1.0,1.0,1.0,1.0,5.0,6.0,6.0,1.0,0.8333333333333334,1,1,0
333226,58,479,8,65,False,4.0,1.0,300.0,12549.0,2537.0,15086.0,3771.5,75.0,0.1681691634628132,1,1,1
333222,52,618,7,77,False,0.0,0.0,0.0,0.0,0.0,0.0,0.0,0.0,0.0,0,0,0
333218,48,1196,6,160,False,0.0,0.0,0.0,0.0,0.0,0.0,0.0,0.0,0.0,0,0,0
333216,44,343,7,49,False,3.0,1.0,4.0,72.0,12.0,84.0,28.0,1.3333333333333333,0.1428571428571428,1,1,0
333215,48,1550,6,210,True,4.0,1.0,9.0,438.0,168.0,606.0,151.5,2.25,0.2772277227722772,1,1,0
333214,60,1164,8,169,False,0.0,0.0,0.0,0.0,0.0,0.0,0.0,0.0,0.0,0,0,0
333212,88,413,14,52,False,4.0,1.0,2.0,39.0,0.0,39.0,9.75,0.5,0.0,1,1,0
333211,33,768,5,90,False,12.0,1.0,10.0,317.0,327.0,644.0,53.66666666666666,0.8333333333333334,0.5077639751552795,1,1,0
333206,53,2889,6,380,False,0.0,0.0,0.0,0.0,0.0,0.0,0.0,0.0,0.0,0,0,0
333201,77,2345,12,303,False,0.0,0.0,0.0,0.0,0.0,0.0,0.0,0.0,0.0,0,0,0
333200,30,584,5,77,False,3.0,1.0,4.0,49.0,12.0,61.0,20.33333333333333,1.3333333333333333,0.1967213114754098,1,1,0
333198,76,1765,8,159,False,0.0,0.0,0.0,0.0,0.0,0.0,0.0,0.0,0.0,0,0,0
333196,54,1198,6,159,False,0.0,0.0,0.0,0.0,0.0,0.0,0.0,0.0,0.0,0,0,1
333195,15,403,3,51,False,0.0,0.0,0.0,0.0,0.0,0.0,0.0,0.0,0.0,0,0,0
333191,44,784,5,86,False,4.0,1.0,60.0,1322.0,302.0,1624.0,406.0,15.0,0.1859605911330049,1,1,0
333189,50,562,7,84,False,6.0,2.0,315.0,8518.0,3210.0,11728.0,1954.6666666666667,52.5,0.2737039563437926,1,1,1
333187,42,935,7,110,False,1.0,1.0,1.0,1.0,2.0,3.0,3.0,1.0,0.6666666666666666,1,1,0
333186,42,1297,8,144,False,1.0,1.0,2.0,42.0,13.0,55.0,55.0,2.0,0.2363636363636363,1,1,0
333185,37,1660,4,248,False,1.0,1.0,2.0,38.0,7.0,45.0,45.0,2.0,0.1555555555555555,1,1,0
333184,83,3881,9,461,True,4.0,1.0,8.0,122.0,54.0,176.0,44.0,2.0,0.3068181818181818,1,1,0
333183,43,731,7,86,False,0.0,0.0,0.0,0.0,0.0,0.0,0.0,0.0,0.0,0,0,0
333182,31,779,5,100,True,0.0,0.0,0.0,0.0,0.0,0.0,0.0,0.0,0.0,0,0,0
333181,78,343,5,49,False,2.0,1.0,5.0,77.0,18.0,95.0,47.5,2.5,0.1894736842105263,1,1,0
333179,19,13,4,2,False,0.0,0.0,0.0,0.0,0.0,0.0,0.0,0.0,0.0,0,0,0
333171,62,1113,10,155,False,2.0,1.0,34.0,794.0,132.0,926.0,463.0,17.0,0.142548596112311,1,1,0
333169,58,762,9,116,False,0.0,0.0,0.0,0.0,0.0,0.0,0.0,0.0,0.0,0,0,0
333167,76,2850,13,417,False,1.0,1.0,2.0,44.0,36.0,80.0,80.0,2.0,0.45,1,1,0
333166,38,223,6,33,False,0.0,0.0,0.0,0.0,0.0,0.0,0.0,0.0,0.0,0,0,0
333165,45,343,7,49,False,1.0,1.0,2.0,11.0,11.0,22.0,22.0,2.0,0.5,1,1,0
333164,41,598,7,72,False,1.0,1.0,1.0,2.0,2.0,4.0,4.0,1.0,0.5,1,1,0
333163,65,343,11,49,False,1.0,1.0,1.0,3.0,2.0,5.0,5.0,1.0,0.4,1,1,0
333162,56,2435,9,356,False,5.0,1.0,7.0,165.0,48.0,213.0,42.6,1.4,0.2253521126760563,1,1,0
333161,73,53,8,2,False,0.0,0.0,0.0,0.0,0.0,0.0,0.0,0.0,0.0,0,0,0
333158,45,13,7,2,False,0.0,0.0,0.0,0.0,0.0,0.0,0.0,0.0,0.0,0,0,0
333157,57,839,8,126,False,2.0,1.0,301.0,9344.0,3427.0,12771.0,6385.5,150.5,0.26834233810978,1,1,1
333155,83,2074,13,237,False,1.0,1.0,2.0,44.0,3.0,47.0,47.0,2.0,0.0638297872340425,1,1,1
333152,55,350,8,46,False,1.0,1.0,1.0,5.0,5.0,10.0,10.0,1.0,0.5,1,1,0
333144,48,616,7,61,False,1.0,1.0,4.0,55.0,10.0,65.0,65.0,4.0,0.1538461538461538,1,1,0
333138,47,441,7,60,False,1.0,1.0,1.0,2.0,2.0,4.0,4.0,1.0,0.5,1,1,0
333137,36,577,6,87,False,0.0,0.0,0.0,0.0,0.0,0.0,0.0,0.0,0.0,0,0,0
333135,37,308,5,50,False,0.0,0.0,0.0,0.0,0.0,0.0,0.0,0.0,0.0,0,0,0
333133,48,343,8,49,False,1.0,1.0,3.0,41.0,4.0,45.0,45.0,3.0,0.0888888888888888,1,1,0
333130,45,646,7,97,False,1.0,1.0,1.0,30.0,0.0,30.0,30.0,1.0,0.0,1,1,1
333127,61,2374,7,290,True,1.0,1.0,2.0,6.0,2.0,8.0,8.0,2.0,0.25,1,1,1
333126,50,343,8,49,False,0.0,0.0,0.0,0.0,0.0,0.0,0.0,0.0,0.0,0,0,0
333124,59,343,8,49,False,0.0,0.0,0.0,0.0,0.0,0.0,0.0,0.0,0.0,0,0,0
333122,44,232,7,40,False,1.0,1.0,2.0,56.0,71.0,127.0,127.0,2.0,0.5590551181102362,1,1,0
333120,45,1058,7,128,False,2.0,1.0,155.0,6415.0,4116.0,10531.0,5265.5,77.5,0.3908460734972937,1,1,1
333117,53,1890,8,202,True,0.0,0.0,0.0,0.0,0.0,0.0,0.0,0.0,0.0,0,0,0
333115,41,1738,5,232,False,1.0,1.0,2.0,189.0,52.0,241.0,241.0,2.0,0.2157676348547718,1,1,0
333110,58,343,8,49,False,1.0,1.0,13.0,31.0,97.0,128.0,128.0,13.0,0.7578125,1,1,0
333108,51,1834,7,150,True,2.0,1.0,14.0,380.0,71.0,451.0,225.5,7.0,0.1574279379157428,1,1,0
333105,76,343,14,49,False,0.0,0.0,0.0,0.0,0.0,0.0,0.0,0.0,0.0,0,0,0
333103,76,2091,8,172,True,1.0,1.0,20.0,31.0,19.0,50.0,50.0,20.0,0.38,1,1,0
333102,83,10032,9,851,True,1.0,1.0,4.0,51.0,51.0,102.0,102.0,4.0,0.5,1,1,0
333101,43,1385,7,191,False,0.0,0.0,0.0,0.0,0.0,0.0,0.0,0.0,0.0,0,0,0
333098,66,4218,10,669,True,0.0,0.0,0.0,0.0,0.0,0.0,0.0,0.0,0.0,0,0,0
333096,51,1323,6,170,True,0.0,0.0,0.0,0.0,0.0,0.0,0.0,0.0,0.0,0,0,0
333094,37,810,7,110,False,0.0,0.0,0.0,0.0,0.0,0.0,0.0,0.0,0.0,0,0,0
333091,111,4599,13,558,True,0.0,0.0,0.0,0.0,0.0,0.0,0.0,0.0,0.0,0,0,0
333090,53,732,6,82,False,1.0,1.0,1.0,1.0,7.0,8.0,8.0,1.0,0.875,1,1,0
333088,68,3033,11,410,True,0.0,0.0,0.0,0.0,0.0,0.0,0.0,0.0,0.0,0,0,0
333086,71,31,11,2,True,0.0,0.0,0.0,0.0,0.0,0.0,0.0,0.0,0.0,0,0,0
333084,48,2764,8,453,False,2.0,1.0,3.0,59.0,73.0,132.0,66.0,1.5,0.553030303030303,1,1,0
333083,49,1896,6,250,True,0.0,0.0,0.0,0.0,0.0,0.0,0.0,0.0,0.0,0,0,0
333082,52,1938,7,214,False,0.0,0.0,0.0,0.0,0.0,0.0,0.0,0.0,0.0,0,0,0
333081,70,336,7,45,False,1.0,1.0,1.0,5.0,4.0,9.0,9.0,1.0,0.4444444444444444,1,1,0
333080,53,464,7,69,False,4.0,1.0,261.0,9308.0,2133.0,11441.0,2860.25,65.25,0.1864347522069749,1,1,1
333078,45,1904,6,246,False,7.0,1.0,11.0,566.0,345.0,911.0,130.14285714285714,1.5714285714285714,0.3787047200878156,1,1,0
333076,66,707,11,101,False,1.0,1.0,0.0,0.0,0.0,0.0,0.0,0.0,0.0,1,0,0
333075,65,537,9,69,False,4.0,1.0,2.0,6.0,11.0,17.0,4.25,0.5,0.6470588235294118,1,1,0
333074,56,8429,7,389,False,0.0,0.0,0.0,0.0,0.0,0.0,0.0,0.0,0.0,0,0,0
333073,80,6303,9,417,False,0.0,0.0,0.0,0.0,0.0,0.0,0.0,0.0,0.0,0,0,0
333072,39,730,4,86,False,1.0,1.0,0.0,0.0,0.0,0.0,0.0,0.0,0.0,1,0,0
333061,45,718,6,110,False,1.0,1.0,1.0,1.0,1.0,2.0,2.0,1.0,0.5,1,1,0
333059,78,6859,9,523,False,0.0,0.0,0.0,0.0,0.0,0.0,0.0,0.0,0.0,0,0,0
333058,43,829,7,105,False,0.0,0.0,0.0,0.0,0.0,0.0,0.0,0.0,0.0,0,0,0
333057,91,1808,13,248,False,1.0,1.0,4.0,104.0,23.0,127.0,127.0,4.0,0.1811023622047244,1,1,0
333056,72,168,10,32,True,0.0,0.0,0.0,0.0,0.0,0.0,0.0,0.0,0.0,0,0,0
333055,66,384,8,57,False,1.0,1.0,1.0,14.0,3.0,17.0,17.0,1.0,0.1764705882352941,1,1,0
333052,40,262,5,27,False,0.0,0.0,0.0,0.0,0.0,0.0,0.0,0.0,0.0,0,0,0
333051,41,5169,6,641,False,4.0,1.0,15.0,656.0,275.0,931.0,232.75,3.75,0.2953813104189044,1,1,0
333050,48,611,6,73,False,1.0,1.0,2.0,53.0,4.0,57.0,57.0,2.0,0.0701754385964912,1,1,0
333048,43,527,6,51,False,2.0,1.0,1.0,1.0,1.0,2.0,1.0,0.5,0.5,1,1,0
333047,44,835,7,131,False,0.0,0.0,0.0,0.0,0.0,0.0,0.0,0.0,0.0,0,0,0
333045,49,3151,7,438,False,6.0,1.0,147.0,9905.0,603.0,10508.0,1751.3333333333333,24.5,0.0573848496383707,1,1,1
333044,74,2543,11,346,False,0.0,0.0,0.0,0.0,0.0,0.0,0.0,0.0,0.0,0,0,0
333043,63,1624,9,233,False,2.0,2.0,1.0,13.0,6.0,19.0,9.5,0.5,0.3157894736842105,1,1,0
333041,22,691,4,75,False,3.0,1.0,80.0,7883.0,339.0,8222.0,2740.6666666666665,26.666666666666668,0.0412308440768669,1,1,1
333040,74,1645,8,226,False,1.0,1.0,3.0,44.0,9.0,53.0,53.0,3.0,0.1698113207547169,1,1,0
333038,62,1911,12,321,False,1.0,1.0,4.0,98.0,19.0,117.0,117.0,4.0,0.1623931623931624,1,1,1
333036,35,103,7,3,False,1.0,1.0,47.0,1459.0,193.0,1652.0,1652.0,47.0,0.1168280871670702,1,1,0
333032,56,1453,10,222,False,2.0,1.0,11.0,394.0,41.0,435.0,217.5,5.5,0.0942528735632183,1,1,1
333031,46,381,6,46,False,0.0,0.0,0.0,0.0,0.0,0.0,0.0,0.0,0.0,0,0,0
333030,50,808,8,113,False,2.0,1.0,186.0,15545.0,2718.0,18263.0,9131.5,93.0,0.1488254941685375,1,1,1
333029,120,343,18,49,False,0.0,0.0,0.0,0.0,0.0,0.0,0.0,0.0,0.0,0,0,0
333028,54,734,9,92,False,1.0,1.0,1.0,10.0,2.0,12.0,12.0,1.0,0.1666666666666666,1,1,0
333027,58,828,8,101,False,4.0,1.0,6.0,142.0,42.0,184.0,46.0,1.5,0.2282608695652173,1,1,0
333022,82,5609,9,678,False,2.0,1.0,1.0,2.0,6.0,8.0,4.0,0.5,0.75,1,1,0
333021,82,616,11,43,False,1.0,1.0,1.0,1.0,5.0,6.0,6.0,1.0,0.8333333333333334,1,1,0
333014,41,1086,7,188,False,1.0,1.0,4.0,80.0,11.0,91.0,91.0,4.0,0.1208791208791208,1,1,1
333011,46,1287,7,155,False,2.0,1.0,2.0,13.0,32.0,45.0,22.5,1.0,0.7111111111111111,1,1,0
333010,41,272,5,29,False,0.0,0.0,0.0,0.0,0.0,0.0,0.0,0.0,0.0,0,0,0
333008,38,394,6,52,False,0.0,0.0,0.0,0.0,0.0,0.0,0.0,0.0,0.0,0,0,0
333003,38,299,5,46,False,0.0,0.0,0.0,0.0,0.0,0.0,0.0,0.0,0.0,0,0,0
333000,47,2534,8,338,False,1.0,1.0,1.0,1.0,1.0,2.0,2.0,1.0,0.5,1,1,0
332999,54,784,10,110,True,0.0,0.0,0.0,0.0,0.0,0.0,0.0,0.0,0.0,0,0,0
332998,59,403,8,57,False,1.0,1.0,1.0,0.0,1.0,1.0,1.0,1.0,1.0,1,1,1
332994,40,929,5,128,False,0.0,0.0,0.0,0.0,0.0,0.0,0.0,0.0,0.0,0,0,0
332992,60,1990,10,292,False,1.0,1.0,2.0,58.0,0.0,58.0,58.0,2.0,0.0,1,1,0
332989,40,572,7,78,False,0.0,0.0,0.0,0.0,0.0,0.0,0.0,0.0,0.0,0,0,0
332987,58,4925,9,730,False,6.0,1.0,316.0,12973.0,2005.0,14978.0,2496.333333333333,52.66666666666666,0.1338629990652957,1,1,1
332985,11,161,2,29,False,0.0,0.0,0.0,0.0,0.0,0.0,0.0,0.0,0.0,0,0,1
332984,49,963,6,141,False,1.0,1.0,2.0,4.0,3.0,7.0,7.0,2.0,0.4285714285714285,1,1,0
332982,56,7462,9,1050,False,2.0,1.0,10.0,251.0,31.0,282.0,141.0,5.0,0.1099290780141844,1,1,1
332981,47,576,6,68,False,0.0,0.0,0.0,0.0,0.0,0.0,0.0,0.0,0.0,0,0,0
332979,43,902,7,124,False,2.0,1.0,8.0,118.0,83.0,201.0,100.5,4.0,0.4129353233830846,1,1,0
332977,46,782,7,97,False,1.0,1.0,1.0,6.0,0.0,6.0,6.0,1.0,0.0,1,1,0
332976,62,170,10,26,False,0.0,0.0,0.0,0.0,0.0,0.0,0.0,0.0,0.0,0,0,0
332974,59,1622,8,232,True,0.0,0.0,0.0,0.0,0.0,0.0,0.0,0.0,0.0,0,0,0
332971,27,252,4,32,False,5.0,2.0,2.0,4.0,231.0,235.0,47.0,0.4,0.9829787234042552,1,1,0
332970,48,534,6,58,False,1.0,1.0,2.0,6.0,1.0,7.0,7.0,2.0,0.1428571428571428,1,1,0
332968,35,2364,4,283,True,0.0,0.0,0.0,0.0,0.0,0.0,0.0,0.0,0.0,0,0,0
332967,37,2840,5,309,True,0.0,0.0,0.0,0.0,0.0,0.0,0.0,0.0,0.0,0,0,0
332966,42,2544,6,310,True,0.0,0.0,0.0,0.0,0.0,0.0,0.0,0.0,0.0,0,0,0
332965,41,2776,5,331,True,0.0,0.0,0.0,0.0,0.0,0.0,0.0,0.0,0.0,0,0,0
332964,39,2557,5,280,True,0.0,0.0,0.0,0.0,0.0,0.0,0.0,0.0,0.0,0,0,0
332963,35,2670,5,318,True,0.0,0.0,0.0,0.0,0.0,0.0,0.0,0.0,0.0,0,0,0
332962,44,3001,6,332,False,1.0,1.0,6.0,326.0,58.0,384.0,384.0,6.0,0.1510416666666666,1,1,0
332961,46,2798,7,338,False,1.0,1.0,13.0,993.0,162.0,1155.0,1155.0,13.0,0.1402597402597402,1,1,0
332958,20,67,3,9,False,0.0,0.0,0.0,0.0,0.0,0.0,0.0,0.0,0.0,0,0,0
332953,42,371,6,56,False,1.0,1.0,2.0,37.0,1.0,38.0,38.0,2.0,0.0263157894736842,1,1,0
332952,57,2318,10,298,False,4.0,2.0,406.0,27377.0,3940.0,31317.0,7829.25,101.5,0.1258102627965641,1,1,1
332951,35,678,6,83,False,0.0,0.0,0.0,0.0,0.0,0.0,0.0,0.0,0.0,0,0,0
332950,54,754,10,114,False,3.0,1.0,262.0,14774.0,3125.0,17899.0,5966.333333333333,87.33333333333333,0.1745907592602938,1,1,1
332948,48,2853,8,458,False,2.0,1.0,7.0,469.0,35.0,504.0,252.0,3.5,0.0694444444444444,1,1,1
332945,84,3359,9,400,True,0.0,0.0,0.0,0.0,0.0,0.0,0.0,0.0,0.0,0,0,0
332943,30,343,5,49,False,0.0,0.0,0.0,0.0,0.0,0.0,0.0,0.0,0.0,0,0,0
332942,54,792,8,101,True,0.0,0.0,0.0,0.0,0.0,0.0,0.0,0.0,0.0,0,0,0
332941,45,766,6,104,False,1.0,1.0,3.0,24.0,14.0,38.0,38.0,3.0,0.3684210526315789,1,1,0
332939,76,343,13,49,False,2.0,1.0,2.0,18.0,23.0,41.0,20.5,1.0,0.5609756097560976,1,1,0
332937,65,1835,11,257,False,0.0,0.0,0.0,0.0,0.0,0.0,0.0,0.0,0.0,0,0,1
332935,28,578,5,30,True,5.0,1.0,9.0,1111.0,19.0,1130.0,226.0,1.8,0.0168141592920353,1,1,0
332932,36,1387,5,195,False,4.0,1.0,10.0,113.0,18.0,131.0,32.75,2.5,0.1374045801526717,1,1,0
332931,44,687,8,104,False,0.0,0.0,0.0,0.0,0.0,0.0,0.0,0.0,0.0,0,0,0
332929,65,1944,9,279,False,2.0,1.0,38.0,857.0,294.0,1151.0,575.5,19.0,0.2554300608166811,1,1,1
332926,70,2252,9,343,False,1.0,1.0,3.0,57.0,9.0,66.0,66.0,3.0,0.1363636363636363,1,1,0
332923,59,2930,7,368,False,1.0,1.0,2.0,21.0,6.0,27.0,27.0,2.0,0.2222222222222222,1,1,0
332922,39,763,5,115,False,0.0,0.0,0.0,0.0,0.0,0.0,0.0,0.0,0.0,0,0,0
332918,47,1011,9,139,True,2.0,1.0,2.0,210.0,21.0,231.0,115.5,1.0,0.0909090909090909,1,1,0
332916,35,0,6,0,False,0.0,0.0,0.0,0.0,0.0,0.0,0.0,0.0,0.0,0,0,0
332911,55,2836,9,429,False,1.0,1.0,4.0,111.0,19.0,130.0,130.0,4.0,0.1461538461538461,1,1,0
332909,44,3187,6,251,False,1.0,1.0,1.0,8.0,8.0,16.0,16.0,1.0,0.5,1,1,0
332908,68,1232,9,152,False,0.0,0.0,0.0,0.0,0.0,0.0,0.0,0.0,0.0,0,0,0
332904,67,0,9,0,False,1.0,1.0,1.0,0.0,3.0,3.0,3.0,1.0,1.0,1,1,0
332900,43,1220,6,155,False,0.0,0.0,0.0,0.0,0.0,0.0,0.0,0.0,0.0,0,0,0
332899,54,0,7,0,False,0.0,0.0,0.0,0.0,0.0,0.0,0.0,0.0,0.0,0,0,0
332895,58,509,8,62,False,0.0,0.0,0.0,0.0,0.0,0.0,0.0,0.0,0.0,0,0,0
332893,58,909,8,121,False,1.0,1.0,2.0,149.0,11.0,160.0,160.0,2.0,0.06875,1,1,0
332892,62,2145,10,321,False,14.0,1.0,16.0,198.0,204.0,402.0,28.714285714285715,1.1428571428571428,0.5074626865671642,1,1,0
332891,79,1852,10,192,False,1.0,1.0,6.0,54.0,30.0,84.0,84.0,6.0,0.3571428571428571,1,1,0
332890,43,1250,5,163,True,0.0,0.0,0.0,0.0,0.0,0.0,0.0,0.0,0.0,0,0,1
332878,55,2338,7,350,False,0.0,0.0,0.0,0.0,0.0,0.0,0.0,0.0,0.0,0,0,0
332876,66,1254,8,163,True,0.0,0.0,0.0,0.0,0.0,0.0,0.0,0.0,0.0,0,0,0
332875,70,757,14,88,False,1.0,1.0,2.0,3.0,3.0,6.0,6.0,2.0,0.5,1,1,0
332874,46,477,7,62,False,0.0,0.0,0.0,0.0,0.0,0.0,0.0,0.0,0.0,0,0,0
332872,59,1250,8,183,False,0.0,0.0,0.0,0.0,0.0,0.0,0.0,0.0,0.0,0,0,0
332869,46,656,6,82,False,1.0,1.0,2.0,40.0,2.0,42.0,42.0,2.0,0.0476190476190476,1,1,0
332864,51,1653,7,148,False,2.0,1.0,4.0,20.0,11.0,31.0,15.5,2.0,0.3548387096774194,1,1,0
332863,28,356,3,12,False,2.0,1.0,2.0,2.0,2.0,4.0,2.0,1.0,0.5,1,1,0
332855,66,3108,10,505,False,1.0,1.0,2.0,62.0,9.0,71.0,71.0,2.0,0.1267605633802817,1,1,0
332844,63,4469,11,657,False,0.0,0.0,0.0,0.0,0.0,0.0,0.0,0.0,0.0,0,0,0
332841,73,2679,9,385,False,0.0,0.0,0.0,0.0,0.0,0.0,0.0,0.0,0.0,0,0,0
332839,47,1013,5,95,False,1.0,1.0,1.0,24.0,2.0,26.0,26.0,1.0,0.0769230769230769,1,1,0
332838,67,1274,8,164,True,24.0,1.0,14.0,1598.0,649.0,2247.0,93.625,0.5833333333333334,0.2888295505117935,1,1,0
332835,29,517,2,64,False,1.0,1.0,1.0,21.0,25.0,46.0,46.0,1.0,0.5434782608695652,1,1,0
332834,7,349,1,49,False,1.0,1.0,300.0,17589.0,8060.0,25649.0,25649.0,300.0,0.3142422706538266,1,1,1
332833,48,868,6,117,False,1.0,1.0,141.0,3783.0,1236.0,5019.0,5019.0,141.0,0.246264196054991,1,1,1
332828,54,2674,7,327,False,2.0,1.0,7.0,488.0,61.0,549.0,274.5,3.5,0.1111111111111111,1,1,1
332827,44,1033,4,125,False,0.0,0.0,0.0,0.0,0.0,0.0,0.0,0.0,0.0,0,0,1
332826,68,82,10,6,False,0.0,0.0,0.0,0.0,0.0,0.0,0.0,0.0,0.0,0,0,1
332825,45,3803,6,549,False,8.0,1.0,16.0,1374.0,256.0,1630.0,203.75,2.0,0.1570552147239264,1,1,0
332824,51,516,7,75,False,0.0,0.0,0.0,0.0,0.0,0.0,0.0,0.0,0.0,0,0,0
332823,44,767,6,110,False,1.0,1.0,3.0,42.0,79.0,121.0,121.0,3.0,0.6528925619834711,1,1,0
332822,38,792,8,114,False,1.0,1.0,5.0,70.0,4.0,74.0,74.0,5.0,0.054054054054054,1,1,0
332821,36,855,6,119,False,5.0,2.0,2.0,137.0,13.0,150.0,30.0,0.4,0.0866666666666666,1,1,0
332820,46,812,8,108,False,4.0,1.0,184.0,8633.0,1890.0,10523.0,2630.75,46.0,0.1796065760714625,1,1,1
332818,44,467,5,59,False,0.0,0.0,0.0,0.0,0.0,0.0,0.0,0.0,0.0,0,0,0
332817,45,349,7,49,False,0.0,0.0,0.0,0.0,0.0,0.0,0.0,0.0,0.0,0,0,0
332815,47,712,7,102,True,1.0,1.0,2.0,5.0,5.0,10.0,10.0,2.0,0.5,1,1,0
332814,43,401,6,56,False,2.0,1.0,2.0,4.0,1.0,5.0,2.5,1.0,0.2,1,1,0
332813,45,486,8,48,False,2.0,1.0,4.0,6.0,6.0,12.0,6.0,2.0,0.5,1,1,0
332812,57,891,9,131,False,2.0,1.0,140.0,7582.0,1389.0,8971.0,4485.5,70.0,0.1548322372087838,1,1,1
332809,54,150,6,20,False,1.0,1.0,1.0,38.0,1.0,39.0,39.0,1.0,0.0256410256410256,1,1,1
332807,36,343,6,49,False,0.0,0.0,0.0,0.0,0.0,0.0,0.0,0.0,0.0,0,0,0
332804,47,348,6,44,False,2.0,1.0,7.0,59.0,37.0,96.0,48.0,3.5,0.3854166666666667,1,1,0
332803,77,1914,8,156,False,7.0,2.0,214.0,9742.0,2227.0,11969.0,1709.857142857143,30.571428571428573,0.1860639986632133,1,1,1
332802,66,3193,8,368,False,2.0,1.0,1.0,9.0,8.0,17.0,8.5,0.5,0.4705882352941176,1,1,0
332801,84,2657,9,305,True,4.0,1.0,7.0,77.0,55.0,132.0,33.0,1.75,0.4166666666666667,1,1,0
332800,57,576,8,74,False,1.0,1.0,4.0,122.0,22.0,144.0,144.0,4.0,0.1527777777777778,1,1,0
332799,30,1393,5,205,False,2.0,1.0,4.0,19.0,44.0,63.0,31.5,2.0,0.6984126984126984,1,1,1
332796,43,760,5,93,False,0.0,0.0,0.0,0.0,0.0,0.0,0.0,0.0,0.0,0,0,0
332795,55,2752,9,387,False,2.0,1.0,196.0,9333.0,2421.0,11754.0,5877.0,98.0,0.2059724349157733,1,1,1
332793,68,478,10,66,False,1.0,1.0,1.0,7.0,2.0,9.0,9.0,1.0,0.2222222222222222,1,1,0
332792,60,316,8,44,False,0.0,0.0,0.0,0.0,0.0,0.0,0.0,0.0,0.0,0,0,0
332791,55,4280,8,586,False,2.0,1.0,3.0,33.0,37.0,70.0,35.0,1.5,0.5285714285714286,1,1,0
332789,55,520,9,80,False,1.0,1.0,2.0,104.0,3.0,107.0,107.0,2.0,0.02803738317757,1,1,0
332788,35,349,6,49,False,5.0,1.0,152.0,3343.0,1578.0,4921.0,984.2,30.4,0.320666531192847,1,1,1
332786,57,367,4,42,False,0.0,0.0,0.0,0.0,0.0,0.0,0.0,0.0,0.0,0,0,0
332785,40,1569,6,196,False,1.0,1.0,3.0,44.0,7.0,51.0,51.0,3.0,0.1372549019607843,1,1,0
332784,62,2481,12,343,False,2.0,1.0,6.0,178.0,25.0,203.0,101.5,3.0,0.1231527093596059,1,1,0
332783,61,2407,10,304,False,3.0,1.0,379.0,17151.0,4613.0,21764.0,7254.666666666667,126.33333333333331,0.2119555228818232,1,1,1
332781,57,2661,8,300,False,10.0,1.0,535.0,41162.0,11119.0,52281.0,5228.1,53.5,0.2126776457986649,1,1,1
332779,40,922,6,134,False,2.0,1.0,2.0,9.0,9.0,18.0,9.0,1.0,0.5,1,1,0
332776,54,688,8,90,False,9.0,2.0,462.0,27886.0,6042.0,33928.0,3769.777777777778,51.333333333333336,0.1780829992926196,1,1,1
332773,57,2078,8,215,True,1.0,1.0,261.0,12604.0,3661.0,16265.0,16265.0,261.0,0.2250845373501383,1,1,1
332767,48,942,6,128,True,1.0,1.0,197.0,9404.0,2287.0,11691.0,11691.0,197.0,0.1956205628261055,1,1,1
332766,36,2576,5,356,True,0.0,0.0,0.0,0.0,0.0,0.0,0.0,0.0,0.0,0,0,1
332762,43,1462,5,183,False,1.0,1.0,2.0,19.0,5.0,24.0,24.0,2.0,0.2083333333333333,1,1,0
332760,51,461,8,70,False,3.0,1.0,104.0,7978.0,1179.0,9157.0,3052.333333333333,34.666666666666664,0.1287539587201048,1,1,1
332759,33,342,6,50,False,2.0,1.0,6.0,179.0,104.0,283.0,141.5,3.0,0.3674911660777385,1,1,0
332758,48,733,7,98,False,2.0,1.0,63.0,6289.0,885.0,7174.0,3587.0,31.5,0.1233621410649567,1,1,1
332757,70,3039,9,452,False,1.0,1.0,6.0,316.0,69.0,385.0,385.0,6.0,0.1792207792207792,1,1,0
332756,41,433,8,63,False,0.0,0.0,0.0,0.0,0.0,0.0,0.0,0.0,0.0,0,0,0
332750,55,1520,9,213,False,1.0,1.0,1.0,9.0,13.0,22.0,22.0,1.0,0.5909090909090909,1,1,0
332745,38,428,6,47,False,3.0,1.0,462.0,18896.0,8298.0,27194.0,9064.666666666666,154.0,0.3051408398911525,1,1,1
332743,45,376,7,41,False,0.0,0.0,0.0,0.0,0.0,0.0,0.0,0.0,0.0,0,0,0
332742,57,808,7,121,False,1.0,1.0,53.0,5566.0,843.0,6409.0,6409.0,53.0,0.1315337806210017,1,1,1
332739,47,920,8,142,False,0.0,0.0,0.0,0.0,0.0,0.0,0.0,0.0,0.0,0,0,0
332738,66,1975,9,273,True,0.0,0.0,0.0,0.0,0.0,0.0,0.0,0.0,0.0,0,0,0
332735,68,2270,11,307,True,1.0,1.0,1.0,1.0,3.0,4.0,4.0,1.0,0.75,1,1,0
332731,67,2297,10,312,True,0.0,0.0,0.0,0.0,0.0,0.0,0.0,0.0,0.0,0,0,0
332728,84,2833,9,333,True,2.0,1.0,5.0,49.0,51.0,100.0,50.0,2.5,0.51,1,1,0
332726,83,2371,12,326,False,1.0,1.0,7.0,250.0,8.0,258.0,258.0,7.0,0.0310077519379844,1,1,1
332723,43,919,7,124,False,0.0,0.0,0.0,0.0,0.0,0.0,0.0,0.0,0.0,0,0,0
332722,44,2397,8,324,True,0.0,0.0,0.0,0.0,0.0,0.0,0.0,0.0,0.0,0,0,0
332720,49,305,6,26,False,1.0,1.0,59.0,856.0,869.0,1725.0,1725.0,59.0,0.503768115942029,1,1,0
332718,53,55,9,2,False,0.0,0.0,0.0,0.0,0.0,0.0,0.0,0.0,0.0,0,0,0
332716,58,2730,8,382,True,0.0,0.0,0.0,0.0,0.0,0.0,0.0,0.0,0.0,0,0,0
332714,46,98,7,14,False,0.0,0.0,0.0,0.0,0.0,0.0,0.0,0.0,0.0,0,0,0
332713,64,2892,8,240,False,0.0,0.0,0.0,0.0,0.0,0.0,0.0,0.0,0.0,0,0,0
332709,38,894,7,89,False,0.0,0.0,0.0,0.0,0.0,0.0,0.0,0.0,0.0,0,0,0
332708,63,2057,10,283,False,0.0,0.0,0.0,0.0,0.0,0.0,0.0,0.0,0.0,0,0,0
332705,73,2994,12,431,True,1.0,1.0,2.0,89.0,5.0,94.0,94.0,2.0,0.0531914893617021,1,1,0
332704,43,2978,6,363,False,0.0,0.0,0.0,0.0,0.0,0.0,0.0,0.0,0.0,0,0,0
332703,55,498,9,70,False,3.0,1.0,6.0,100.0,32.0,132.0,44.0,2.0,0.2424242424242424,1,1,0
332697,48,776,7,110,False,1.0,1.0,6.0,88.0,67.0,155.0,155.0,6.0,0.432258064516129,1,1,1
332696,87,1908,17,250,False,2.0,1.0,2.0,54.0,8.0,62.0,31.0,1.0,0.1290322580645161,1,1,0
332691,52,1545,8,189,True,0.0,0.0,0.0,0.0,0.0,0.0,0.0,0.0,0.0,0,0,0
332689,69,3412,10,484,False,4.0,1.0,113.0,2617.0,1141.0,3758.0,939.5,28.25,0.3036189462480043,1,1,1
332687,53,2594,7,410,False,2.0,1.0,12.0,138.0,18.0,156.0,78.0,6.0,0.1153846153846153,1,1,0
332685,18,362,4,51,False,1.0,1.0,5.0,17.0,27.0,44.0,44.0,5.0,0.6136363636363636,1,1,0
332681,35,1668,6,216,False,0.0,0.0,0.0,0.0,0.0,0.0,0.0,0.0,0.0,0,0,0
332680,73,1100,13,157,False,2.0,1.0,67.0,2438.0,1247.0,3685.0,1842.5,33.5,0.3383989145183175,1,1,0
332677,32,55,4,2,False,1.0,1.0,1.0,1.0,1.0,2.0,2.0,1.0,0.5,1,1,0
332674,44,1342,6,178,False,5.0,1.0,481.0,21527.0,6803.0,28330.0,5666.0,96.2,0.240134133427462,1,1,1
332669,39,349,5,49,False,3.0,2.0,319.0,9045.0,5171.0,14216.0,4738.666666666667,106.33333333333331,0.3637450759707372,1,1,1
332668,59,491,7,77,False,0.0,0.0,0.0,0.0,0.0,0.0,0.0,0.0,0.0,0,0,0
332664,45,494,6,62,False,4.0,1.0,1.0,74.0,14.0,88.0,22.0,0.25,0.1590909090909091,1,1,0
332661,69,667,9,90,False,0.0,0.0,0.0,0.0,0.0,0.0,0.0,0.0,0.0,0,0,0
332660,46,1417,6,172,False,3.0,1.0,4.0,18.0,22.0,40.0,13.333333333333334,1.3333333333333333,0.55,1,1,0
332658,41,408,6,57,False,0.0,0.0,0.0,0.0,0.0,0.0,0.0,0.0,0.0,0,0,0
332657,49,517,7,69,False,1.0,1.0,2.0,5.0,4.0,9.0,9.0,2.0,0.4444444444444444,1,1,0
332656,51,1591,7,118,False,1.0,1.0,11.0,159.0,36.0,195.0,195.0,11.0,0.1846153846153846,1,1,0
332655,45,873,6,108,False,2.0,1.0,410.0,18108.0,4528.0,22636.0,11318.0,205.0,0.2000353419332037,1,1,1
332654,54,366,7,46,False,0.0,0.0,0.0,0.0,0.0,0.0,0.0,0.0,0.0,0,0,0
332653,50,449,8,60,False,1.0,1.0,1.0,1.0,1.0,2.0,2.0,1.0,0.5,1,1,0
332649,72,3167,9,433,False,1.0,1.0,4.0,6.0,16.0,22.0,22.0,4.0,0.7272727272727273,1,1,0
332646,73,1353,11,189,False,0.0,0.0,0.0,0.0,0.0,0.0,0.0,0.0,0.0,0,0,0
332645,84,15553,9,1581,True,3.0,1.0,7.0,107.0,54.0,161.0,53.66666666666666,2.333333333333333,0.3354037267080745,1,1,0
332643,42,568,6,82,False,1.0,1.0,1.0,5.0,4.0,9.0,9.0,1.0,0.4444444444444444,1,1,0
332639,57,499,8,67,False,2.0,1.0,4.0,14.0,2.0,16.0,8.0,2.0,0.125,1,1,1
332638,41,529,5,70,False,0.0,0.0,0.0,0.0,0.0,0.0,0.0,0.0,0.0,0,0,0
332637,46,1808,6,217,False,1.0,1.0,1.0,12.0,10.0,22.0,22.0,1.0,0.4545454545454545,1,1,0
332636,65,2188,9,313,True,0.0,0.0,0.0,0.0,0.0,0.0,0.0,0.0,0.0,0,0,0
332634,68,2451,9,378,False,0.0,0.0,0.0,0.0,0.0,0.0,0.0,0.0,0.0,0,0,0
332632,65,2633,8,357,True,0.0,0.0,0.0,0.0,0.0,0.0,0.0,0.0,0.0,0,0,0
332630,58,1962,9,263,True,0.0,0.0,0.0,0.0,0.0,0.0,0.0,0.0,0.0,0,0,0
332629,54,2261,8,331,True,1.0,1.0,1.0,9.0,1.0,10.0,10.0,1.0,0.1,1,1,0
332628,57,1679,8,228,True,1.0,1.0,1.0,10.0,11.0,21.0,21.0,1.0,0.5238095238095238,1,1,0
332627,58,1772,8,265,True,0.0,0.0,0.0,0.0,0.0,0.0,0.0,0.0,0.0,0,0,0
332626,61,1811,9,252,True,0.0,0.0,0.0,0.0,0.0,0.0,0.0,0.0,0.0,0,0,0
332625,49,2029,8,281,True,1.0,1.0,2.0,93.0,4.0,97.0,97.0,2.0,0.0412371134020618,1,1,0
332624,64,2086,7,280,True,0.0,0.0,0.0,0.0,0.0,0.0,0.0,0.0,0.0,0,0,0
332623,39,1817,6,254,True,0.0,0.0,0.0,0.0,0.0,0.0,0.0,0.0,0.0,0,0,0
332621,64,1346,10,185,False,2.0,1.0,305.0,8354.0,3988.0,12342.0,6171.0,152.5,0.3231242910387295,1,1,1
332612,66,4655,10,704,False,3.0,1.0,2.0,3.0,10.0,13.0,4.333333333333333,0.6666666666666666,0.7692307692307693,1,1,0
332609,72,1298,11,143,False,1.0,1.0,4.0,164.0,3.0,167.0,167.0,4.0,0.0179640718562874,1,1,0
332608,32,1651,5,243,False,0.0,0.0,0.0,0.0,0.0,0.0,0.0,0.0,0.0,0,0,0
332607,60,929,8,120,False,0.0,0.0,0.0,0.0,0.0,0.0,0.0,0.0,0.0,0,0,0
332606,46,695,7,101,False,2.0,1.0,8.0,192.0,21.0,213.0,106.5,4.0,0.0985915492957746,1,1,0
332605,51,911,6,112,True,0.0,0.0,0.0,0.0,0.0,0.0,0.0,0.0,0.0,0,0,0
332604,78,1213,11,171,False,0.0,0.0,0.0,0.0,0.0,0.0,0.0,0.0,0.0,0,0,0
332602,46,1920,6,234,False,3.0,1.0,209.0,6202.0,2116.0,8318.0,2772.6666666666665,69.66666666666667,0.2543880740562635,1,1,1
332598,47,4408,8,660,False,1.0,1.0,3.0,107.0,18.0,125.0,125.0,3.0,0.144,1,1,0
332594,31,875,6,123,False,0.0,0.0,0.0,0.0,0.0,0.0,0.0,0.0,0.0,0,0,0
332593,81,5953,12,438,False,8.0,1.0,24.0,867.0,1433.0,2300.0,287.5,3.0,0.6230434782608696,1,1,1
332590,51,1761,6,212,False,2.0,1.0,2.0,22.0,5.0,27.0,13.5,1.0,0.1851851851851851,1,1,0
332589,61,1530,11,249,False,1.0,1.0,1.0,9.0,5.0,14.0,14.0,1.0,0.3571428571428571,1,1,0
332588,63,3162,10,459,False,2.0,1.0,111.0,2828.0,1287.0,4115.0,2057.5,55.5,0.3127582017010936,1,1,1
332587,74,885,9,116,False,0.0,0.0,0.0,0.0,0.0,0.0,0.0,0.0,0.0,0,0,0
332586,116,969,15,105,False,0.0,0.0,0.0,0.0,0.0,0.0,0.0,0.0,0.0,0,0,1
332585,94,1018,12,133,False,0.0,0.0,0.0,0.0,0.0,0.0,0.0,0.0,0.0,0,0,0
332584,39,1669,5,214,False,2.0,1.0,4.0,13.0,1.0,14.0,7.0,2.0,0.0714285714285714,1,1,0
332583,94,1043,13,135,False,0.0,0.0,0.0,0.0,0.0,0.0,0.0,0.0,0.0,0,0,0
332581,45,297,8,35,False,1.0,1.0,148.0,4376.0,1422.0,5798.0,5798.0,148.0,0.245256985167299,1,1,1
332580,51,1140,9,195,False,0.0,0.0,0.0,0.0,0.0,0.0,0.0,0.0,0.0,0,0,1
332579,54,1206,9,186,False,1.0,1.0,144.0,3102.0,1488.0,4590.0,4590.0,144.0,0.3241830065359477,1,1,1
332576,41,1829,7,281,False,0.0,0.0,0.0,0.0,0.0,0.0,0.0,0.0,0.0,0,0,0
332574,58,1787,10,239,False,2.0,1.0,7.0,127.0,20.0,147.0,73.5,3.5,0.1360544217687075,1,1,0
332573,60,3288,5,423,False,0.0,0.0,0.0,0.0,0.0,0.0,0.0,0.0,0.0,0,0,0
332572,57,3237,9,462,False,0.0,0.0,0.0,0.0,0.0,0.0,0.0,0.0,0.0,0,0,0
332571,64,4739,8,715,True,6.0,1.0,6.0,243.0,224.0,467.0,77.83333333333333,1.0,0.4796573875802998,1,1,0
332569,48,1180,6,153,False,0.0,0.0,0.0,0.0,0.0,0.0,0.0,0.0,0.0,0,0,0
332564,41,455,6,54,False,3.0,1.0,3.0,93.0,81.0,174.0,58.0,1.0,0.4655172413793103,1,1,0
332562,36,944,6,127,False,0.0,0.0,0.0,0.0,0.0,0.0,0.0,0.0,0.0,0,0,0
332561,99,3463,14,400,True,0.0,0.0,0.0,0.0,0.0,0.0,0.0,0.0,0.0,0,0,0
332558,46,1154,5,162,False,0.0,0.0,0.0,0.0,0.0,0.0,0.0,0.0,0.0,0,0,0
332554,54,397,8,51,False,5.0,1.0,304.0,11933.0,4851.0,16784.0,3356.8,60.8,0.2890252621544328,1,1,1
332553,50,974,6,132,False,2.0,1.0,2.0,18.0,4.0,22.0,11.0,1.0,0.1818181818181818,1,1,0
332552,55,343,9,49,False,0.0,0.0,0.0,0.0,0.0,0.0,0.0,0.0,0.0,0,0,0
332551,61,4044,8,541,False,1.0,1.0,1.0,1.0,0.0,1.0,1.0,1.0,0.0,1,1,0
332550,68,1172,9,163,False,3.0,1.0,2.0,31.0,4.0,35.0,11.666666666666666,0.6666666666666666,0.1142857142857142,1,1,0
332549,71,343,7,49,False,0.0,0.0,0.0,0.0,0.0,0.0,0.0,0.0,0.0,0,0,0
332548,57,2091,8,299,False,0.0,0.0,0.0,0.0,0.0,0.0,0.0,0.0,0.0,0,0,0
332547,56,538,7,65,False,1.0,1.0,3.0,3.0,3.0,6.0,6.0,3.0,0.5,1,1,0
332544,124,1786,19,237,False,1.0,1.0,2.0,118.0,49.0,167.0,167.0,2.0,0.2934131736526946,1,1,1
332541,63,839,8,119,False,0.0,0.0,0.0,0.0,0.0,0.0,0.0,0.0,0.0,0,0,0
332539,40,59,7,3,False,3.0,1.0,7.0,17.0,17.0,34.0,11.333333333333334,2.333333333333333,0.5,1,1,0
332538,57,3081,9,431,False,0.0,0.0,0.0,0.0,0.0,0.0,0.0,0.0,0.0,0,0,0
332535,55,1362,8,192,False,1.0,1.0,2.0,43.0,28.0,71.0,71.0,2.0,0.3943661971830985,1,1,0
332534,41,770,6,101,False,0.0,0.0,0.0,0.0,0.0,0.0,0.0,0.0,0.0,0,0,0
332533,83,4752,9,514,True,2.0,1.0,5.0,49.0,51.0,100.0,50.0,2.5,0.51,1,1,0
332532,54,200,6,27,False,0.0,0.0,0.0,0.0,0.0,0.0,0.0,0.0,0.0,0,0,0
332531,97,121,12,9,False,0.0,0.0,0.0,0.0,0.0,0.0,0.0,0.0,0.0,0,0,0
332530,43,714,6,103,False,1.0,1.0,85.0,2898.0,1998.0,4896.0,4896.0,85.0,0.4080882352941176,1,1,1
332529,25,53,4,7,False,0.0,0.0,0.0,0.0,0.0,0.0,0.0,0.0,0.0,0,0,0
332528,75,1209,11,177,False,0.0,0.0,0.0,0.0,0.0,0.0,0.0,0.0,0.0,0,0,0
332527,64,1103,8,142,False,0.0,0.0,0.0,0.0,0.0,0.0,0.0,0.0,0.0,0,0,0
332524,70,1102,8,121,False,0.0,0.0,0.0,0.0,0.0,0.0,0.0,0.0,0.0,0,0,0
332522,76,880,9,94,False,0.0,0.0,0.0,0.0,0.0,0.0,0.0,0.0,0.0,0,0,0
332521,83,75,11,4,False,0.0,0.0,0.0,0.0,0.0,0.0,0.0,0.0,0.0,0,0,0
332520,34,396,5,42,False,0.0,0.0,0.0,0.0,0.0,0.0,0.0,0.0,0.0,0,0,0
332519,47,801,6,113,False,6.0,1.0,18.0,193.0,1080.0,1273.0,212.16666666666663,3.0,0.8483896307934015,1,1,0
332517,36,696,5,101,False,1.0,1.0,1.0,11.0,2.0,13.0,13.0,1.0,0.1538461538461538,1,1,0
332516,33,562,4,67,False,1.0,1.0,5.0,23.0,13.0,36.0,36.0,5.0,0.3611111111111111,1,1,0
332512,21,337,4,47,False,1.0,1.0,2.0,33.0,33.0,66.0,66.0,2.0,0.5,1,1,0
332511,74,2737,8,367,True,2.0,1.0,2.0,100.0,13.0,113.0,56.5,1.0,0.1150442477876106,1,1,0
332510,57,2165,9,319,True,0.0,0.0,0.0,0.0,0.0,0.0,0.0,0.0,0.0,0,0,0
332509,60,2245,12,321,True,0.0,0.0,0.0,0.0,0.0,0.0,0.0,0.0,0.0,0,0,0
332508,59,2044,10,297,True,1.0,1.0,1.0,10.0,0.0,10.0,10.0,1.0,0.0,1,1,0
332504,45,283,6,34,False,0.0,0.0,0.0,0.0,0.0,0.0,0.0,0.0,0.0,0,0,0
332503,47,579,6,88,False,1.0,1.0,2.0,37.0,3.0,40.0,40.0,2.0,0.075,1,1,0
332499,46,529,6,60,False,1.0,1.0,11.0,41.0,48.0,89.0,89.0,11.0,0.5393258426966292,1,1,0
332496,50,2167,9,316,False,1.0,1.0,7.0,328.0,79.0,407.0,407.0,7.0,0.1941031941031941,1,1,0
332495,74,2622,12,352,False,1.0,1.0,1.0,8.0,8.0,16.0,16.0,1.0,0.5,1,1,0
332494,41,406,7,61,True,1.0,1.0,2.0,35.0,1.0,36.0,36.0,2.0,0.0277777777777777,1,1,0
332489,51,128,8,5,False,0.0,0.0,0.0,0.0,0.0,0.0,0.0,0.0,0.0,0,0,0
332487,72,7441,11,1110,True,59.0,1.0,7.0,3411.0,1580.0,4991.0,84.59322033898304,0.1186440677966101,0.3165698256862352,1,1,1
332485,39,1241,6,180,False,2.0,1.0,153.0,5325.0,2429.0,7754.0,3877.0,76.5,0.3132576734588599,1,1,1
332481,35,210,5,20,False,2.0,1.0,301.0,8979.0,5292.0,14271.0,7135.5,150.5,0.3708219466050031,1,1,1
332480,42,1305,5,182,True,1.0,1.0,5.0,155.0,58.0,213.0,213.0,5.0,0.272300469483568,1,1,0
332478,29,358,3,50,False,0.0,0.0,0.0,0.0,0.0,0.0,0.0,0.0,0.0,0,0,0
332476,58,1775,7,227,False,2.0,1.0,317.0,10886.0,4348.0,15234.0,7617.0,158.5,0.2854142050676119,1,1,1
332475,19,358,2,50,False,0.0,0.0,0.0,0.0,0.0,0.0,0.0,0.0,0.0,0,0,0
332472,50,1627,7,221,False,3.0,3.0,412.0,13548.0,4968.0,18516.0,6172.0,137.33333333333334,0.2683084899546338,1,1,1
332471,44,1780,7,225,False,2.0,2.0,317.0,10882.0,4348.0,15230.0,7615.0,158.5,0.285489166119501,1,1,1
332470,61,1413,8,183,False,2.0,1.0,296.0,9906.0,4341.0,14247.0,7123.5,148.0,0.304695725415877,1,1,1
332469,42,634,5,73,True,1.0,1.0,2.0,28.0,17.0,45.0,45.0,2.0,0.3777777777777777,1,1,0
332466,43,386,7,40,False,0.0,0.0,0.0,0.0,0.0,0.0,0.0,0.0,0.0,0,0,0
332465,44,657,6,76,False,0.0,0.0,0.0,0.0,0.0,0.0,0.0,0.0,0.0,0,0,0
332463,42,233,6,33,False,0.0,0.0,0.0,0.0,0.0,0.0,0.0,0.0,0.0,0,0,0
332462,48,742,6,100,False,1.0,1.0,1.0,2.0,2.0,4.0,4.0,1.0,0.5,1,1,0
332461,48,1590,7,210,False,8.0,1.0,391.0,13890.0,4926.0,18816.0,2352.0,48.875,0.2617984693877551,1,1,1
332460,40,2184,6,287,False,3.0,1.0,36.0,1468.0,340.0,1808.0,602.6666666666666,12.0,0.1880530973451327,1,1,0
332458,56,2399,8,328,False,0.0,0.0,0.0,0.0,0.0,0.0,0.0,0.0,0.0,0,0,1
332457,69,2945,12,475,False,3.0,1.0,8.0,375.0,276.0,651.0,217.0,2.6666666666666665,0.423963133640553,1,1,0
332456,66,3676,11,565,False,3.0,1.0,3.0,94.0,47.0,141.0,47.0,1.0,0.3333333333333333,1,1,0
332455,55,1914,7,301,False,2.0,1.0,2.0,84.0,42.0,126.0,63.0,1.0,0.3333333333333333,1,1,0
332454,71,3039,10,491,False,2.0,1.0,2.0,76.0,45.0,121.0,60.5,1.0,0.371900826446281,1,1,0
332453,49,1294,9,201,False,1.0,1.0,1.0,1.0,2.0,3.0,3.0,1.0,0.6666666666666666,1,1,0
332452,44,557,6,80,False,0.0,0.0,0.0,0.0,0.0,0.0,0.0,0.0,0.0,0,0,0
332451,73,3325,7,429,False,0.0,0.0,0.0,0.0,0.0,0.0,0.0,0.0,0.0,0,0,0
332450,38,316,5,34,False,1.0,1.0,1.0,5.0,31.0,36.0,36.0,1.0,0.8611111111111112,1,1,0
332449,40,807,5,113,False,2.0,1.0,178.0,7830.0,4590.0,12420.0,6210.0,89.0,0.3695652173913043,1,1,1
332448,44,581,6,63,False,4.0,1.0,4.0,79.0,65.0,144.0,36.0,1.0,0.4513888888888889,1,1,0
332447,59,3288,6,424,False,0.0,0.0,0.0,0.0,0.0,0.0,0.0,0.0,0.0,0,0,0
332446,51,587,9,80,False,0.0,0.0,0.0,0.0,0.0,0.0,0.0,0.0,0.0,0,0,0
332445,66,2786,11,463,False,0.0,0.0,0.0,0.0,0.0,0.0,0.0,0.0,0.0,0,0,1
332443,53,836,8,117,False,1.0,1.0,1.0,5.0,5.0,10.0,10.0,1.0,0.5,1,1,1
332440,50,591,8,84,False,0.0,0.0,0.0,0.0,0.0,0.0,0.0,0.0,0.0,0,0,0
332439,47,420,6,66,False,0.0,0.0,0.0,0.0,0.0,0.0,0.0,0.0,0.0,0,0,0
332438,73,2825,11,397,True,3.0,1.0,2.0,128.0,9.0,137.0,45.66666666666666,0.6666666666666666,0.0656934306569343,1,1,0
332435,40,1449,5,156,False,1.0,1.0,5.0,29.0,12.0,41.0,41.0,5.0,0.2926829268292683,1,1,0
332427,54,3414,8,550,False,2.0,1.0,15.0,243.0,67.0,310.0,155.0,7.5,0.2161290322580645,1,1,1
332426,62,1389,10,171,False,1.0,1.0,2.0,18.0,3.0,21.0,21.0,2.0,0.1428571428571428,1,1,0
332425,47,815,7,109,False,1.0,1.0,19.0,19.0,19.0,38.0,38.0,19.0,0.5,1,1,0
332424,53,1343,8,167,True,0.0,0.0,0.0,0.0,0.0,0.0,0.0,0.0,0.0,0,0,1
332421,65,1458,10,199,False,3.0,1.0,447.0,19042.0,8935.0,27977.0,9325.666666666666,149.0,0.3193694820745612,1,1,1
332419,60,1483,8,205,False,3.0,1.0,446.0,19039.0,8935.0,27974.0,9324.666666666666,148.66666666666666,0.3194037320368914,1,1,1
332415,39,488,6,68,False,6.0,1.0,3.0,211.0,79.0,290.0,48.333333333333336,0.5,0.2724137931034482,1,1,0
332414,92,3741,13,511,False,0.0,0.0,0.0,0.0,0.0,0.0,0.0,0.0,0.0,0,0,0
332413,80,265,9,34,False,0.0,0.0,0.0,0.0,0.0,0.0,0.0,0.0,0.0,0,0,0
332412,66,558,7,84,False,0.0,0.0,0.0,0.0,0.0,0.0,0.0,0.0,0.0,0,0,0
332411,47,343,9,49,False,0.0,0.0,0.0,0.0,0.0,0.0,0.0,0.0,0.0,0,0,0
332410,55,7232,7,1076,False,0.0,0.0,0.0,0.0,0.0,0.0,0.0,0.0,0.0,0,0,1
332408,56,3186,9,480,False,0.0,0.0,0.0,0.0,0.0,0.0,0.0,0.0,0.0,0,0,0
332405,52,521,6,79,False,0.0,0.0,0.0,0.0,0.0,0.0,0.0,0.0,0.0,0,0,0
332403,78,3695,12,506,False,1.0,1.0,2.0,83.0,15.0,98.0,98.0,2.0,0.1530612244897959,1,1,0
332401,66,219,8,29,False,0.0,0.0,0.0,0.0,0.0,0.0,0.0,0.0,0.0,0,0,0
332398,72,1140,6,156,False,0.0,0.0,0.0,0.0,0.0,0.0,0.0,0.0,0.0,0,0,0
332397,41,816,7,113,False,0.0,0.0,0.0,0.0,0.0,0.0,0.0,0.0,0.0,0,0,0
332394,38,2113,5,284,False,0.0,0.0,0.0,0.0,0.0,0.0,0.0,0.0,0.0,0,0,0
332389,77,835,11,120,False,0.0,0.0,0.0,0.0,0.0,0.0,0.0,0.0,0.0,0,0,0
332388,57,2288,5,296,False,10.0,1.0,20.0,1158.0,545.0,1703.0,170.3,2.0,0.3200234879624192,1,1,0
332382,58,1103,5,151,False,1.0,1.0,1.0,1.0,1.0,2.0,2.0,1.0,0.5,1,1,0
332381,63,798,10,115,False,0.0,0.0,0.0,0.0,0.0,0.0,0.0,0.0,0.0,0,0,0
332375,57,195,8,28,False,0.0,0.0,0.0,0.0,0.0,0.0,0.0,0.0,0.0,0,0,0
332374,58,523,8,55,False,0.0,0.0,0.0,0.0,0.0,0.0,0.0,0.0,0.0,0,0,0
332372,40,907,7,67,False,0.0,0.0,0.0,0.0,0.0,0.0,0.0,0.0,0.0,0,0,0
332368,42,343,5,49,False,1.0,1.0,5.0,99.0,125.0,224.0,224.0,5.0,0.5580357142857143,1,1,0
332365,44,486,7,50,False,0.0,0.0,0.0,0.0,0.0,0.0,0.0,0.0,0.0,0,0,0
332355,89,4436,12,564,False,1.0,1.0,5.0,60.0,3.0,63.0,63.0,5.0,0.0476190476190476,1,1,0
332354,59,647,9,74,False,2.0,1.0,1.0,1.0,5.0,6.0,3.0,0.5,0.8333333333333334,1,1,0
332350,67,587,9,88,False,0.0,0.0,0.0,0.0,0.0,0.0,0.0,0.0,0.0,0,0,0
332346,52,1510,9,215,False,4.0,1.0,516.0,39311.0,33259.0,72570.0,18142.5,129.0,0.4583023287859997,1,1,1
332343,65,877,10,130,False,1.0,1.0,9.0,377.0,73.0,450.0,450.0,9.0,0.1622222222222222,1,1,0
332340,47,4569,7,734,False,8.0,2.0,511.0,33372.0,9226.0,42598.0,5324.75,63.875,0.216582938166111,1,1,1
332338,20,343,4,49,False,0.0,0.0,0.0,0.0,0.0,0.0,0.0,0.0,0.0,0,0,0
332337,53,550,8,83,False,1.0,1.0,2.0,41.0,25.0,66.0,66.0,2.0,0.3787878787878788,1,1,0
332334,53,386,7,53,False,4.0,2.0,302.0,15066.0,5200.0,20266.0,5066.5,75.5,0.2565873877430178,1,1,1
332332,35,862,6,90,False,1.0,1.0,300.0,17488.0,3913.0,21401.0,21401.0,300.0,0.1828419232746133,1,1,1
332330,75,4609,14,354,False,3.0,1.0,309.0,34766.0,31468.0,66234.0,22078.0,103.0,0.4751034212036114,1,1,1
332329,85,230,11,32,False,0.0,0.0,0.0,0.0,0.0,0.0,0.0,0.0,0.0,0,0,0
332322,52,684,7,95,False,0.0,0.0,0.0,0.0,0.0,0.0,0.0,0.0,0.0,0,0,0
332321,119,1799,15,182,False,1.0,1.0,1.0,8.0,4.0,12.0,12.0,1.0,0.3333333333333333,1,1,0
332319,99,1177,13,113,False,1.0,1.0,3.0,32.0,14.0,46.0,46.0,3.0,0.3043478260869565,1,1,0
332317,75,1357,10,152,False,1.0,1.0,1.0,3.0,1.0,4.0,4.0,1.0,0.25,1,1,0
332316,61,4295,7,460,False,0.0,0.0,0.0,0.0,0.0,0.0,0.0,0.0,0.0,0,0,0
332315,96,1172,12,140,False,1.0,1.0,1.0,4.0,4.0,8.0,8.0,1.0,0.5,1,1,0
332312,86,3328,11,440,False,0.0,0.0,0.0,0.0,0.0,0.0,0.0,0.0,0.0,0,0,0
332311,102,1005,11,108,False,1.0,1.0,2.0,70.0,2.0,72.0,72.0,2.0,0.0277777777777777,1,1,0
332308,120,1564,16,182,False,1.0,1.0,2.0,49.0,12.0,61.0,61.0,2.0,0.1967213114754098,1,1,0
332307,96,1386,12,149,False,1.0,1.0,2.0,25.0,0.0,25.0,25.0,2.0,0.0,1,1,0
332306,72,3819,11,570,False,2.0,1.0,2.0,2.0,15.0,17.0,8.5,1.0,0.8823529411764706,1,1,0
332304,99,1347,14,169,False,0.0,0.0,0.0,0.0,0.0,0.0,0.0,0.0,0.0,0,0,0
332303,37,450,5,55,False,1.0,1.0,1.0,2.0,6.0,8.0,8.0,1.0,0.75,1,1,1
332299,61,2259,7,300,False,0.0,0.0,0.0,0.0,0.0,0.0,0.0,0.0,0.0,0,0,1
332298,89,3251,11,460,False,1.0,1.0,2.0,48.0,11.0,59.0,59.0,2.0,0.1864406779661017,1,1,0
332297,58,3322,9,467,False,1.0,1.0,4.0,7.0,20.0,27.0,27.0,4.0,0.7407407407407407,1,1,0
332296,84,3431,11,432,False,1.0,1.0,2.0,3.0,2.0,5.0,5.0,2.0,0.4,1,1,0
332293,83,5143,9,591,True,3.0,1.0,6.0,72.0,54.0,126.0,42.0,2.0,0.4285714285714285,1,1,0
332288,53,452,6,61,False,0.0,0.0,0.0,0.0,0.0,0.0,0.0,0.0,0.0,0,0,0
332287,38,3083,6,408,True,0.0,0.0,0.0,0.0,0.0,0.0,0.0,0.0,0.0,0,0,0
332284,39,415,5,56,False,0.0,0.0,0.0,0.0,0.0,0.0,0.0,0.0,0.0,0,0,0
332280,72,3282,10,435,False,2.0,1.0,6.0,217.0,20.0,237.0,118.5,3.0,0.0843881856540084,1,1,0
332274,77,4073,12,561,False,1.0,1.0,300.0,17534.0,3899.0,21433.0,21433.0,300.0,0.1819157374142677,1,1,1
332271,54,2707,8,334,False,1.0,1.0,2.0,43.0,2.0,45.0,45.0,2.0,0.0444444444444444,1,1,0
332270,54,260,10,38,False,0.0,0.0,0.0,0.0,0.0,0.0,0.0,0.0,0.0,0,0,0
332269,35,312,6,47,False,1.0,1.0,2.0,5.0,1.0,6.0,6.0,2.0,0.1666666666666666,1,1,0
332267,64,1601,9,200,False,0.0,0.0,0.0,0.0,0.0,0.0,0.0,0.0,0.0,0,0,0
332266,68,218,8,35,False,0.0,0.0,0.0,0.0,0.0,0.0,0.0,0.0,0.0,0,0,0
332264,53,1369,9,185,False,2.0,1.0,10.0,378.0,28.0,406.0,203.0,5.0,0.0689655172413793,1,1,1
332262,54,181,7,30,False,0.0,0.0,0.0,0.0,0.0,0.0,0.0,0.0,0.0,0,0,0
332260,68,354,9,26,False,0.0,0.0,0.0,0.0,0.0,0.0,0.0,0.0,0.0,0,0,0
332256,68,2464,8,317,False,1.0,1.0,2.0,49.0,19.0,68.0,68.0,2.0,0.2794117647058823,1,1,0
332255,23,3,3,1,True,0.0,0.0,0.0,0.0,0.0,0.0,0.0,0.0,0.0,0,0,0
332253,50,1816,8,214,False,0.0,0.0,0.0,0.0,0.0,0.0,0.0,0.0,0.0,0,0,0
332252,55,380,7,54,False,0.0,0.0,0.0,0.0,0.0,0.0,0.0,0.0,0.0,0,0,0
332247,67,985,8,141,False,4.0,2.0,44.0,449.0,205.0,654.0,163.5,11.0,0.3134556574923547,1,1,0
332246,88,844,12,121,False,0.0,0.0,0.0,0.0,0.0,0.0,0.0,0.0,0.0,0,0,0
332245,53,2169,8,289,False,1.0,1.0,2.0,20.0,0.0,20.0,20.0,2.0,0.0,1,1,0
332243,23,322,4,27,False,0.0,0.0,0.0,0.0,0.0,0.0,0.0,0.0,0.0,0,0,0
332242,45,281,6,19,False,0.0,0.0,0.0,0.0,0.0,0.0,0.0,0.0,0.0,0,0,0
332240,35,357,5,48,False,0.0,0.0,0.0,0.0,0.0,0.0,0.0,0.0,0.0,0,0,0
332239,95,343,17,49,False,0.0,0.0,0.0,0.0,0.0,0.0,0.0,0.0,0.0,0,0,0
332233,59,2714,7,400,True,0.0,0.0,0.0,0.0,0.0,0.0,0.0,0.0,0.0,0,0,0
332232,44,803,6,116,True,2.0,1.0,1.0,10.0,1.0,11.0,5.5,0.5,0.0909090909090909,1,1,0
332229,42,1658,7,230,False,1.0,1.0,2.0,43.0,8.0,51.0,51.0,2.0,0.1568627450980392,1,1,0
332228,44,1530,6,229,True,1.0,1.0,1.0,2.0,2.0,4.0,4.0,1.0,0.5,1,1,0
332227,52,380,7,56,False,1.0,1.0,4.0,22.0,17.0,39.0,39.0,4.0,0.4358974358974359,1,1,0
332223,83,1794,14,268,False,1.0,1.0,4.0,24.0,4.0,28.0,28.0,4.0,0.1428571428571428,1,1,0
332219,18,211,3,21,False,1.0,1.0,1.0,1.0,1.0,2.0,2.0,1.0,0.5,1,1,0
332218,40,1105,5,134,False,1.0,1.0,1.0,1.0,1.0,2.0,2.0,1.0,0.5,1,1,0
332217,62,68,8,3,False,0.0,0.0,0.0,0.0,0.0,0.0,0.0,0.0,0.0,0,0,0
332216,59,241,9,32,False,0.0,0.0,0.0,0.0,0.0,0.0,0.0,0.0,0.0,0,0,0
332214,42,601,6,89,False,0.0,0.0,0.0,0.0,0.0,0.0,0.0,0.0,0.0,0,0,0
332213,48,180,6,24,False,1.0,1.0,20.0,20.0,20.0,40.0,40.0,20.0,0.5,1,1,0
332212,89,3833,11,467,False,1.0,1.0,1.0,1.0,1.0,2.0,2.0,1.0,0.5,1,1,0
332211,42,519,6,69,False,0.0,0.0,0.0,0.0,0.0,0.0,0.0,0.0,0.0,0,0,0
332210,48,1322,5,191,True,0.0,0.0,0.0,0.0,0.0,0.0,0.0,0.0,0.0,0,0,0
332209,55,4579,7,674,False,4.0,1.0,196.0,24843.0,27919.0,52762.0,13190.5,49.0,0.5291497668776771,1,1,1
332208,51,639,7,97,False,2.0,1.0,1.0,30.0,59.0,89.0,44.5,0.5,0.6629213483146067,1,1,0
332206,58,349,6,49,False,0.0,0.0,0.0,0.0,0.0,0.0,0.0,0.0,0.0,0,0,1
332203,64,497,9,73,False,1.0,1.0,8.0,81.0,20.0,101.0,101.0,8.0,0.198019801980198,1,1,0
332200,49,1297,7,112,False,0.0,0.0,0.0,0.0,0.0,0.0,0.0,0.0,0.0,0,0,0
332196,37,2766,7,412,False,2.0,1.0,5.0,57.0,4.0,61.0,30.5,2.5,0.0655737704918032,1,1,0
332195,35,275,5,38,False,1.0,1.0,1.0,1.0,1.0,2.0,2.0,1.0,0.5,1,1,0
332190,48,602,7,90,False,7.0,2.0,5.0,153.0,102.0,255.0,36.42857142857143,0.7142857142857143,0.4,1,1,0
332189,58,3513,9,535,False,0.0,0.0,0.0,0.0,0.0,0.0,0.0,0.0,0.0,0,0,0
332188,43,1738,5,248,True,0.0,0.0,0.0,0.0,0.0,0.0,0.0,0.0,0.0,0,0,0
332187,69,1566,11,237,False,1.0,1.0,12.0,411.0,21.0,432.0,432.0,12.0,0.0486111111111111,1,1,0
332184,68,2323,11,349,False,1.0,1.0,7.0,221.0,15.0,236.0,236.0,7.0,0.0635593220338983,1,1,0
332183,40,2512,6,308,False,3.0,1.0,1.0,21.0,12.0,33.0,11.0,0.3333333333333333,0.3636363636363636,1,1,0
332178,50,2771,7,399,False,1.0,1.0,2.0,37.0,4.0,41.0,41.0,2.0,0.0975609756097561,1,1,0
332177,41,650,5,86,False,0.0,0.0,0.0,0.0,0.0,0.0,0.0,0.0,0.0,0,0,0
332175,60,3154,9,390,False,1.0,1.0,3.0,66.0,8.0,74.0,74.0,3.0,0.1081081081081081,1,1,0
332174,70,1877,10,301,False,1.0,1.0,2.0,125.0,37.0,162.0,162.0,2.0,0.228395061728395,1,1,0
332173,44,734,7,63,False,0.0,0.0,0.0,0.0,0.0,0.0,0.0,0.0,0.0,0,0,1
332170,66,2598,10,408,False,2.0,1.0,12.0,411.0,21.0,432.0,216.0,6.0,0.0486111111111111,1,1,0
332168,41,343,6,49,False,1.0,1.0,2.0,3.0,4.0,7.0,7.0,2.0,0.5714285714285714,1,1,0
332164,16,0,3,0,False,0.0,0.0,0.0,0.0,0.0,0.0,0.0,0.0,0.0,0,0,0
332162,74,344,8,53,False,1.0,1.0,35.0,1165.0,123.0,1288.0,1288.0,35.0,0.0954968944099378,1,1,0
332153,56,349,7,49,False,3.0,2.0,304.0,34353.0,31473.0,65826.0,21942.0,101.33333333333331,0.4781241454744326,1,1,1
332150,67,3363,9,481,False,3.0,1.0,259.0,26015.0,28988.0,55003.0,18334.33333333333,86.33333333333333,0.5270257985928041,1,1,1
332148,47,1009,7,142,False,0.0,0.0,0.0,0.0,0.0,0.0,0.0,0.0,0.0,0,0,0
332143,41,418,6,52,False,1.0,1.0,2.0,12.0,1.0,13.0,13.0,2.0,0.0769230769230769,1,1,0
332142,60,0,9,0,False,0.0,0.0,0.0,0.0,0.0,0.0,0.0,0.0,0.0,0,0,0
332140,49,478,8,58,False,4.0,1.0,50.0,1511.0,541.0,2052.0,513.0,12.5,0.2636452241715399,1,1,0
332139,41,872,8,84,False,1.0,1.0,1.0,3.0,7.0,10.0,10.0,1.0,0.7,1,1,0
332137,67,1717,9,205,False,0.0,0.0,0.0,0.0,0.0,0.0,0.0,0.0,0.0,0,0,0
332133,41,1561,6,197,False,3.0,1.0,9.0,159.0,10.0,169.0,56.333333333333336,3.0,0.059171597633136,1,1,1
332130,53,1910,7,250,False,0.0,0.0,0.0,0.0,0.0,0.0,0.0,0.0,0.0,0,0,0
332123,84,5258,10,663,False,1.0,1.0,1.0,47.0,0.0,47.0,47.0,1.0,0.0,1,1,0
332122,71,4079,11,609,False,0.0,0.0,0.0,0.0,0.0,0.0,0.0,0.0,0.0,0,0,0
332112,46,188,6,25,False,0.0,0.0,0.0,0.0,0.0,0.0,0.0,0.0,0.0,0,0,0
332111,60,1760,6,246,False,7.0,1.0,5.0,324.0,83.0,407.0,58.142857142857146,0.7142857142857143,0.2039312039312039,1,1,0
332108,83,3162,9,392,True,2.0,1.0,5.0,51.0,53.0,104.0,52.0,2.5,0.5096153846153846,1,1,0
332103,52,2927,9,334,False,2.0,1.0,1.0,64.0,1.0,65.0,32.5,0.5,0.0153846153846153,1,1,0
332102,50,0,7,0,False,0.0,0.0,0.0,0.0,0.0,0.0,0.0,0.0,0.0,0,0,0
332100,37,1456,6,201,False,2.0,1.0,3.0,19.0,2.0,21.0,10.5,1.5,0.0952380952380952,1,1,0
332099,41,1586,7,227,False,0.0,0.0,0.0,0.0,0.0,0.0,0.0,0.0,0.0,0,0,0
332098,55,1358,6,194,False,0.0,0.0,0.0,0.0,0.0,0.0,0.0,0.0,0.0,0,0,0
332095,51,349,8,49,False,3.0,2.0,304.0,34481.0,31778.0,66259.0,22086.33333333333,101.33333333333331,0.4796027709443245,1,1,1
332093,54,1473,7,164,True,0.0,0.0,0.0,0.0,0.0,0.0,0.0,0.0,0.0,0,0,0
332091,116,2874,12,333,True,0.0,0.0,0.0,0.0,0.0,0.0,0.0,0.0,0.0,0,0,0
332089,74,807,11,116,False,0.0,0.0,0.0,0.0,0.0,0.0,0.0,0.0,0.0,0,0,0
332088,50,894,6,129,False,2.0,1.0,303.0,18361.0,6025.0,24386.0,12193.0,151.5,0.2470679898302304,1,1,1
332086,40,461,6,60,False,0.0,0.0,0.0,0.0,0.0,0.0,0.0,0.0,0.0,0,0,0
332084,40,883,5,123,False,2.0,1.0,34.0,620.0,539.0,1159.0,579.5,17.0,0.4650560828300258,1,1,1
332081,51,943,7,142,False,0.0,0.0,0.0,0.0,0.0,0.0,0.0,0.0,0.0,0,0,0
332080,85,1883,14,256,False,1.0,1.0,2.0,10.0,10.0,20.0,20.0,2.0,0.5,1,1,0
332076,114,3833,13,466,True,0.0,0.0,0.0,0.0,0.0,0.0,0.0,0.0,0.0,0,0,0
332075,69,3349,10,496,False,0.0,0.0,0.0,0.0,0.0,0.0,0.0,0.0,0.0,0,0,0
332071,46,3060,5,401,False,2.0,1.0,5.0,134.0,9.0,143.0,71.5,2.5,0.0629370629370629,1,1,0
332068,37,99,7,15,False,0.0,0.0,0.0,0.0,0.0,0.0,0.0,0.0,0.0,0,0,0
332067,49,827,9,111,False,3.0,1.0,145.0,4043.0,1616.0,5659.0,1886.3333333333333,48.333333333333336,0.2855628202862696,1,1,1
332066,49,479,6,69,False,1.0,1.0,1.0,3.0,1.0,4.0,4.0,1.0,0.25,1,1,1
332064,51,90,8,6,False,0.0,0.0,0.0,0.0,0.0,0.0,0.0,0.0,0.0,0,0,0
332063,109,1900,9,204,False,0.0,0.0,0.0,0.0,0.0,0.0,0.0,0.0,0.0,0,0,0
332062,45,669,7,74,False,1.0,1.0,121.0,3008.0,1364.0,4372.0,4372.0,121.0,0.3119853613906679,1,1,0
332059,49,1513,7,193,False,0.0,0.0,0.0,0.0,0.0,0.0,0.0,0.0,0.0,0,0,0
332058,56,343,8,49,False,1.0,1.0,14.0,609.0,74.0,683.0,683.0,14.0,0.1083455344070278,1,1,0
332055,72,4669,11,645,False,0.0,0.0,0.0,0.0,0.0,0.0,0.0,0.0,0.0,0,0,0
332054,46,1556,5,202,False,2.0,1.0,112.0,2748.0,1328.0,4076.0,2038.0,56.0,0.3258096172718351,1,1,0
332052,38,357,6,48,False,0.0,0.0,0.0,0.0,0.0,0.0,0.0,0.0,0.0,0,0,1
332049,79,0,11,0,False,0.0,0.0,0.0,0.0,0.0,0.0,0.0,0.0,0.0,0,0,0
332048,20,349,4,49,False,0.0,0.0,0.0,0.0,0.0,0.0,0.0,0.0,0.0,0,0,1
332045,46,1629,7,231,False,4.0,1.0,216.0,8452.0,2321.0,10773.0,2693.25,54.0,0.2154460224635663,1,1,1
332043,48,3528,7,382,False,5.0,1.0,7.0,128.0,53.0,181.0,36.2,1.4,0.292817679558011,1,1,0
332042,61,3182,9,429,False,1.0,1.0,2.0,16.0,4.0,20.0,20.0,2.0,0.2,1,1,0
332041,25,103,3,3,False,0.0,0.0,0.0,0.0,0.0,0.0,0.0,0.0,0.0,0,0,0
332039,54,642,6,61,False,2.0,1.0,2.0,21.0,1.0,22.0,11.0,1.0,0.0454545454545454,1,1,0
332038,30,0,4,0,False,0.0,0.0,0.0,0.0,0.0,0.0,0.0,0.0,0.0,0,0,0
332037,55,353,8,40,False,1.0,1.0,1.0,2.0,2.0,4.0,4.0,1.0,0.5,1,1,1
332036,39,1029,7,137,False,0.0,0.0,0.0,0.0,0.0,0.0,0.0,0.0,0.0,0,0,0
332035,33,254,3,24,False,0.0,0.0,0.0,0.0,0.0,0.0,0.0,0.0,0.0,0,0,0
332034,58,2800,10,432,False,1.0,1.0,2.0,79.0,20.0,99.0,99.0,2.0,0.202020202020202,1,1,0
332032,54,1642,8,228,False,0.0,0.0,0.0,0.0,0.0,0.0,0.0,0.0,0.0,0,0,1
332029,47,418,5,53,False,0.0,0.0,0.0,0.0,0.0,0.0,0.0,0.0,0.0,0,0,1
332028,102,3586,10,428,True,0.0,0.0,0.0,0.0,0.0,0.0,0.0,0.0,0.0,0,0,0
332026,45,447,6,60,False,2.0,1.0,2.0,63.0,15.0,78.0,39.0,1.0,0.1923076923076923,1,1,0
332021,2,349,1,49,False,1.0,1.0,133.0,3775.0,1508.0,5283.0,5283.0,133.0,0.2854438765852735,1,1,1
332019,61,343,12,49,False,0.0,0.0,0.0,0.0,0.0,0.0,0.0,0.0,0.0,0,0,0
332018,47,4249,6,455,False,6.0,1.0,256.0,26660.0,29020.0,55680.0,9280.0,42.66666666666666,0.5211925287356322,1,1,1
332017,58,1249,9,188,False,2.0,1.0,50.0,2080.0,326.0,2406.0,1203.0,25.0,0.1354945968412302,1,1,0
332012,71,2355,12,354,False,5.0,1.0,88.0,4092.0,729.0,4821.0,964.2,17.6,0.1512134411947728,1,1,1
332007,49,695,5,91,False,6.0,1.0,129.0,4888.0,1232.0,6120.0,1020.0,21.5,0.2013071895424836,1,1,1
332006,43,511,6,76,False,0.0,0.0,0.0,0.0,0.0,0.0,0.0,0.0,0.0,0,0,0
332005,49,715,8,112,False,1.0,1.0,3.0,34.0,11.0,45.0,45.0,3.0,0.2444444444444444,1,1,0
332004,63,927,10,131,False,2.0,1.0,78.0,2170.0,626.0,2796.0,1398.0,39.0,0.2238912732474964,1,1,0
332003,60,4821,10,706,False,1.0,1.0,5.0,100.0,76.0,176.0,176.0,5.0,0.4318181818181818,1,1,0
332002,46,1691,6,273,False,2.0,1.0,2.0,63.0,4.0,67.0,33.5,1.0,0.0597014925373134,1,1,0
332000,44,586,6,73,False,1.0,1.0,8.0,22.0,10.0,32.0,32.0,8.0,0.3125,1,1,0
331999,43,1982,6,274,False,6.0,1.0,149.0,5890.0,1382.0,7272.0,1212.0,24.83333333333333,0.19004400440044,1,1,1
331998,41,306,6,46,False,2.0,1.0,21.0,755.0,402.0,1157.0,578.5,10.5,0.3474503025064823,1,1,0
331997,106,2781,11,331,True,0.0,0.0,0.0,0.0,0.0,0.0,0.0,0.0,0.0,0,0,1
331996,42,0,5,0,False,1.0,1.0,3.0,13.0,7.0,20.0,20.0,3.0,0.35,1,1,0
331992,42,2358,8,332,False,2.0,1.0,120.0,4457.0,1198.0,5655.0,2827.5,60.0,0.2118479221927497,1,1,1
331990,46,910,7,100,False,1.0,1.0,300.0,16547.0,5281.0,21828.0,21828.0,300.0,0.241936961700568,1,1,1
331989,48,863,7,92,False,0.0,0.0,0.0,0.0,0.0,0.0,0.0,0.0,0.0,0,0,1
331986,77,4948,10,577,False,0.0,0.0,0.0,0.0,0.0,0.0,0.0,0.0,0.0,0,0,0
331985,55,2284,8,321,False,7.0,2.0,387.0,37189.0,31785.0,68974.0,9853.42857142857,55.285714285714285,0.4608258184243338,1,1,1
331983,37,4067,6,583,False,2.0,1.0,3.0,125.0,14.0,139.0,69.5,1.5,0.1007194244604316,1,1,1
331982,46,289,8,36,False,0.0,0.0,0.0,0.0,0.0,0.0,0.0,0.0,0.0,0,0,1
331981,51,2737,8,409,False,4.0,1.0,10.0,378.0,71.0,449.0,112.25,2.5,0.1581291759465478,1,1,1
331978,67,1534,9,228,False,4.0,1.0,57.0,1429.0,360.0,1789.0,447.25,14.25,0.2012297372833985,1,1,0
331977,43,552,8,91,False,0.0,0.0,0.0,0.0,0.0,0.0,0.0,0.0,0.0,0,0,0
331976,49,54,8,2,True,0.0,0.0,0.0,0.0,0.0,0.0,0.0,0.0,0.0,0,0,0
331975,71,1039,11,138,False,1.0,1.0,4.0,32.0,20.0,52.0,52.0,4.0,0.3846153846153846,1,1,0
331972,30,230,5,36,False,0.0,0.0,0.0,0.0,0.0,0.0,0.0,0.0,0.0,0,0,1
331971,50,1826,8,240,False,2.0,1.0,14.0,660.0,70.0,730.0,365.0,7.0,0.0958904109589041,1,1,0
331970,44,1323,8,198,False,2.0,1.0,2.0,2.0,1.0,3.0,1.5,1.0,0.3333333333333333,1,1,0
331969,44,1323,8,198,False,0.0,0.0,0.0,0.0,0.0,0.0,0.0,0.0,0.0,0,0,0
331966,62,996,6,125,False,0.0,0.0,0.0,0.0,0.0,0.0,0.0,0.0,0.0,0,0,0
331965,37,663,4,93,False,1.0,1.0,1.0,2.0,2.0,4.0,4.0,1.0,0.5,1,1,0
331964,43,343,4,49,False,0.0,0.0,0.0,0.0,0.0,0.0,0.0,0.0,0.0,0,0,0
331962,126,343,23,49,False,1.0,1.0,2.0,0.0,88.0,88.0,88.0,2.0,1.0,1,1,0
331961,32,761,4,105,False,0.0,0.0,0.0,0.0,0.0,0.0,0.0,0.0,0.0,0,0,0
331957,58,665,9,95,False,1.0,1.0,1.0,1.0,1.0,2.0,2.0,1.0,0.5,1,1,0
331956,27,482,5,76,False,0.0,0.0,0.0,0.0,0.0,0.0,0.0,0.0,0.0,0,0,0
331952,70,2029,11,304,False,2.0,1.0,71.0,8324.0,1827.0,10151.0,5075.5,35.5,0.1799822677568712,1,1,1
331949,60,1220,8,171,False,0.0,0.0,0.0,0.0,0.0,0.0,0.0,0.0,0.0,0,0,0
331948,73,1086,10,142,False,0.0,0.0,0.0,0.0,0.0,0.0,0.0,0.0,0.0,0,0,0
331946,41,260,6,43,False,1.0,1.0,2.0,40.0,5.0,45.0,45.0,2.0,0.1111111111111111,1,1,0
331945,41,857,5,126,False,2.0,1.0,304.0,33234.0,31038.0,64272.0,32136.0,152.0,0.482916355489171,1,1,1
331944,55,0,8,0,False,0.0,0.0,0.0,0.0,0.0,0.0,0.0,0.0,0.0,0,0,0
331941,31,112,3,4,False,0.0,0.0,0.0,0.0,0.0,0.0,0.0,0.0,0.0,0,0,0
331940,83,3012,9,365,True,2.0,1.0,5.0,51.0,53.0,104.0,52.0,2.5,0.5096153846153846,1,1,0
331939,43,666,5,92,False,5.0,1.0,322.0,33382.0,31447.0,64829.0,12965.8,64.4,0.4850761233398633,1,1,1
331938,96,765,15,113,False,1.0,1.0,1.0,1.0,1.0,2.0,2.0,1.0,0.5,1,1,0
331934,38,2987,6,423,False,4.0,1.0,5.0,271.0,45.0,316.0,79.0,1.25,0.1424050632911392,1,1,1
331928,41,886,5,89,False,0.0,0.0,0.0,0.0,0.0,0.0,0.0,0.0,0.0,0,0,0
331927,68,2990,11,443,False,0.0,0.0,0.0,0.0,0.0,0.0,0.0,0.0,0.0,0,0,0
331925,34,1917,6,291,True,0.0,0.0,0.0,0.0,0.0,0.0,0.0,0.0,0.0,0,0,1
331924,50,343,8,49,False,0.0,0.0,0.0,0.0,0.0,0.0,0.0,0.0,0.0,0,0,0
331921,47,2923,6,356,False,0.0,0.0,0.0,0.0,0.0,0.0,0.0,0.0,0.0,0,0,0
331920,50,967,7,137,False,0.0,0.0,0.0,0.0,0.0,0.0,0.0,0.0,0.0,0,0,0
331918,39,584,5,82,False,0.0,0.0,0.0,0.0,0.0,0.0,0.0,0.0,0.0,0,0,0
331913,52,450,8,59,False,0.0,0.0,0.0,0.0,0.0,0.0,0.0,0.0,0.0,0,0,0
331912,64,1890,9,252,True,2.0,1.0,15.0,401.0,79.0,480.0,240.0,7.5,0.1645833333333333,1,1,0
331911,52,3555,6,503,False,1.0,1.0,2.0,13.0,5.0,18.0,18.0,2.0,0.2777777777777778,1,1,1
331910,40,343,6,49,False,1.0,1.0,1.0,1.0,0.0,1.0,1.0,1.0,0.0,1,1,0
331908,59,4949,8,336,False,4.0,1.0,165.0,10505.0,3581.0,14086.0,3521.5,41.25,0.2542240522504614,1,1,1
331902,46,318,6,33,False,1.0,1.0,1.0,2.0,2.0,4.0,4.0,1.0,0.5,1,1,0
331899,52,837,9,125,True,0.0,0.0,0.0,0.0,0.0,0.0,0.0,0.0,0.0,0,0,0
331897,37,411,5,55,True,1.0,1.0,30.0,544.0,100.0,644.0,644.0,30.0,0.15527950310559,1,1,1
331896,87,1661,11,261,False,6.0,1.0,169.0,11261.0,3607.0,14868.0,2478.0,28.166666666666668,0.2426015603981705,1,1,1
331895,67,159,10,27,False,2.0,1.0,2.0,205.0,28.0,233.0,116.5,1.0,0.1201716738197424,1,1,0
331893,59,1835,10,258,False,0.0,0.0,0.0,0.0,0.0,0.0,0.0,0.0,0.0,0,0,0
331891,55,3227,8,491,False,0.0,0.0,0.0,0.0,0.0,0.0,0.0,0.0,0.0,0,0,0
331890,50,2050,8,289,False,0.0,0.0,0.0,0.0,0.0,0.0,0.0,0.0,0.0,0,0,0
331887,42,1631,6,205,True,0.0,0.0,0.0,0.0,0.0,0.0,0.0,0.0,0.0,0,0,0
331886,58,2608,8,242,False,3.0,1.0,4.0,101.0,107.0,208.0,69.33333333333333,1.3333333333333333,0.5144230769230769,1,1,0
331885,57,3535,9,502,False,2.0,1.0,2.0,28.0,8.0,36.0,18.0,1.0,0.2222222222222222,1,1,0
331883,48,2162,7,305,False,9.0,1.0,329.0,16450.0,3489.0,19939.0,2215.4444444444443,36.55555555555556,0.1749837002858719,1,1,1
331881,63,5620,10,875,False,4.0,1.0,306.0,21815.0,4786.0,26601.0,6650.25,76.5,0.1799180481936769,1,1,1
331880,42,2944,5,426,False,0.0,0.0,0.0,0.0,0.0,0.0,0.0,0.0,0.0,0,0,0
331878,54,6080,8,885,True,0.0,0.0,0.0,0.0,0.0,0.0,0.0,0.0,0.0,0,0,0
331877,43,545,7,71,False,1.0,1.0,2.0,16.0,1.0,17.0,17.0,2.0,0.0588235294117647,1,1,0
331874,48,2401,7,352,False,1.0,1.0,6.0,79.0,10.0,89.0,89.0,6.0,0.1123595505617977,1,1,1
331872,58,2480,9,343,False,1.0,1.0,1.0,1.0,4.0,5.0,5.0,1.0,0.8,1,1,0
331871,57,2880,9,381,False,0.0,0.0,0.0,0.0,0.0,0.0,0.0,0.0,0.0,0,0,0
331870,54,377,8,55,False,1.0,1.0,4.0,30.0,6.0,36.0,36.0,4.0,0.1666666666666666,1,1,0
331867,38,570,7,57,False,1.0,1.0,2.0,12.0,5.0,17.0,17.0,2.0,0.2941176470588235,1,1,0
331866,34,359,5,57,False,2.0,1.0,300.0,17731.0,8005.0,25736.0,12868.0,150.0,0.3110428971091079,1,1,1
331865,69,1469,7,196,False,0.0,0.0,0.0,0.0,0.0,0.0,0.0,0.0,0.0,0,0,0
331862,46,2990,9,448,False,3.0,1.0,3.0,266.0,19.0,285.0,95.0,1.0,0.0666666666666666,1,1,0
331861,35,1725,3,236,False,2.0,1.0,213.0,8748.0,1445.0,10193.0,5096.5,106.5,0.1417639556558422,1,1,1
331860,43,3519,6,506,False,0.0,0.0,0.0,0.0,0.0,0.0,0.0,0.0,0.0,0,0,0
331859,25,2400,4,353,True,0.0,0.0,0.0,0.0,0.0,0.0,0.0,0.0,0.0,0,0,0
331857,44,593,7,93,False,9.0,1.0,173.0,9210.0,2642.0,11852.0,1316.888888888889,19.22222222222222,0.2229159635504556,1,1,1
331855,48,1915,7,255,False,1.0,1.0,2.0,47.0,6.0,53.0,53.0,2.0,0.1132075471698113,1,1,1
331851,39,643,5,95,False,3.0,1.0,12.0,248.0,133.0,381.0,127.0,4.0,0.3490813648293963,1,1,0
331850,50,4255,7,654,False,2.0,1.0,145.0,8254.0,3237.0,11491.0,5745.5,72.5,0.2816987207379688,1,1,1
331848,52,4649,8,767,False,2.0,1.0,5.0,63.0,52.0,115.0,57.5,2.5,0.4521739130434782,1,1,0
331847,40,2685,4,434,False,0.0,0.0,0.0,0.0,0.0,0.0,0.0,0.0,0.0,0,0,0
331846,54,5341,9,756,False,4.0,1.0,84.0,5004.0,400.0,5404.0,1351.0,21.0,0.0740192450037009,1,1,1
331844,65,412,10,58,False,2.0,1.0,4.0,90.0,20.0,110.0,55.0,2.0,0.1818181818181818,1,1,0
331843,41,254,5,13,False,3.0,2.0,7.0,31.0,2.0,33.0,11.0,2.333333333333333,0.0606060606060606,1,1,0
331841,52,1037,8,142,False,1.0,1.0,2.0,21.0,3.0,24.0,24.0,2.0,0.125,1,1,0
331840,77,3178,9,456,False,2.0,1.0,301.0,20307.0,4703.0,25010.0,12505.0,150.5,0.1880447820871651,1,1,1
331839,61,1444,10,223,False,0.0,0.0,0.0,0.0,0.0,0.0,0.0,0.0,0.0,0,0,0
331837,56,1047,7,118,True,1.0,1.0,300.0,16839.0,8194.0,25033.0,25033.0,300.0,0.3273279271361802,1,1,1
331836,50,138,8,21,False,10.0,1.0,24.0,543.0,656.0,1199.0,119.9,2.4,0.5471226021684737,1,1,0
331833,27,184,3,6,False,0.0,0.0,0.0,0.0,0.0,0.0,0.0,0.0,0.0,0,0,0
331831,37,4361,6,591,True,0.0,0.0,0.0,0.0,0.0,0.0,0.0,0.0,0.0,0,0,0
331830,28,2823,4,265,False,0.0,0.0,0.0,0.0,0.0,0.0,0.0,0.0,0.0,0,0,0
331829,81,6077,10,758,False,2.0,1.0,1.0,59.0,1.0,60.0,30.0,0.5,0.0166666666666666,1,1,0
331825,84,6388,11,809,False,1.0,1.0,1.0,50.0,1.0,51.0,51.0,1.0,0.0196078431372549,1,1,0
331822,47,54,7,2,True,0.0,0.0,0.0,0.0,0.0,0.0,0.0,0.0,0.0,0,0,0
331821,52,874,8,120,False,2.0,1.0,2.0,81.0,29.0,110.0,55.0,1.0,0.2636363636363636,1,1,0
331816,55,15,7,2,False,1.0,1.0,1.0,5.0,4.0,9.0,9.0,1.0,0.4444444444444444,1,1,0
331809,37,343,4,49,True,1.0,1.0,4.0,115.0,41.0,156.0,156.0,4.0,0.2628205128205128,1,1,0
331808,61,1259,9,176,False,1.0,1.0,5.0,56.0,37.0,93.0,93.0,5.0,0.3978494623655914,1,1,0
331805,45,860,8,105,False,1.0,1.0,1.0,1.0,1.0,2.0,2.0,1.0,0.5,1,1,0
331804,68,3003,9,400,False,0.0,0.0,0.0,0.0,0.0,0.0,0.0,0.0,0.0,0,0,0
331803,71,823,10,94,False,0.0,0.0,0.0,0.0,0.0,0.0,0.0,0.0,0.0,0,0,1
331802,57,2024,7,271,False,1.0,1.0,5.0,202.0,6.0,208.0,208.0,5.0,0.0288461538461538,1,1,0
331801,47,3967,6,550,False,1.0,1.0,1.0,7.0,3.0,10.0,10.0,1.0,0.3,1,1,0
331800,67,2479,11,323,False,1.0,1.0,1.0,2.0,11.0,13.0,13.0,1.0,0.8461538461538461,1,1,1
331799,30,20,5,2,False,1.0,1.0,1.0,6.0,4.0,10.0,10.0,1.0,0.4,1,1,0
331798,32,385,5,55,False,3.0,1.0,11.0,339.0,83.0,422.0,140.66666666666666,3.6666666666666665,0.1966824644549763,1,1,1
331796,59,9198,8,1157,False,6.0,1.0,11.0,638.0,49.0,687.0,114.5,1.8333333333333333,0.0713245997088791,1,1,1
331794,54,950,9,127,False,3.0,1.0,298.0,14376.0,4478.0,18854.0,6284.666666666667,99.33333333333331,0.2375092818500053,1,1,1
331793,39,634,6,96,False,0.0,0.0,0.0,0.0,0.0,0.0,0.0,0.0,0.0,0,0,0
331792,60,4076,10,565,False,1.0,1.0,6.0,154.0,14.0,168.0,168.0,6.0,0.0833333333333333,1,1,0
331791,32,889,6,130,False,0.0,0.0,0.0,0.0,0.0,0.0,0.0,0.0,0.0,0,0,0
331785,50,1038,8,157,False,0.0,0.0,0.0,0.0,0.0,0.0,0.0,0.0,0.0,0,0,1
331782,46,1193,6,154,False,2.0,1.0,303.0,20078.0,8395.0,28473.0,14236.5,151.5,0.2948407263021108,1,1,1
331776,83,9981,9,1082,True,3.0,1.0,5.0,51.0,53.0,104.0,34.666666666666664,1.6666666666666667,0.5096153846153846,1,1,0
331775,45,343,8,49,False,0.0,0.0,0.0,0.0,0.0,0.0,0.0,0.0,0.0,0,0,0
331772,77,1452,11,195,False,1.0,1.0,1.0,63.0,16.0,79.0,79.0,1.0,0.2025316455696202,1,1,0
331771,45,4917,6,240,False,5.0,1.0,479.0,30343.0,10770.0,41113.0,8222.6,95.8,0.2619609369299248,1,1,1
331767,52,387,7,61,False,0.0,0.0,0.0,0.0,0.0,0.0,0.0,0.0,0.0,0,0,0
331760,55,1030,8,147,False,0.0,0.0,0.0,0.0,0.0,0.0,0.0,0.0,0.0,0,0,0
331759,59,921,8,124,False,0.0,0.0,0.0,0.0,0.0,0.0,0.0,0.0,0.0,0,0,0
331758,50,712,6,98,False,0.0,0.0,0.0,0.0,0.0,0.0,0.0,0.0,0.0,0,0,0
331755,77,389,9,49,False,0.0,0.0,0.0,0.0,0.0,0.0,0.0,0.0,0.0,0,0,0
331753,59,3458,7,417,False,2.0,1.0,2.0,13.0,2.0,15.0,7.5,1.0,0.1333333333333333,1,1,0
331752,69,2971,10,406,False,0.0,0.0,0.0,0.0,0.0,0.0,0.0,0.0,0.0,0,0,0
331749,57,1221,7,154,False,3.0,1.0,3.0,237.0,30.0,267.0,89.0,1.0,0.1123595505617977,1,1,0
331741,68,2038,8,249,False,0.0,0.0,0.0,0.0,0.0,0.0,0.0,0.0,0.0,0,0,0
331740,45,1521,5,206,False,1.0,1.0,4.0,159.0,127.0,286.0,286.0,4.0,0.444055944055944,1,1,0
331739,69,3565,12,546,False,1.0,1.0,7.0,134.0,36.0,170.0,170.0,7.0,0.2117647058823529,1,1,0
331738,26,1400,4,211,False,1.0,1.0,170.0,9033.0,3577.0,12610.0,12610.0,170.0,0.2836637589214908,1,1,1
331737,52,912,8,123,False,1.0,1.0,2.0,18.0,21.0,39.0,39.0,2.0,0.5384615384615384,1,1,0
331736,59,903,8,131,True,0.0,0.0,0.0,0.0,0.0,0.0,0.0,0.0,0.0,0,0,0
331735,57,928,9,122,False,0.0,0.0,0.0,0.0,0.0,0.0,0.0,0.0,0.0,0,0,0
331734,38,343,3,49,False,0.0,0.0,0.0,0.0,0.0,0.0,0.0,0.0,0.0,0,0,0
331731,45,5607,7,764,False,1.0,1.0,2.0,127.0,2.0,129.0,129.0,2.0,0.0155038759689922,1,1,0
331730,56,643,7,60,False,0.0,0.0,0.0,0.0,0.0,0.0,0.0,0.0,0.0,0,0,0
331728,59,516,8,75,False,1.0,1.0,300.0,17206.0,5404.0,22610.0,22610.0,300.0,0.2390092879256966,1,1,1
331727,45,493,8,29,False,0.0,0.0,0.0,0.0,0.0,0.0,0.0,0.0,0.0,0,0,0
331726,109,1900,9,204,False,0.0,0.0,0.0,0.0,0.0,0.0,0.0,0.0,0.0,0,0,0
331724,54,1127,9,154,False,0.0,0.0,0.0,0.0,0.0,0.0,0.0,0.0,0.0,0,0,1
331723,76,4147,12,650,False,0.0,0.0,0.0,0.0,0.0,0.0,0.0,0.0,0.0,0,0,0
331722,64,927,7,97,False,1.0,1.0,2.0,6.0,2.0,8.0,8.0,2.0,0.25,1,1,0
331721,73,3292,10,433,False,1.0,1.0,2.0,52.0,33.0,85.0,85.0,2.0,0.388235294117647,1,1,0
331720,39,796,6,108,False,6.0,1.0,4.0,328.0,87.0,415.0,69.16666666666667,0.6666666666666666,0.2096385542168674,1,1,0
331719,65,1720,9,237,False,1.0,1.0,3.0,204.0,25.0,229.0,229.0,3.0,0.1091703056768559,1,1,0
331716,54,632,6,74,False,1.0,1.0,3.0,32.0,11.0,43.0,43.0,3.0,0.2558139534883721,1,1,0
331715,51,3466,7,439,False,1.0,1.0,4.0,14.0,22.0,36.0,36.0,4.0,0.6111111111111112,1,1,0
331713,41,424,9,66,False,1.0,1.0,1.0,1.0,1.0,2.0,2.0,1.0,0.5,1,1,0
331712,65,2952,9,426,False,0.0,0.0,0.0,0.0,0.0,0.0,0.0,0.0,0.0,0,0,0
331711,49,997,5,118,False,1.0,1.0,2.0,5.0,2.0,7.0,7.0,2.0,0.2857142857142857,1,1,0
331710,22,343,4,49,False,1.0,1.0,4.0,62.0,106.0,168.0,168.0,4.0,0.6309523809523809,1,1,0
331709,72,896,10,107,False,2.0,1.0,2.0,5.0,5.0,10.0,5.0,1.0,0.5,1,1,0
331706,54,658,7,86,False,1.0,1.0,5.0,187.0,12.0,199.0,199.0,5.0,0.0603015075376884,1,1,0
331703,38,492,6,64,False,0.0,0.0,0.0,0.0,0.0,0.0,0.0,0.0,0.0,0,0,0
331702,21,343,5,49,False,2.0,1.0,286.0,16762.0,7597.0,24359.0,12179.5,143.0,0.311876513814196,1,1,1
331701,46,991,6,131,False,3.0,1.0,170.0,9032.0,3334.0,12366.0,4122.0,56.66666666666666,0.2696102215752871,1,1,1
331700,67,3447,8,421,False,1.0,1.0,2.0,70.0,59.0,129.0,129.0,2.0,0.4573643410852713,1,1,0
331698,53,801,8,105,False,0.0,0.0,0.0,0.0,0.0,0.0,0.0,0.0,0.0,0,0,0
331697,43,548,6,87,False,4.0,1.0,145.0,8200.0,1684.0,9884.0,2471.0,36.25,0.1703763658437879,1,1,1
331696,70,2470,8,325,False,0.0,0.0,0.0,0.0,0.0,0.0,0.0,0.0,0.0,0,0,0
331694,48,549,6,82,False,6.0,1.0,212.0,13542.0,4514.0,18056.0,3009.333333333333,35.333333333333336,0.25,1,1,1
331692,48,2682,6,370,False,1.0,1.0,1.0,2.0,0.0,2.0,2.0,1.0,0.0,1,1,0
331691,57,999,7,139,False,3.0,1.0,13.0,212.0,55.0,267.0,89.0,4.333333333333333,0.2059925093632958,1,1,1
331689,66,896,9,121,False,1.0,1.0,1.0,11.0,2.0,13.0,13.0,1.0,0.1538461538461538,1,1,0
331685,38,601,5,78,True,1.0,1.0,10.0,279.0,27.0,306.0,306.0,10.0,0.088235294117647,1,1,1
331684,46,892,4,130,False,2.0,1.0,269.0,15881.0,5074.0,20955.0,10477.5,134.5,0.2421379145788594,1,1,1
331683,47,1942,7,256,False,1.0,1.0,1.0,15.0,0.0,15.0,15.0,1.0,0.0,1,1,0
331682,61,3574,9,507,True,0.0,0.0,0.0,0.0,0.0,0.0,0.0,0.0,0.0,0,0,0
331681,46,314,6,50,False,1.0,1.0,2.0,4.0,3.0,7.0,7.0,2.0,0.4285714285714285,1,1,0
331680,49,673,7,90,False,0.0,0.0,0.0,0.0,0.0,0.0,0.0,0.0,0.0,0,0,0
331679,43,824,5,109,False,0.0,0.0,0.0,0.0,0.0,0.0,0.0,0.0,0.0,0,0,0
331676,53,4715,6,642,False,0.0,0.0,0.0,0.0,0.0,0.0,0.0,0.0,0.0,0,0,0
331674,82,9091,13,1369,False,6.0,1.0,7.0,191.0,206.0,397.0,66.16666666666667,1.1666666666666667,0.5188916876574308,1,1,0
331673,27,1330,4,166,False,0.0,0.0,0.0,0.0,0.0,0.0,0.0,0.0,0.0,0,0,0
331670,42,2595,6,382,False,0.0,0.0,0.0,0.0,0.0,0.0,0.0,0.0,0.0,0,0,0
331669,64,3992,9,600,False,0.0,0.0,0.0,0.0,0.0,0.0,0.0,0.0,0.0,0,0,0
331668,114,1738,13,193,True,0.0,0.0,0.0,0.0,0.0,0.0,0.0,0.0,0.0,0,0,0
331667,51,1068,7,143,False,2.0,1.0,339.0,18971.0,5246.0,24217.0,12108.5,169.5,0.216624685138539,1,1,1
331665,35,453,6,72,False,4.0,1.0,185.0,17985.0,4081.0,22066.0,5516.5,46.25,0.1849451645064805,1,1,1
331664,63,3868,9,556,True,0.0,0.0,0.0,0.0,0.0,0.0,0.0,0.0,0.0,0,0,0
331662,75,3121,9,441,False,0.0,0.0,0.0,0.0,0.0,0.0,0.0,0.0,0.0,0,0,0
331661,41,2698,6,356,False,1.0,1.0,300.0,8623.0,8534.0,17157.0,17157.0,300.0,0.497406306463834,1,1,1
331660,78,2034,7,311,True,0.0,0.0,0.0,0.0,0.0,0.0,0.0,0.0,0.0,0,0,0
331657,66,4731,9,559,False,0.0,0.0,0.0,0.0,0.0,0.0,0.0,0.0,0.0,0,0,0
331645,63,3291,8,287,False,1.0,1.0,3.0,107.0,25.0,132.0,132.0,3.0,0.1893939393939394,1,1,0
331644,79,343,12,49,False,1.0,1.0,2.0,1.0,6.0,7.0,7.0,2.0,0.8571428571428571,1,1,0
331643,62,3185,11,432,False,2.0,1.0,2.0,8.0,2.0,10.0,5.0,1.0,0.2,1,1,0
331640,53,159,8,22,False,0.0,0.0,0.0,0.0,0.0,0.0,0.0,0.0,0.0,0,0,0
331635,86,1985,12,247,False,7.0,1.0,378.0,21587.0,8396.0,29983.0,4283.285714285715,54.0,0.2800253476970283,1,1,1
331631,51,821,6,119,False,0.0,0.0,0.0,0.0,0.0,0.0,0.0,0.0,0.0,0,0,0
331630,62,235,9,38,False,0.0,0.0,0.0,0.0,0.0,0.0,0.0,0.0,0.0,0,0,0
331629,58,959,10,152,True,0.0,0.0,0.0,0.0,0.0,0.0,0.0,0.0,0.0,0,0,0
331628,48,226,7,35,False,0.0,0.0,0.0,0.0,0.0,0.0,0.0,0.0,0.0,0,0,0
331627,39,9360,5,834,True,2.0,1.0,2.0,55.0,1.0,56.0,28.0,1.0,0.0178571428571428,1,1,0
331626,69,2163,8,272,False,1.0,1.0,2.0,6.0,6.0,12.0,12.0,2.0,0.5,1,1,0
331625,37,1066,5,142,False,2.0,1.0,4.0,257.0,92.0,349.0,174.5,2.0,0.2636103151862464,1,1,0
331623,94,312,15,47,False,0.0,0.0,0.0,0.0,0.0,0.0,0.0,0.0,0.0,0,0,0
331620,63,992,10,135,False,0.0,0.0,0.0,0.0,0.0,0.0,0.0,0.0,0.0,0,0,1
331619,74,1224,11,138,False,1.0,1.0,2.0,10.0,11.0,21.0,21.0,2.0,0.5238095238095238,1,1,0
331618,71,981,9,115,False,1.0,1.0,1.0,79.0,17.0,96.0,96.0,1.0,0.1770833333333333,1,1,1
331617,60,2866,9,429,False,2.0,1.0,2.0,38.0,12.0,50.0,25.0,1.0,0.24,1,1,0
331614,110,343,20,49,False,0.0,0.0,0.0,0.0,0.0,0.0,0.0,0.0,0.0,0,0,0
331612,57,942,11,177,False,5.0,1.0,7.0,65.0,43.0,108.0,21.6,1.4,0.3981481481481481,1,1,0
331611,48,877,7,115,False,0.0,0.0,0.0,0.0,0.0,0.0,0.0,0.0,0.0,0,0,0
331606,76,4377,13,663,False,11.0,1.0,293.0,8098.0,14309.0,22407.0,2037.0,26.63636363636364,0.638595081894051,1,1,1
331604,108,3071,14,382,False,4.0,1.0,326.0,10018.0,8812.0,18830.0,4707.5,81.5,0.4679766330323951,1,1,1
331603,46,1278,6,169,True,0.0,0.0,0.0,0.0,0.0,0.0,0.0,0.0,0.0,0,0,0
331602,56,800,8,93,False,2.0,1.0,6.0,170.0,71.0,241.0,120.5,3.0,0.2946058091286307,1,1,1
331596,80,3736,12,521,False,0.0,0.0,0.0,0.0,0.0,0.0,0.0,0.0,0.0,0,0,0
331591,44,1778,8,254,False,3.0,1.0,62.0,2232.0,385.0,2617.0,872.3333333333334,20.666666666666668,0.1471150171952617,1,1,1
331588,48,2277,8,319,True,2.0,1.0,8.0,125.0,30.0,155.0,77.5,4.0,0.1935483870967742,1,1,1
331587,50,498,7,57,False,3.0,1.0,214.0,7910.0,1365.0,9275.0,3091.6666666666665,71.33333333333333,0.1471698113207547,1,1,1
331586,27,412,4,57,False,1.0,1.0,1.0,5.0,3.0,8.0,8.0,1.0,0.375,1,1,0
331585,35,1443,3,198,True,0.0,0.0,0.0,0.0,0.0,0.0,0.0,0.0,0.0,0,0,0
331577,44,293,6,39,False,1.0,1.0,1.0,4.0,1.0,5.0,5.0,1.0,0.2,1,1,0
331576,36,436,5,56,True,0.0,0.0,0.0,0.0,0.0,0.0,0.0,0.0,0.0,0,0,0
331575,46,599,6,68,False,0.0,0.0,0.0,0.0,0.0,0.0,0.0,0.0,0.0,0,0,0
331574,52,2445,7,361,False,2.0,1.0,5.0,144.0,81.0,225.0,112.5,2.5,0.36,1,1,0
331573,53,2891,9,406,False,2.0,1.0,13.0,220.0,53.0,273.0,136.5,6.5,0.1941391941391941,1,1,1
331571,24,3730,4,555,False,0.0,0.0,0.0,0.0,0.0,0.0,0.0,0.0,0.0,0,0,0
331569,54,4016,9,550,False,0.0,0.0,0.0,0.0,0.0,0.0,0.0,0.0,0.0,0,0,0
331565,69,5005,10,730,True,5.0,1.0,12.0,717.0,245.0,962.0,192.4,2.4,0.2546777546777546,1,1,0
331564,44,831,7,102,False,0.0,0.0,0.0,0.0,0.0,0.0,0.0,0.0,0.0,0,0,0
331561,45,858,6,117,False,14.0,1.0,276.0,7141.0,14266.0,21407.0,1529.071428571429,19.714285714285715,0.6664175269771571,1,1,1
331560,55,873,6,108,False,0.0,0.0,0.0,0.0,0.0,0.0,0.0,0.0,0.0,0,0,0
331559,51,856,7,94,False,0.0,0.0,0.0,0.0,0.0,0.0,0.0,0.0,0.0,0,0,0
331558,32,1274,5,199,False,0.0,0.0,0.0,0.0,0.0,0.0,0.0,0.0,0.0,0,0,0
331557,51,915,8,124,False,1.0,1.0,2.0,59.0,14.0,73.0,73.0,2.0,0.1917808219178082,1,1,0
331556,14,397,3,51,False,0.0,0.0,0.0,0.0,0.0,0.0,0.0,0.0,0.0,0,0,0
331555,41,806,8,120,False,0.0,0.0,0.0,0.0,0.0,0.0,0.0,0.0,0.0,0,0,0
331552,39,12661,5,1232,True,8.0,2.0,26.0,3720.0,3534.0,7254.0,906.75,3.25,0.4871794871794871,1,1,1
331551,48,2924,7,381,False,1.0,1.0,3.0,13.0,7.0,20.0,20.0,3.0,0.35,1,1,0
331550,44,349,6,42,False,3.0,1.0,9.0,135.0,338.0,473.0,157.66666666666666,3.0,0.7145877378435518,1,1,1
331549,34,620,5,77,False,2.0,2.0,2.0,29.0,42.0,71.0,35.5,1.0,0.5915492957746479,1,1,0
331547,43,837,6,118,False,0.0,0.0,0.0,0.0,0.0,0.0,0.0,0.0,0.0,0,0,0
331545,64,343,13,49,False,0.0,0.0,0.0,0.0,0.0,0.0,0.0,0.0,0.0,0,0,0
331544,54,2099,7,302,False,5.0,1.0,128.0,2504.0,563.0,3067.0,613.4,25.6,0.1835670035865667,1,1,0
331543,40,496,6,67,False,0.0,0.0,0.0,0.0,0.0,0.0,0.0,0.0,0.0,0,0,0
331540,44,706,6,87,False,0.0,0.0,0.0,0.0,0.0,0.0,0.0,0.0,0.0,0,0,0
331539,45,944,6,115,True,0.0,0.0,0.0,0.0,0.0,0.0,0.0,0.0,0.0,0,0,0
331536,48,399,9,51,False,1.0,1.0,6.0,159.0,63.0,222.0,222.0,6.0,0.2837837837837837,1,1,0
331533,49,1279,6,177,True,0.0,0.0,0.0,0.0,0.0,0.0,0.0,0.0,0.0,0,0,0
331530,15,343,3,49,False,0.0,0.0,0.0,0.0,0.0,0.0,0.0,0.0,0.0,0,0,1
331529,48,837,7,96,False,4.0,1.0,5.0,142.0,108.0,250.0,62.5,1.25,0.432,1,1,1
331527,56,3747,8,549,False,1.0,1.0,3.0,17.0,37.0,54.0,54.0,3.0,0.6851851851851852,1,1,0
331525,51,3025,7,436,False,4.0,2.0,25.0,629.0,587.0,1216.0,304.0,6.25,0.4827302631578947,1,1,0
331524,58,861,7,128,False,0.0,0.0,0.0,0.0,0.0,0.0,0.0,0.0,0.0,0,0,0
331523,53,505,9,72,False,1.0,1.0,5.0,22.0,5.0,27.0,27.0,5.0,0.1851851851851851,1,1,0
331522,16,694,3,93,False,5.0,2.0,152.0,3404.0,618.0,4022.0,804.4,30.4,0.1536548980606663,1,1,1
331520,27,212,4,25,False,0.0,0.0,0.0,0.0,0.0,0.0,0.0,0.0,0.0,0,0,0
331519,88,3709,12,283,True,0.0,0.0,0.0,0.0,0.0,0.0,0.0,0.0,0.0,0,0,0
331518,46,2411,5,312,False,12.0,1.0,132.0,3193.0,1148.0,4341.0,361.75,11.0,0.2644551946556093,1,1,1
331516,56,472,8,60,False,3.0,1.0,132.0,2806.0,419.0,3225.0,1075.0,44.0,0.129922480620155,1,1,0
331515,43,635,7,81,True,1.0,1.0,152.0,2822.0,518.0,3340.0,3340.0,152.0,0.1550898203592814,1,1,0
331514,44,4988,6,614,True,9.0,1.0,11.0,267.0,52.0,319.0,35.44444444444444,1.2222222222222223,0.1630094043887147,1,1,1
331512,38,531,6,73,False,0.0,0.0,0.0,0.0,0.0,0.0,0.0,0.0,0.0,0,0,0
331510,46,952,5,128,False,0.0,0.0,0.0,0.0,0.0,0.0,0.0,0.0,0.0,0,0,0
331509,46,1394,8,190,False,4.0,1.0,177.0,4998.0,645.0,5643.0,1410.75,44.25,0.1143009037745879,1,1,1
331506,44,815,6,123,False,0.0,0.0,0.0,0.0,0.0,0.0,0.0,0.0,0.0,0,0,0
331505,41,343,6,49,False,3.0,1.0,97.0,1887.0,331.0,2218.0,739.3333333333334,32.333333333333336,0.1492335437330929,1,1,0
331503,44,465,7,60,False,3.0,1.0,51.0,924.0,189.0,1113.0,371.0,17.0,0.1698113207547169,1,1,0
331501,43,468,5,55,False,1.0,1.0,2.0,52.0,39.0,91.0,91.0,2.0,0.4285714285714285,1,1,0
331499,34,381,5,43,False,0.0,0.0,0.0,0.0,0.0,0.0,0.0,0.0,0.0,0,0,0
331496,46,114,8,18,False,0.0,0.0,0.0,0.0,0.0,0.0,0.0,0.0,0.0,0,0,0
331495,57,440,8,66,False,5.0,1.0,2.0,22.0,22.0,44.0,8.8,0.4,0.5,1,1,0
331492,45,597,7,86,False,2.0,1.0,8.0,150.0,23.0,173.0,86.5,4.0,0.1329479768786127,1,1,0
331491,66,965,8,127,False,4.0,1.0,269.0,5513.0,11804.0,17317.0,4329.25,67.25,0.6816423167985217,1,1,1
331490,52,2450,6,292,False,0.0,0.0,0.0,0.0,0.0,0.0,0.0,0.0,0.0,0,0,0
331488,47,636,7,87,False,2.0,1.0,9.0,216.0,84.0,300.0,150.0,4.5,0.28,1,1,0
331486,57,1863,8,265,True,0.0,0.0,0.0,0.0,0.0,0.0,0.0,0.0,0.0,0,0,0
331485,73,198,12,30,False,1.0,1.0,1.0,1.0,1.0,2.0,2.0,1.0,0.5,1,1,0
331482,46,1321,8,176,True,2.0,1.0,2.0,16.0,29.0,45.0,22.5,1.0,0.6444444444444445,1,1,0
331481,82,343,14,49,False,2.0,1.0,2.0,6.0,3.0,9.0,4.5,1.0,0.3333333333333333,1,1,0
331479,46,234,6,35,False,0.0,0.0,0.0,0.0,0.0,0.0,0.0,0.0,0.0,0,0,0
331476,58,332,11,40,False,0.0,0.0,0.0,0.0,0.0,0.0,0.0,0.0,0.0,0,0,0
331474,70,4293,10,576,True,2.0,1.0,2.0,34.0,45.0,79.0,39.5,1.0,0.569620253164557,1,1,0
331472,52,2785,8,405,False,1.0,1.0,5.0,90.0,18.0,108.0,108.0,5.0,0.1666666666666666,1,1,0
331471,47,715,7,78,False,2.0,1.0,11.0,282.0,20.0,302.0,151.0,5.5,0.0662251655629139,1,1,0
331468,33,0,7,0,False,2.0,1.0,2.0,2.0,2.0,4.0,2.0,1.0,0.5,1,1,0
331467,55,375,9,47,False,0.0,0.0,0.0,0.0,0.0,0.0,0.0,0.0,0.0,0,0,0
331465,51,343,7,49,False,0.0,0.0,0.0,0.0,0.0,0.0,0.0,0.0,0.0,0,0,0
331461,109,1900,9,204,False,0.0,0.0,0.0,0.0,0.0,0.0,0.0,0.0,0.0,0,0,0
331459,53,202,8,22,False,1.0,1.0,1.0,1.0,1.0,2.0,2.0,1.0,0.5,1,1,0
331458,71,1159,10,170,False,0.0,0.0,0.0,0.0,0.0,0.0,0.0,0.0,0.0,0,0,0
331453,58,1858,8,235,False,0.0,0.0,0.0,0.0,0.0,0.0,0.0,0.0,0.0,0,0,0
331451,38,2728,4,168,False,0.0,0.0,0.0,0.0,0.0,0.0,0.0,0.0,0.0,0,0,0
331450,45,792,7,114,False,1.0,1.0,2.0,11.0,9.0,20.0,20.0,2.0,0.45,1,1,0
331449,51,864,8,128,True,1.0,1.0,2.0,37.0,3.0,40.0,40.0,2.0,0.075,1,1,0
331448,58,4147,9,583,False,1.0,1.0,8.0,191.0,66.0,257.0,257.0,8.0,0.2568093385214007,1,1,0
331447,46,951,5,130,True,1.0,1.0,3.0,163.0,20.0,183.0,183.0,3.0,0.1092896174863388,1,1,0
331446,40,1060,6,146,False,3.0,1.0,3.0,268.0,100.0,368.0,122.66666666666669,1.0,0.2717391304347826,1,1,0
331444,53,967,7,143,False,0.0,0.0,0.0,0.0,0.0,0.0,0.0,0.0,0.0,0,0,0
331442,40,947,5,126,False,2.0,1.0,2.0,164.0,5.0,169.0,84.5,1.0,0.029585798816568,1,1,1
331439,41,1986,6,262,False,3.0,1.0,74.0,2815.0,844.0,3659.0,1219.6666666666667,24.666666666666668,0.2306641158786553,1,1,1
331438,62,1035,8,134,False,1.0,1.0,1.0,1.0,3.0,4.0,4.0,1.0,0.75,1,1,0
331437,60,3818,9,505,False,0.0,0.0,0.0,0.0,0.0,0.0,0.0,0.0,0.0,0,0,0
331436,44,1349,7,173,False,0.0,0.0,0.0,0.0,0.0,0.0,0.0,0.0,0.0,0,0,0
331435,52,960,7,136,False,1.0,1.0,1.0,1.0,0.0,1.0,1.0,1.0,0.0,1,1,0
331432,49,927,6,114,False,0.0,0.0,0.0,0.0,0.0,0.0,0.0,0.0,0.0,0,0,0
331430,46,1992,6,279,False,1.0,1.0,6.0,64.0,13.0,77.0,77.0,6.0,0.1688311688311688,1,1,0
331424,50,2403,8,346,False,0.0,0.0,0.0,0.0,0.0,0.0,0.0,0.0,0.0,0,0,0
331419,55,2069,9,278,False,0.0,0.0,0.0,0.0,0.0,0.0,0.0,0.0,0.0,0,0,0
331418,72,4132,10,526,False,5.0,1.0,7.0,184.0,104.0,288.0,57.6,1.4,0.3611111111111111,1,1,0
331416,96,2244,13,298,False,0.0,0.0,0.0,0.0,0.0,0.0,0.0,0.0,0.0,0,0,0
331415,55,4402,7,636,False,2.0,1.0,2.0,133.0,47.0,180.0,90.0,1.0,0.2611111111111111,1,1,0
331414,85,4956,12,594,False,0.0,0.0,0.0,0.0,0.0,0.0,0.0,0.0,0.0,0,0,0
331410,61,3579,9,500,False,3.0,1.0,2.0,49.0,17.0,66.0,22.0,0.6666666666666666,0.2575757575757575,1,1,0
331409,99,3457,14,401,True,0.0,0.0,0.0,0.0,0.0,0.0,0.0,0.0,0.0,0,0,0
331408,50,3947,9,574,False,0.0,0.0,0.0,0.0,0.0,0.0,0.0,0.0,0.0,0,0,0
331407,27,212,4,25,False,3.0,2.0,156.0,7302.0,3342.0,10644.0,3548.0,52.0,0.3139797068771138,1,1,1
331406,35,494,5,57,False,0.0,0.0,0.0,0.0,0.0,0.0,0.0,0.0,0.0,0,0,0
331405,34,442,6,60,False,1.0,1.0,1.0,3.0,3.0,6.0,6.0,1.0,0.5,1,1,0
331402,72,343,10,49,False,1.0,1.0,4.0,62.0,35.0,97.0,97.0,4.0,0.3608247422680412,1,1,0
331401,34,826,5,81,False,1.0,1.0,1.0,1.0,1.0,2.0,2.0,1.0,0.5,1,1,0
331399,33,416,5,55,False,1.0,1.0,0.0,0.0,0.0,0.0,0.0,0.0,0.0,1,0,0
331396,55,2178,8,287,False,1.0,1.0,2.0,2.0,8.0,10.0,10.0,2.0,0.8,1,1,0
331395,55,351,7,55,False,0.0,0.0,0.0,0.0,0.0,0.0,0.0,0.0,0.0,0,0,1
331394,41,1626,6,222,False,4.0,1.0,305.0,14037.0,3819.0,17856.0,4464.0,76.25,0.213877688172043,1,1,1
331391,58,1471,9,184,False,2.0,1.0,344.0,20484.0,4047.0,24531.0,12265.5,172.0,0.164974929680812,1,1,1
331387,58,1264,9,174,False,0.0,0.0,0.0,0.0,0.0,0.0,0.0,0.0,0.0,0,0,0
331386,58,794,7,106,True,0.0,0.0,0.0,0.0,0.0,0.0,0.0,0.0,0.0,0,0,0
331383,30,589,5,84,False,0.0,0.0,0.0,0.0,0.0,0.0,0.0,0.0,0.0,0,0,0
331382,49,55,7,2,False,1.0,1.0,1.0,10.0,8.0,18.0,18.0,1.0,0.4444444444444444,1,1,0
331380,24,406,4,51,False,1.0,1.0,78.0,2404.0,466.0,2870.0,2870.0,78.0,0.162369337979094,1,1,0
331378,45,846,5,126,False,18.0,1.0,59.0,1908.0,486.0,2394.0,133.0,3.2777777777777777,0.2030075187969924,1,1,1
331377,35,1029,5,113,False,0.0,0.0,0.0,0.0,0.0,0.0,0.0,0.0,0.0,0,0,0
331376,67,1389,11,190,True,1.0,1.0,1.0,2.0,0.0,2.0,2.0,1.0,0.0,1,1,0
331375,58,935,11,131,True,1.0,1.0,1.0,6.0,1.0,7.0,7.0,1.0,0.1428571428571428,1,1,0
331372,42,1561,5,211,False,13.0,2.0,301.0,18513.0,6788.0,25301.0,1946.2307692307693,23.153846153846157,0.268289790917355,1,1,1
331370,68,1821,10,212,False,5.0,2.0,313.0,14897.0,4229.0,19126.0,3825.2,62.6,0.2211126215622712,1,1,1
331369,68,1149,11,141,False,2.0,2.0,302.0,11935.0,2872.0,14807.0,7403.5,151.0,0.1939623151212264,1,1,1
331364,66,388,8,51,False,1.0,1.0,0.0,0.0,0.0,0.0,0.0,0.0,0.0,1,0,0
331363,55,1006,9,141,False,0.0,0.0,0.0,0.0,0.0,0.0,0.0,0.0,0.0,0,0,0
331362,47,952,8,136,False,0.0,0.0,0.0,0.0,0.0,0.0,0.0,0.0,0.0,0,0,0
331358,54,233,7,28,False,2.0,2.0,246.0,13006.0,3901.0,16907.0,8453.5,123.0,0.2307328325545632,1,1,1
331356,41,305,6,50,False,0.0,0.0,0.0,0.0,0.0,0.0,0.0,0.0,0.0,0,0,0
331353,62,1173,10,162,False,1.0,1.0,4.0,9.0,4.0,13.0,13.0,4.0,0.3076923076923077,1,1,0
331352,66,1299,8,168,False,0.0,0.0,0.0,0.0,0.0,0.0,0.0,0.0,0.0,0,0,0
331351,40,465,6,60,False,1.0,1.0,1.0,13.0,50.0,63.0,63.0,1.0,0.7936507936507936,1,1,1
331349,69,3440,10,487,False,3.0,1.0,3.0,62.0,51.0,113.0,37.66666666666666,1.0,0.4513274336283185,1,1,0
331345,56,5150,8,749,False,3.0,1.0,2.0,63.0,54.0,117.0,39.0,0.6666666666666666,0.4615384615384615,1,1,0
331343,40,187,6,23,False,1.0,1.0,1.0,1.0,2.0,3.0,3.0,1.0,0.6666666666666666,1,1,0
331340,47,247,5,33,False,0.0,0.0,0.0,0.0,0.0,0.0,0.0,0.0,0.0,0,0,0
331339,70,1887,7,219,False,0.0,0.0,0.0,0.0,0.0,0.0,0.0,0.0,0.0,0,0,0
331338,60,1929,10,244,False,4.0,1.0,43.0,736.0,238.0,974.0,243.5,10.75,0.24435318275154,1,1,0
331337,74,1075,14,142,False,3.0,2.0,4.0,19.0,4.0,23.0,7.666666666666667,1.3333333333333333,0.1739130434782608,1,1,0
331333,56,1071,10,130,True,1.0,1.0,1.0,2.0,0.0,2.0,2.0,1.0,0.0,1,1,0
331332,52,746,6,99,False,0.0,0.0,0.0,0.0,0.0,0.0,0.0,0.0,0.0,0,0,0
331331,64,1090,12,146,True,0.0,0.0,0.0,0.0,0.0,0.0,0.0,0.0,0.0,0,0,0
331329,54,1198,9,162,True,1.0,1.0,1.0,15.0,4.0,19.0,19.0,1.0,0.2105263157894736,1,1,0
331328,78,1690,12,213,True,3.0,2.0,2.0,148.0,27.0,175.0,58.333333333333336,0.6666666666666666,0.1542857142857142,1,1,0
331326,45,1308,8,160,True,6.0,2.0,300.0,14147.0,3715.0,17862.0,2977.0,50.0,0.2079834285074459,1,1,1
331324,36,1802,6,222,False,0.0,0.0,0.0,0.0,0.0,0.0,0.0,0.0,0.0,0,0,0
331322,67,2095,10,269,False,2.0,2.0,1.0,4.0,2.0,6.0,3.0,0.5,0.3333333333333333,1,1,0
331321,43,551,5,57,False,1.0,1.0,2.0,7.0,9.0,16.0,16.0,2.0,0.5625,1,1,0
331315,33,210,4,28,False,0.0,0.0,0.0,0.0,0.0,0.0,0.0,0.0,0.0,0,0,0
331313,47,474,7,62,False,2.0,2.0,34.0,883.0,177.0,1060.0,530.0,17.0,0.1669811320754717,1,1,0
331312,46,460,8,64,True,1.0,1.0,1.0,2.0,5.0,7.0,7.0,1.0,0.7142857142857143,1,1,0
331310,45,3190,8,424,False,3.0,1.0,2.0,28.0,28.0,56.0,18.666666666666668,0.6666666666666666,0.5,1,1,0
331308,26,533,4,63,False,1.0,1.0,2.0,33.0,18.0,51.0,51.0,2.0,0.3529411764705882,1,1,0
331307,44,983,7,150,False,1.0,1.0,1.0,36.0,0.0,36.0,36.0,1.0,0.0,1,1,0
331306,52,1262,7,163,False,2.0,1.0,1.0,1.0,1.0,2.0,1.0,0.5,0.5,1,1,0
331300,55,3156,11,429,False,2.0,1.0,2.0,60.0,25.0,85.0,42.5,1.0,0.2941176470588235,1,1,0
331298,56,1512,10,219,False,9.0,1.0,28.0,603.0,522.0,1125.0,125.0,3.111111111111111,0.464,1,1,0
331297,37,1076,6,156,False,0.0,0.0,0.0,0.0,0.0,0.0,0.0,0.0,0.0,0,0,0
331283,66,3944,8,502,False,0.0,0.0,0.0,0.0,0.0,0.0,0.0,0.0,0.0,0,0,0
331282,77,4178,11,686,False,22.0,1.0,513.0,27556.0,5474.0,33030.0,1501.3636363636365,23.318181818181817,0.1657281259461095,1,1,1
331281,62,3992,9,584,False,1.0,1.0,2.0,10.0,46.0,56.0,56.0,2.0,0.8214285714285714,1,1,0
331278,32,406,7,51,False,0.0,0.0,0.0,0.0,0.0,0.0,0.0,0.0,0.0,0,0,0
331276,58,1369,7,196,False,1.0,1.0,1.0,1.0,5.0,6.0,6.0,1.0,0.8333333333333334,1,1,0
331244,44,844,6,134,False,2.0,1.0,40.0,1815.0,278.0,2093.0,1046.5,20.0,0.1328236980410893,1,1,0
331241,37,889,4,99,False,3.0,1.0,104.0,3753.0,612.0,4365.0,1455.0,34.666666666666664,0.1402061855670103,1,1,0
331239,56,1201,6,151,False,1.0,1.0,6.0,65.0,13.0,78.0,78.0,6.0,0.1666666666666666,1,1,0
331236,38,1045,5,162,False,0.0,0.0,0.0,0.0,0.0,0.0,0.0,0.0,0.0,0,0,0
331233,48,1094,7,136,False,3.0,2.0,363.0,17372.0,5136.0,22508.0,7502.666666666667,121.0,0.228185534032344,1,1,1
331225,56,1277,10,189,True,1.0,1.0,2.0,21.0,5.0,26.0,26.0,2.0,0.1923076923076923,1,1,0
331224,56,1722,8,256,False,4.0,2.0,10.0,162.0,30.0,192.0,48.0,2.5,0.15625,1,1,0
331222,59,1159,9,172,False,3.0,1.0,2.0,168.0,10.0,178.0,59.333333333333336,0.6666666666666666,0.0561797752808988,1,1,0
331221,40,356,6,43,False,2.0,1.0,7.0,51.0,15.0,66.0,33.0,3.5,0.2272727272727272,1,1,0
331209,43,1079,5,125,False,0.0,0.0,0.0,0.0,0.0,0.0,0.0,0.0,0.0,0,0,0
331204,35,308,5,50,False,0.0,0.0,0.0,0.0,0.0,0.0,0.0,0.0,0.0,0,0,0
331198,34,1067,5,99,False,1.0,1.0,2.0,45.0,3.0,48.0,48.0,2.0,0.0625,1,1,1
331187,43,912,5,106,False,2.0,1.0,1.0,27.0,26.0,53.0,26.5,0.5,0.490566037735849,1,1,0
331185,29,1844,4,235,False,1.0,1.0,1.0,24.0,15.0,39.0,39.0,1.0,0.3846153846153846,1,1,0
331183,109,1900,9,204,False,0.0,0.0,0.0,0.0,0.0,0.0,0.0,0.0,0.0,0,0,0
331181,35,534,5,52,False,2.0,1.0,6.0,135.0,9.0,144.0,72.0,3.0,0.0625,1,1,0
331177,89,165,14,25,False,0.0,0.0,0.0,0.0,0.0,0.0,0.0,0.0,0.0,0,0,0
331176,56,3850,6,511,False,2.0,1.0,5.0,18.0,81.0,99.0,49.5,2.5,0.8181818181818182,1,1,0
331175,78,918,14,132,False,1.0,1.0,1.0,6.0,6.0,12.0,12.0,1.0,0.5,1,1,0
331173,41,1639,7,167,False,2.0,1.0,301.0,16226.0,3747.0,19973.0,9986.5,150.5,0.1876032644069493,1,1,1
331170,49,1342,5,124,False,1.0,1.0,1.0,4.0,2.0,6.0,6.0,1.0,0.3333333333333333,1,1,1
331162,53,837,7,105,False,0.0,0.0,0.0,0.0,0.0,0.0,0.0,0.0,0.0,0,0,0
331160,51,1563,7,156,False,4.0,1.0,300.0,14899.0,4333.0,19232.0,4808.0,75.0,0.2253015806988352,1,1,1
331158,46,1774,6,265,False,2.0,1.0,90.0,2783.0,496.0,3279.0,1639.5,45.0,0.1512656297651723,1,1,0
331157,45,281,6,19,False,0.0,0.0,0.0,0.0,0.0,0.0,0.0,0.0,0.0,0,0,0
331156,23,322,4,27,False,0.0,0.0,0.0,0.0,0.0,0.0,0.0,0.0,0.0,0,0,0
331153,48,746,9,111,False,0.0,0.0,0.0,0.0,0.0,0.0,0.0,0.0,0.0,0,0,1
331152,74,885,10,130,False,0.0,0.0,0.0,0.0,0.0,0.0,0.0,0.0,0.0,0,0,0
331151,75,870,11,125,False,0.0,0.0,0.0,0.0,0.0,0.0,0.0,0.0,0.0,0,0,0
331150,52,1125,9,178,False,0.0,0.0,0.0,0.0,0.0,0.0,0.0,0.0,0.0,0,0,0
331149,47,970,6,120,False,0.0,0.0,0.0,0.0,0.0,0.0,0.0,0.0,0.0,0,0,0
331145,52,3894,9,506,False,1.0,1.0,3.0,67.0,7.0,74.0,74.0,3.0,0.0945945945945946,1,1,0
331139,55,2170,6,363,False,0.0,0.0,0.0,0.0,0.0,0.0,0.0,0.0,0.0,0,0,0
331133,58,1038,10,139,True,1.0,1.0,2.0,45.0,0.0,45.0,45.0,2.0,0.0,1,1,0
331132,55,343,10,49,False,1.0,1.0,1.0,1.0,1.0,2.0,2.0,1.0,0.5,1,1,0
331128,75,789,10,115,False,0.0,0.0,0.0,0.0,0.0,0.0,0.0,0.0,0.0,0,0,0
331126,48,855,9,129,False,2.0,1.0,1.0,4.0,2.0,6.0,3.0,0.5,0.3333333333333333,1,1,1
331124,51,1069,7,166,False,0.0,0.0,0.0,0.0,0.0,0.0,0.0,0.0,0.0,0,0,1
331121,44,547,5,49,False,1.0,1.0,1.0,2.0,0.0,2.0,2.0,1.0,0.0,1,1,0
331117,50,517,6,71,False,0.0,0.0,0.0,0.0,0.0,0.0,0.0,0.0,0.0,0,0,0
331116,46,1071,5,142,False,0.0,0.0,0.0,0.0,0.0,0.0,0.0,0.0,0.0,0,0,0
331115,48,670,6,93,False,0.0,0.0,0.0,0.0,0.0,0.0,0.0,0.0,0.0,0,0,0
331114,34,721,5,82,True,1.0,1.0,1.0,37.0,19.0,56.0,56.0,1.0,0.3392857142857143,1,1,0
331113,38,1103,5,101,False,0.0,0.0,0.0,0.0,0.0,0.0,0.0,0.0,0.0,0,0,0
331112,47,634,7,84,False,1.0,1.0,2.0,48.0,1.0,49.0,49.0,2.0,0.0204081632653061,1,1,0
331106,43,1093,7,147,False,0.0,0.0,0.0,0.0,0.0,0.0,0.0,0.0,0.0,0,0,0
331103,41,757,5,70,False,1.0,1.0,2.0,36.0,10.0,46.0,46.0,2.0,0.217391304347826,1,1,0
331099,47,952,7,121,False,1.0,1.0,2.0,11.0,20.0,31.0,31.0,2.0,0.6451612903225806,1,1,0
331098,47,569,6,77,False,1.0,1.0,2.0,22.0,5.0,27.0,27.0,2.0,0.1851851851851851,1,1,0
331097,30,2609,4,329,True,0.0,0.0,0.0,0.0,0.0,0.0,0.0,0.0,0.0,0,0,0
331094,40,772,5,104,False,0.0,0.0,0.0,0.0,0.0,0.0,0.0,0.0,0.0,0,0,0
331089,43,1140,6,164,False,2.0,1.0,8.0,156.0,12.0,168.0,84.0,4.0,0.0714285714285714,1,1,0
331087,37,1440,6,197,False,1.0,1.0,1.0,10.0,3.0,13.0,13.0,1.0,0.2307692307692307,1,1,1
331085,36,0,5,0,False,1.0,1.0,3.0,15.0,7.0,22.0,22.0,3.0,0.3181818181818182,1,1,0
331084,41,962,6,106,False,1.0,1.0,4.0,46.0,5.0,51.0,51.0,4.0,0.0980392156862745,1,1,0
331083,48,941,6,135,False,3.0,1.0,11.0,172.0,6.0,178.0,59.333333333333336,3.6666666666666665,0.0337078651685393,1,1,0
331082,45,5269,5,732,False,1.0,1.0,4.0,82.0,34.0,116.0,116.0,4.0,0.293103448275862,1,1,0
331080,40,376,6,49,False,0.0,0.0,0.0,0.0,0.0,0.0,0.0,0.0,0.0,0,0,0
331079,48,803,6,125,False,8.0,1.0,346.0,27946.0,3586.0,31532.0,3941.5,43.25,0.1137257389318787,1,1,1
331077,54,1738,8,241,False,0.0,0.0,0.0,0.0,0.0,0.0,0.0,0.0,0.0,0,0,0
331076,52,417,7,48,False,1.0,1.0,2.0,61.0,18.0,79.0,79.0,2.0,0.2278481012658227,1,1,0
331075,41,83,7,13,False,0.0,0.0,0.0,0.0,0.0,0.0,0.0,0.0,0.0,0,0,0
331063,49,574,8,77,False,0.0,0.0,0.0,0.0,0.0,0.0,0.0,0.0,0.0,0,0,0
331061,51,1095,5,141,False,0.0,0.0,0.0,0.0,0.0,0.0,0.0,0.0,0.0,0,0,1
331059,45,2016,6,290,False,1.0,1.0,2.0,147.0,9.0,156.0,156.0,2.0,0.0576923076923076,1,1,1
331057,52,1662,6,258,False,1.0,1.0,1.0,21.0,2.0,23.0,23.0,1.0,0.0869565217391304,1,1,0
331056,30,1183,4,166,False,2.0,1.0,2.0,17.0,29.0,46.0,23.0,1.0,0.6304347826086957,1,1,0
331055,45,610,7,85,False,0.0,0.0,0.0,0.0,0.0,0.0,0.0,0.0,0.0,0,0,1
331053,48,1584,6,216,True,0.0,0.0,0.0,0.0,0.0,0.0,0.0,0.0,0.0,0,0,0
331050,38,7205,5,1000,False,3.0,1.0,5.0,228.0,168.0,396.0,132.0,1.6666666666666667,0.4242424242424242,1,1,1
331047,68,5452,11,811,True,3.0,1.0,6.0,332.0,52.0,384.0,128.0,2.0,0.1354166666666666,1,1,0
331046,47,751,8,89,False,0.0,0.0,0.0,0.0,0.0,0.0,0.0,0.0,0.0,0,0,0
331045,67,2778,10,420,False,0.0,0.0,0.0,0.0,0.0,0.0,0.0,0.0,0.0,0,0,0
331044,48,223,6,23,False,3.0,1.0,4.0,247.0,76.0,323.0,107.66666666666669,1.3333333333333333,0.2352941176470588,1,1,0
331041,44,834,7,97,False,0.0,0.0,0.0,0.0,0.0,0.0,0.0,0.0,0.0,0,0,0
331040,38,650,6,74,False,3.0,1.0,5.0,150.0,125.0,275.0,91.66666666666669,1.6666666666666667,0.4545454545454545,1,1,0
331038,55,1491,8,232,False,0.0,0.0,0.0,0.0,0.0,0.0,0.0,0.0,0.0,0,0,0
331035,40,729,6,78,False,0.0,0.0,0.0,0.0,0.0,0.0,0.0,0.0,0.0,0,0,0
331033,68,1100,7,147,False,1.0,1.0,2.0,15.0,23.0,38.0,38.0,2.0,0.6052631578947368,1,1,0
331032,55,2797,7,390,False,1.0,1.0,2.0,23.0,7.0,30.0,30.0,2.0,0.2333333333333333,1,1,0
331028,47,492,7,68,False,0.0,0.0,0.0,0.0,0.0,0.0,0.0,0.0,0.0,0,0,0
331026,70,1866,11,252,False,0.0,0.0,0.0,0.0,0.0,0.0,0.0,0.0,0.0,0,0,0
331024,66,3659,11,525,True,1.0,1.0,5.0,120.0,6.0,126.0,126.0,5.0,0.0476190476190476,1,1,0
331019,57,826,10,120,False,0.0,0.0,0.0,0.0,0.0,0.0,0.0,0.0,0.0,0,0,1
331014,33,1149,6,127,False,1.0,1.0,3.0,43.0,5.0,48.0,48.0,3.0,0.1041666666666666,1,1,1
331012,48,1158,8,129,False,1.0,1.0,1.0,18.0,0.0,18.0,18.0,1.0,0.0,1,1,0
331010,37,2250,5,315,False,1.0,1.0,13.0,85.0,56.0,141.0,141.0,13.0,0.3971631205673759,1,1,1
331009,53,437,8,74,False,0.0,0.0,0.0,0.0,0.0,0.0,0.0,0.0,0.0,0,0,0
331008,54,729,7,104,False,1.0,1.0,1.0,29.0,0.0,29.0,29.0,1.0,0.0,1,1,0
331005,50,665,7,94,False,0.0,0.0,0.0,0.0,0.0,0.0,0.0,0.0,0.0,0,0,0
331004,73,1234,11,167,False,2.0,1.0,225.0,9121.0,2349.0,11470.0,5735.0,112.5,0.2047951176983435,1,1,1
330995,73,1741,11,241,False,0.0,0.0,0.0,0.0,0.0,0.0,0.0,0.0,0.0,0,0,0
330994,66,349,10,49,True,2.0,1.0,2.0,197.0,49.0,246.0,123.0,1.0,0.1991869918699187,1,1,0
330992,61,689,9,69,False,0.0,0.0,0.0,0.0,0.0,0.0,0.0,0.0,0.0,0,0,0
330990,73,3740,9,433,False,0.0,0.0,0.0,0.0,0.0,0.0,0.0,0.0,0.0,0,0,0
330989,35,1060,5,161,False,1.0,1.0,2.0,14.0,6.0,20.0,20.0,2.0,0.3,1,1,0
330988,40,212,7,33,False,0.0,0.0,0.0,0.0,0.0,0.0,0.0,0.0,0.0,0,0,0
330985,58,255,7,39,False,0.0,0.0,0.0,0.0,0.0,0.0,0.0,0.0,0.0,0,0,0
330983,40,2189,7,327,False,1.0,1.0,2.0,81.0,12.0,93.0,93.0,2.0,0.1290322580645161,1,1,0
330982,52,684,6,102,False,1.0,1.0,15.0,137.0,84.0,221.0,221.0,15.0,0.3800904977375565,1,1,0
330981,72,1786,10,231,False,1.0,1.0,2.0,9.0,4.0,13.0,13.0,2.0,0.3076923076923077,1,1,0
330980,52,487,10,62,False,5.0,1.0,13.0,227.0,194.0,421.0,84.2,2.6,0.4608076009501187,1,1,0
330978,45,63,7,6,False,2.0,1.0,178.0,7506.0,2029.0,9535.0,4767.5,89.0,0.2127949659150498,1,1,1
330973,94,1425,15,230,False,0.0,0.0,0.0,0.0,0.0,0.0,0.0,0.0,0.0,0,0,0
330971,49,994,7,126,False,1.0,1.0,2.0,31.0,1.0,32.0,32.0,2.0,0.03125,1,1,0
330970,57,893,8,118,True,0.0,0.0,0.0,0.0,0.0,0.0,0.0,0.0,0.0,0,0,0
330969,44,1108,6,163,False,2.0,1.0,5.0,53.0,22.0,75.0,37.5,2.5,0.2933333333333333,1,1,0
330968,63,745,8,113,False,1.0,1.0,2.0,49.0,15.0,64.0,64.0,2.0,0.234375,1,1,0
330967,39,3439,5,649,False,0.0,0.0,0.0,0.0,0.0,0.0,0.0,0.0,0.0,0,0,0
330966,45,1921,7,265,False,0.0,0.0,0.0,0.0,0.0,0.0,0.0,0.0,0.0,0,0,0
330965,39,796,6,102,False,0.0,0.0,0.0,0.0,0.0,0.0,0.0,0.0,0.0,0,0,0
330964,51,1025,6,133,False,1.0,1.0,2.0,8.0,4.0,12.0,12.0,2.0,0.3333333333333333,1,1,0
330963,33,386,5,60,False,1.0,1.0,8.0,17.0,14.0,31.0,31.0,8.0,0.4516129032258064,1,1,0
330961,64,1698,10,250,False,4.0,1.0,2.0,31.0,9.0,40.0,10.0,0.5,0.225,1,1,0
330959,105,2500,15,325,False,1.0,1.0,2.0,74.0,72.0,146.0,146.0,2.0,0.4931506849315068,1,1,0
330956,67,4792,10,651,False,0.0,0.0,0.0,0.0,0.0,0.0,0.0,0.0,0.0,0,0,0
330955,40,7277,7,936,False,0.0,0.0,0.0,0.0,0.0,0.0,0.0,0.0,0.0,0,0,1
330952,40,204,6,23,False,0.0,0.0,0.0,0.0,0.0,0.0,0.0,0.0,0.0,0,0,0
330949,49,676,7,75,True,0.0,0.0,0.0,0.0,0.0,0.0,0.0,0.0,0.0,0,0,0
330945,43,1875,6,264,False,0.0,0.0,0.0,0.0,0.0,0.0,0.0,0.0,0.0,0,0,0
330943,58,8279,11,1246,False,0.0,0.0,0.0,0.0,0.0,0.0,0.0,0.0,0.0,0,0,0
330942,56,3474,8,471,False,1.0,1.0,4.0,77.0,16.0,93.0,93.0,4.0,0.1720430107526881,1,1,0
330940,79,1935,9,249,False,2.0,1.0,94.0,1884.0,1072.0,2956.0,1478.0,47.0,0.3626522327469553,1,1,0
330937,35,62,4,9,False,1.0,1.0,1.0,2.0,1.0,3.0,3.0,1.0,0.3333333333333333,1,1,0
330933,59,3141,9,449,False,0.0,0.0,0.0,0.0,0.0,0.0,0.0,0.0,0.0,0,0,0
330931,44,465,7,59,False,1.0,1.0,1.0,15.0,8.0,23.0,23.0,1.0,0.3478260869565217,1,1,0
330930,47,406,7,51,False,0.0,0.0,0.0,0.0,0.0,0.0,0.0,0.0,0.0,0,0,0
330929,60,1491,7,203,False,6.0,1.0,323.0,24730.0,6260.0,30990.0,5165.0,53.833333333333336,0.202000645369474,1,1,1
330928,43,2934,7,355,False,0.0,0.0,0.0,0.0,0.0,0.0,0.0,0.0,0.0,0,0,0
330926,67,1706,9,199,False,4.0,1.0,11.0,91.0,44.0,135.0,33.75,2.75,0.3259259259259259,1,1,0
330925,38,342,6,17,False,1.0,1.0,2.0,6.0,1.0,7.0,7.0,2.0,0.1428571428571428,1,1,0
330924,36,712,6,104,False,1.0,1.0,2.0,17.0,3.0,20.0,20.0,2.0,0.15,1,1,0
330923,44,2791,6,369,False,0.0,0.0,0.0,0.0,0.0,0.0,0.0,0.0,0.0,0,0,0
330922,41,614,5,59,False,5.0,1.0,164.0,14727.0,3930.0,18657.0,3731.4,32.8,0.2106447981990673,1,1,1
330921,67,975,10,128,False,1.0,1.0,3.0,68.0,24.0,92.0,92.0,3.0,0.2608695652173913,1,1,1
330920,66,1077,9,144,False,6.0,1.0,60.0,2368.0,1602.0,3970.0,661.6666666666666,10.0,0.4035264483627204,1,1,0
330919,40,132,5,20,False,1.0,1.0,0.0,0.0,0.0,0.0,0.0,0.0,0.0,1,0,0
330910,65,2628,11,445,False,1.0,1.0,4.0,31.0,79.0,110.0,110.0,4.0,0.7181818181818181,1,1,1
330905,71,2220,12,378,False,0.0,0.0,0.0,0.0,0.0,0.0,0.0,0.0,0.0,0,0,0
330902,79,823,10,108,False,2.0,1.0,531.0,30020.0,7137.0,37157.0,18578.5,265.5,0.1920768630406114,1,1,1
330901,68,953,8,112,False,1.0,1.0,300.0,21249.0,4884.0,26133.0,26133.0,300.0,0.1868901389048329,1,1,1
330898,47,417,6,61,False,0.0,0.0,0.0,0.0,0.0,0.0,0.0,0.0,0.0,0,0,0
330897,51,505,8,69,False,0.0,0.0,0.0,0.0,0.0,0.0,0.0,0.0,0.0,0,0,0
330896,65,349,10,49,False,0.0,0.0,0.0,0.0,0.0,0.0,0.0,0.0,0.0,0,0,0
330891,33,271,5,38,False,0.0,0.0,0.0,0.0,0.0,0.0,0.0,0.0,0.0,0,0,0
330890,111,10045,12,1479,False,0.0,0.0,0.0,0.0,0.0,0.0,0.0,0.0,0.0,0,0,0
330887,50,253,6,34,False,1.0,1.0,3.0,3.0,3.0,6.0,6.0,3.0,0.5,1,1,0
330886,44,1303,7,173,False,22.0,1.0,73.0,2785.0,875.0,3660.0,166.36363636363637,3.3181818181818183,0.2390710382513661,1,1,0
330884,39,349,5,49,False,3.0,1.0,94.0,4388.0,609.0,4997.0,1665.6666666666667,31.33333333333333,0.1218731238743246,1,1,1
330883,88,13935,7,710,False,1.0,1.0,2.0,6.0,6.0,12.0,12.0,2.0,0.5,1,1,0
330882,72,3275,9,283,False,0.0,0.0,0.0,0.0,0.0,0.0,0.0,0.0,0.0,0,0,0
330881,47,2012,6,263,False,0.0,0.0,0.0,0.0,0.0,0.0,0.0,0.0,0.0,0,0,0
330877,37,713,6,104,False,3.0,1.0,4.0,138.0,108.0,246.0,82.0,1.3333333333333333,0.4390243902439024,1,1,0
330876,53,600,8,71,False,2.0,1.0,2.0,172.0,16.0,188.0,94.0,1.0,0.0851063829787234,1,1,0
330870,35,518,5,73,False,0.0,0.0,0.0,0.0,0.0,0.0,0.0,0.0,0.0,0,0,0
330867,53,347,7,59,False,0.0,0.0,0.0,0.0,0.0,0.0,0.0,0.0,0.0,0,0,0
330864,46,193,7,29,False,5.0,1.0,72.0,3850.0,531.0,4381.0,876.2,14.4,0.1212052042912577,1,1,0
330862,36,1502,4,168,False,0.0,0.0,0.0,0.0,0.0,0.0,0.0,0.0,0.0,0,0,0
330861,50,904,7,118,False,2.0,1.0,44.0,2952.0,281.0,3233.0,1616.5,22.0,0.0869161769254562,1,1,0
330860,49,678,6,99,False,0.0,0.0,0.0,0.0,0.0,0.0,0.0,0.0,0.0,0,0,0
330859,49,4639,7,644,False,1.0,1.0,2.0,89.0,19.0,108.0,108.0,2.0,0.1759259259259259,1,1,0
330858,55,773,9,112,False,0.0,0.0,0.0,0.0,0.0,0.0,0.0,0.0,0.0,0,0,0
330857,44,375,7,60,False,1.0,1.0,2.0,1.0,6.0,7.0,7.0,2.0,0.8571428571428571,1,1,0
330856,31,761,6,107,True,0.0,0.0,0.0,0.0,0.0,0.0,0.0,0.0,0.0,0,0,0
330854,35,949,5,132,False,1.0,1.0,2.0,5.0,2.0,7.0,7.0,2.0,0.2857142857142857,1,1,0
330853,58,3696,7,465,False,0.0,0.0,0.0,0.0,0.0,0.0,0.0,0.0,0.0,0,0,0
330852,36,397,6,51,False,2.0,1.0,1.0,2.0,12.0,14.0,7.0,0.5,0.8571428571428571,1,1,0
330851,46,2618,7,228,False,2.0,1.0,3.0,33.0,2.0,35.0,17.5,1.5,0.0571428571428571,1,1,0
330849,40,1199,6,144,False,1.0,1.0,4.0,30.0,9.0,39.0,39.0,4.0,0.2307692307692307,1,1,1
330848,35,618,6,97,False,3.0,1.0,88.0,14315.0,516.0,14831.0,4943.666666666667,29.33333333333333,0.0347919897511968,1,1,1
330847,46,611,7,92,False,1.0,1.0,2.0,11.0,6.0,17.0,17.0,2.0,0.3529411764705882,1,1,0
330843,27,212,4,25,False,0.0,0.0,0.0,0.0,0.0,0.0,0.0,0.0,0.0,0,0,0
330841,30,397,4,51,False,1.0,1.0,104.0,4637.0,655.0,5292.0,5292.0,104.0,0.123771730914588,1,1,1
330840,31,111,3,4,False,0.0,0.0,0.0,0.0,0.0,0.0,0.0,0.0,0.0,0,0,0
330839,46,645,6,88,False,0.0,0.0,0.0,0.0,0.0,0.0,0.0,0.0,0.0,0,0,0
330834,57,364,6,44,False,0.0,0.0,0.0,0.0,0.0,0.0,0.0,0.0,0.0,0,0,0
330833,59,161,10,25,False,0.0,0.0,0.0,0.0,0.0,0.0,0.0,0.0,0.0,0,0,0
330832,81,6579,9,726,True,1.0,1.0,6.0,15.0,13.0,28.0,28.0,6.0,0.4642857142857143,1,1,0
330829,48,637,6,86,False,2.0,1.0,3.0,13.0,2.0,15.0,7.5,1.5,0.1333333333333333,1,1,0
330827,61,3344,9,283,False,3.0,1.0,6.0,178.0,24.0,202.0,67.33333333333333,2.0,0.1188118811881188,1,1,0
330825,35,180,3,29,False,0.0,0.0,0.0,0.0,0.0,0.0,0.0,0.0,0.0,0,0,0
330824,49,242,8,30,False,0.0,0.0,0.0,0.0,0.0,0.0,0.0,0.0,0.0,0,0,0
330822,61,168,8,17,False,0.0,0.0,0.0,0.0,0.0,0.0,0.0,0.0,0.0,0,0,0
330820,58,167,8,24,False,0.0,0.0,0.0,0.0,0.0,0.0,0.0,0.0,0.0,0,0,0
330818,60,2800,9,246,False,1.0,1.0,2.0,97.0,3.0,100.0,100.0,2.0,0.03,1,1,0
330816,59,5301,8,680,False,6.0,1.0,13.0,504.0,195.0,699.0,116.5,2.1666666666666665,0.278969957081545,1,1,1
330812,52,643,6,85,False,3.0,1.0,14.0,517.0,60.0,577.0,192.33333333333331,4.666666666666667,0.1039861351819757,1,1,0
330810,49,960,8,126,False,2.0,1.0,4.0,188.0,4.0,192.0,96.0,2.0,0.0208333333333333,1,1,0
330808,54,898,8,125,False,0.0,0.0,0.0,0.0,0.0,0.0,0.0,0.0,0.0,0,0,0
330806,61,960,9,138,False,0.0,0.0,0.0,0.0,0.0,0.0,0.0,0.0,0.0,0,0,0
330804,61,1579,9,203,False,0.0,0.0,0.0,0.0,0.0,0.0,0.0,0.0,0.0,0,0,0
330803,48,370,5,44,False,0.0,0.0,0.0,0.0,0.0,0.0,0.0,0.0,0.0,0,0,0
330800,39,1114,5,138,False,0.0,0.0,0.0,0.0,0.0,0.0,0.0,0.0,0.0,0,0,0
330799,54,418,8,58,False,0.0,0.0,0.0,0.0,0.0,0.0,0.0,0.0,0.0,0,0,0
330796,16,445,3,36,False,0.0,0.0,0.0,0.0,0.0,0.0,0.0,0.0,0.0,0,0,0
330789,83,343,7,49,False,0.0,0.0,0.0,0.0,0.0,0.0,0.0,0.0,0.0,0,0,0
330785,49,4036,9,614,False,1.0,1.0,6.0,242.0,118.0,360.0,360.0,6.0,0.3277777777777778,1,1,1
330782,81,4161,9,449,False,5.0,2.0,18.0,224.0,497.0,721.0,144.2,3.6,0.6893203883495146,1,1,0
330781,40,2095,7,300,False,1.0,1.0,7.0,156.0,16.0,172.0,172.0,7.0,0.0930232558139534,1,1,0
330780,48,635,6,91,True,0.0,0.0,0.0,0.0,0.0,0.0,0.0,0.0,0.0,0,0,0
330779,51,992,6,139,True,3.0,1.0,6.0,461.0,40.0,501.0,167.0,2.0,0.0798403193612774,1,1,0
330778,48,2489,8,284,False,0.0,0.0,0.0,0.0,0.0,0.0,0.0,0.0,0.0,0,0,0
330777,37,1065,6,149,False,1.0,1.0,1.0,1.0,1.0,2.0,2.0,1.0,0.5,1,1,0
330776,28,473,4,54,False,0.0,0.0,0.0,0.0,0.0,0.0,0.0,0.0,0.0,0,0,0
330775,52,3110,7,406,False,1.0,1.0,2.0,11.0,11.0,22.0,22.0,2.0,0.5,1,1,0
330772,47,2432,5,350,False,3.0,1.0,7.0,112.0,28.0,140.0,46.66666666666666,2.333333333333333,0.2,1,1,0
330771,14,343,3,49,False,0.0,0.0,0.0,0.0,0.0,0.0,0.0,0.0,0.0,0,0,0
330770,31,0,5,0,False,0.0,0.0,0.0,0.0,0.0,0.0,0.0,0.0,0.0,0,0,0
330768,44,529,6,69,True,0.0,0.0,0.0,0.0,0.0,0.0,0.0,0.0,0.0,0,0,0
330767,37,1230,6,178,True,0.0,0.0,0.0,0.0,0.0,0.0,0.0,0.0,0.0,0,0,0
330766,44,363,7,56,False,0.0,0.0,0.0,0.0,0.0,0.0,0.0,0.0,0.0,0,0,0
330763,44,2484,6,308,False,0.0,0.0,0.0,0.0,0.0,0.0,0.0,0.0,0.0,0,0,0
330762,66,2190,10,282,False,1.0,1.0,1.0,4.0,0.0,4.0,4.0,1.0,0.0,1,1,0
330761,62,840,10,120,False,2.0,1.0,97.0,3022.0,599.0,3621.0,1810.5,48.5,0.1654239160452913,1,1,0
330759,59,2979,8,405,False,2.0,1.0,5.0,79.0,19.0,98.0,49.0,2.5,0.1938775510204081,1,1,0
330758,48,405,6,50,False,0.0,0.0,0.0,0.0,0.0,0.0,0.0,0.0,0.0,0,0,0
330756,44,1687,6,199,False,5.0,1.0,8.0,112.0,206.0,318.0,63.6,1.6,0.6477987421383647,1,1,0
330755,46,798,7,120,False,1.0,1.0,64.0,2134.0,501.0,2635.0,2635.0,64.0,0.1901328273244781,1,1,0
330754,88,1720,13,276,False,5.0,1.0,249.0,14122.0,7358.0,21480.0,4296.0,49.8,0.3425512104283054,1,1,1
330752,43,587,6,72,False,1.0,1.0,2.0,50.0,0.0,50.0,50.0,2.0,0.0,1,1,0
330751,57,723,7,99,False,0.0,0.0,0.0,0.0,0.0,0.0,0.0,0.0,0.0,0,0,0
330750,53,686,9,103,False,1.0,1.0,16.0,288.0,52.0,340.0,340.0,16.0,0.1529411764705882,1,1,0
330749,55,753,7,87,False,0.0,0.0,0.0,0.0,0.0,0.0,0.0,0.0,0.0,0,0,0
330748,46,942,6,133,False,1.0,1.0,5.0,130.0,5.0,135.0,135.0,5.0,0.037037037037037,1,1,1
330746,57,3460,10,456,False,0.0,0.0,0.0,0.0,0.0,0.0,0.0,0.0,0.0,0,0,0
330744,83,3266,9,344,True,1.0,1.0,6.0,15.0,12.0,27.0,27.0,6.0,0.4444444444444444,1,1,0
330743,70,2204,12,314,False,1.0,1.0,2.0,164.0,8.0,172.0,172.0,2.0,0.0465116279069767,1,1,0
330742,52,596,6,62,False,1.0,1.0,1.0,1.0,1.0,2.0,2.0,1.0,0.5,1,1,0
330741,37,642,6,79,False,0.0,0.0,0.0,0.0,0.0,0.0,0.0,0.0,0.0,0,0,0
330739,40,819,7,89,False,0.0,0.0,0.0,0.0,0.0,0.0,0.0,0.0,0.0,0,0,1
330737,42,1095,7,147,False,3.0,1.0,10.0,241.0,62.0,303.0,101.0,3.333333333333333,0.2046204620462046,1,1,0
330735,63,1378,9,194,False,1.0,1.0,2.0,8.0,14.0,22.0,22.0,2.0,0.6363636363636364,1,1,0
330734,50,31,5,2,False,0.0,0.0,0.0,0.0,0.0,0.0,0.0,0.0,0.0,0,0,0
330733,12,349,2,49,True,0.0,0.0,0.0,0.0,0.0,0.0,0.0,0.0,0.0,0,0,0
330731,46,1801,5,203,False,3.0,1.0,4.0,289.0,185.0,474.0,158.0,1.3333333333333333,0.390295358649789,1,1,0
330730,67,3180,13,452,False,2.0,1.0,6.0,99.0,63.0,162.0,81.0,3.0,0.3888888888888889,1,1,0
330729,40,547,5,58,False,3.0,2.0,150.0,8150.0,2719.0,10869.0,3623.0,50.0,0.2501610083724354,1,1,1
330727,53,848,6,86,False,0.0,0.0,0.0,0.0,0.0,0.0,0.0,0.0,0.0,0,0,0
330726,36,1198,6,135,False,2.0,1.0,157.0,4927.0,1686.0,6613.0,3306.5,78.5,0.2549523665507334,1,1,1
330723,66,2920,8,421,False,2.0,1.0,5.0,71.0,12.0,83.0,41.5,2.5,0.144578313253012,1,1,0
330720,57,424,6,47,False,2.0,1.0,2.0,64.0,1.0,65.0,32.5,1.0,0.0153846153846153,1,1,0
330716,46,224,7,38,False,0.0,0.0,0.0,0.0,0.0,0.0,0.0,0.0,0.0,0,0,0
330715,55,2230,7,303,False,2.0,1.0,243.0,8941.0,1850.0,10791.0,5395.5,121.5,0.1714391622648503,1,1,1
330711,75,1126,9,155,False,6.0,1.0,177.0,5734.0,2341.0,8075.0,1345.8333333333333,29.5,0.289907120743034,1,1,1
330710,39,86,6,12,False,0.0,0.0,0.0,0.0,0.0,0.0,0.0,0.0,0.0,0,0,0
330709,56,2005,10,263,False,1.0,1.0,2.0,2.0,7.0,9.0,9.0,2.0,0.7777777777777778,1,1,0
330708,57,0,10,0,False,4.0,1.0,146.0,4481.0,1684.0,6165.0,1541.25,36.5,0.2731549067315491,1,1,1
330707,53,2020,11,263,False,1.0,1.0,3.0,1.0,8.0,9.0,9.0,3.0,0.8888888888888888,1,1,0
330705,52,601,8,75,False,0.0,0.0,0.0,0.0,0.0,0.0,0.0,0.0,0.0,0,0,0
330704,37,165,5,16,False,0.0,0.0,0.0,0.0,0.0,0.0,0.0,0.0,0.0,0,0,0
330703,45,2410,7,311,True,3.0,2.0,312.0,30787.0,5980.0,36767.0,12255.666666666666,104.0,0.1626458508989039,1,1,1
330702,37,775,5,88,False,0.0,0.0,0.0,0.0,0.0,0.0,0.0,0.0,0.0,0,0,0
330700,42,473,5,69,True,2.0,1.0,1.0,3.0,2.0,5.0,2.5,0.5,0.4,1,1,0
330699,83,1768,11,224,False,1.0,1.0,1.0,8.0,2.0,10.0,10.0,1.0,0.2,1,1,0
330698,52,2282,9,305,False,1.0,1.0,2.0,20.0,2.0,22.0,22.0,2.0,0.0909090909090909,1,1,0
330697,34,523,6,54,False,0.0,0.0,0.0,0.0,0.0,0.0,0.0,0.0,0.0,0,0,0
330696,69,2707,10,343,True,1.0,1.0,3.0,164.0,2.0,166.0,166.0,3.0,0.0120481927710843,1,1,0
330694,36,106,5,12,False,0.0,0.0,0.0,0.0,0.0,0.0,0.0,0.0,0.0,0,0,0
330691,87,5339,9,449,False,1.0,1.0,300.0,27378.0,6543.0,33921.0,33921.0,300.0,0.1928893605730963,1,1,1
330689,40,880,7,121,False,1.0,1.0,2.0,27.0,7.0,34.0,34.0,2.0,0.2058823529411764,1,1,0
330688,60,7650,11,932,False,23.0,1.0,260.0,13477.0,6199.0,19676.0,855.4782608695652,11.304347826086955,0.3150538727383614,1,1,1
330686,55,303,7,41,False,3.0,1.0,3.0,33.0,14.0,47.0,15.666666666666666,1.0,0.2978723404255319,1,1,0
330685,45,114,7,10,False,1.0,1.0,1.0,4.0,0.0,4.0,4.0,1.0,0.0,1,1,0
330684,52,2686,8,349,False,1.0,1.0,2.0,8.0,9.0,17.0,17.0,2.0,0.5294117647058824,1,1,0
330683,64,2654,14,337,False,0.0,0.0,0.0,0.0,0.0,0.0,0.0,0.0,0.0,0,0,0
330682,49,2623,7,361,False,0.0,0.0,0.0,0.0,0.0,0.0,0.0,0.0,0.0,0,0,0
330680,41,475,7,62,False,0.0,0.0,0.0,0.0,0.0,0.0,0.0,0.0,0.0,0,0,0
330678,46,1411,8,189,False,0.0,0.0,0.0,0.0,0.0,0.0,0.0,0.0,0.0,0,0,0
330677,42,472,8,69,False,0.0,0.0,0.0,0.0,0.0,0.0,0.0,0.0,0.0,0,0,0
330676,59,1103,7,163,False,19.0,1.0,14.0,1064.0,568.0,1632.0,85.89473684210526,0.7368421052631579,0.3480392156862745,1,1,0
330675,47,2914,6,446,False,2.0,1.0,16.0,296.0,43.0,339.0,169.5,8.0,0.1268436578171091,1,1,0
330673,41,1717,6,227,False,5.0,1.0,60.0,2028.0,1008.0,3036.0,607.2,12.0,0.3320158102766798,1,1,1
330672,37,687,7,76,False,2.0,1.0,9.0,76.0,39.0,115.0,57.5,4.5,0.3391304347826087,1,1,0
330669,80,2607,11,224,False,2.0,1.0,96.0,2945.0,549.0,3494.0,1747.0,48.0,0.1571265025758443,1,1,0
330666,105,0,15,0,False,0.0,0.0,0.0,0.0,0.0,0.0,0.0,0.0,0.0,0,0,0
330665,41,736,4,96,False,6.0,1.0,451.0,27824.0,7996.0,35820.0,5970.0,75.16666666666667,0.2232272473478503,1,1,1
330664,37,924,6,124,False,0.0,0.0,0.0,0.0,0.0,0.0,0.0,0.0,0.0,0,0,0
330662,38,2123,6,268,False,0.0,0.0,0.0,0.0,0.0,0.0,0.0,0.0,0.0,0,0,0
330661,40,13,7,2,False,0.0,0.0,0.0,0.0,0.0,0.0,0.0,0.0,0.0,0,0,0
330660,67,1461,11,210,False,3.0,1.0,189.0,9012.0,1701.0,10713.0,3571.0,63.0,0.1587790534864183,1,1,1
330659,66,1526,10,176,False,4.0,1.0,224.0,12030.0,1890.0,13920.0,3480.0,56.0,0.1357758620689655,1,1,1
330658,66,4968,10,778,False,3.0,1.0,302.0,14517.0,4112.0,18629.0,6209.666666666667,100.66666666666669,0.2207311181491223,1,1,1
330656,35,310,5,41,False,0.0,0.0,0.0,0.0,0.0,0.0,0.0,0.0,0.0,0,0,0
330655,50,414,5,58,False,1.0,1.0,1.0,20.0,20.0,40.0,40.0,1.0,0.5,1,1,0
330654,45,740,7,96,False,1.0,1.0,46.0,1622.0,2116.0,3738.0,3738.0,46.0,0.5660781166399144,1,1,0
330653,48,789,6,115,False,4.0,2.0,359.0,17485.0,3531.0,21016.0,5254.0,89.75,0.1680148458317472,1,1,1
330652,41,689,5,62,False,4.0,1.0,57.0,2271.0,2203.0,4474.0,1118.5,14.25,0.4924005364327224,1,1,0
330649,78,343,11,49,False,7.0,1.0,7.0,43.0,23.0,66.0,9.428571428571429,1.0,0.3484848484848485,1,1,0
330648,37,1399,4,167,False,3.0,1.0,37.0,948.0,322.0,1270.0,423.3333333333333,12.333333333333334,0.2535433070866141,1,1,0
330647,51,798,7,119,False,5.0,1.0,84.0,2597.0,2251.0,4848.0,969.6,16.8,0.4643151815181518,1,1,1
330644,52,969,8,134,True,1.0,1.0,4.0,218.0,7.0,225.0,225.0,4.0,0.0311111111111111,1,1,0
330643,56,672,7,95,False,2.0,1.0,4.0,9.0,17.0,26.0,13.0,2.0,0.6538461538461539,1,1,0
330641,49,1534,6,216,False,3.0,1.0,11.0,248.0,60.0,308.0,102.66666666666669,3.6666666666666665,0.1948051948051948,1,1,0
330640,38,1022,5,133,False,1.0,1.0,2.0,41.0,32.0,73.0,73.0,2.0,0.4383561643835616,1,1,0
330639,40,975,5,145,False,1.0,1.0,4.0,125.0,44.0,169.0,169.0,4.0,0.2603550295857988,1,1,0
330638,41,4223,5,571,False,1.0,1.0,300.0,15820.0,4730.0,20550.0,20550.0,300.0,0.2301703163017031,1,1,1
330636,51,9476,5,1074,True,1.0,1.0,6.0,15.0,12.0,27.0,27.0,6.0,0.4444444444444444,1,1,0
330635,52,2314,7,329,False,2.0,1.0,4.0,1199.0,1199.0,2398.0,1199.0,2.0,0.5,1,1,0
330634,32,122,3,10,False,0.0,0.0,0.0,0.0,0.0,0.0,0.0,0.0,0.0,0,0,0
330632,53,2560,8,369,False,1.0,1.0,1.0,7.0,4.0,11.0,11.0,1.0,0.3636363636363636,1,1,0
330631,53,1151,8,166,False,2.0,1.0,5.0,36.0,5.0,41.0,20.5,2.5,0.1219512195121951,1,1,0
330629,43,714,7,101,False,2.0,1.0,2.0,38.0,4.0,42.0,21.0,1.0,0.0952380952380952,1,1,1
330625,48,403,5,55,False,2.0,1.0,8.0,145.0,55.0,200.0,100.0,4.0,0.275,1,1,0
330624,7,343,2,49,False,0.0,0.0,0.0,0.0,0.0,0.0,0.0,0.0,0.0,0,0,1
330623,84,2275,10,244,True,0.0,0.0,0.0,0.0,0.0,0.0,0.0,0.0,0.0,0,0,0
330621,46,154,8,24,False,0.0,0.0,0.0,0.0,0.0,0.0,0.0,0.0,0.0,0,0,0
330620,45,548,7,79,False,3.0,1.0,9.0,293.0,69.0,362.0,120.66666666666669,3.0,0.1906077348066298,1,1,0
330619,50,764,7,114,False,1.0,1.0,1.0,3.0,1.0,4.0,4.0,1.0,0.25,1,1,0
330618,67,235,10,37,False,0.0,0.0,0.0,0.0,0.0,0.0,0.0,0.0,0.0,0,0,0
330617,59,791,8,117,False,4.0,3.0,6.0,62.0,49.0,111.0,27.75,1.5,0.4414414414414414,1,1,0
330616,48,492,5,68,False,1.0,1.0,2.0,77.0,17.0,94.0,94.0,2.0,0.1808510638297872,1,1,0
330615,51,1204,6,169,False,0.0,0.0,0.0,0.0,0.0,0.0,0.0,0.0,0.0,0,0,0
330611,71,201,11,31,False,0.0,0.0,0.0,0.0,0.0,0.0,0.0,0.0,0.0,0,0,0
330609,176,0,5,0,False,0.0,0.0,0.0,0.0,0.0,0.0,0.0,0.0,0.0,0,0,0
330606,38,616,5,77,False,0.0,0.0,0.0,0.0,0.0,0.0,0.0,0.0,0.0,0,0,0
330603,46,647,6,91,False,1.0,1.0,5.0,125.0,7.0,132.0,132.0,5.0,0.053030303030303,1,1,0
330602,66,2732,9,360,False,0.0,0.0,0.0,0.0,0.0,0.0,0.0,0.0,0.0,0,0,0
330601,50,349,8,49,False,1.0,1.0,34.0,2242.0,1703.0,3945.0,3945.0,34.0,0.4316856780735107,1,1,1
330593,54,979,8,143,True,0.0,0.0,0.0,0.0,0.0,0.0,0.0,0.0,0.0,0,0,0
330590,68,400,9,51,False,1.0,1.0,3.0,6.0,138.0,144.0,144.0,3.0,0.9583333333333334,1,1,0
330585,40,2707,7,412,False,1.0,1.0,3.0,106.0,6.0,112.0,112.0,3.0,0.0535714285714285,1,1,0
330581,56,1623,9,205,False,1.0,1.0,1.0,4.0,4.0,8.0,8.0,1.0,0.5,1,1,0
330577,43,3271,5,452,False,12.0,1.0,311.0,16701.0,6486.0,23187.0,1932.25,25.916666666666668,0.2797257083710699,1,1,1
330576,39,1137,6,159,False,1.0,1.0,16.0,908.0,146.0,1054.0,1054.0,16.0,0.1385199240986717,1,1,0
330575,62,1866,10,210,True,1.0,1.0,3.0,74.0,42.0,116.0,116.0,3.0,0.3620689655172414,1,1,0
330574,81,3611,9,456,False,1.0,1.0,3.0,13.0,37.0,50.0,50.0,3.0,0.74,1,1,0
330573,50,725,6,100,False,2.0,1.0,8.0,71.0,15.0,86.0,43.0,4.0,0.1744186046511628,1,1,1
330570,59,977,6,131,False,3.0,2.0,304.0,19166.0,5907.0,25073.0,8357.666666666666,101.33333333333331,0.2355920711522354,1,1,1
330569,57,1745,7,258,False,8.0,1.0,205.0,11750.0,5002.0,16752.0,2094.0,25.625,0.2985912129894938,1,1,1
330568,53,2395,7,340,True,1.0,1.0,2.0,2.0,7.0,9.0,9.0,2.0,0.7777777777777778,1,1,0
330567,48,1017,6,140,False,3.0,1.0,318.0,20816.0,5431.0,26247.0,8749.0,106.0,0.2069188859679201,1,1,1
330566,57,3247,9,530,False,5.0,1.0,357.0,20116.0,7492.0,27608.0,5521.6,71.4,0.2713706172124022,1,1,1
330565,40,0,6,0,False,2.0,1.0,91.0,5000.0,1823.0,6823.0,3411.5,45.5,0.2671845229371244,1,1,1
330564,51,814,8,110,False,0.0,0.0,0.0,0.0,0.0,0.0,0.0,0.0,0.0,0,0,0
330563,45,276,6,42,False,2.0,1.0,1.0,7.0,4.0,11.0,5.5,0.5,0.3636363636363636,1,1,0
330560,53,4427,8,544,False,1.0,1.0,83.0,4803.0,1778.0,6581.0,6581.0,83.0,0.2701717064275946,1,1,1
330558,61,3021,9,394,False,0.0,0.0,0.0,0.0,0.0,0.0,0.0,0.0,0.0,0,0,0
330556,50,831,6,104,False,0.0,0.0,0.0,0.0,0.0,0.0,0.0,0.0,0.0,0,0,1
330554,24,442,4,63,False,1.0,1.0,300.0,22462.0,6049.0,28511.0,28511.0,300.0,0.2121637262810844,1,1,1
330553,44,1807,8,208,False,3.0,1.0,15.0,365.0,356.0,721.0,240.33333333333331,5.0,0.49375866851595,1,1,0
330552,103,3723,12,448,True,1.0,1.0,1.0,4.0,9.0,13.0,13.0,1.0,0.6923076923076923,1,1,0
330550,36,1047,6,143,False,0.0,0.0,0.0,0.0,0.0,0.0,0.0,0.0,0.0,0,0,0
330548,57,6525,5,853,False,4.0,1.0,65.0,3983.0,1015.0,4998.0,1249.5,16.25,0.2030812324929972,1,1,1
330547,74,4216,13,623,False,0.0,0.0,0.0,0.0,0.0,0.0,0.0,0.0,0.0,0,0,0
330545,64,1510,12,210,False,1.0,1.0,1.0,6.0,4.0,10.0,10.0,1.0,0.4,1,1,0
330543,63,932,9,118,False,1.0,1.0,5.0,28.0,2.0,30.0,30.0,5.0,0.0666666666666666,1,1,0
330542,47,606,7,78,False,3.0,1.0,60.0,3585.0,1070.0,4655.0,1551.6666666666667,20.0,0.229860365198711,1,1,1
330541,47,1117,5,136,False,0.0,0.0,0.0,0.0,0.0,0.0,0.0,0.0,0.0,0,0,0
330540,52,612,7,76,False,1.0,1.0,217.0,12962.0,3806.0,16768.0,16768.0,217.0,0.226979961832061,1,1,1
330539,60,5071,9,662,False,5.0,1.0,9.0,472.0,92.0,564.0,112.8,1.8,0.1631205673758865,1,1,1
330538,59,911,9,114,False,0.0,0.0,0.0,0.0,0.0,0.0,0.0,0.0,0.0,0,0,0
330537,47,431,7,46,False,2.0,1.0,6.0,91.0,25.0,116.0,58.0,3.0,0.2155172413793103,1,1,0
330536,59,1429,9,226,False,1.0,1.0,7.0,195.0,36.0,231.0,231.0,7.0,0.1558441558441558,1,1,0
330534,65,15798,5,943,False,0.0,0.0,0.0,0.0,0.0,0.0,0.0,0.0,0.0,0,0,0
330533,99,15798,7,943,False,0.0,0.0,0.0,0.0,0.0,0.0,0.0,0.0,0.0,0,0,0
330532,53,770,5,109,True,0.0,0.0,0.0,0.0,0.0,0.0,0.0,0.0,0.0,0,0,0
330529,44,1324,7,174,False,6.0,1.0,286.0,13353.0,3519.0,16872.0,2812.0,47.66666666666666,0.2085704125177809,1,1,1
330527,52,460,6,56,False,0.0,0.0,0.0,0.0,0.0,0.0,0.0,0.0,0.0,0,0,0
330522,45,4285,6,619,False,1.0,1.0,1.0,5.0,0.0,5.0,5.0,1.0,0.0,1,1,0
330517,20,343,3,49,False,0.0,0.0,0.0,0.0,0.0,0.0,0.0,0.0,0.0,0,0,0
330516,10,389,2,55,False,2.0,1.0,304.0,22567.0,8522.0,31089.0,15544.5,152.0,0.2741162469040497,1,1,1
330515,48,747,7,102,False,2.0,1.0,302.0,22614.0,8531.0,31145.0,15572.5,151.0,0.2739123454808155,1,1,1
330514,49,2402,7,333,True,2.0,1.0,15.0,1216.0,109.0,1325.0,662.5,7.5,0.0822641509433962,1,1,1
330513,40,397,6,51,False,5.0,1.0,180.0,4520.0,1322.0,5842.0,1168.4,36.0,0.2262923656282095,1,1,1
330510,57,2653,9,362,False,2.0,1.0,35.0,1669.0,141.0,1810.0,905.0,17.5,0.0779005524861878,1,1,1
330509,50,1029,6,112,False,1.0,1.0,55.0,2314.0,634.0,2948.0,2948.0,55.0,0.2150610583446404,1,1,0
330508,38,524,5,60,False,4.0,1.0,31.0,1597.0,186.0,1783.0,445.75,7.75,0.1043185642176107,1,1,0
330503,39,349,6,49,False,6.0,2.0,422.0,24365.0,8994.0,33359.0,5559.833333333333,70.33333333333333,0.269612398453191,1,1,1
330501,58,887,9,126,False,0.0,0.0,0.0,0.0,0.0,0.0,0.0,0.0,0.0,0,0,0
330500,38,480,6,62,False,2.0,1.0,14.0,1213.0,103.0,1316.0,658.0,7.0,0.0782674772036474,1,1,0
330499,54,274,8,35,False,3.0,1.0,76.0,2890.0,747.0,3637.0,1212.3333333333333,25.33333333333333,0.2053890569150398,1,1,0
330498,43,1017,7,133,True,2.0,1.0,1.0,11.0,14.0,25.0,12.5,0.5,0.56,1,1,0
330495,64,2062,10,298,False,4.0,1.0,76.0,2740.0,730.0,3470.0,867.5,19.0,0.2103746397694524,1,1,0
330494,74,874,11,141,False,0.0,0.0,0.0,0.0,0.0,0.0,0.0,0.0,0.0,0,0,0
330493,37,1623,6,203,False,3.0,1.0,79.0,2980.0,873.0,3853.0,1284.3333333333333,26.33333333333333,0.2265766934855956,1,1,0
330492,46,699,6,95,False,4.0,1.0,28.0,1581.0,199.0,1780.0,445.0,7.0,0.1117977528089887,1,1,1
330486,93,3367,11,420,True,0.0,0.0,0.0,0.0,0.0,0.0,0.0,0.0,0.0,0,0,0
330484,39,893,6,110,False,4.0,1.0,313.0,27306.0,9640.0,36946.0,9236.5,78.25,0.260921344665187,1,1,1
330482,60,2251,9,276,False,0.0,0.0,0.0,0.0,0.0,0.0,0.0,0.0,0.0,0,0,0
330480,53,2274,9,330,False,5.0,1.0,92.0,3168.0,815.0,3983.0,796.6,18.4,0.204619633442129,1,1,1
330478,40,264,5,43,False,0.0,0.0,0.0,0.0,0.0,0.0,0.0,0.0,0.0,0,0,0
330476,52,622,7,85,False,9.0,1.0,562.0,40410.0,14939.0,55349.0,6149.888888888889,62.44444444444444,0.269905508681277,1,1,1
330472,52,432,7,58,False,3.0,1.0,4.0,42.0,34.0,76.0,25.33333333333333,1.3333333333333333,0.4473684210526316,1,1,0
330471,57,0,10,0,False,3.0,1.0,303.0,24271.0,9160.0,33431.0,11143.666666666666,101.0,0.2739971882384613,1,1,1
330465,66,2800,8,372,False,1.0,1.0,2.0,17.0,7.0,24.0,24.0,2.0,0.2916666666666667,1,1,0
330463,61,4833,10,604,True,9.0,1.0,35.0,1997.0,403.0,2400.0,266.6666666666667,3.888888888888889,0.1679166666666666,1,1,1
330462,65,55,9,2,False,0.0,0.0,0.0,0.0,0.0,0.0,0.0,0.0,0.0,0,0,0
330461,67,1268,6,124,True,0.0,0.0,0.0,0.0,0.0,0.0,0.0,0.0,0.0,0,0,0
330458,51,143,8,23,False,0.0,0.0,0.0,0.0,0.0,0.0,0.0,0.0,0.0,0,0,0
330457,58,1346,6,128,True,0.0,0.0,0.0,0.0,0.0,0.0,0.0,0.0,0.0,0,0,0
330455,51,1511,8,221,False,3.0,1.0,88.0,1041.0,293.0,1334.0,444.6666666666667,29.33333333333333,0.2196401799100449,1,1,1
330454,46,242,7,25,False,0.0,0.0,0.0,0.0,0.0,0.0,0.0,0.0,0.0,0,0,0
330453,41,5561,7,695,False,1.0,1.0,3.0,169.0,16.0,185.0,185.0,3.0,0.0864864864864864,1,1,0
330450,67,1328,6,129,True,0.0,0.0,0.0,0.0,0.0,0.0,0.0,0.0,0.0,0,0,0
330448,42,1162,7,162,False,3.0,1.0,502.0,38413.0,13814.0,52227.0,17409.0,167.33333333333334,0.2644992053918471,1,1,1
330445,36,1288,5,124,True,0.0,0.0,0.0,0.0,0.0,0.0,0.0,0.0,0.0,0,0,0
330443,37,4916,6,377,False,1.0,1.0,22.0,428.0,102.0,530.0,530.0,22.0,0.1924528301886792,1,1,0
330441,76,5079,8,663,False,1.0,1.0,2.0,5.0,5.0,10.0,10.0,2.0,0.5,1,1,0
330439,30,13,4,2,False,0.0,0.0,0.0,0.0,0.0,0.0,0.0,0.0,0.0,0,0,1
330438,49,154,7,23,False,1.0,1.0,1.0,1.0,1.0,2.0,2.0,1.0,0.5,1,1,0
330435,58,236,9,37,False,0.0,0.0,0.0,0.0,0.0,0.0,0.0,0.0,0.0,0,0,0
330432,54,1994,7,251,False,0.0,0.0,0.0,0.0,0.0,0.0,0.0,0.0,0.0,0,0,0
330430,58,1386,6,125,True,0.0,0.0,0.0,0.0,0.0,0.0,0.0,0.0,0.0,0,0,0
330428,48,3012,8,261,False,1.0,1.0,150.0,18928.0,7349.0,26277.0,26277.0,150.0,0.2796742398295087,1,1,1
330426,62,1476,9,201,False,1.0,1.0,1.0,1.0,1.0,2.0,2.0,1.0,0.5,1,1,0
330424,50,410,6,49,False,0.0,0.0,0.0,0.0,0.0,0.0,0.0,0.0,0.0,0,0,0
330423,54,696,7,76,False,0.0,0.0,0.0,0.0,0.0,0.0,0.0,0.0,0.0,0,0,0
330422,54,586,7,81,False,0.0,0.0,0.0,0.0,0.0,0.0,0.0,0.0,0.0,0,0,0
330421,54,917,7,128,False,0.0,0.0,0.0,0.0,0.0,0.0,0.0,0.0,0.0,0,0,0
330413,44,3461,6,435,False,0.0,0.0,0.0,0.0,0.0,0.0,0.0,0.0,0.0,0,0,0
330407,77,219,12,38,False,0.0,0.0,0.0,0.0,0.0,0.0,0.0,0.0,0.0,0,0,0
330406,30,151,5,24,False,0.0,0.0,0.0,0.0,0.0,0.0,0.0,0.0,0.0,0,0,0
330405,70,172,12,26,False,0.0,0.0,0.0,0.0,0.0,0.0,0.0,0.0,0.0,0,0,0
330404,64,1150,11,177,False,3.0,1.0,264.0,21766.0,7839.0,29605.0,9868.333333333334,88.0,0.2647863536564769,1,1,1
330401,40,1825,4,237,False,0.0,0.0,0.0,0.0,0.0,0.0,0.0,0.0,0.0,0,0,0
330399,22,416,3,58,False,1.0,1.0,156.0,9383.0,1853.0,11236.0,11236.0,156.0,0.1649163403346386,1,1,1
330393,66,3257,9,450,False,0.0,0.0,0.0,0.0,0.0,0.0,0.0,0.0,0.0,0,0,0
330392,79,1353,12,186,False,2.0,1.0,200.0,21928.0,7548.0,29476.0,14738.0,100.0,0.2560727371420817,1,1,1
330389,68,2335,9,291,False,3.0,1.0,309.0,20382.0,12160.0,32542.0,10847.333333333334,103.0,0.3736709483129494,1,1,1
330382,37,942,4,121,False,7.0,1.0,370.0,29898.0,9413.0,39311.0,5615.857142857143,52.85714285714285,0.2394495179466307,1,1,1
330378,69,3091,8,446,False,0.0,0.0,0.0,0.0,0.0,0.0,0.0,0.0,0.0,0,0,0
330376,43,2464,8,348,True,0.0,0.0,0.0,0.0,0.0,0.0,0.0,0.0,0.0,0,0,0
330375,39,753,5,106,False,2.0,1.0,113.0,5061.0,1520.0,6581.0,3290.5,56.5,0.2309679380033429,1,1,1
330373,42,916,6,128,False,0.0,0.0,0.0,0.0,0.0,0.0,0.0,0.0,0.0,0,0,0
330372,42,886,5,85,False,4.0,1.0,315.0,26741.0,9698.0,36439.0,9109.75,78.75,0.2661434177666785,1,1,1
330370,51,1408,7,185,False,1.0,1.0,72.0,2891.0,955.0,3846.0,3846.0,72.0,0.2483099323972959,1,1,0
330369,95,2490,12,337,False,2.0,1.0,301.0,19342.0,15070.0,34412.0,17206.0,150.5,0.4379286295478321,1,1,1
330367,28,1396,5,177,False,3.0,1.0,325.0,24158.0,6685.0,30843.0,10281.0,108.33333333333331,0.2167428589955581,1,1,1
330365,43,771,8,119,False,0.0,0.0,0.0,0.0,0.0,0.0,0.0,0.0,0.0,0,0,0
330362,48,2346,5,284,False,0.0,0.0,0.0,0.0,0.0,0.0,0.0,0.0,0.0,0,0,0
330361,50,2309,8,322,False,1.0,1.0,88.0,5949.0,900.0,6849.0,6849.0,88.0,0.1314060446780552,1,1,1
330360,48,913,9,117,False,0.0,0.0,0.0,0.0,0.0,0.0,0.0,0.0,0.0,0,0,1
330359,50,1068,8,168,False,2.0,1.0,17.0,1307.0,257.0,1564.0,782.0,8.5,0.1643222506393861,1,1,0
330358,47,3749,6,506,True,0.0,0.0,0.0,0.0,0.0,0.0,0.0,0.0,0.0,0,0,0
330357,33,533,5,66,False,0.0,0.0,0.0,0.0,0.0,0.0,0.0,0.0,0.0,0,0,0
330355,34,3532,6,596,False,2.0,1.0,4.0,31.0,24.0,55.0,27.5,2.0,0.4363636363636363,1,1,0
330354,54,1722,9,263,True,1.0,1.0,20.0,351.0,64.0,415.0,415.0,20.0,0.1542168674698795,1,1,1
330353,29,343,5,49,False,3.0,1.0,5.0,79.0,55.0,134.0,44.66666666666666,1.6666666666666667,0.4104477611940298,1,1,0
330350,42,386,6,54,False,0.0,0.0,0.0,0.0,0.0,0.0,0.0,0.0,0.0,0,0,0
330349,56,1846,7,243,False,5.0,1.0,12.0,185.0,62.0,247.0,49.4,2.4,0.2510121457489878,1,1,0
330348,82,5753,10,648,False,1.0,1.0,1.0,0.0,5.0,5.0,5.0,1.0,1.0,1,1,0
330347,66,6311,9,798,False,1.0,1.0,2.0,12.0,4.0,16.0,16.0,2.0,0.25,1,1,0
330346,80,4982,11,613,False,2.0,1.0,2.0,106.0,7.0,113.0,56.5,1.0,0.0619469026548672,1,1,0
330345,85,6879,13,818,False,1.0,1.0,1.0,75.0,2.0,77.0,77.0,1.0,0.0259740259740259,1,1,0
330344,90,5871,11,675,False,2.0,1.0,1.0,9.0,5.0,14.0,7.0,0.5,0.3571428571428571,1,1,0
330341,59,1433,10,215,True,1.0,1.0,5.0,68.0,12.0,80.0,80.0,5.0,0.15,1,1,1
330340,63,949,10,138,False,2.0,1.0,9.0,53.0,17.0,70.0,35.0,4.5,0.2428571428571428,1,1,0
330339,53,2969,7,400,False,1.0,1.0,300.0,27004.0,9642.0,36646.0,36646.0,300.0,0.2631119358183703,1,1,1
330338,40,1106,6,155,False,5.0,1.0,3.0,472.0,117.0,589.0,117.8,0.6,0.198641765704584,1,1,0
330336,62,3136,10,472,False,1.0,1.0,2.0,78.0,8.0,86.0,86.0,2.0,0.0930232558139534,1,1,0
330335,51,1066,7,154,False,2.0,1.0,5.0,37.0,9.0,46.0,23.0,2.5,0.1956521739130435,1,1,0
330334,42,703,5,79,False,1.0,1.0,296.0,8116.0,2056.0,10172.0,10172.0,296.0,0.2021234762092017,1,1,1
330333,55,872,8,124,True,0.0,0.0,0.0,0.0,0.0,0.0,0.0,0.0,0.0,0,0,0
330332,64,1538,8,116,False,1.0,1.0,2.0,49.0,22.0,71.0,71.0,2.0,0.3098591549295774,1,1,0
330330,46,161,6,16,False,0.0,0.0,0.0,0.0,0.0,0.0,0.0,0.0,0.0,0,0,0
330329,54,4399,7,549,False,2.0,1.0,4.0,76.0,14.0,90.0,45.0,2.0,0.1555555555555555,1,1,0
330325,50,373,7,53,False,0.0,0.0,0.0,0.0,0.0,0.0,0.0,0.0,0.0,0,0,0
330323,44,943,7,115,False,2.0,1.0,130.0,5707.0,1144.0,6851.0,3425.5,65.0,0.1669829222011385,1,1,1
330320,55,2047,7,280,False,6.0,1.0,14.0,66.0,308.0,374.0,62.333333333333336,2.333333333333333,0.8235294117647058,1,1,1
330319,51,677,6,110,False,0.0,0.0,0.0,0.0,0.0,0.0,0.0,0.0,0.0,0,0,0
330318,67,1750,12,271,True,1.0,1.0,2.0,43.0,5.0,48.0,48.0,2.0,0.1041666666666666,1,1,0
330317,45,501,9,55,False,2.0,2.0,301.0,19570.0,15281.0,34851.0,17425.5,150.5,0.4384666150182204,1,1,1
330308,28,349,5,49,False,1.0,1.0,40.0,673.0,224.0,897.0,897.0,40.0,0.249721293199554,1,1,0
330303,89,1298,10,159,False,0.0,0.0,0.0,0.0,0.0,0.0,0.0,0.0,0.0,0,0,0
330302,70,1357,10,181,False,4.0,1.0,206.0,4493.0,1602.0,6095.0,1523.75,51.5,0.2628383921246923,1,1,1
330299,58,235,8,34,False,0.0,0.0,0.0,0.0,0.0,0.0,0.0,0.0,0.0,0,0,0
330298,59,561,6,42,False,0.0,0.0,0.0,0.0,0.0,0.0,0.0,0.0,0.0,0,0,1
330297,52,1987,7,259,False,1.0,1.0,3.0,25.0,13.0,38.0,38.0,3.0,0.3421052631578947,1,1,0
330296,46,614,6,45,False,0.0,0.0,0.0,0.0,0.0,0.0,0.0,0.0,0.0,0,0,0
330294,48,1298,7,170,False,0.0,0.0,0.0,0.0,0.0,0.0,0.0,0.0,0.0,0,0,0
330293,48,352,7,41,False,1.0,1.0,1.0,5.0,4.0,9.0,9.0,1.0,0.4444444444444444,1,1,0
330291,35,489,5,75,False,1.0,1.0,2.0,11.0,1.0,12.0,12.0,2.0,0.0833333333333333,1,1,0
330289,42,725,4,102,True,6.0,1.0,24.0,154.0,120.0,274.0,45.66666666666666,4.0,0.437956204379562,1,1,0
330285,78,708,11,85,False,3.0,1.0,7.0,126.0,19.0,145.0,48.333333333333336,2.333333333333333,0.1310344827586207,1,1,0
330284,67,12835,9,1631,False,1.0,1.0,6.0,148.0,27.0,175.0,175.0,6.0,0.1542857142857142,1,1,0
330283,46,354,8,45,False,1.0,1.0,2.0,15.0,6.0,21.0,21.0,2.0,0.2857142857142857,1,1,0
330282,30,113,5,17,False,0.0,0.0,0.0,0.0,0.0,0.0,0.0,0.0,0.0,0,0,0
330279,49,1646,6,229,False,2.0,1.0,35.0,778.0,299.0,1077.0,538.5,17.5,0.2776230269266481,1,1,0
330278,47,420,8,60,False,1.0,1.0,4.0,5.0,1.0,6.0,6.0,4.0,0.1666666666666666,1,1,0
330275,31,5680,6,821,False,6.0,3.0,355.0,12674.0,2746.0,15420.0,2570.0,59.16666666666666,0.1780804150453956,1,1,1
330270,43,622,6,82,False,0.0,0.0,0.0,0.0,0.0,0.0,0.0,0.0,0.0,0,0,0
330269,46,649,7,55,False,0.0,0.0,0.0,0.0,0.0,0.0,0.0,0.0,0.0,0,0,0
330266,46,209,8,26,False,0.0,0.0,0.0,0.0,0.0,0.0,0.0,0.0,0.0,0,0,0
330261,46,914,7,136,False,5.0,2.0,108.0,2256.0,892.0,3148.0,629.6,21.6,0.2833545108005083,1,1,0
330259,66,1363,6,137,True,0.0,0.0,0.0,0.0,0.0,0.0,0.0,0.0,0.0,0,0,0
330257,62,1387,8,179,False,0.0,0.0,0.0,0.0,0.0,0.0,0.0,0.0,0.0,0,0,0
330256,64,688,10,69,False,0.0,0.0,0.0,0.0,0.0,0.0,0.0,0.0,0.0,0,0,0
330253,47,2090,8,244,False,0.0,0.0,0.0,0.0,0.0,0.0,0.0,0.0,0.0,0,0,0
330252,37,527,5,81,False,1.0,1.0,1.0,2.0,2.0,4.0,4.0,1.0,0.5,1,1,0
330249,73,2356,10,376,False,1.0,1.0,2.0,66.0,29.0,95.0,95.0,2.0,0.3052631578947368,1,1,0
330247,48,1522,8,233,False,5.0,1.0,148.0,18944.0,7363.0,26307.0,5261.4,29.6,0.279887482419128,1,1,1
330244,27,68,3,2,False,2.0,1.0,4.0,1.0,500.0,501.0,250.5,2.0,0.998003992015968,1,1,0
330242,48,885,6,129,False,1.0,1.0,8.0,48.0,31.0,79.0,79.0,8.0,0.3924050632911392,1,1,0
330241,39,693,7,77,False,0.0,0.0,0.0,0.0,0.0,0.0,0.0,0.0,0.0,0,0,1
330240,31,731,6,82,False,0.0,0.0,0.0,0.0,0.0,0.0,0.0,0.0,0.0,0,0,1
330238,45,345,7,49,False,0.0,0.0,0.0,0.0,0.0,0.0,0.0,0.0,0.0,0,0,0
330236,50,3162,7,228,False,1.0,1.0,143.0,4972.0,1039.0,6011.0,6011.0,143.0,0.1728497754117451,1,1,1
330233,38,729,8,86,False,0.0,0.0,0.0,0.0,0.0,0.0,0.0,0.0,0.0,0,0,0
330232,60,4183,7,590,False,1.0,1.0,3.0,376.0,33.0,409.0,409.0,3.0,0.0806845965770171,1,1,0
330228,37,3950,5,471,False,0.0,0.0,0.0,0.0,0.0,0.0,0.0,0.0,0.0,0,0,0
330227,72,267,11,41,False,0.0,0.0,0.0,0.0,0.0,0.0,0.0,0.0,0.0,0,0,0
330224,47,700,8,64,False,0.0,0.0,0.0,0.0,0.0,0.0,0.0,0.0,0.0,0,0,0
330223,53,4642,7,629,False,9.0,1.0,493.0,21879.0,4542.0,26421.0,2935.6666666666665,54.77777777777778,0.171908708981492,1,1,1
330222,42,753,6,105,True,1.0,1.0,2.0,43.0,0.0,43.0,43.0,2.0,0.0,1,1,0
330220,53,847,6,91,False,2.0,1.0,25.0,159.0,40.0,199.0,99.5,12.5,0.2010050251256281,1,1,0
330218,33,0,6,0,False,0.0,0.0,0.0,0.0,0.0,0.0,0.0,0.0,0.0,0,0,0
330216,73,202,11,28,False,0.0,0.0,0.0,0.0,0.0,0.0,0.0,0.0,0.0,0,0,0
330215,55,1597,7,197,False,1.0,1.0,1.0,12.0,2.0,14.0,14.0,1.0,0.1428571428571428,1,1,0
330213,47,1080,5,123,False,0.0,0.0,0.0,0.0,0.0,0.0,0.0,0.0,0.0,0,0,0
330211,36,681,4,75,False,0.0,0.0,0.0,0.0,0.0,0.0,0.0,0.0,0.0,0,0,1
330210,35,754,6,84,False,0.0,0.0,0.0,0.0,0.0,0.0,0.0,0.0,0.0,0,0,0
330209,75,312,11,48,False,0.0,0.0,0.0,0.0,0.0,0.0,0.0,0.0,0.0,0,0,0
330207,75,12958,13,2039,True,0.0,0.0,0.0,0.0,0.0,0.0,0.0,0.0,0.0,0,0,0
330205,69,0,12,0,False,0.0,0.0,0.0,0.0,0.0,0.0,0.0,0.0,0.0,0,0,0
330203,53,169,7,27,False,1.0,1.0,170.0,5315.0,1091.0,6406.0,6406.0,170.0,0.1703090852325944,1,1,1
330200,45,602,7,73,False,0.0,0.0,0.0,0.0,0.0,0.0,0.0,0.0,0.0,0,0,0
330199,56,285,9,37,False,0.0,0.0,0.0,0.0,0.0,0.0,0.0,0.0,0.0,0,0,0
330198,42,738,5,97,False,0.0,0.0,0.0,0.0,0.0,0.0,0.0,0.0,0.0,0,0,0
330197,19,230,4,37,False,8.0,1.0,398.0,10688.0,38936.0,49624.0,6203.0,49.75,0.7846203449943576,1,1,1
330194,26,343,5,49,False,0.0,0.0,0.0,0.0,0.0,0.0,0.0,0.0,0.0,0,0,0
330193,15,0,2,0,False,0.0,0.0,0.0,0.0,0.0,0.0,0.0,0.0,0.0,0,0,1
330191,35,789,6,74,False,0.0,0.0,0.0,0.0,0.0,0.0,0.0,0.0,0.0,0,0,1
330190,35,375,6,48,False,1.0,1.0,2.0,23.0,5.0,28.0,28.0,2.0,0.1785714285714285,1,1,0
330189,45,666,6,73,False,0.0,0.0,0.0,0.0,0.0,0.0,0.0,0.0,0.0,0,0,0
330187,51,507,7,64,False,0.0,0.0,0.0,0.0,0.0,0.0,0.0,0.0,0.0,0,0,0
330186,33,1034,4,118,False,5.0,1.0,8.0,56.0,22.0,78.0,15.6,1.6,0.282051282051282,1,1,0
330180,45,1211,6,166,False,0.0,0.0,0.0,0.0,0.0,0.0,0.0,0.0,0.0,0,0,0
330178,80,2564,12,369,False,1.0,1.0,2.0,5.0,23.0,28.0,28.0,2.0,0.8214285714285714,1,1,0
330176,38,695,5,105,False,2.0,1.0,4.0,161.0,3.0,164.0,82.0,2.0,0.0182926829268292,1,1,0
330175,31,1172,5,161,False,1.0,1.0,1.0,3.0,1.0,4.0,4.0,1.0,0.25,1,1,0
330172,71,2225,10,311,False,2.0,1.0,3.0,276.0,29.0,305.0,152.5,1.5,0.0950819672131147,1,1,0
330171,69,3027,10,435,False,0.0,0.0,0.0,0.0,0.0,0.0,0.0,0.0,0.0,0,0,0
330169,51,725,8,85,False,2.0,1.0,11.0,1098.0,96.0,1194.0,597.0,5.5,0.0804020100502512,1,1,0
330167,47,1423,8,243,False,1.0,1.0,1.0,1.0,6.0,7.0,7.0,1.0,0.8571428571428571,1,1,0
330166,43,631,5,93,False,1.0,1.0,2.0,53.0,5.0,58.0,58.0,2.0,0.0862068965517241,1,1,0
330165,56,1283,8,85,False,2.0,1.0,284.0,18638.0,12068.0,30706.0,15353.0,142.0,0.3930176512733667,1,1,1
330163,42,719,7,98,False,0.0,0.0,0.0,0.0,0.0,0.0,0.0,0.0,0.0,0,0,0
330161,54,585,6,71,False,0.0,0.0,0.0,0.0,0.0,0.0,0.0,0.0,0.0,0,0,0
330160,40,432,8,50,False,1.0,1.0,8.0,280.0,33.0,313.0,313.0,8.0,0.1054313099041533,1,1,0
330158,52,578,8,91,True,0.0,0.0,0.0,0.0,0.0,0.0,0.0,0.0,0.0,0,0,0
330154,39,1672,5,185,False,0.0,0.0,0.0,0.0,0.0,0.0,0.0,0.0,0.0,0,0,0
330151,33,3926,6,541,True,4.0,2.0,327.0,16256.0,5302.0,21558.0,5389.5,81.75,0.2459411819278226,1,1,1
330150,89,2736,11,395,False,1.0,1.0,2.0,5.0,4.0,9.0,9.0,2.0,0.4444444444444444,1,1,0
330146,27,1497,4,193,False,2.0,1.0,18.0,132.0,172.0,304.0,152.0,9.0,0.5657894736842105,1,1,1
330145,73,2410,9,334,True,1.0,1.0,2.0,25.0,22.0,47.0,47.0,2.0,0.4680851063829787,1,1,0
330144,39,982,5,140,False,0.0,0.0,0.0,0.0,0.0,0.0,0.0,0.0,0.0,0,0,0
330143,59,683,9,88,False,1.0,1.0,7.0,243.0,11.0,254.0,254.0,7.0,0.0433070866141732,1,1,0
330142,32,1065,6,118,False,0.0,0.0,0.0,0.0,0.0,0.0,0.0,0.0,0.0,0,0,1
330141,55,1188,6,169,False,2.0,1.0,3.0,8.0,7.0,15.0,7.5,1.5,0.4666666666666667,1,1,0
330140,58,671,7,84,False,0.0,0.0,0.0,0.0,0.0,0.0,0.0,0.0,0.0,0,0,0
330139,80,1192,12,162,False,1.0,1.0,9.0,134.0,16.0,150.0,150.0,9.0,0.1066666666666666,1,1,0
330137,41,229,6,22,False,0.0,0.0,0.0,0.0,0.0,0.0,0.0,0.0,0.0,0,0,0
330135,42,90,7,6,False,0.0,0.0,0.0,0.0,0.0,0.0,0.0,0.0,0.0,0,0,0
330132,56,717,7,111,False,1.0,1.0,2.0,81.0,8.0,89.0,89.0,2.0,0.0898876404494382,1,1,1
330131,50,546,7,67,False,0.0,0.0,0.0,0.0,0.0,0.0,0.0,0.0,0.0,0,0,0
330130,50,370,7,45,False,0.0,0.0,0.0,0.0,0.0,0.0,0.0,0.0,0.0,0,0,0
330129,41,111,4,4,False,1.0,1.0,5.0,115.0,11.0,126.0,126.0,5.0,0.0873015873015873,1,1,0
330128,49,1005,6,119,True,2.0,1.0,302.0,20508.0,14553.0,35061.0,17530.5,151.0,0.4150765808162916,1,1,1
330125,52,2946,8,412,False,1.0,1.0,2.0,120.0,3.0,123.0,123.0,2.0,0.024390243902439,1,1,0
330124,50,811,7,121,False,1.0,1.0,5.0,36.0,5.0,41.0,41.0,5.0,0.1219512195121951,1,1,1
330123,61,445,10,57,True,1.0,1.0,2.0,7.0,2.0,9.0,9.0,2.0,0.2222222222222222,1,1,0
330122,30,489,6,71,True,2.0,1.0,2.0,3.0,3.0,6.0,3.0,1.0,0.5,1,1,0
330121,34,835,6,115,True,1.0,1.0,1.0,2.0,0.0,2.0,2.0,1.0,0.0,1,1,0
330120,83,1784,13,252,False,2.0,1.0,3.0,49.0,5.0,54.0,27.0,1.5,0.0925925925925925,1,1,0
330119,33,413,6,54,False,0.0,0.0,0.0,0.0,0.0,0.0,0.0,0.0,0.0,0,0,0
330118,47,206,6,27,False,2.0,1.0,6.0,207.0,119.0,326.0,163.0,3.0,0.3650306748466257,1,1,0
330117,39,944,7,62,False,5.0,2.0,5.0,23.0,36.0,59.0,11.8,1.0,0.6101694915254238,1,1,0
330116,54,890,7,98,False,0.0,0.0,0.0,0.0,0.0,0.0,0.0,0.0,0.0,0,0,0
330115,33,488,5,52,False,1.0,1.0,1.0,3.0,4.0,7.0,7.0,1.0,0.5714285714285714,1,1,0
330113,58,1330,9,119,False,16.0,1.0,22.0,409.0,333.0,742.0,46.375,1.375,0.4487870619946091,1,1,0
330112,41,762,7,109,True,0.0,0.0,0.0,0.0,0.0,0.0,0.0,0.0,0.0,0,0,0
330111,40,381,7,51,True,0.0,0.0,0.0,0.0,0.0,0.0,0.0,0.0,0.0,0,0,0
330109,34,404,5,58,False,1.0,1.0,1.0,9.0,11.0,20.0,20.0,1.0,0.55,1,1,1
330107,45,466,6,69,False,1.0,1.0,2.0,26.0,3.0,29.0,29.0,2.0,0.1034482758620689,1,1,1
330106,32,591,5,73,True,1.0,1.0,1.0,5.0,6.0,11.0,11.0,1.0,0.5454545454545454,1,1,0
330105,40,387,7,50,False,1.0,1.0,1.0,4.0,1.0,5.0,5.0,1.0,0.2,1,1,1
330102,46,1699,7,244,False,1.0,1.0,4.0,28.0,5.0,33.0,33.0,4.0,0.1515151515151515,1,1,0
330101,60,1343,8,179,True,0.0,0.0,0.0,0.0,0.0,0.0,0.0,0.0,0.0,0,0,0
330100,38,1164,4,134,False,1.0,1.0,1.0,1.0,1.0,2.0,2.0,1.0,0.5,1,1,0
330099,38,688,5,79,False,2.0,2.0,2.0,26.0,7.0,33.0,16.5,1.0,0.2121212121212121,1,1,0
330098,43,522,6,66,True,1.0,1.0,1.0,1.0,0.0,1.0,1.0,1.0,0.0,1,1,0
330097,45,454,6,61,False,4.0,2.0,22.0,354.0,85.0,439.0,109.75,5.5,0.1936218678815489,1,1,1
330096,37,1663,5,246,False,6.0,1.0,113.0,3711.0,782.0,4493.0,748.8333333333334,18.83333333333333,0.1740485199198753,1,1,0
330095,34,471,6,70,False,0.0,0.0,0.0,0.0,0.0,0.0,0.0,0.0,0.0,0,0,0
330094,56,1814,7,263,False,4.0,2.0,257.0,18044.0,14448.0,32492.0,8123.0,64.25,0.4446633017358118,1,1,1
330089,39,993,5,122,False,1.0,1.0,6.0,133.0,2.0,135.0,135.0,6.0,0.0148148148148148,1,1,0
330085,49,417,4,50,False,0.0,0.0,0.0,0.0,0.0,0.0,0.0,0.0,0.0,0,0,0
330084,53,308,6,33,False,1.0,1.0,2.0,46.0,1.0,47.0,47.0,2.0,0.0212765957446808,1,1,0
330083,39,793,5,94,False,1.0,1.0,2.0,46.0,1.0,47.0,47.0,2.0,0.0212765957446808,1,1,0
330082,52,2657,9,372,False,3.0,1.0,6.0,93.0,7.0,100.0,33.333333333333336,2.0,0.07,1,1,0
330080,40,817,5,114,True,2.0,1.0,3.0,52.0,8.0,60.0,30.0,1.5,0.1333333333333333,1,1,0
330078,79,7237,10,1023,True,2.0,1.0,7.0,167.0,54.0,221.0,110.5,3.5,0.2443438914027149,1,1,0
330077,48,1325,8,161,False,4.0,2.0,4.0,61.0,20.0,81.0,20.25,1.0,0.2469135802469135,1,1,0
330076,47,827,6,113,False,0.0,0.0,0.0,0.0,0.0,0.0,0.0,0.0,0.0,0,0,0
330075,54,504,8,68,False,5.0,2.0,32.0,1097.0,128.0,1225.0,245.0,6.4,0.1044897959183673,1,1,0
330074,79,835,13,114,False,2.0,2.0,1.0,5.0,0.0,5.0,2.5,0.5,0.0,1,1,0
330073,39,974,7,127,False,2.0,2.0,41.0,1079.0,362.0,1441.0,720.5,20.5,0.2512144344205413,1,1,0
330071,45,310,6,35,False,0.0,0.0,0.0,0.0,0.0,0.0,0.0,0.0,0.0,0,0,0
330070,60,437,10,56,False,2.0,2.0,27.0,731.0,338.0,1069.0,534.5,13.5,0.3161833489242282,1,1,0
330069,55,560,7,74,False,1.0,1.0,65.0,1660.0,903.0,2563.0,2563.0,65.0,0.352321498244245,1,1,0
330068,45,409,5,45,False,1.0,1.0,2.0,4.0,4.0,8.0,8.0,2.0,0.5,1,1,0
330067,23,349,5,49,False,2.0,1.0,325.0,23492.0,15473.0,38965.0,19482.5,162.5,0.3970999615039137,1,1,1
330063,49,827,8,130,False,1.0,1.0,2.0,15.0,8.0,23.0,23.0,2.0,0.3478260869565217,1,1,0
330058,33,343,5,49,False,3.0,1.0,143.0,4685.0,967.0,5652.0,1884.0,47.66666666666666,0.1710898796886058,1,1,1
330054,51,1002,8,138,False,0.0,0.0,0.0,0.0,0.0,0.0,0.0,0.0,0.0,0,0,0
330044,18,2294,4,319,False,3.0,1.0,3.0,15.0,41.0,56.0,18.666666666666668,1.0,0.7321428571428571,1,1,0
330042,47,1931,8,309,False,1.0,1.0,2.0,13.0,5.0,18.0,18.0,2.0,0.2777777777777778,1,1,0
330041,52,714,7,112,False,2.0,2.0,134.0,5081.0,755.0,5836.0,2918.0,67.0,0.1293694311172035,1,1,1
330040,64,2969,9,430,False,2.0,1.0,224.0,7328.0,5194.0,12522.0,6261.0,112.0,0.41478996965341,1,1,1
330038,68,2520,10,356,False,0.0,0.0,0.0,0.0,0.0,0.0,0.0,0.0,0.0,0,0,0
330035,51,455,8,71,False,1.0,1.0,11.0,44.0,41.0,85.0,85.0,11.0,0.4823529411764706,1,1,0
330030,57,1135,8,155,False,1.0,1.0,1.0,21.0,21.0,42.0,42.0,1.0,0.5,1,1,0
330029,53,2001,10,296,False,1.0,1.0,2.0,6.0,2.0,8.0,8.0,2.0,0.25,1,1,0
330026,23,349,3,49,True,0.0,0.0,0.0,0.0,0.0,0.0,0.0,0.0,0.0,0,0,0
330025,39,3058,7,376,False,2.0,2.0,5.0,344.0,26.0,370.0,185.0,2.5,0.0702702702702702,1,1,1
330024,40,3293,7,472,False,1.0,1.0,300.0,19188.0,15198.0,34386.0,34386.0,300.0,0.4419822020589775,1,1,1
330017,74,3816,9,537,False,0.0,0.0,0.0,0.0,0.0,0.0,0.0,0.0,0.0,0,0,0
330013,45,700,7,95,False,1.0,1.0,300.0,8691.0,32160.0,40851.0,40851.0,300.0,0.787251230080047,1,1,1
330012,71,3914,10,514,False,5.0,1.0,5.0,14.0,11.0,25.0,5.0,1.0,0.44,1,1,0
330011,58,267,8,40,False,1.0,1.0,1.0,2.0,2.0,4.0,4.0,1.0,0.5,1,1,0
330009,66,280,11,43,False,0.0,0.0,0.0,0.0,0.0,0.0,0.0,0.0,0.0,0,0,0
330007,62,693,10,103,False,2.0,1.0,5.0,115.0,4.0,119.0,59.5,2.5,0.0336134453781512,1,1,0
330005,45,602,7,74,False,1.0,1.0,4.0,15.0,4.0,19.0,19.0,4.0,0.2105263157894736,1,1,0
330003,60,936,10,134,False,1.0,1.0,18.0,612.0,95.0,707.0,707.0,18.0,0.1343705799151343,1,1,0
330002,63,1329,9,170,False,1.0,1.0,1.0,73.0,0.0,73.0,73.0,1.0,0.0,1,1,0
330000,36,270,5,38,False,0.0,0.0,0.0,0.0,0.0,0.0,0.0,0.0,0.0,0,0,0
329998,44,265,5,41,False,0.0,0.0,0.0,0.0,0.0,0.0,0.0,0.0,0.0,0,0,0
329995,50,159,9,26,False,0.0,0.0,0.0,0.0,0.0,0.0,0.0,0.0,0.0,0,0,0
329994,94,151,11,18,False,0.0,0.0,0.0,0.0,0.0,0.0,0.0,0.0,0.0,0,0,0
329986,60,3779,8,532,False,1.0,1.0,3.0,6.0,16.0,22.0,22.0,3.0,0.7272727272727273,1,1,0
329984,44,397,6,51,False,0.0,0.0,0.0,0.0,0.0,0.0,0.0,0.0,0.0,0,0,0
329972,38,443,6,63,False,1.0,1.0,1.0,1.0,1.0,2.0,2.0,1.0,0.5,1,1,0
329969,47,630,8,87,False,9.0,2.0,121.0,4516.0,781.0,5297.0,588.5555555555555,13.444444444444445,0.1474419482726071,1,1,1
329967,58,1366,7,169,False,0.0,0.0,0.0,0.0,0.0,0.0,0.0,0.0,0.0,0,0,0
329964,65,2519,10,383,False,2.0,1.0,6.0,87.0,12.0,99.0,49.5,3.0,0.1212121212121212,1,1,0
329962,69,2521,14,343,False,0.0,0.0,0.0,0.0,0.0,0.0,0.0,0.0,0.0,0,0,0
329961,45,1000,7,136,False,1.0,1.0,3.0,8.0,4.0,12.0,12.0,3.0,0.3333333333333333,1,1,1
329960,54,718,7,80,False,2.0,1.0,7.0,45.0,57.0,102.0,51.0,3.5,0.5588235294117647,1,1,0
329959,50,170,7,26,False,0.0,0.0,0.0,0.0,0.0,0.0,0.0,0.0,0.0,0,0,0
329957,48,1123,6,162,False,0.0,0.0,0.0,0.0,0.0,0.0,0.0,0.0,0.0,0,0,0
329954,62,0,11,0,False,0.0,0.0,0.0,0.0,0.0,0.0,0.0,0.0,0.0,0,0,0
329953,67,165,10,25,False,0.0,0.0,0.0,0.0,0.0,0.0,0.0,0.0,0.0,0,0,0
329952,71,252,9,40,False,0.0,0.0,0.0,0.0,0.0,0.0,0.0,0.0,0.0,0,0,0
329950,73,246,12,36,False,0.0,0.0,0.0,0.0,0.0,0.0,0.0,0.0,0.0,0,0,0
329949,64,4106,11,512,True,0.0,0.0,0.0,0.0,0.0,0.0,0.0,0.0,0.0,0,0,0
329945,109,1900,9,204,False,0.0,0.0,0.0,0.0,0.0,0.0,0.0,0.0,0.0,0,0,0
329942,50,580,6,85,False,0.0,0.0,0.0,0.0,0.0,0.0,0.0,0.0,0.0,0,0,0
329941,76,383,13,64,False,0.0,0.0,0.0,0.0,0.0,0.0,0.0,0.0,0.0,0,0,0
329939,70,197,10,30,False,0.0,0.0,0.0,0.0,0.0,0.0,0.0,0.0,0.0,0,0,0
329937,44,423,6,59,False,1.0,1.0,6.0,66.0,13.0,79.0,79.0,6.0,0.1645569620253164,1,1,0
329932,65,15203,9,2391,True,5.0,1.0,9.0,472.0,133.0,605.0,121.0,1.8,0.2198347107438016,1,1,0
329931,100,2169,13,231,False,0.0,0.0,0.0,0.0,0.0,0.0,0.0,0.0,0.0,0,0,0
329929,56,405,9,61,False,0.0,0.0,0.0,0.0,0.0,0.0,0.0,0.0,0.0,0,0,0
329926,86,2132,12,226,False,0.0,0.0,0.0,0.0,0.0,0.0,0.0,0.0,0.0,0,0,0
329925,62,8277,8,1227,True,4.0,1.0,5.0,214.0,31.0,245.0,61.25,1.25,0.1265306122448979,1,1,0
329924,36,534,5,80,False,2.0,1.0,9.0,54.0,23.0,77.0,38.5,4.5,0.2987012987012987,1,1,0
329922,77,2088,14,318,False,3.0,1.0,1.0,131.0,66.0,197.0,65.66666666666667,0.3333333333333333,0.3350253807106599,1,1,0
329914,51,610,7,88,False,1.0,1.0,2.0,7.0,5.0,12.0,12.0,2.0,0.4166666666666667,1,1,0
329912,57,1156,6,138,False,0.0,0.0,0.0,0.0,0.0,0.0,0.0,0.0,0.0,0,0,0
329909,37,972,5,110,False,1.0,1.0,2.0,82.0,5.0,87.0,87.0,2.0,0.057471264367816,1,1,0
329899,91,1123,11,170,False,3.0,1.0,373.0,16254.0,5659.0,21913.0,7304.333333333333,124.33333333333331,0.2582485282708894,1,1,1
329898,23,322,4,27,False,0.0,0.0,0.0,0.0,0.0,0.0,0.0,0.0,0.0,0,0,0
329897,45,281,6,19,False,0.0,0.0,0.0,0.0,0.0,0.0,0.0,0.0,0.0,0,0,0
329896,43,1119,5,133,False,2.0,1.0,8.0,271.0,114.0,385.0,192.5,4.0,0.2961038961038961,1,1,0
329891,48,1065,6,132,True,1.0,1.0,2.0,89.0,10.0,99.0,99.0,2.0,0.101010101010101,1,1,0
329889,48,489,7,76,False,4.0,1.0,282.0,13568.0,2341.0,15909.0,3977.25,70.5,0.1471494122823559,1,1,1
329884,48,6673,7,968,False,1.0,1.0,4.0,144.0,21.0,165.0,165.0,4.0,0.1272727272727272,1,1,0
329883,46,738,7,106,False,0.0,0.0,0.0,0.0,0.0,0.0,0.0,0.0,0.0,0,0,0
329882,48,2247,7,316,True,0.0,0.0,0.0,0.0,0.0,0.0,0.0,0.0,0.0,0,0,0
329881,34,696,5,108,True,0.0,0.0,0.0,0.0,0.0,0.0,0.0,0.0,0.0,0,0,0
329879,45,599,8,88,False,1.0,1.0,1.0,14.0,6.0,20.0,20.0,1.0,0.3,1,1,0
329877,11,349,1,49,True,0.0,0.0,0.0,0.0,0.0,0.0,0.0,0.0,0.0,0,0,0
329876,42,1633,7,220,True,3.0,1.0,8.0,339.0,132.0,471.0,157.0,2.6666666666666665,0.2802547770700637,1,1,1
329875,51,850,8,104,False,0.0,0.0,0.0,0.0,0.0,0.0,0.0,0.0,0.0,0,0,0
329872,59,1444,6,170,False,0.0,0.0,0.0,0.0,0.0,0.0,0.0,0.0,0.0,0,0,0
329870,77,1060,14,149,False,4.0,1.0,134.0,7278.0,937.0,8215.0,2053.75,33.5,0.1140596469872185,1,1,1
329869,46,529,7,67,False,0.0,0.0,0.0,0.0,0.0,0.0,0.0,0.0,0.0,0,0,0
329868,47,825,7,96,False,5.0,1.0,10.0,106.0,104.0,210.0,42.0,2.0,0.4952380952380952,1,1,0
329867,35,804,5,116,False,1.0,1.0,2.0,29.0,10.0,39.0,39.0,2.0,0.2564102564102564,1,1,0
329865,45,1407,5,165,False,1.0,1.0,1.0,24.0,4.0,28.0,28.0,1.0,0.1428571428571428,1,1,0
329864,47,1278,6,172,True,3.0,1.0,6.0,272.0,151.0,423.0,141.0,2.0,0.3569739952718676,1,1,1
329862,30,429,5,63,True,3.0,1.0,11.0,74.0,16.0,90.0,30.0,3.6666666666666665,0.1777777777777777,1,1,0
329861,45,1618,6,240,False,1.0,1.0,8.0,97.0,9.0,106.0,106.0,8.0,0.0849056603773584,1,1,0
329860,49,838,8,109,False,0.0,0.0,0.0,0.0,0.0,0.0,0.0,0.0,0.0,0,0,0
329858,50,731,7,75,False,0.0,0.0,0.0,0.0,0.0,0.0,0.0,0.0,0.0,0,0,0
329857,48,442,6,63,True,0.0,0.0,0.0,0.0,0.0,0.0,0.0,0.0,0.0,0,0,0
329856,77,506,9,71,False,0.0,0.0,0.0,0.0,0.0,0.0,0.0,0.0,0.0,0,0,0
329853,71,1294,11,147,False,1.0,1.0,1.0,1.0,1.0,2.0,2.0,1.0,0.5,1,1,1
329852,17,432,3,50,False,1.0,1.0,2.0,266.0,57.0,323.0,323.0,2.0,0.1764705882352941,1,1,0
329849,48,1038,7,71,False,0.0,0.0,0.0,0.0,0.0,0.0,0.0,0.0,0.0,0,0,0
329846,78,304,12,52,False,0.0,0.0,0.0,0.0,0.0,0.0,0.0,0.0,0.0,0,0,0
329845,49,670,7,65,False,1.0,1.0,8.0,8.0,34.0,42.0,42.0,8.0,0.8095238095238095,1,1,0
329844,47,614,6,95,False,1.0,1.0,1.0,6.0,3.0,9.0,9.0,1.0,0.3333333333333333,1,1,0
329839,41,894,6,128,False,1.0,1.0,7.0,99.0,8.0,107.0,107.0,7.0,0.0747663551401869,1,1,0
329838,53,724,7,68,False,0.0,0.0,0.0,0.0,0.0,0.0,0.0,0.0,0.0,0,0,0
329837,35,939,6,74,False,0.0,0.0,0.0,0.0,0.0,0.0,0.0,0.0,0.0,0,0,0
329834,40,1327,5,139,False,1.0,1.0,5.0,96.0,25.0,121.0,121.0,5.0,0.2066115702479339,1,1,0
329833,45,930,6,130,False,0.0,0.0,0.0,0.0,0.0,0.0,0.0,0.0,0.0,0,0,0
329832,47,619,8,82,False,0.0,0.0,0.0,0.0,0.0,0.0,0.0,0.0,0.0,0,0,0
329831,60,596,10,70,False,0.0,0.0,0.0,0.0,0.0,0.0,0.0,0.0,0.0,0,0,0
329828,38,1828,5,244,False,4.0,1.0,328.0,6982.0,32958.0,39940.0,9985.0,82.0,0.8251877816725087,1,1,1
329825,74,3914,12,573,False,2.0,1.0,4.0,63.0,27.0,90.0,45.0,2.0,0.3,1,1,0
329824,50,2299,7,293,False,0.0,0.0,0.0,0.0,0.0,0.0,0.0,0.0,0.0,0,0,0
329819,41,358,6,49,False,0.0,0.0,0.0,0.0,0.0,0.0,0.0,0.0,0.0,0,0,0
329818,46,691,6,78,False,0.0,0.0,0.0,0.0,0.0,0.0,0.0,0.0,0.0,0,0,0
329817,65,510,9,62,False,0.0,0.0,0.0,0.0,0.0,0.0,0.0,0.0,0.0,0,0,1
329810,78,3058,10,435,False,1.0,1.0,4.0,254.0,0.0,254.0,254.0,4.0,0.0,1,1,0
329809,74,638,10,110,False,0.0,0.0,0.0,0.0,0.0,0.0,0.0,0.0,0.0,0,0,0
329808,70,1934,10,273,False,1.0,1.0,1.0,10.0,0.0,10.0,10.0,1.0,0.0,1,1,0
329802,59,638,7,110,False,0.0,0.0,0.0,0.0,0.0,0.0,0.0,0.0,0.0,0,0,0
329799,41,406,7,51,False,1.0,1.0,1.0,2.0,1.0,3.0,3.0,1.0,0.3333333333333333,1,1,0
329798,61,836,9,97,False,1.0,1.0,2.0,45.0,12.0,57.0,57.0,2.0,0.2105263157894736,1,1,0
329797,55,548,8,67,False,0.0,0.0,0.0,0.0,0.0,0.0,0.0,0.0,0.0,0,0,0
329795,40,343,5,49,False,0.0,0.0,0.0,0.0,0.0,0.0,0.0,0.0,0.0,0,0,0
329794,47,960,6,116,False,1.0,1.0,2.0,54.0,18.0,72.0,72.0,2.0,0.25,1,1,0
329793,46,783,6,69,False,0.0,0.0,0.0,0.0,0.0,0.0,0.0,0.0,0.0,0,0,0
329792,39,1463,8,222,True,2.0,1.0,306.0,12941.0,34260.0,47201.0,23600.5,153.0,0.7258320798288171,1,1,1
329791,47,1006,6,109,False,0.0,0.0,0.0,0.0,0.0,0.0,0.0,0.0,0.0,0,0,0
329788,29,980,4,121,False,0.0,0.0,0.0,0.0,0.0,0.0,0.0,0.0,0.0,0,0,0
329786,62,4365,10,591,False,1.0,1.0,5.0,66.0,58.0,124.0,124.0,5.0,0.4677419354838709,1,1,0
329784,72,1803,13,205,False,0.0,0.0,0.0,0.0,0.0,0.0,0.0,0.0,0.0,0,0,0
329783,42,1286,6,177,False,1.0,1.0,1.0,39.0,27.0,66.0,66.0,1.0,0.4090909090909091,1,1,0
329782,50,1000,8,141,False,0.0,0.0,0.0,0.0,0.0,0.0,0.0,0.0,0.0,0,0,1
329780,49,538,8,68,False,1.0,1.0,5.0,51.0,22.0,73.0,73.0,5.0,0.3013698630136986,1,1,0
329778,40,170,5,25,False,0.0,0.0,0.0,0.0,0.0,0.0,0.0,0.0,0.0,0,0,0
329775,48,952,8,142,True,0.0,0.0,0.0,0.0,0.0,0.0,0.0,0.0,0.0,0,0,0
329774,44,650,6,92,False,0.0,0.0,0.0,0.0,0.0,0.0,0.0,0.0,0.0,0,0,0
329770,64,3907,9,539,False,1.0,1.0,3.0,99.0,35.0,134.0,134.0,3.0,0.2611940298507462,1,1,0
329759,83,9247,9,1094,False,2.0,1.0,3.0,27.0,2.0,29.0,14.5,1.5,0.0689655172413793,1,1,0
329757,66,1576,10,154,False,0.0,0.0,0.0,0.0,0.0,0.0,0.0,0.0,0.0,0,0,0
329748,59,1981,8,286,False,1.0,1.0,3.0,20.0,6.0,26.0,26.0,3.0,0.2307692307692307,1,1,0
329744,70,2034,9,267,False,3.0,1.0,311.0,7578.0,34258.0,41836.0,13945.333333333334,103.66666666666669,0.8188641361506837,1,1,1
329740,43,349,6,49,False,0.0,0.0,0.0,0.0,0.0,0.0,0.0,0.0,0.0,0,0,0
329736,69,2201,8,288,False,1.0,1.0,2.0,5.0,2.0,7.0,7.0,2.0,0.2857142857142857,1,1,0
329734,89,1862,13,250,False,18.0,1.0,195.0,1137.0,33204.0,34341.0,1907.8333333333333,10.833333333333334,0.9668908884423868,1,1,1
329733,44,1329,6,164,False,1.0,1.0,207.0,959.0,33001.0,33960.0,33960.0,207.0,0.9717608951707892,1,1,1
329732,108,3813,14,476,False,2.0,1.0,5.0,92.0,28.0,120.0,60.0,2.5,0.2333333333333333,1,1,0
329731,46,3226,6,464,False,3.0,1.0,2.0,88.0,96.0,184.0,61.333333333333336,0.6666666666666666,0.5217391304347826,1,1,0
329730,40,171,7,17,False,2.0,1.0,3.0,68.0,12.0,80.0,40.0,1.5,0.15,1,1,0
329729,26,1051,4,102,False,1.0,1.0,154.0,9791.0,1576.0,11367.0,11367.0,154.0,0.138646960499692,1,1,1
329728,47,1695,6,217,False,1.0,1.0,1.0,0.0,1.0,1.0,1.0,1.0,1.0,1,1,0
329725,86,3000,14,329,False,3.0,1.0,2.0,3.0,2.0,5.0,1.6666666666666667,0.6666666666666666,0.4,1,1,0
329723,36,624,6,78,False,1.0,1.0,1.0,1.0,1.0,2.0,2.0,1.0,0.5,1,1,0
329719,49,986,6,141,False,2.0,1.0,4.0,99.0,64.0,163.0,81.5,2.0,0.3926380368098159,1,1,0
329718,72,3971,10,543,False,1.0,1.0,2.0,36.0,70.0,106.0,106.0,2.0,0.660377358490566,1,1,0
329716,37,3747,6,467,False,0.0,0.0,0.0,0.0,0.0,0.0,0.0,0.0,0.0,0,0,0
329715,42,1513,6,215,False,3.0,1.0,297.0,2532.0,33762.0,36294.0,12098.0,99.0,0.930236402711192,1,1,1
329714,44,1187,6,144,False,0.0,0.0,0.0,0.0,0.0,0.0,0.0,0.0,0.0,0,0,0
329712,73,2731,10,399,False,0.0,0.0,0.0,0.0,0.0,0.0,0.0,0.0,0.0,0,0,0
329711,47,379,7,60,False,0.0,0.0,0.0,0.0,0.0,0.0,0.0,0.0,0.0,0,0,0
329710,74,860,10,114,False,0.0,0.0,0.0,0.0,0.0,0.0,0.0,0.0,0.0,0,0,0
329708,46,448,6,60,False,1.0,1.0,2.0,12.0,17.0,29.0,29.0,2.0,0.5862068965517241,1,1,0
329707,59,779,8,109,True,0.0,0.0,0.0,0.0,0.0,0.0,0.0,0.0,0.0,0,0,0
329706,50,5693,9,780,False,1.0,1.0,6.0,191.0,92.0,283.0,283.0,6.0,0.3250883392226148,1,1,0
329703,56,2412,9,250,False,2.0,1.0,6.0,26.0,17.0,43.0,21.5,3.0,0.3953488372093023,1,1,0
329701,39,3786,7,260,False,3.0,1.0,304.0,8252.0,1382.0,9634.0,3211.333333333333,101.33333333333331,0.1434502802574216,1,1,1
329700,62,5501,9,471,False,0.0,0.0,0.0,0.0,0.0,0.0,0.0,0.0,0.0,0,0,1
329699,34,317,6,50,False,3.0,1.0,13.0,332.0,84.0,416.0,138.66666666666666,4.333333333333333,0.2019230769230769,1,1,0
329697,54,784,5,104,False,3.0,1.0,134.0,9541.0,1504.0,11045.0,3681.6666666666665,44.66666666666666,0.1361702127659574,1,1,1
329696,34,192,7,31,False,3.0,2.0,60.0,1522.0,561.0,2083.0,694.3333333333334,20.0,0.2693230916946711,1,1,1
329695,50,2873,6,339,False,0.0,0.0,0.0,0.0,0.0,0.0,0.0,0.0,0.0,0,0,0
329692,34,407,6,54,False,1.0,1.0,9.0,171.0,77.0,248.0,248.0,9.0,0.3104838709677419,1,1,0
329691,38,670,7,99,False,4.0,1.0,172.0,10235.0,2019.0,12254.0,3063.5,43.0,0.164762526521952,1,1,1
329690,52,660,6,69,False,1.0,1.0,1.0,0.0,96.0,96.0,96.0,1.0,1.0,1,1,0
329689,43,868,6,126,False,1.0,1.0,2.0,21.0,4.0,25.0,25.0,2.0,0.16,1,1,1
329688,53,4062,6,500,False,0.0,0.0,0.0,0.0,0.0,0.0,0.0,0.0,0.0,0,0,0
329687,44,183,6,25,False,1.0,1.0,1.0,1.0,1.0,2.0,2.0,1.0,0.5,1,1,0
329686,41,616,6,93,False,2.0,1.0,10.0,79.0,115.0,194.0,97.0,5.0,0.5927835051546392,1,1,0
329685,50,350,6,51,True,0.0,0.0,0.0,0.0,0.0,0.0,0.0,0.0,0.0,0,0,0
329683,51,398,7,57,True,6.0,1.0,32.0,256.0,73.0,329.0,54.833333333333336,5.333333333333333,0.2218844984802431,1,1,0
329682,45,8335,7,555,False,0.0,0.0,0.0,0.0,0.0,0.0,0.0,0.0,0.0,0,0,1
329681,43,1748,8,279,False,1.0,1.0,2.0,65.0,3.0,68.0,68.0,2.0,0.0441176470588235,1,1,0
329679,43,3798,7,554,False,1.0,1.0,5.0,113.0,14.0,127.0,127.0,5.0,0.1102362204724409,1,1,0
329678,54,703,5,93,True,0.0,0.0,0.0,0.0,0.0,0.0,0.0,0.0,0.0,0,0,0
329676,33,957,6,134,False,0.0,0.0,0.0,0.0,0.0,0.0,0.0,0.0,0.0,0,0,0
329674,28,338,5,45,False,1.0,1.0,1.0,98.0,43.0,141.0,141.0,1.0,0.3049645390070922,1,1,0
329673,28,338,5,45,False,0.0,0.0,0.0,0.0,0.0,0.0,0.0,0.0,0.0,0,0,0
329670,41,488,7,68,False,0.0,0.0,0.0,0.0,0.0,0.0,0.0,0.0,0.0,0,0,0
329665,45,2384,7,303,False,0.0,0.0,0.0,0.0,0.0,0.0,0.0,0.0,0.0,0,0,0
329663,44,236,6,30,False,0.0,0.0,0.0,0.0,0.0,0.0,0.0,0.0,0.0,0,0,0
329661,78,44,12,8,False,0.0,0.0,0.0,0.0,0.0,0.0,0.0,0.0,0.0,0,0,0
329660,50,794,8,111,True,0.0,0.0,0.0,0.0,0.0,0.0,0.0,0.0,0.0,0,0,0
329658,41,0,6,0,False,0.0,0.0,0.0,0.0,0.0,0.0,0.0,0.0,0.0,0,0,0
329655,65,1330,8,182,False,4.0,1.0,5.0,621.0,133.0,754.0,188.5,1.25,0.176392572944297,1,1,0
329653,79,350,10,49,False,2.0,1.0,4.0,43.0,9.0,52.0,26.0,2.0,0.173076923076923,1,1,0
329652,30,343,4,49,False,0.0,0.0,0.0,0.0,0.0,0.0,0.0,0.0,0.0,0,0,0
329650,51,6382,5,933,False,0.0,0.0,0.0,0.0,0.0,0.0,0.0,0.0,0.0,0,0,0
329646,34,872,6,124,False,1.0,1.0,53.0,1394.0,2746.0,4140.0,4140.0,53.0,0.6632850241545893,1,1,0
329638,90,2896,9,283,False,0.0,0.0,0.0,0.0,0.0,0.0,0.0,0.0,0.0,0,0,0
329637,58,587,8,82,False,0.0,0.0,0.0,0.0,0.0,0.0,0.0,0.0,0.0,0,0,0
329636,47,862,6,118,True,0.0,0.0,0.0,0.0,0.0,0.0,0.0,0.0,0.0,0,0,0
329634,49,1224,5,154,True,1.0,1.0,2.0,43.0,3.0,46.0,46.0,2.0,0.0652173913043478,1,1,0
329633,75,11020,10,1416,False,4.0,1.0,150.0,7228.0,4255.0,11483.0,2870.75,37.5,0.3705477662631716,1,1,1
329631,83,3639,9,388,True,1.0,1.0,1.0,2.0,1.0,3.0,3.0,1.0,0.3333333333333333,1,1,0
329629,53,612,9,86,False,2.0,1.0,249.0,4519.0,774.0,5293.0,2646.5,124.5,0.1462308709616474,1,1,1
329628,55,944,8,75,False,4.0,1.0,231.0,15220.0,4920.0,20140.0,5035.0,57.75,0.2442899702085402,1,1,1
329623,47,793,7,102,False,0.0,0.0,0.0,0.0,0.0,0.0,0.0,0.0,0.0,0,0,0
329622,34,343,4,49,False,0.0,0.0,0.0,0.0,0.0,0.0,0.0,0.0,0.0,0,0,0
329620,41,318,6,51,False,3.0,1.0,302.0,9518.0,1166.0,10684.0,3561.333333333333,100.66666666666669,0.1091351553725196,1,1,1
329617,67,63,11,10,False,1.0,1.0,1.0,1.0,1.0,2.0,2.0,1.0,0.5,1,1,0
329609,74,2355,13,322,False,2.0,1.0,3.0,87.0,4.0,91.0,45.5,1.5,0.0439560439560439,1,1,1
329608,53,837,7,118,False,0.0,0.0,0.0,0.0,0.0,0.0,0.0,0.0,0.0,0,0,0
329607,49,1363,7,205,True,2.0,1.0,1.0,11.0,3.0,14.0,7.0,0.5,0.2142857142857142,1,1,0
329603,49,843,7,119,False,2.0,1.0,16.0,107.0,2549.0,2656.0,1328.0,8.0,0.9597138554216867,1,1,0
329602,40,1490,5,197,False,1.0,1.0,8.0,224.0,251.0,475.0,475.0,8.0,0.5284210526315789,1,1,0
329601,86,0,14,0,False,0.0,0.0,0.0,0.0,0.0,0.0,0.0,0.0,0.0,0,0,0
329599,53,2417,7,267,False,0.0,0.0,0.0,0.0,0.0,0.0,0.0,0.0,0.0,0,0,0
329598,54,343,7,49,False,3.0,1.0,301.0,10638.0,1192.0,11830.0,3943.3333333333335,100.33333333333331,0.1007607776838546,1,1,1
329594,76,2877,9,386,False,0.0,0.0,0.0,0.0,0.0,0.0,0.0,0.0,0.0,0,0,0
329593,38,90,5,6,False,2.0,1.0,3.0,11.0,13.0,24.0,12.0,1.5,0.5416666666666666,1,1,0
329592,81,3837,11,543,False,3.0,2.0,317.0,16745.0,5315.0,22060.0,7353.333333333333,105.66666666666669,0.2409338168631006,1,1,1
329590,57,709,9,106,False,1.0,1.0,1.0,36.0,0.0,36.0,36.0,1.0,0.0,1,1,0
329586,56,1558,8,128,False,1.0,1.0,1.0,1.0,1.0,2.0,2.0,1.0,0.5,1,1,0
329585,53,0,9,0,False,0.0,0.0,0.0,0.0,0.0,0.0,0.0,0.0,0.0,0,0,0
329581,53,0,10,0,False,0.0,0.0,0.0,0.0,0.0,0.0,0.0,0.0,0.0,0,0,0
329580,37,1240,5,174,False,1.0,1.0,2.0,2.0,2.0,4.0,4.0,2.0,0.5,1,1,0
329579,77,2815,11,250,False,2.0,1.0,2.0,2.0,2.0,4.0,2.0,1.0,0.5,1,1,0
329578,54,455,6,63,False,2.0,1.0,1.0,6.0,7.0,13.0,6.5,0.5,0.5384615384615384,1,1,0
329576,42,891,7,94,False,0.0,0.0,0.0,0.0,0.0,0.0,0.0,0.0,0.0,0,0,0
329574,72,4798,9,594,False,0.0,0.0,0.0,0.0,0.0,0.0,0.0,0.0,0.0,0,0,0
329573,38,526,6,70,False,0.0,0.0,0.0,0.0,0.0,0.0,0.0,0.0,0.0,0,0,0
329572,49,724,8,101,False,1.0,1.0,1.0,4.0,0.0,4.0,4.0,1.0,0.0,1,1,0
329570,30,417,5,57,False,0.0,0.0,0.0,0.0,0.0,0.0,0.0,0.0,0.0,0,0,0
329569,50,487,8,75,False,1.0,1.0,2.0,45.0,23.0,68.0,68.0,2.0,0.3382352941176471,1,1,0
329568,52,2238,9,213,False,0.0,0.0,0.0,0.0,0.0,0.0,0.0,0.0,0.0,0,0,0
329567,102,0,14,0,False,2.0,1.0,170.0,1933.0,165.0,2098.0,1049.0,85.0,0.0786463298379409,1,1,0
329566,68,1628,11,249,False,1.0,1.0,2.0,25.0,20.0,45.0,45.0,2.0,0.4444444444444444,1,1,0
329564,62,7650,8,1082,True,0.0,0.0,0.0,0.0,0.0,0.0,0.0,0.0,0.0,0,0,0
329563,50,103,7,17,False,0.0,0.0,0.0,0.0,0.0,0.0,0.0,0.0,0.0,0,0,0
329562,57,466,8,71,False,2.0,1.0,21.0,114.0,58.0,172.0,86.0,10.5,0.3372093023255814,1,1,0
329557,62,500,9,75,False,0.0,0.0,0.0,0.0,0.0,0.0,0.0,0.0,0.0,0,0,0
329554,68,0,8,0,False,0.0,0.0,0.0,0.0,0.0,0.0,0.0,0.0,0.0,0,0,0
329553,74,855,5,83,False,0.0,0.0,0.0,0.0,0.0,0.0,0.0,0.0,0.0,0,0,0
329552,51,584,7,73,False,1.0,1.0,3.0,9.0,4.0,13.0,13.0,3.0,0.3076923076923077,1,1,0
329548,48,434,7,62,False,0.0,0.0,0.0,0.0,0.0,0.0,0.0,0.0,0.0,0,0,0
329547,40,549,6,77,False,1.0,1.0,10.0,201.0,181.0,382.0,382.0,10.0,0.4738219895287958,1,1,0
329542,47,1017,6,132,False,0.0,0.0,0.0,0.0,0.0,0.0,0.0,0.0,0.0,0,0,0
329534,42,523,7,76,False,0.0,0.0,0.0,0.0,0.0,0.0,0.0,0.0,0.0,0,0,0
329533,62,0,8,0,True,4.0,1.0,19.0,1284.0,240.0,1524.0,381.0,4.75,0.1574803149606299,1,1,0
329532,72,2269,10,298,False,3.0,1.0,5.0,54.0,151.0,205.0,68.33333333333333,1.6666666666666667,0.7365853658536585,1,1,0
329531,55,0,6,0,False,0.0,0.0,0.0,0.0,0.0,0.0,0.0,0.0,0.0,0,0,0
329524,101,3924,12,566,False,3.0,1.0,172.0,10861.0,1485.0,12346.0,4115.333333333333,57.333333333333336,0.1202818726713105,1,1,1
329522,39,820,5,118,False,2.0,1.0,1.0,11.0,7.0,18.0,9.0,0.5,0.3888888888888889,1,1,0
329519,24,460,4,65,False,2.0,1.0,174.0,6127.0,948.0,7075.0,3537.5,87.0,0.1339929328621908,1,1,1
329518,47,1591,6,160,False,4.0,1.0,5.0,110.0,36.0,146.0,36.5,1.25,0.2465753424657534,1,1,0
329517,46,1355,7,182,False,3.0,1.0,250.0,10877.0,1595.0,12472.0,4157.333333333333,83.33333333333333,0.1278864656831302,1,1,1
329515,61,4199,9,357,False,2.0,2.0,416.0,20369.0,2566.0,22935.0,11467.5,208.0,0.1118814039677349,1,1,1
329514,90,11148,9,739,False,0.0,0.0,0.0,0.0,0.0,0.0,0.0,0.0,0.0,0,0,1
329513,44,507,7,56,False,0.0,0.0,0.0,0.0,0.0,0.0,0.0,0.0,0.0,0,0,0
329510,50,92,7,13,False,1.0,1.0,2.0,77.0,86.0,163.0,163.0,2.0,0.5276073619631901,1,1,0
329509,46,2157,5,320,False,6.0,1.0,60.0,3130.0,332.0,3462.0,577.0,10.0,0.095898324667822,1,1,0
329507,42,820,6,119,False,0.0,0.0,0.0,0.0,0.0,0.0,0.0,0.0,0.0,0,0,0
329506,52,1643,8,228,True,6.0,1.0,26.0,575.0,408.0,983.0,163.83333333333334,4.333333333333333,0.4150559511698881,1,1,1
329505,43,1292,6,151,False,1.0,1.0,2.0,49.0,2.0,51.0,51.0,2.0,0.0392156862745098,1,1,0
329504,50,1074,7,154,True,1.0,1.0,3.0,120.0,11.0,131.0,131.0,3.0,0.0839694656488549,1,1,0
329503,48,635,6,82,False,0.0,0.0,0.0,0.0,0.0,0.0,0.0,0.0,0.0,0,0,1
329502,46,0,6,0,True,0.0,0.0,0.0,0.0,0.0,0.0,0.0,0.0,0.0,0,0,0
329501,34,90,5,6,False,0.0,0.0,0.0,0.0,0.0,0.0,0.0,0.0,0.0,0,0,0
329500,46,599,7,90,True,0.0,0.0,0.0,0.0,0.0,0.0,0.0,0.0,0.0,0,0,0
329499,42,559,6,80,False,3.0,1.0,310.0,11392.0,1105.0,12497.0,4165.666666666667,103.33333333333331,0.0884212210930623,1,1,1
329498,46,391,6,59,True,0.0,0.0,0.0,0.0,0.0,0.0,0.0,0.0,0.0,0,0,0
329493,39,5089,6,710,False,2.0,1.0,22.0,1276.0,159.0,1435.0,717.5,11.0,0.110801393728223,1,1,0
329492,42,723,6,108,False,2.0,1.0,24.0,1104.0,127.0,1231.0,615.5,12.0,0.1031681559707554,1,1,0
329487,41,448,5,57,False,2.0,2.0,43.0,1347.0,425.0,1772.0,886.0,21.5,0.2398419864559819,1,1,0
329486,31,861,5,118,False,1.0,1.0,27.0,1073.0,319.0,1392.0,1392.0,27.0,0.2291666666666666,1,1,0
329485,41,405,5,61,False,2.0,1.0,33.0,1266.0,363.0,1629.0,814.5,16.5,0.2228360957642725,1,1,0
329484,31,823,5,116,False,1.0,1.0,21.0,1030.0,119.0,1149.0,1149.0,21.0,0.103568320278503,1,1,0
329483,49,762,8,117,False,1.0,1.0,27.0,1073.0,319.0,1392.0,1392.0,27.0,0.2291666666666666,1,1,0
329481,81,3014,14,419,False,1.0,1.0,179.0,6275.0,971.0,7246.0,7246.0,179.0,0.1340049682583494,1,1,1
329480,42,1889,6,232,False,1.0,1.0,65.0,1984.0,343.0,2327.0,2327.0,65.0,0.1474000859475719,1,1,0
329478,67,2732,11,349,False,2.0,1.0,2.0,2.0,2.0,4.0,2.0,1.0,0.5,1,1,0
329473,47,725,5,77,False,1.0,1.0,31.0,1175.0,182.0,1357.0,1357.0,31.0,0.1341193809874723,1,1,0
329472,43,5959,6,892,False,2.0,1.0,5.0,124.0,22.0,146.0,73.0,2.5,0.1506849315068493,1,1,0
329470,36,568,5,88,False,2.0,2.0,86.0,2746.0,362.0,3108.0,1554.0,43.0,0.1164736164736164,1,1,0
329467,34,719,5,74,False,1.0,1.0,186.0,6524.0,1058.0,7582.0,7582.0,186.0,0.1395410182010023,1,1,1
329466,47,1041,9,146,True,1.0,1.0,2.0,11.0,31.0,42.0,42.0,2.0,0.7380952380952381,1,1,0
329465,35,458,5,69,False,3.0,2.0,288.0,10501.0,1698.0,12199.0,4066.3333333333335,96.0,0.1391917370276252,1,1,1
329463,18,343,3,49,False,3.0,1.0,38.0,1500.0,250.0,1750.0,583.3333333333334,12.666666666666666,0.1428571428571428,1,1,0
329462,54,4475,9,667,False,2.0,1.0,7.0,266.0,54.0,320.0,160.0,3.5,0.16875,1,1,0
329460,31,772,5,87,False,0.0,0.0,0.0,0.0,0.0,0.0,0.0,0.0,0.0,0,0,0
329459,60,556,9,86,False,3.0,1.0,133.0,4836.0,864.0,5700.0,1900.0,44.333333333333336,0.151578947368421,1,1,1
329455,66,481,10,73,False,6.0,1.0,116.0,3646.0,483.0,4129.0,688.1666666666666,19.33333333333333,0.1169774763865342,1,1,1
329454,44,1183,6,147,False,4.0,2.0,55.0,1381.0,299.0,1680.0,420.0,13.75,0.1779761904761904,1,1,0
329453,44,5220,7,807,False,2.0,1.0,9.0,273.0,67.0,340.0,170.0,4.5,0.1970588235294117,1,1,1
329452,39,1114,6,141,False,2.0,1.0,49.0,1093.0,236.0,1329.0,664.5,24.5,0.1775771256583897,1,1,0
329451,47,292,7,43,False,3.0,2.0,37.0,1328.0,240.0,1568.0,522.6666666666666,12.333333333333334,0.1530612244897959,1,1,0
329450,42,90,6,6,False,5.0,1.0,135.0,9765.0,1928.0,11693.0,2338.6,27.0,0.1648849739160181,1,1,1
329449,44,228,5,36,False,4.0,2.0,554.0,23320.0,3236.0,26556.0,6639.0,138.5,0.1218557011598132,1,1,1
329448,49,631,8,82,False,2.0,2.0,36.0,1326.0,240.0,1566.0,783.0,18.0,0.1532567049808429,1,1,0
329447,65,3214,11,456,True,0.0,0.0,0.0,0.0,0.0,0.0,0.0,0.0,0.0,0,0,0
329446,61,1409,9,174,False,0.0,0.0,0.0,0.0,0.0,0.0,0.0,0.0,0.0,0,0,1
329444,59,802,10,139,True,0.0,0.0,0.0,0.0,0.0,0.0,0.0,0.0,0.0,0,0,0
329442,72,31,9,2,False,3.0,1.0,20.0,435.0,133.0,568.0,189.33333333333331,6.666666666666667,0.2341549295774647,1,1,0
329441,52,579,9,81,False,5.0,2.0,48.0,1553.0,458.0,2011.0,402.2,9.6,0.2277473893585281,1,1,0
329438,59,0,10,0,False,4.0,2.0,378.0,17030.0,2443.0,19473.0,4868.25,94.5,0.1254557592564063,1,1,1
329437,53,519,7,72,False,2.0,1.0,36.0,1326.0,240.0,1566.0,783.0,18.0,0.1532567049808429,1,1,0
329433,76,3641,9,433,False,1.0,1.0,5.0,21.0,44.0,65.0,65.0,5.0,0.676923076923077,1,1,0
329429,53,1157,9,162,False,9.0,2.0,372.0,19421.0,2710.0,22131.0,2459.0,41.333333333333336,0.1224526682029732,1,1,1
329428,42,443,7,68,False,11.0,2.0,52.0,1811.0,321.0,2132.0,193.8181818181818,4.727272727272728,0.1505628517823639,1,1,0
329424,64,186,9,27,False,0.0,0.0,0.0,0.0,0.0,0.0,0.0,0.0,0.0,0,0,0
329420,56,142,8,22,False,0.0,0.0,0.0,0.0,0.0,0.0,0.0,0.0,0.0,0,0,0
329419,35,942,5,132,False,5.0,2.0,51.0,1178.0,259.0,1437.0,287.4,10.2,0.1802366040361865,1,1,0
329416,77,881,14,118,False,3.0,2.0,71.0,2019.0,518.0,2537.0,845.6666666666666,23.666666666666668,0.204178163184864,1,1,0
329414,90,0,13,0,False,2.0,1.0,12.0,520.0,138.0,658.0,329.0,6.0,0.2097264437689969,1,1,0
329410,46,156,8,23,False,0.0,0.0,0.0,0.0,0.0,0.0,0.0,0.0,0.0,0,0,0
329408,48,771,5,105,False,0.0,0.0,0.0,0.0,0.0,0.0,0.0,0.0,0.0,0,0,0
329405,63,1909,12,307,True,1.0,1.0,2.0,16.0,0.0,16.0,16.0,2.0,0.0,1,1,0
329400,56,833,9,96,False,1.0,1.0,3.0,59.0,5.0,64.0,64.0,3.0,0.078125,1,1,0
329399,49,611,8,78,False,1.0,1.0,1.0,13.0,5.0,18.0,18.0,1.0,0.2777777777777778,1,1,0
329398,61,700,10,89,False,1.0,1.0,2.0,84.0,18.0,102.0,102.0,2.0,0.1764705882352941,1,1,0
329397,53,2061,9,289,False,0.0,0.0,0.0,0.0,0.0,0.0,0.0,0.0,0.0,0,0,0
329396,39,352,5,58,False,0.0,0.0,0.0,0.0,0.0,0.0,0.0,0.0,0.0,0,0,0
329395,78,3414,8,399,False,2.0,2.0,13.0,225.0,39.0,264.0,132.0,6.5,0.1477272727272727,1,1,0
329394,44,659,6,94,False,0.0,0.0,0.0,0.0,0.0,0.0,0.0,0.0,0.0,0,0,0
329393,47,188,7,27,False,0.0,0.0,0.0,0.0,0.0,0.0,0.0,0.0,0.0,0,0,0
329391,72,1294,9,151,True,1.0,1.0,1.0,1.0,1.0,2.0,2.0,1.0,0.5,1,1,0
329389,52,163,7,24,False,1.0,1.0,1.0,2.0,2.0,4.0,4.0,1.0,0.5,1,1,0
329387,48,371,7,53,False,1.0,1.0,3.0,8.0,6.0,14.0,14.0,3.0,0.4285714285714285,1,1,0
329385,54,2284,7,186,False,2.0,1.0,3.0,31.0,8.0,39.0,19.5,1.5,0.2051282051282051,1,1,0
329384,37,2327,6,296,False,4.0,1.0,48.0,2149.0,344.0,2493.0,623.25,12.0,0.1379863618130766,1,1,0
329383,66,1475,10,200,False,2.0,1.0,4.0,89.0,93.0,182.0,91.0,2.0,0.510989010989011,1,1,0
329382,57,192,11,34,False,2.0,1.0,2.0,33.0,5.0,38.0,19.0,1.0,0.131578947368421,1,1,0
329381,63,1979,10,239,False,0.0,0.0,0.0,0.0,0.0,0.0,0.0,0.0,0.0,0,0,0
329378,54,4026,7,550,False,0.0,0.0,0.0,0.0,0.0,0.0,0.0,0.0,0.0,0,0,0
329377,41,1053,7,111,False,0.0,0.0,0.0,0.0,0.0,0.0,0.0,0.0,0.0,0,0,0
329376,49,0,7,0,False,0.0,0.0,0.0,0.0,0.0,0.0,0.0,0.0,0.0,0,0,0
329374,70,1827,12,248,False,1.0,1.0,1.0,2.0,2.0,4.0,4.0,1.0,0.5,1,1,0
329373,63,748,9,106,False,0.0,0.0,0.0,0.0,0.0,0.0,0.0,0.0,0.0,0,0,0
329372,53,3243,8,406,True,1.0,1.0,1.0,1.0,1.0,2.0,2.0,1.0,0.5,1,1,0
329371,48,764,7,109,False,0.0,0.0,0.0,0.0,0.0,0.0,0.0,0.0,0.0,0,0,0
329368,48,488,6,59,False,0.0,0.0,0.0,0.0,0.0,0.0,0.0,0.0,0.0,0,0,0
329367,34,2208,4,326,False,3.0,3.0,118.0,4066.0,732.0,4798.0,1599.3333333333333,39.333333333333336,0.1525635681533972,1,1,1
329363,46,491,7,64,False,0.0,0.0,0.0,0.0,0.0,0.0,0.0,0.0,0.0,0,0,0
329362,49,537,5,72,False,1.0,1.0,3.0,57.0,4.0,61.0,61.0,3.0,0.0655737704918032,1,1,0
329359,56,670,8,91,False,0.0,0.0,0.0,0.0,0.0,0.0,0.0,0.0,0.0,0,0,0
329356,24,349,4,49,True,0.0,0.0,0.0,0.0,0.0,0.0,0.0,0.0,0.0,0,0,1
329355,58,6893,7,450,False,0.0,0.0,0.0,0.0,0.0,0.0,0.0,0.0,0.0,0,0,0
329354,54,12125,7,672,False,0.0,0.0,0.0,0.0,0.0,0.0,0.0,0.0,0.0,0,0,0
329353,59,8189,7,649,False,0.0,0.0,0.0,0.0,0.0,0.0,0.0,0.0,0.0,0,0,0
329352,56,5744,7,274,False,0.0,0.0,0.0,0.0,0.0,0.0,0.0,0.0,0.0,0,0,0
329351,51,204,10,39,False,0.0,0.0,0.0,0.0,0.0,0.0,0.0,0.0,0.0,0,0,0
329347,65,643,12,59,False,7.0,2.0,317.0,10228.0,2613.0,12841.0,1834.4285714285716,45.285714285714285,0.2034888248578771,1,1,1
329346,63,1037,8,142,False,0.0,0.0,0.0,0.0,0.0,0.0,0.0,0.0,0.0,0,0,0
329345,61,196,10,34,False,0.0,0.0,0.0,0.0,0.0,0.0,0.0,0.0,0.0,0,0,0
329341,42,581,5,68,False,1.0,1.0,8.0,13.0,11.0,24.0,24.0,8.0,0.4583333333333333,1,1,0
329338,77,2363,10,320,False,0.0,0.0,0.0,0.0,0.0,0.0,0.0,0.0,0.0,0,0,0
329336,27,0,5,0,False,0.0,0.0,0.0,0.0,0.0,0.0,0.0,0.0,0.0,0,0,0
329335,53,486,8,59,False,1.0,1.0,2.0,3.0,1.0,4.0,4.0,2.0,0.25,1,1,0
329333,38,218,6,18,False,4.0,1.0,311.0,22162.0,4780.0,26942.0,6735.5,77.75,0.1774181575235691,1,1,1
329331,48,2310,5,302,False,1.0,1.0,5.0,234.0,242.0,476.0,476.0,5.0,0.5084033613445378,1,1,0
329327,42,633,7,86,False,0.0,0.0,0.0,0.0,0.0,0.0,0.0,0.0,0.0,0,0,0
329325,44,4773,6,645,False,1.0,1.0,6.0,81.0,15.0,96.0,96.0,6.0,0.15625,1,1,1
329324,50,1978,6,212,False,3.0,1.0,187.0,5961.0,1218.0,7179.0,2393.0,62.333333333333336,0.1696615127455077,1,1,1
329323,41,611,6,88,False,2.0,1.0,192.0,5911.0,1234.0,7145.0,3572.5,96.0,0.1727081875437368,1,1,1
329318,59,919,7,138,False,1.0,1.0,2.0,62.0,37.0,99.0,99.0,2.0,0.3737373737373737,1,1,0
329314,37,1170,6,169,False,2.0,1.0,3.0,34.0,3.0,37.0,18.5,1.5,0.081081081081081,1,1,0
329311,32,216,5,18,False,1.0,1.0,2.0,76.0,8.0,84.0,84.0,2.0,0.0952380952380952,1,1,0
329310,53,90,9,6,False,0.0,0.0,0.0,0.0,0.0,0.0,0.0,0.0,0.0,0,0,0
329307,49,420,6,54,False,1.0,1.0,3.0,4.0,2.0,6.0,6.0,3.0,0.3333333333333333,1,1,0
329306,67,3125,9,429,False,1.0,1.0,2.0,28.0,14.0,42.0,42.0,2.0,0.3333333333333333,1,1,0
329304,41,309,7,43,False,0.0,0.0,0.0,0.0,0.0,0.0,0.0,0.0,0.0,0,0,0
329303,42,1272,6,173,False,3.0,1.0,7.0,69.0,147.0,216.0,72.0,2.333333333333333,0.6805555555555556,1,1,0
329301,46,1147,6,172,False,1.0,1.0,1.0,5.0,0.0,5.0,5.0,1.0,0.0,1,1,0
329299,21,135,4,22,False,0.0,0.0,0.0,0.0,0.0,0.0,0.0,0.0,0.0,0,0,0
329298,21,135,4,22,False,0.0,0.0,0.0,0.0,0.0,0.0,0.0,0.0,0.0,0,0,0
329297,35,473,5,56,False,1.0,1.0,2.0,29.0,4.0,33.0,33.0,2.0,0.1212121212121212,1,1,0
329296,31,218,5,21,False,2.0,1.0,102.0,3207.0,485.0,3692.0,1846.0,51.0,0.1313651137594799,1,1,0
329294,57,505,9,71,False,2.0,1.0,301.0,9552.0,2249.0,11801.0,5900.5,150.5,0.1905770697398525,1,1,1
329293,48,450,6,60,False,0.0,0.0,0.0,0.0,0.0,0.0,0.0,0.0,0.0,0,0,0
329292,56,4597,9,690,False,1.0,1.0,6.0,68.0,21.0,89.0,89.0,6.0,0.2359550561797752,1,1,0
329290,71,1703,8,126,False,1.0,1.0,1.0,1.0,1.0,2.0,2.0,1.0,0.5,1,1,0
329289,47,532,6,77,False,2.0,1.0,197.0,6587.0,1645.0,8232.0,4116.0,98.5,0.1998299319727891,1,1,1
329288,44,811,5,104,False,1.0,1.0,3.0,105.0,30.0,135.0,135.0,3.0,0.2222222222222222,1,1,0
329286,50,246,7,26,False,0.0,0.0,0.0,0.0,0.0,0.0,0.0,0.0,0.0,0,0,0
329285,47,574,6,82,False,1.0,1.0,7.0,29.0,9.0,38.0,38.0,7.0,0.2368421052631578,1,1,1
329284,58,7078,8,1028,False,0.0,0.0,0.0,0.0,0.0,0.0,0.0,0.0,0.0,0,0,1
329282,52,1000,8,142,False,3.0,1.0,50.0,3365.0,500.0,3865.0,1288.3333333333333,16.666666666666668,0.129366106080207,1,1,1
329281,73,2330,11,388,False,1.0,1.0,4.0,274.0,8.0,282.0,282.0,4.0,0.0283687943262411,1,1,0
329279,56,2536,8,381,False,2.0,1.0,145.0,6785.0,1704.0,8489.0,4244.5,72.5,0.2007303569325008,1,1,1
329278,40,760,6,114,False,4.0,1.0,4.0,41.0,1.0,42.0,10.5,1.0,0.0238095238095238,1,1,0
329277,20,343,3,49,False,0.0,0.0,0.0,0.0,0.0,0.0,0.0,0.0,0.0,0,0,0
329276,56,1183,10,163,False,0.0,0.0,0.0,0.0,0.0,0.0,0.0,0.0,0.0,0,0,0
329275,60,1502,7,189,False,1.0,1.0,25.0,2260.0,320.0,2580.0,2580.0,25.0,0.1240310077519379,1,1,1
329271,48,407,7,57,False,1.0,1.0,300.0,25632.0,6659.0,32291.0,32291.0,300.0,0.2062184509615682,1,1,1
329270,40,582,5,84,False,1.0,1.0,2.0,6.0,0.0,6.0,6.0,2.0,0.0,1,1,0
329269,73,2789,11,360,False,1.0,1.0,1.0,10.0,0.0,10.0,10.0,1.0,0.0,1,1,0
329268,28,273,4,38,False,15.0,2.0,136.0,6755.0,1774.0,8529.0,568.6,9.066666666666666,0.2079962480947356,1,1,1
329266,54,1462,8,200,True,10.0,1.0,314.0,13979.0,3715.0,17694.0,1769.4,31.4,0.2099581779134169,1,1,1
329264,56,3024,8,420,False,3.0,1.0,103.0,5593.0,1147.0,6740.0,2246.6666666666665,34.333333333333336,0.1701780415430267,1,1,1
329263,46,2014,7,290,False,1.0,1.0,5.0,44.0,2.0,46.0,46.0,5.0,0.0434782608695652,1,1,1
329262,45,169,7,20,False,0.0,0.0,0.0,0.0,0.0,0.0,0.0,0.0,0.0,0,0,0
329260,54,5019,7,717,False,2.0,1.0,3.0,118.0,54.0,172.0,86.0,1.5,0.313953488372093,1,1,0
329259,39,783,6,94,False,1.0,1.0,4.0,225.0,53.0,278.0,278.0,4.0,0.1906474820143885,1,1,0
329256,61,2757,8,383,False,1.0,1.0,7.0,383.0,9.0,392.0,392.0,7.0,0.0229591836734693,1,1,0
329255,52,1111,8,149,False,0.0,0.0,0.0,0.0,0.0,0.0,0.0,0.0,0.0,0,0,0
329253,46,572,7,81,False,0.0,0.0,0.0,0.0,0.0,0.0,0.0,0.0,0.0,0,0,0
329252,43,931,5,129,False,1.0,1.0,8.0,60.0,15.0,75.0,75.0,8.0,0.2,1,1,0
329249,44,859,6,121,False,1.0,1.0,1.0,7.0,1.0,8.0,8.0,1.0,0.125,1,1,0
329247,63,803,10,111,False,1.0,1.0,4.0,66.0,29.0,95.0,95.0,4.0,0.3052631578947368,1,1,0
329246,44,2783,6,391,False,0.0,0.0,0.0,0.0,0.0,0.0,0.0,0.0,0.0,0,0,0
329244,39,138,6,21,False,1.0,1.0,4.0,34.0,27.0,61.0,61.0,4.0,0.4426229508196721,1,1,0
329241,41,487,7,66,False,0.0,0.0,0.0,0.0,0.0,0.0,0.0,0.0,0.0,0,0,0
329240,47,402,6,53,False,1.0,1.0,1.0,6.0,4.0,10.0,10.0,1.0,0.4,1,1,0
329239,62,186,11,28,False,4.0,1.0,280.0,22229.0,4112.0,26341.0,6585.25,70.0,0.15610645002088,1,1,1
329237,61,1388,8,122,False,2.0,1.0,21.0,387.0,75.0,462.0,231.0,10.5,0.1623376623376623,1,1,0
329229,30,566,4,88,False,1.0,1.0,300.0,12181.0,3316.0,15497.0,15497.0,300.0,0.2139768987545976,1,1,1
329228,54,3259,7,384,False,4.0,1.0,8.0,236.0,111.0,347.0,86.75,2.0,0.3198847262247838,1,1,0
329227,47,299,8,53,True,0.0,0.0,0.0,0.0,0.0,0.0,0.0,0.0,0.0,0,0,0
329226,70,270,9,43,True,0.0,0.0,0.0,0.0,0.0,0.0,0.0,0.0,0.0,0,0,0
329225,70,6940,9,676,True,0.0,0.0,0.0,0.0,0.0,0.0,0.0,0.0,0.0,0,0,0
329222,37,745,5,105,False,1.0,1.0,1.0,65.0,6.0,71.0,71.0,1.0,0.0845070422535211,1,1,0
329220,38,754,6,114,False,19.0,2.0,245.0,11305.0,2501.0,13806.0,726.6315789473684,12.894736842105264,0.1811531218310879,1,1,1
329219,43,216,6,33,False,0.0,0.0,0.0,0.0,0.0,0.0,0.0,0.0,0.0,0,0,0
329217,31,343,4,49,False,3.0,2.0,432.0,28242.0,5457.0,33699.0,11233.0,144.0,0.1619335885337844,1,1,1
329216,67,2949,11,237,False,3.0,1.0,4.0,79.0,25.0,104.0,34.666666666666664,1.3333333333333333,0.2403846153846154,1,1,0
329215,70,1705,8,199,False,0.0,0.0,0.0,0.0,0.0,0.0,0.0,0.0,0.0,0,0,0
329214,55,520,6,71,False,0.0,0.0,0.0,0.0,0.0,0.0,0.0,0.0,0.0,0,0,0
329213,44,466,6,74,False,2.0,1.0,4.0,54.0,3.0,57.0,28.5,2.0,0.0526315789473684,1,1,0
329212,48,1666,4,183,False,2.0,1.0,3.0,231.0,2.0,233.0,116.5,1.5,0.0085836909871244,1,1,0
329210,54,67,8,2,False,1.0,1.0,300.0,23671.0,7900.0,31571.0,31571.0,300.0,0.2502296411263501,1,1,1
329208,28,458,6,64,False,1.0,1.0,268.0,21182.0,3852.0,25034.0,25034.0,268.0,0.1538707357993129,1,1,1
329207,57,509,7,78,False,1.0,1.0,3.0,13.0,6.0,19.0,19.0,3.0,0.3157894736842105,1,1,0
329206,46,251,6,38,False,0.0,0.0,0.0,0.0,0.0,0.0,0.0,0.0,0.0,0,0,0
329205,36,264,6,33,False,0.0,0.0,0.0,0.0,0.0,0.0,0.0,0.0,0.0,0,0,0
329203,53,157,8,23,False,2.0,1.0,9.0,388.0,108.0,496.0,248.0,4.5,0.2177419354838709,1,1,1
329202,52,795,8,117,False,3.0,2.0,170.0,15609.0,2469.0,18078.0,6026.0,56.66666666666666,0.1365748423498174,1,1,1
329200,53,405,9,65,True,0.0,0.0,0.0,0.0,0.0,0.0,0.0,0.0,0.0,0,0,0
329194,52,151,8,19,True,0.0,0.0,0.0,0.0,0.0,0.0,0.0,0.0,0.0,0,0,0
329193,65,343,12,49,False,1.0,1.0,5.0,74.0,52.0,126.0,126.0,5.0,0.4126984126984127,1,1,0
329192,64,2490,10,197,False,3.0,2.0,503.0,32340.0,8018.0,40358.0,13452.666666666666,167.66666666666666,0.1986718866147975,1,1,1
329191,42,619,7,82,False,1.0,1.0,1.0,0.0,12.0,12.0,12.0,1.0,1.0,1,1,0
329180,47,385,8,52,False,4.0,1.0,4.0,121.0,19.0,140.0,35.0,1.0,0.1357142857142857,1,1,0
329173,22,0,4,0,False,4.0,1.0,55.0,2508.0,703.0,3211.0,802.75,13.75,0.2189349112426035,1,1,1
329172,70,171,10,24,False,0.0,0.0,0.0,0.0,0.0,0.0,0.0,0.0,0.0,0,0,0
329171,46,570,6,82,False,1.0,1.0,6.0,28.0,20.0,48.0,48.0,6.0,0.4166666666666667,1,1,0
329167,37,343,8,49,False,0.0,0.0,0.0,0.0,0.0,0.0,0.0,0.0,0.0,0,0,0
329166,42,235,6,40,False,0.0,0.0,0.0,0.0,0.0,0.0,0.0,0.0,0.0,0,0,0
329165,40,692,7,100,False,0.0,0.0,0.0,0.0,0.0,0.0,0.0,0.0,0.0,0,0,0
329161,58,564,7,87,False,3.0,1.0,27.0,1371.0,526.0,1897.0,632.3333333333334,9.0,0.2772799156562994,1,1,1
329157,43,418,5,60,False,1.0,1.0,270.0,21328.0,4815.0,26143.0,26143.0,270.0,0.1841793214244731,1,1,1
329156,51,836,6,119,False,2.0,1.0,11.0,181.0,38.0,219.0,109.5,5.5,0.1735159817351598,1,1,0
329153,48,729,7,87,False,4.0,1.0,11.0,271.0,225.0,496.0,124.0,2.75,0.4536290322580645,1,1,0
329152,39,1152,5,137,False,2.0,1.0,132.0,6583.0,1704.0,8287.0,4143.5,66.0,0.2056232653553759,1,1,1
329150,8,349,2,49,False,0.0,0.0,0.0,0.0,0.0,0.0,0.0,0.0,0.0,0,0,0
329149,50,607,7,91,False,3.0,1.0,56.0,1696.0,196.0,1892.0,630.6666666666666,18.666666666666668,0.1035940803382663,1,1,0
329148,50,2340,10,358,False,0.0,0.0,0.0,0.0,0.0,0.0,0.0,0.0,0.0,0,0,0
329145,70,2593,10,242,False,14.0,1.0,152.0,7594.0,2771.0,10365.0,740.3571428571429,10.857142857142858,0.2673420164013507,1,1,1
329141,61,79,8,11,False,6.0,1.0,274.0,21786.0,5036.0,26822.0,4470.333333333333,45.66666666666666,0.1877563194392662,1,1,1
329140,66,2253,12,298,False,1.0,1.0,21.0,1218.0,323.0,1541.0,1541.0,21.0,0.2096041531473069,1,1,0
329139,46,828,6,95,False,3.0,1.0,12.0,130.0,36.0,166.0,55.333333333333336,4.0,0.216867469879518,1,1,0
329136,66,2922,9,441,False,0.0,0.0,0.0,0.0,0.0,0.0,0.0,0.0,0.0,0,0,0
329130,59,1428,8,175,False,1.0,1.0,15.0,490.0,8.0,498.0,498.0,15.0,0.0160642570281124,1,1,0
329128,48,2405,7,317,False,1.0,1.0,300.0,24516.0,5977.0,30493.0,30493.0,300.0,0.1960121995212015,1,1,1
329126,28,1337,4,99,False,0.0,0.0,0.0,0.0,0.0,0.0,0.0,0.0,0.0,0,0,0
329122,17,146,3,24,False,1.0,1.0,2.0,2.0,2.0,4.0,4.0,2.0,0.5,1,1,0
329121,38,925,6,71,False,2.0,1.0,153.0,6768.0,3656.0,10424.0,5212.0,76.5,0.350729086722947,1,1,1
329113,58,509,6,62,False,4.0,1.0,300.0,25331.0,5911.0,31242.0,7810.5,75.0,0.1892004353114397,1,1,1
329102,80,343,10,49,False,1.0,1.0,2.0,88.0,37.0,125.0,125.0,2.0,0.296,1,1,0
329099,43,1239,5,173,False,1.0,1.0,5.0,15.0,11.0,26.0,26.0,5.0,0.4230769230769231,1,1,0
329098,52,99,7,5,False,1.0,1.0,2.0,6.0,2.0,8.0,8.0,2.0,0.25,1,1,0
329096,67,343,8,49,False,0.0,0.0,0.0,0.0,0.0,0.0,0.0,0.0,0.0,0,0,0
329095,49,586,6,83,False,5.0,1.0,641.0,31594.0,9047.0,40641.0,8128.2,128.2,0.2226077114244236,1,1,1
329091,37,1369,6,168,False,5.0,1.0,14.0,194.0,29.0,223.0,44.6,2.8,0.1300448430493273,1,1,1
329088,64,506,10,75,False,1.0,1.0,3.0,42.0,9.0,51.0,51.0,3.0,0.1764705882352941,1,1,0
329085,49,1781,7,240,False,1.0,1.0,1.0,1.0,1.0,2.0,2.0,1.0,0.5,1,1,0
329084,59,5155,7,717,False,1.0,1.0,1.0,37.0,0.0,37.0,37.0,1.0,0.0,1,1,0
329079,58,8186,9,676,False,0.0,0.0,0.0,0.0,0.0,0.0,0.0,0.0,0.0,0,0,1
329078,61,6447,9,448,False,0.0,0.0,0.0,0.0,0.0,0.0,0.0,0.0,0.0,0,0,1
329077,66,2779,9,252,False,0.0,0.0,0.0,0.0,0.0,0.0,0.0,0.0,0.0,0,0,1
329072,25,288,3,10,False,1.0,1.0,1.0,6.0,8.0,14.0,14.0,1.0,0.5714285714285714,1,1,0
329071,36,1039,5,140,False,2.0,1.0,302.0,2266.0,834.0,3100.0,1550.0,151.0,0.2690322580645161,1,1,1
329069,63,1752,7,109,False,2.0,1.0,2.0,4.0,1.0,5.0,2.5,1.0,0.2,1,1,0
329068,46,506,7,73,False,2.0,1.0,3.0,91.0,7.0,98.0,49.0,1.5,0.0714285714285714,1,1,0
329067,31,1181,4,206,False,1.0,1.0,300.0,2715.0,975.0,3690.0,3690.0,300.0,0.2642276422764227,1,1,0
329066,62,590,9,85,False,3.0,1.0,21.0,1260.0,1063.0,2323.0,774.3333333333334,7.0,0.4575979337064141,1,1,1
329061,20,343,3,49,False,0.0,0.0,0.0,0.0,0.0,0.0,0.0,0.0,0.0,0,0,0
329059,77,1148,10,149,False,1.0,1.0,3.0,11.0,7.0,18.0,18.0,3.0,0.3888888888888889,1,1,0
329058,55,3406,9,517,False,0.0,0.0,0.0,0.0,0.0,0.0,0.0,0.0,0.0,0,0,0
329055,82,1748,9,136,False,0.0,0.0,0.0,0.0,0.0,0.0,0.0,0.0,0.0,0,0,0
329054,30,103,4,3,False,1.0,1.0,27.0,505.0,126.0,631.0,631.0,27.0,0.1996830427892234,1,1,0
329053,43,525,5,65,False,1.0,1.0,0.0,0.0,0.0,0.0,0.0,0.0,0.0,1,0,0
329052,52,2074,9,258,False,0.0,0.0,0.0,0.0,0.0,0.0,0.0,0.0,0.0,0,0,0
329050,40,349,6,49,False,1.0,1.0,1.0,10.0,3.0,13.0,13.0,1.0,0.2307692307692307,1,1,0
329048,98,2393,12,164,False,1.0,1.0,4.0,13.0,3.0,16.0,16.0,4.0,0.1875,1,1,0
329047,55,5152,9,771,False,8.0,1.0,21.0,1174.0,171.0,1345.0,168.125,2.625,0.1271375464684014,1,1,1
329045,37,560,6,57,False,1.0,1.0,1.0,4.0,4.0,8.0,8.0,1.0,0.5,1,1,0
329043,33,378,5,53,False,0.0,0.0,0.0,0.0,0.0,0.0,0.0,0.0,0.0,0,0,0
329041,67,61,8,4,False,0.0,0.0,0.0,0.0,0.0,0.0,0.0,0.0,0.0,0,0,0
329039,36,759,6,85,False,1.0,1.0,2.0,38.0,10.0,48.0,48.0,2.0,0.2083333333333333,1,1,0
329038,47,863,6,96,False,0.0,0.0,0.0,0.0,0.0,0.0,0.0,0.0,0.0,0,0,0
329037,70,725,10,105,False,4.0,2.0,5.0,225.0,164.0,389.0,97.25,1.25,0.4215938303341902,1,1,0
329034,45,1475,7,203,False,3.0,1.0,464.0,10239.0,2476.0,12715.0,4238.333333333333,154.66666666666666,0.1947306331104994,1,1,1
329033,43,611,7,64,False,0.0,0.0,0.0,0.0,0.0,0.0,0.0,0.0,0.0,0,0,0
329032,71,2371,10,352,True,0.0,0.0,0.0,0.0,0.0,0.0,0.0,0.0,0.0,0,0,0
329027,47,404,7,59,False,0.0,0.0,0.0,0.0,0.0,0.0,0.0,0.0,0.0,0,0,0
329026,68,1643,9,121,False,0.0,0.0,0.0,0.0,0.0,0.0,0.0,0.0,0.0,0,0,0
329025,45,1888,7,288,True,0.0,0.0,0.0,0.0,0.0,0.0,0.0,0.0,0.0,0,0,0
329022,38,432,6,70,False,3.0,1.0,4.0,118.0,9.0,127.0,42.333333333333336,1.3333333333333333,0.0708661417322834,1,1,0
329021,27,539,5,86,False,5.0,1.0,315.0,5345.0,1753.0,7098.0,1419.6,63.0,0.2469709777402085,1,1,1
329020,45,1591,7,237,False,0.0,0.0,0.0,0.0,0.0,0.0,0.0,0.0,0.0,0,0,0
329018,51,563,7,75,False,1.0,1.0,6.0,70.0,28.0,98.0,98.0,6.0,0.2857142857142857,1,1,0
329017,41,439,6,65,False,1.0,1.0,3.0,82.0,3.0,85.0,85.0,3.0,0.0352941176470588,1,1,0
329016,51,760,7,98,False,1.0,1.0,51.0,1949.0,172.0,2121.0,2121.0,51.0,0.0810938236680811,1,1,0
329015,54,343,7,49,False,2.0,1.0,3.0,22.0,15.0,37.0,18.5,1.5,0.4054054054054054,1,1,0
329014,33,597,5,90,False,2.0,1.0,301.0,5309.0,1397.0,6706.0,3353.0,150.5,0.2083209066507605,1,1,1
329013,58,808,8,121,False,2.0,1.0,9.0,1495.0,258.0,1753.0,876.5,4.5,0.1471762692527096,1,1,0
329011,43,647,5,79,False,1.0,1.0,1.0,2.0,1.0,3.0,3.0,1.0,0.3333333333333333,1,1,0
329010,62,1681,5,210,False,2.0,1.0,2.0,28.0,10.0,38.0,19.0,1.0,0.2631578947368421,1,1,0
329009,43,0,7,0,False,0.0,0.0,0.0,0.0,0.0,0.0,0.0,0.0,0.0,0,0,0
329008,49,5269,6,665,False,2.0,1.0,9.0,1041.0,140.0,1181.0,590.5,4.5,0.1185436071126164,1,1,0
329006,49,1006,7,140,True,0.0,0.0,0.0,0.0,0.0,0.0,0.0,0.0,0.0,0,0,0
329003,93,6519,13,764,False,0.0,0.0,0.0,0.0,0.0,0.0,0.0,0.0,0.0,0,0,0
329002,97,56,5,2,False,0.0,0.0,0.0,0.0,0.0,0.0,0.0,0.0,0.0,0,0,0
329000,80,6026,10,706,False,0.0,0.0,0.0,0.0,0.0,0.0,0.0,0.0,0.0,0,0,0
328999,54,1227,8,173,False,7.0,1.0,308.0,2843.0,974.0,3817.0,545.2857142857143,44.0,0.255174220592088,1,1,0
328998,50,1869,6,219,True,1.0,1.0,3.0,121.0,88.0,209.0,209.0,3.0,0.4210526315789473,1,1,0
328995,37,355,4,55,False,0.0,0.0,0.0,0.0,0.0,0.0,0.0,0.0,0.0,0,0,0
328994,73,5268,11,673,False,0.0,0.0,0.0,0.0,0.0,0.0,0.0,0.0,0.0,0,0,0
328993,80,5325,12,626,False,0.0,0.0,0.0,0.0,0.0,0.0,0.0,0.0,0.0,0,0,0
328990,50,3400,6,497,False,1.0,1.0,8.0,132.0,48.0,180.0,180.0,8.0,0.2666666666666666,1,1,0
328989,60,5067,9,793,False,1.0,1.0,3.0,207.0,44.0,251.0,251.0,3.0,0.1752988047808765,1,1,0
328984,55,757,8,92,False,1.0,1.0,6.0,59.0,2.0,61.0,61.0,6.0,0.0327868852459016,1,1,0
328983,72,2543,9,345,False,0.0,0.0,0.0,0.0,0.0,0.0,0.0,0.0,0.0,0,0,0
328982,42,494,6,70,True,0.0,0.0,0.0,0.0,0.0,0.0,0.0,0.0,0.0,0,0,1
328980,85,2606,11,352,False,0.0,0.0,0.0,0.0,0.0,0.0,0.0,0.0,0.0,0,0,0
328975,34,3040,5,454,False,4.0,1.0,67.0,3515.0,1054.0,4569.0,1142.25,16.75,0.2306850514335741,1,1,1
328974,40,837,6,117,False,1.0,1.0,6.0,13.0,57.0,70.0,70.0,6.0,0.8142857142857143,1,1,0
328973,87,1496,11,147,False,0.0,0.0,0.0,0.0,0.0,0.0,0.0,0.0,0.0,0,0,0
328972,71,2095,10,290,False,0.0,0.0,0.0,0.0,0.0,0.0,0.0,0.0,0.0,0,0,0
328971,66,1335,9,181,False,0.0,0.0,0.0,0.0,0.0,0.0,0.0,0.0,0.0,0,0,0
328969,52,1289,8,176,False,0.0,0.0,0.0,0.0,0.0,0.0,0.0,0.0,0.0,0,0,0
328963,52,2441,7,195,False,1.0,1.0,1.0,13.0,13.0,26.0,26.0,1.0,0.5,1,1,0
328962,34,1167,5,174,False,0.0,0.0,0.0,0.0,0.0,0.0,0.0,0.0,0.0,0,0,0
328961,42,68,7,12,False,0.0,0.0,0.0,0.0,0.0,0.0,0.0,0.0,0.0,0,0,1
328957,71,295,7,31,False,0.0,0.0,0.0,0.0,0.0,0.0,0.0,0.0,0.0,0,0,0
328956,61,1429,8,206,False,7.0,1.0,27.0,724.0,130.0,854.0,122.0,3.857142857142857,0.1522248243559719,1,1,0
328953,55,1586,7,224,False,26.0,1.0,34.0,2051.0,1302.0,3353.0,128.96153846153845,1.3076923076923077,0.3883089770354906,1,1,1
328949,34,107,3,4,False,0.0,0.0,0.0,0.0,0.0,0.0,0.0,0.0,0.0,0,0,0
328948,80,9206,9,979,False,4.0,2.0,324.0,2934.0,1803.0,4737.0,1184.25,81.0,0.3806206459784674,1,1,1
328947,109,1900,9,204,False,0.0,0.0,0.0,0.0,0.0,0.0,0.0,0.0,0.0,0,0,0
328944,58,913,7,107,False,4.0,1.0,29.0,1348.0,848.0,2196.0,549.0,7.25,0.3861566484517304,1,1,0
328943,41,666,6,89,False,3.0,1.0,27.0,1049.0,223.0,1272.0,424.0,9.0,0.175314465408805,1,1,0
328941,40,807,5,103,False,0.0,0.0,0.0,0.0,0.0,0.0,0.0,0.0,0.0,0,0,0
328930,58,853,10,108,False,0.0,0.0,0.0,0.0,0.0,0.0,0.0,0.0,0.0,0,0,0
328926,43,1134,5,122,False,0.0,0.0,0.0,0.0,0.0,0.0,0.0,0.0,0.0,0,0,0
328922,70,219,10,33,False,0.0,0.0,0.0,0.0,0.0,0.0,0.0,0.0,0.0,0,0,0
328921,73,523,9,72,False,0.0,0.0,0.0,0.0,0.0,0.0,0.0,0.0,0.0,0,0,0
328911,54,4069,11,667,False,0.0,0.0,0.0,0.0,0.0,0.0,0.0,0.0,0.0,0,0,0
328905,53,4593,7,680,True,1.0,1.0,6.0,48.0,17.0,65.0,65.0,6.0,0.2615384615384615,1,1,0
328904,50,1113,8,179,False,1.0,1.0,3.0,80.0,22.0,102.0,102.0,3.0,0.2156862745098039,1,1,0
328900,52,695,6,88,False,0.0,0.0,0.0,0.0,0.0,0.0,0.0,0.0,0.0,0,0,0
328896,45,406,6,51,False,2.0,1.0,72.0,2047.0,1043.0,3090.0,1545.0,36.0,0.3375404530744336,1,1,0
328890,45,1062,7,119,False,0.0,0.0,0.0,0.0,0.0,0.0,0.0,0.0,0.0,0,0,1
328884,27,132,5,18,False,1.0,1.0,1.0,0.0,88.0,88.0,88.0,1.0,1.0,1,1,0
328883,23,1127,3,161,False,10.0,2.0,41.0,1239.0,244.0,1483.0,148.3,4.1,0.1645313553607552,1,1,0
328882,67,1825,9,154,False,5.0,1.0,14.0,732.0,877.0,1609.0,321.8,2.8,0.5450590428837787,1,1,0
328880,56,2942,8,381,True,0.0,0.0,0.0,0.0,0.0,0.0,0.0,0.0,0.0,0,0,1
328876,48,867,6,107,False,5.0,1.0,214.0,9953.0,2332.0,12285.0,2457.0,42.8,0.1898249898249898,1,1,1
328875,50,91,6,13,True,0.0,0.0,0.0,0.0,0.0,0.0,0.0,0.0,0.0,0,0,0
328874,68,1245,3,123,False,0.0,0.0,0.0,0.0,0.0,0.0,0.0,0.0,0.0,0,0,0
328873,41,386,5,54,False,0.0,0.0,0.0,0.0,0.0,0.0,0.0,0.0,0.0,0,0,0
328871,54,343,2,49,False,0.0,0.0,0.0,0.0,0.0,0.0,0.0,0.0,0.0,0,0,0
328868,45,2644,7,313,False,0.0,0.0,0.0,0.0,0.0,0.0,0.0,0.0,0.0,0,0,0
328867,63,240,7,25,True,0.0,0.0,0.0,0.0,0.0,0.0,0.0,0.0,0.0,0,0,0
328866,43,4098,7,575,False,2.0,1.0,9.0,236.0,22.0,258.0,129.0,4.5,0.0852713178294573,1,1,0
328865,49,371,7,51,False,2.0,1.0,6.0,24.0,40.0,64.0,32.0,3.0,0.625,1,1,0
328864,41,626,7,74,False,2.0,1.0,5.0,66.0,6.0,72.0,36.0,2.5,0.0833333333333333,1,1,0
328863,46,1004,6,140,False,1.0,1.0,5.0,49.0,12.0,61.0,61.0,5.0,0.1967213114754098,1,1,0
328862,75,2398,11,341,False,2.0,1.0,3.0,80.0,211.0,291.0,145.5,1.5,0.7250859106529209,1,1,1
328855,69,8208,9,677,False,0.0,0.0,0.0,0.0,0.0,0.0,0.0,0.0,0.0,0,0,1
328851,66,1450,11,207,False,4.0,2.0,3.0,65.0,19.0,84.0,21.0,0.75,0.2261904761904762,1,1,0
328847,82,826,9,91,True,1.0,1.0,4.0,8.0,8.0,16.0,16.0,4.0,0.5,1,1,0
328843,64,2590,8,321,False,1.0,1.0,5.0,54.0,30.0,84.0,84.0,5.0,0.3571428571428571,1,1,0
328835,57,1266,8,147,False,2.0,2.0,302.0,3697.0,1233.0,4930.0,2465.0,151.0,0.2501014198782961,1,1,1
328834,54,1040,7,141,False,2.0,2.0,301.0,3696.0,1158.0,4854.0,2427.0,150.5,0.2385661310259579,1,1,1
328833,70,1347,10,193,False,2.0,2.0,2.0,99.0,7.0,106.0,53.0,1.0,0.0660377358490566,1,1,0
328832,41,352,5,55,False,1.0,1.0,6.0,58.0,7.0,65.0,65.0,6.0,0.1076923076923077,1,1,0
328830,77,1796,11,263,False,1.0,1.0,4.0,64.0,14.0,78.0,78.0,4.0,0.1794871794871795,1,1,1
328829,44,1763,8,222,False,2.0,1.0,4.0,123.0,82.0,205.0,102.5,2.0,0.4,1,1,0
328827,123,1937,10,209,False,0.0,0.0,0.0,0.0,0.0,0.0,0.0,0.0,0.0,0,0,0
328826,57,6859,9,523,False,0.0,0.0,0.0,0.0,0.0,0.0,0.0,0.0,0.0,0,0,0
328825,59,2779,9,252,False,0.0,0.0,0.0,0.0,0.0,0.0,0.0,0.0,0.0,0,0,1
328824,63,6447,9,448,False,0.0,0.0,0.0,0.0,0.0,0.0,0.0,0.0,0.0,0,0,1
328820,51,906,7,118,False,2.0,1.0,2.0,11.0,2.0,13.0,6.5,1.0,0.1538461538461538,1,1,0
328818,38,343,6,49,False,2.0,1.0,61.0,1517.0,293.0,1810.0,905.0,30.5,0.161878453038674,1,1,0
328815,67,601,7,79,False,1.0,1.0,1.0,19.0,2.0,21.0,21.0,1.0,0.0952380952380952,1,1,0
328806,74,962,9,134,False,0.0,0.0,0.0,0.0,0.0,0.0,0.0,0.0,0.0,0,0,0
328805,38,127,4,16,False,0.0,0.0,0.0,0.0,0.0,0.0,0.0,0.0,0.0,0,0,0
328801,48,392,5,53,False,0.0,0.0,0.0,0.0,0.0,0.0,0.0,0.0,0.0,0,0,0
328791,58,1343,7,141,False,1.0,1.0,2.0,27.0,9.0,36.0,36.0,2.0,0.25,1,1,0
328788,49,383,7,59,False,2.0,1.0,2.0,17.0,8.0,25.0,12.5,1.0,0.32,1,1,0
328785,60,1003,8,131,False,1.0,1.0,4.0,47.0,3.0,50.0,50.0,4.0,0.06,1,1,0
328784,49,1100,6,103,False,1.0,1.0,1.0,9.0,9.0,18.0,18.0,1.0,0.5,1,1,0
328783,27,349,4,49,False,3.0,1.0,131.0,4407.0,548.0,4955.0,1651.6666666666667,43.66666666666666,0.1105953582240161,1,1,1
328780,88,9798,9,756,False,0.0,0.0,0.0,0.0,0.0,0.0,0.0,0.0,0.0,0,0,1
328779,69,4170,9,293,False,0.0,0.0,0.0,0.0,0.0,0.0,0.0,0.0,0.0,0,0,0
328778,53,249,7,27,False,0.0,0.0,0.0,0.0,0.0,0.0,0.0,0.0,0.0,0,0,0
328773,51,228,9,31,False,2.0,1.0,15.0,582.0,41.0,623.0,311.5,7.5,0.0658105939004815,1,1,0
328771,69,961,7,130,False,0.0,0.0,0.0,0.0,0.0,0.0,0.0,0.0,0.0,0,0,1
328770,67,1000,9,127,False,1.0,1.0,1.0,14.0,1.0,15.0,15.0,1.0,0.0666666666666666,1,1,1
328768,65,1580,10,187,False,1.0,1.0,1.0,20.0,0.0,20.0,20.0,1.0,0.0,1,1,0
328766,62,933,10,131,True,1.0,1.0,3.0,64.0,0.0,64.0,64.0,3.0,0.0,1,1,0
328746,40,608,5,81,True,0.0,0.0,0.0,0.0,0.0,0.0,0.0,0.0,0.0,0,0,0
328742,66,1406,10,190,False,5.0,2.0,3.0,240.0,120.0,360.0,72.0,0.6,0.3333333333333333,1,1,0
328740,50,342,7,51,False,0.0,0.0,0.0,0.0,0.0,0.0,0.0,0.0,0.0,0,0,0
328739,31,2829,5,454,False,1.0,1.0,1.0,24.0,7.0,31.0,31.0,1.0,0.2258064516129032,1,1,0
328738,39,378,5,49,False,0.0,0.0,0.0,0.0,0.0,0.0,0.0,0.0,0.0,0,0,0
328735,41,515,5,47,True,0.0,0.0,0.0,0.0,0.0,0.0,0.0,0.0,0.0,0,0,0
328734,59,486,8,67,False,0.0,0.0,0.0,0.0,0.0,0.0,0.0,0.0,0.0,0,0,0
328733,44,1681,6,226,False,5.0,1.0,197.0,30364.0,4452.0,34816.0,6963.2,39.4,0.1278722426470588,1,1,1
328731,45,282,8,33,False,2.0,1.0,22.0,640.0,63.0,703.0,351.5,11.0,0.0896159317211948,1,1,0
328729,46,3251,5,435,True,2.0,1.0,25.0,497.0,861.0,1358.0,679.0,12.5,0.634020618556701,1,1,0
328724,46,1193,6,163,False,2.0,1.0,3.0,176.0,233.0,409.0,204.5,1.5,0.5696821515892421,1,1,0
328718,56,1434,6,188,False,0.0,0.0,0.0,0.0,0.0,0.0,0.0,0.0,0.0,0,0,0
328716,77,168,12,30,False,0.0,0.0,0.0,0.0,0.0,0.0,0.0,0.0,0.0,0,0,0
328713,76,195,11,28,False,2.0,1.0,233.0,9442.0,2421.0,11863.0,5931.5,116.5,0.2040799123324622,1,1,1
328712,27,141,3,4,False,1.0,1.0,1.0,1.0,1.0,2.0,2.0,1.0,0.5,1,1,0
328708,38,0,4,0,False,0.0,0.0,0.0,0.0,0.0,0.0,0.0,0.0,0.0,0,0,0
328707,52,1906,9,272,False,1.0,1.0,2.0,107.0,6.0,113.0,113.0,2.0,0.0530973451327433,1,1,0
328703,42,1397,5,183,False,0.0,0.0,0.0,0.0,0.0,0.0,0.0,0.0,0.0,0,0,0
328702,56,871,7,85,False,2.0,1.0,3.0,5.0,12.0,17.0,8.5,1.5,0.7058823529411765,1,1,0
328697,109,1900,9,204,False,0.0,0.0,0.0,0.0,0.0,0.0,0.0,0.0,0.0,0,0,0
328688,71,1416,14,219,False,1.0,1.0,8.0,144.0,25.0,169.0,169.0,8.0,0.1479289940828402,1,1,1
328686,62,0,7,0,False,0.0,0.0,0.0,0.0,0.0,0.0,0.0,0.0,0.0,0,0,0
328685,46,624,7,56,True,0.0,0.0,0.0,0.0,0.0,0.0,0.0,0.0,0.0,0,0,0
328682,34,44,4,5,False,0.0,0.0,0.0,0.0,0.0,0.0,0.0,0.0,0.0,0,0,0
328679,59,1884,9,241,False,0.0,0.0,0.0,0.0,0.0,0.0,0.0,0.0,0.0,0,0,0
328678,20,0,3,0,False,0.0,0.0,0.0,0.0,0.0,0.0,0.0,0.0,0.0,0,0,0
328672,45,281,6,19,False,0.0,0.0,0.0,0.0,0.0,0.0,0.0,0.0,0.0,0,0,0
328671,23,322,4,27,False,0.0,0.0,0.0,0.0,0.0,0.0,0.0,0.0,0.0,0,0,0
328666,45,271,7,37,False,1.0,1.0,1.0,15.0,3.0,18.0,18.0,1.0,0.1666666666666666,1,1,0
328663,36,71,6,10,False,0.0,0.0,0.0,0.0,0.0,0.0,0.0,0.0,0.0,0,0,0
328662,52,780,10,92,False,1.0,1.0,12.0,141.0,1.0,142.0,142.0,12.0,0.0070422535211267,1,1,0
328660,53,1279,7,182,False,1.0,1.0,1.0,50.0,49.0,99.0,99.0,1.0,0.494949494949495,1,1,0
328659,39,473,5,60,False,2.0,1.0,1.0,34.0,3.0,37.0,18.5,0.5,0.081081081081081,1,1,0
328658,44,902,6,119,False,2.0,1.0,2.0,19.0,19.0,38.0,19.0,1.0,0.5,1,1,0
328657,55,767,7,93,False,2.0,1.0,9.0,213.0,111.0,324.0,162.0,4.5,0.3425925925925926,1,1,0
328655,49,670,6,85,False,10.0,1.0,6.0,559.0,228.0,787.0,78.7,0.6,0.289707750952986,1,1,0
328654,56,1082,7,155,False,6.0,1.0,68.0,26638.0,700.0,27338.0,4556.333333333333,11.333333333333334,0.0256053844465579,1,1,1
328651,49,79,8,1,False,1.0,1.0,7.0,151.0,26.0,177.0,177.0,7.0,0.1468926553672316,1,1,0
328650,41,999,7,118,False,1.0,1.0,3.0,37.0,8.0,45.0,45.0,3.0,0.1777777777777777,1,1,0
328644,46,2338,7,316,False,2.0,1.0,4.0,71.0,2.0,73.0,36.5,2.0,0.0273972602739726,1,1,0
328643,42,460,6,52,True,0.0,0.0,0.0,0.0,0.0,0.0,0.0,0.0,0.0,0,0,0
328641,64,5351,9,810,False,1.0,1.0,5.0,137.0,59.0,196.0,196.0,5.0,0.3010204081632653,1,1,0
328640,36,349,4,49,True,0.0,0.0,0.0,0.0,0.0,0.0,0.0,0.0,0.0,0,0,0
328639,51,406,7,51,False,0.0,0.0,0.0,0.0,0.0,0.0,0.0,0.0,0.0,0,0,0
328637,28,677,4,73,False,0.0,0.0,0.0,0.0,0.0,0.0,0.0,0.0,0.0,0,0,0
328635,69,6160,9,885,False,3.0,1.0,4.0,57.0,15.0,72.0,24.0,1.3333333333333333,0.2083333333333333,1,1,1
328633,25,356,4,50,True,0.0,0.0,0.0,0.0,0.0,0.0,0.0,0.0,0.0,0,0,0
328629,86,1088,13,149,False,0.0,0.0,0.0,0.0,0.0,0.0,0.0,0.0,0.0,0,0,0
328628,53,1730,7,227,False,1.0,1.0,1.0,1.0,1.0,2.0,2.0,1.0,0.5,1,1,0
328627,38,1702,4,211,False,0.0,0.0,0.0,0.0,0.0,0.0,0.0,0.0,0.0,0,0,0
328626,61,1322,7,157,False,0.0,0.0,0.0,0.0,0.0,0.0,0.0,0.0,0.0,0,0,1
328620,84,1375,13,258,False,1.0,1.0,1.0,1.0,1.0,2.0,2.0,1.0,0.5,1,1,1
328615,67,4275,7,533,False,3.0,2.0,181.0,28987.0,3820.0,32807.0,10935.666666666666,60.333333333333336,0.116438564940409,1,1,1
328611,53,917,9,137,False,0.0,0.0,0.0,0.0,0.0,0.0,0.0,0.0,0.0,0,0,0
328609,96,742,10,110,False,0.0,0.0,0.0,0.0,0.0,0.0,0.0,0.0,0.0,0,0,0
328594,46,762,7,107,False,2.0,1.0,22.0,217.0,347.0,564.0,282.0,11.0,0.6152482269503546,1,1,0
328592,50,3840,9,401,False,2.0,1.0,5.0,304.0,67.0,371.0,185.5,2.5,0.1805929919137466,1,1,0
328588,41,768,7,100,False,0.0,0.0,0.0,0.0,0.0,0.0,0.0,0.0,0.0,0,0,0
328587,43,1050,6,138,False,0.0,0.0,0.0,0.0,0.0,0.0,0.0,0.0,0.0,0,0,0
328586,34,882,6,117,False,1.0,1.0,2.0,25.0,0.0,25.0,25.0,2.0,0.0,1,1,0
328584,41,1440,5,204,False,1.0,1.0,2.0,46.0,10.0,56.0,56.0,2.0,0.1785714285714285,1,1,0
328583,40,723,6,107,False,0.0,0.0,0.0,0.0,0.0,0.0,0.0,0.0,0.0,0,0,0
328582,49,1085,9,152,False,0.0,0.0,0.0,0.0,0.0,0.0,0.0,0.0,0.0,0,0,1
328581,44,797,5,74,False,0.0,0.0,0.0,0.0,0.0,0.0,0.0,0.0,0.0,0,0,0
328579,59,1035,9,166,False,1.0,1.0,1.0,1.0,3.0,4.0,4.0,1.0,0.75,1,1,1
328578,48,933,3,129,False,0.0,0.0,0.0,0.0,0.0,0.0,0.0,0.0,0.0,0,0,0
328575,71,1694,9,243,False,0.0,0.0,0.0,0.0,0.0,0.0,0.0,0.0,0.0,0,0,0
328573,62,5347,10,673,True,0.0,0.0,0.0,0.0,0.0,0.0,0.0,0.0,0.0,0,0,0
328570,63,1898,8,235,False,0.0,0.0,0.0,0.0,0.0,0.0,0.0,0.0,0.0,0,0,0
328569,54,1843,7,277,False,0.0,0.0,0.0,0.0,0.0,0.0,0.0,0.0,0.0,0,0,0
328563,59,2084,8,306,True,0.0,0.0,0.0,0.0,0.0,0.0,0.0,0.0,0.0,0,0,0
328557,72,2000,10,283,False,0.0,0.0,0.0,0.0,0.0,0.0,0.0,0.0,0.0,0,0,1
328554,51,2928,8,423,True,3.0,1.0,2.0,87.0,20.0,107.0,35.666666666666664,0.6666666666666666,0.1869158878504672,1,1,0
328553,63,482,7,55,True,1.0,1.0,1.0,0.0,1.0,1.0,1.0,1.0,1.0,1,1,0
328550,90,4112,9,302,False,0.0,0.0,0.0,0.0,0.0,0.0,0.0,0.0,0.0,0,0,1
328549,91,4112,9,302,False,0.0,0.0,0.0,0.0,0.0,0.0,0.0,0.0,0.0,0,0,1
328542,80,2136,12,280,False,0.0,0.0,0.0,0.0,0.0,0.0,0.0,0.0,0.0,0,0,0
328540,53,2612,8,331,True,2.0,1.0,4.0,359.0,98.0,457.0,228.5,2.0,0.2144420131291028,1,1,0
328539,45,349,7,49,False,0.0,0.0,0.0,0.0,0.0,0.0,0.0,0.0,0.0,0,0,0
328538,22,595,4,84,False,2.0,1.0,2.0,106.0,7.0,113.0,56.5,1.0,0.0619469026548672,1,1,1
328537,44,1053,5,145,False,6.0,1.0,199.0,11254.0,3718.0,14972.0,2495.333333333333,33.166666666666664,0.248330216403954,1,1,1
328535,51,1633,8,192,False,1.0,1.0,1.0,1.0,0.0,1.0,1.0,1.0,0.0,1,1,0
328534,27,212,4,25,False,0.0,0.0,0.0,0.0,0.0,0.0,0.0,0.0,0.0,0,0,0
328532,42,589,5,81,False,0.0,0.0,0.0,0.0,0.0,0.0,0.0,0.0,0.0,0,0,0
328531,36,795,5,108,False,1.0,1.0,2.0,13.0,2.0,15.0,15.0,2.0,0.1333333333333333,1,1,0
328530,42,432,5,50,False,1.0,1.0,92.0,6069.0,2336.0,8405.0,8405.0,92.0,0.2779298036882808,1,1,1
328529,51,2562,8,366,False,8.0,1.0,21.0,459.0,54.0,513.0,64.125,2.625,0.1052631578947368,1,1,0
328526,48,266,6,36,False,3.0,1.0,6.0,39.0,35.0,74.0,24.666666666666668,2.0,0.4729729729729729,1,1,0
328524,43,65,6,12,False,0.0,0.0,0.0,0.0,0.0,0.0,0.0,0.0,0.0,0,0,0
328522,41,600,7,75,False,1.0,1.0,3.0,46.0,1.0,47.0,47.0,3.0,0.0212765957446808,1,1,0
328521,96,0,13,0,False,0.0,0.0,0.0,0.0,0.0,0.0,0.0,0.0,0.0,0,0,0
328519,39,690,5,94,False,0.0,0.0,0.0,0.0,0.0,0.0,0.0,0.0,0.0,0,0,0
328514,37,420,6,51,False,0.0,0.0,0.0,0.0,0.0,0.0,0.0,0.0,0.0,0,0,0
328512,65,5410,12,670,False,3.0,1.0,302.0,19998.0,4015.0,24013.0,8004.333333333333,100.66666666666669,0.1672010994044892,1,1,1
328511,51,519,8,72,False,2.0,1.0,13.0,898.0,501.0,1399.0,699.5,6.5,0.3581129378127233,1,1,0
328506,41,384,7,50,False,0.0,0.0,0.0,0.0,0.0,0.0,0.0,0.0,0.0,0,0,0
328505,66,1399,8,163,True,1.0,1.0,2.0,23.0,0.0,23.0,23.0,2.0,0.0,1,1,0
328504,44,3263,6,473,False,1.0,1.0,3.0,14.0,16.0,30.0,30.0,3.0,0.5333333333333333,1,1,0
328503,56,190,7,25,False,2.0,2.0,2.0,27.0,11.0,38.0,19.0,1.0,0.2894736842105263,1,1,0
328502,57,2991,10,487,False,1.0,1.0,2.0,13.0,7.0,20.0,20.0,2.0,0.35,1,1,1
328499,63,3947,9,524,True,0.0,0.0,0.0,0.0,0.0,0.0,0.0,0.0,0.0,0,0,0
328498,72,2486,9,204,False,1.0,1.0,3.0,99.0,42.0,141.0,141.0,3.0,0.2978723404255319,1,1,0
328497,61,1429,9,102,False,0.0,0.0,0.0,0.0,0.0,0.0,0.0,0.0,0.0,0,0,0
328496,47,811,6,125,False,1.0,1.0,2.0,7.0,7.0,14.0,14.0,2.0,0.5,1,1,0
328495,42,0,6,0,False,2.0,1.0,276.0,14363.0,4008.0,18371.0,9185.5,138.0,0.2181699417560285,1,1,1
328494,56,729,9,104,False,1.0,1.0,67.0,2788.0,425.0,3213.0,3213.0,67.0,0.1322751322751322,1,1,0
328492,55,945,8,107,False,0.0,0.0,0.0,0.0,0.0,0.0,0.0,0.0,0.0,0,0,0
328490,46,1326,6,123,False,4.0,1.0,82.0,3668.0,906.0,4574.0,1143.5,20.5,0.1980760822037603,1,1,1
328485,61,1351,9,169,False,7.0,1.0,98.0,4106.0,1321.0,5427.0,775.2857142857143,14.0,0.2434125667956513,1,1,1
328484,68,3940,11,656,False,4.0,1.0,9.0,268.0,84.0,352.0,88.0,2.25,0.2386363636363636,1,1,0
328482,36,1625,4,196,False,1.0,1.0,4.0,246.0,26.0,272.0,272.0,4.0,0.0955882352941176,1,1,0
328481,44,83,7,12,True,0.0,0.0,0.0,0.0,0.0,0.0,0.0,0.0,0.0,0,0,0
328480,19,429,4,54,False,1.0,1.0,1.0,1.0,1.0,2.0,2.0,1.0,0.5,1,1,0
328477,54,343,7,49,False,1.0,1.0,3.0,90.0,9.0,99.0,99.0,3.0,0.0909090909090909,1,1,0
328474,45,878,7,88,False,2.0,1.0,6.0,211.0,47.0,258.0,129.0,3.0,0.1821705426356589,1,1,0
328472,49,279,4,41,False,0.0,0.0,0.0,0.0,0.0,0.0,0.0,0.0,0.0,0,0,0
328471,32,498,4,59,False,10.0,1.0,176.0,8279.0,1845.0,10124.0,1012.4,17.6,0.1822402212564204,1,1,1
328470,76,2333,12,397,False,2.0,1.0,8.0,182.0,30.0,212.0,106.0,4.0,0.1415094339622641,1,1,0
328469,64,1507,9,235,False,4.0,1.0,111.0,3665.0,616.0,4281.0,1070.25,27.75,0.143891614108853,1,1,0
328468,45,0,7,0,False,1.0,1.0,2.0,6.0,10.0,16.0,16.0,2.0,0.625,1,1,0
328467,72,655,9,98,False,0.0,0.0,0.0,0.0,0.0,0.0,0.0,0.0,0.0,0,0,0
328466,44,397,7,51,False,2.0,1.0,147.0,9567.0,1206.0,10773.0,5386.5,73.5,0.1119465329991645,1,1,1
328465,30,343,4,49,False,2.0,1.0,2.0,154.0,184.0,338.0,169.0,1.0,0.5443786982248521,1,1,0
328463,29,349,3,49,True,1.0,1.0,2.0,10.0,6.0,16.0,16.0,2.0,0.375,1,1,0
328462,48,5634,7,812,False,1.0,1.0,3.0,18.0,2.0,20.0,20.0,3.0,0.1,1,1,0
328461,47,1854,6,267,False,0.0,0.0,0.0,0.0,0.0,0.0,0.0,0.0,0.0,0,0,1
328460,39,2092,5,298,False,2.0,1.0,7.0,68.0,20.0,88.0,44.0,3.5,0.2272727272727272,1,1,0
328458,53,1375,6,171,False,0.0,0.0,0.0,0.0,0.0,0.0,0.0,0.0,0.0,0,0,1
328457,53,1780,8,260,False,0.0,0.0,0.0,0.0,0.0,0.0,0.0,0.0,0.0,0,0,0
328456,37,363,6,53,False,0.0,0.0,0.0,0.0,0.0,0.0,0.0,0.0,0.0,0,0,0
328455,66,2692,13,424,False,9.0,1.0,35.0,1603.0,747.0,2350.0,261.1111111111111,3.888888888888889,0.3178723404255319,1,1,0
328454,48,2096,7,175,False,1.0,1.0,1.0,3.0,0.0,3.0,3.0,1.0,0.0,1,1,0
328451,71,960,9,143,False,2.0,1.0,3.0,21.0,35.0,56.0,28.0,1.5,0.625,1,1,0
328450,59,0,9,0,False,0.0,0.0,0.0,0.0,0.0,0.0,0.0,0.0,0.0,0,0,0
328441,40,1235,6,165,False,1.0,1.0,1.0,3.0,2.0,5.0,5.0,1.0,0.4,1,1,0
328436,43,1004,8,159,False,3.0,1.0,81.0,7423.0,692.0,8115.0,2705.0,27.0,0.0852741836105976,1,1,1
328431,58,987,8,132,False,1.0,1.0,56.0,5232.0,462.0,5694.0,5694.0,56.0,0.0811380400421496,1,1,1
328429,56,1259,8,161,False,1.0,1.0,2.0,17.0,2.0,19.0,19.0,2.0,0.1052631578947368,1,1,0
328428,78,1368,11,211,False,5.0,2.0,154.0,9886.0,1146.0,11032.0,2206.4,30.8,0.1038796229151559,1,1,1
328425,42,1927,7,281,False,1.0,1.0,1.0,10.0,9.0,19.0,19.0,1.0,0.4736842105263157,1,1,0
328423,46,597,8,88,False,2.0,1.0,4.0,24.0,3.0,27.0,13.5,2.0,0.1111111111111111,1,1,0
328420,40,635,5,86,False,2.0,2.0,9.0,42.0,17.0,59.0,29.5,4.5,0.288135593220339,1,1,0
328416,44,510,7,73,False,1.0,1.0,6.0,110.0,43.0,153.0,153.0,6.0,0.2810457516339869,1,1,0
328415,47,259,7,40,False,0.0,0.0,0.0,0.0,0.0,0.0,0.0,0.0,0.0,0,0,0
328413,27,870,5,114,False,2.0,1.0,20.0,603.0,47.0,650.0,325.0,10.0,0.0723076923076923,1,1,0
328412,46,397,8,51,False,0.0,0.0,0.0,0.0,0.0,0.0,0.0,0.0,0.0,0,0,0
328408,74,5238,13,718,False,0.0,0.0,0.0,0.0,0.0,0.0,0.0,0.0,0.0,0,0,0
328406,52,1061,7,149,False,0.0,0.0,0.0,0.0,0.0,0.0,0.0,0.0,0.0,0,0,0
328404,85,0,13,0,False,0.0,0.0,0.0,0.0,0.0,0.0,0.0,0.0,0.0,0,0,0
328403,54,1478,8,188,False,0.0,0.0,0.0,0.0,0.0,0.0,0.0,0.0,0.0,0,0,0
328402,58,1790,8,239,False,3.0,1.0,8.0,504.0,59.0,563.0,187.66666666666663,2.6666666666666665,0.1047957371225577,1,1,0
328392,80,1408,9,160,False,0.0,0.0,0.0,0.0,0.0,0.0,0.0,0.0,0.0,0,0,0
328391,50,1432,7,169,False,0.0,0.0,0.0,0.0,0.0,0.0,0.0,0.0,0.0,0,0,0
328389,61,343,9,49,False,0.0,0.0,0.0,0.0,0.0,0.0,0.0,0.0,0.0,0,0,1
328388,78,2887,12,374,False,0.0,0.0,0.0,0.0,0.0,0.0,0.0,0.0,0.0,0,0,0
328387,45,0,7,0,False,0.0,0.0,0.0,0.0,0.0,0.0,0.0,0.0,0.0,0,0,0
328383,60,767,8,119,True,0.0,0.0,0.0,0.0,0.0,0.0,0.0,0.0,0.0,0,0,0
328378,69,2285,11,300,False,1.0,1.0,2.0,85.0,6.0,91.0,91.0,2.0,0.0659340659340659,1,1,0
328375,63,3652,8,506,False,1.0,1.0,2.0,7.0,13.0,20.0,20.0,2.0,0.65,1,1,0
328369,51,699,7,84,False,0.0,0.0,0.0,0.0,0.0,0.0,0.0,0.0,0.0,0,0,0
328368,48,821,9,128,False,1.0,1.0,1.0,0.0,3.0,3.0,3.0,1.0,1.0,1,1,0
328367,42,0,5,0,False,0.0,0.0,0.0,0.0,0.0,0.0,0.0,0.0,0.0,0,0,0
328363,71,611,9,87,False,0.0,0.0,0.0,0.0,0.0,0.0,0.0,0.0,0.0,0,0,0
328361,51,724,8,103,False,0.0,0.0,0.0,0.0,0.0,0.0,0.0,0.0,0.0,0,0,0
328351,65,2389,8,219,False,1.0,1.0,3.0,114.0,33.0,147.0,147.0,3.0,0.2244897959183673,1,1,0
328349,62,1786,9,240,True,0.0,0.0,0.0,0.0,0.0,0.0,0.0,0.0,0.0,0,0,0
328347,49,1574,9,209,True,0.0,0.0,0.0,0.0,0.0,0.0,0.0,0.0,0.0,0,0,0
328343,50,436,6,60,True,1.0,1.0,1.0,11.0,6.0,17.0,17.0,1.0,0.3529411764705882,1,1,0
328342,46,380,5,54,True,1.0,1.0,1.0,9.0,13.0,22.0,22.0,1.0,0.5909090909090909,1,1,0
328341,37,1252,5,164,False,1.0,1.0,3.0,133.0,137.0,270.0,270.0,3.0,0.5074074074074074,1,1,0
328337,45,1313,7,155,False,3.0,1.0,256.0,15510.0,2141.0,17651.0,5883.666666666667,85.33333333333333,0.1212962438388759,1,1,1
328334,76,326,14,14,False,3.0,2.0,67.0,3386.0,839.0,4225.0,1408.3333333333333,22.33333333333333,0.1985798816568047,1,1,1
328332,44,955,6,126,True,1.0,1.0,3.0,27.0,53.0,80.0,80.0,3.0,0.6625,1,1,0
328329,37,55,5,2,False,0.0,0.0,0.0,0.0,0.0,0.0,0.0,0.0,0.0,0,0,0
328326,34,6769,6,839,True,1.0,1.0,1.0,24.0,12.0,36.0,36.0,1.0,0.3333333333333333,1,1,0
328325,37,704,4,80,False,0.0,0.0,0.0,0.0,0.0,0.0,0.0,0.0,0.0,0,0,0
328320,36,343,7,49,False,2.0,1.0,4.0,43.0,15.0,58.0,29.0,2.0,0.2586206896551724,1,1,1
328318,53,403,7,59,False,0.0,0.0,0.0,0.0,0.0,0.0,0.0,0.0,0.0,0,0,1
328317,42,2734,7,338,False,2.0,2.0,228.0,10743.0,2305.0,13048.0,6524.0,114.0,0.1766554261189454,1,1,1
328316,27,56,3,2,False,2.0,1.0,255.0,11662.0,2098.0,13760.0,6880.0,127.5,0.1524709302325581,1,1,1
328315,48,349,6,49,False,0.0,0.0,0.0,0.0,0.0,0.0,0.0,0.0,0.0,0,0,0
328314,42,655,7,74,False,1.0,1.0,14.0,130.0,86.0,216.0,216.0,14.0,0.3981481481481481,1,1,0
328313,57,3143,8,282,False,4.0,1.0,235.0,12620.0,2359.0,14979.0,3744.75,58.75,0.1574871486748114,1,1,1
328312,19,490,4,53,False,0.0,0.0,0.0,0.0,0.0,0.0,0.0,0.0,0.0,0,0,0
328311,43,442,5,60,False,0.0,0.0,0.0,0.0,0.0,0.0,0.0,0.0,0.0,0,0,0
328310,50,623,6,78,False,0.0,0.0,0.0,0.0,0.0,0.0,0.0,0.0,0.0,0,0,0
328308,71,1236,10,169,True,0.0,0.0,0.0,0.0,0.0,0.0,0.0,0.0,0.0,0,0,0
328304,50,372,6,42,False,1.0,1.0,1.0,12.0,8.0,20.0,20.0,1.0,0.4,1,1,0
328303,65,762,8,82,True,1.0,1.0,262.0,12770.0,2925.0,15695.0,15695.0,262.0,0.1863650844217903,1,1,1
328301,38,343,5,49,False,2.0,1.0,271.0,13445.0,2566.0,16011.0,8005.5,135.5,0.1602648179376678,1,1,1
328297,50,499,8,52,False,1.0,1.0,2.0,6.0,4.0,10.0,10.0,2.0,0.4,1,1,0
328293,44,1623,6,216,False,4.0,2.0,516.0,29032.0,5260.0,34292.0,8573.0,129.0,0.1533885454333372,1,1,1
328290,58,1074,8,134,False,2.0,1.0,149.0,6968.0,1676.0,8644.0,4322.0,74.5,0.1938917167977788,1,1,1
328288,35,281,4,39,False,3.0,1.0,58.0,1927.0,187.0,2114.0,704.6666666666666,19.33333333333333,0.0884578997161778,1,1,0
328276,43,234,5,37,False,1.0,1.0,1.0,26.0,36.0,62.0,62.0,1.0,0.5806451612903226,1,1,0
328275,51,836,8,104,False,4.0,2.0,331.0,16448.0,3282.0,19730.0,4932.5,82.75,0.1663456664977192,1,1,1
328274,59,3591,10,502,False,0.0,0.0,0.0,0.0,0.0,0.0,0.0,0.0,0.0,0,0,0
328273,57,4005,7,544,False,1.0,1.0,5.0,18.0,41.0,59.0,59.0,5.0,0.6949152542372882,1,1,0
328269,57,4772,7,642,False,1.0,1.0,12.0,45.0,84.0,129.0,129.0,12.0,0.6511627906976745,1,1,0
328268,79,6411,12,878,False,3.0,1.0,283.0,13927.0,2729.0,16656.0,5552.0,94.33333333333331,0.1638448607108549,1,1,1
328267,37,627,5,79,False,2.0,1.0,3.0,198.0,9.0,207.0,103.5,1.5,0.0434782608695652,1,1,0
328264,49,367,8,61,False,1.0,1.0,2.0,6.0,8.0,14.0,14.0,2.0,0.5714285714285714,1,1,0
328263,51,397,7,51,False,0.0,0.0,0.0,0.0,0.0,0.0,0.0,0.0,0.0,0,0,0
328262,58,1425,8,190,False,2.0,1.0,3.0,124.0,24.0,148.0,74.0,1.5,0.1621621621621621,1,1,1
328261,77,2939,12,369,False,1.0,1.0,2.0,60.0,3.0,63.0,63.0,2.0,0.0476190476190476,1,1,0
328260,79,31,11,2,False,0.0,0.0,0.0,0.0,0.0,0.0,0.0,0.0,0.0,0,0,0
328259,50,1273,7,183,False,2.0,2.0,301.0,14773.0,3297.0,18070.0,9035.0,150.5,0.1824571112340896,1,1,1
328258,58,1083,9,146,False,1.0,1.0,6.0,14.0,15.0,29.0,29.0,6.0,0.5172413793103449,1,1,0
328257,36,92,5,14,False,0.0,0.0,0.0,0.0,0.0,0.0,0.0,0.0,0.0,0,0,0
328248,54,406,9,65,True,1.0,1.0,2.0,73.0,6.0,79.0,79.0,2.0,0.0759493670886076,1,1,0
328245,58,3355,10,443,False,0.0,0.0,0.0,0.0,0.0,0.0,0.0,0.0,0.0,0,0,0
328238,39,748,5,106,True,0.0,0.0,0.0,0.0,0.0,0.0,0.0,0.0,0.0,0,0,0
328237,71,2836,9,318,False,3.0,2.0,79.0,3242.0,416.0,3658.0,1219.3333333333333,26.33333333333333,0.1137233460907599,1,1,1
328233,58,798,8,85,False,0.0,0.0,0.0,0.0,0.0,0.0,0.0,0.0,0.0,0,0,0
328232,33,343,6,49,False,2.0,1.0,68.0,4054.0,844.0,4898.0,2449.0,34.0,0.1723152307064107,1,1,1
328225,46,349,6,49,False,4.0,2.0,410.0,26602.0,5102.0,31704.0,7926.0,102.5,0.1609260661115316,1,1,1
328220,69,3042,8,418,False,2.0,1.0,70.0,4057.0,819.0,4876.0,2438.0,35.0,0.1679655455291222,1,1,1
328219,55,1696,8,271,False,5.0,1.0,65.0,1502.0,330.0,1832.0,366.4,13.0,0.1801310043668122,1,1,0
328218,44,752,7,80,False,0.0,0.0,0.0,0.0,0.0,0.0,0.0,0.0,0.0,0,0,0
328217,57,349,9,49,False,7.0,2.0,147.0,11557.0,1999.0,13556.0,1936.571428571429,21.0,0.1474623782826792,1,1,1
328216,45,414,7,56,False,4.0,1.0,2.0,4.0,4.0,8.0,2.0,0.5,0.5,1,1,0
328215,35,0,5,0,False,0.0,0.0,0.0,0.0,0.0,0.0,0.0,0.0,0.0,0,0,0
328214,34,0,4,0,False,1.0,1.0,1.0,1.0,1.0,2.0,2.0,1.0,0.5,1,1,0
328213,70,1391,10,175,False,3.0,2.0,8.0,69.0,56.0,125.0,41.66666666666666,2.6666666666666665,0.448,1,1,0
328211,70,715,12,107,False,0.0,0.0,0.0,0.0,0.0,0.0,0.0,0.0,0.0,0,0,0
328210,52,765,7,97,False,2.0,1.0,4.0,198.0,66.0,264.0,132.0,2.0,0.25,1,1,0
328208,39,840,7,74,False,2.0,1.0,311.0,18795.0,3253.0,22048.0,11024.0,155.5,0.1475417271407837,1,1,1
328207,64,931,7,112,False,4.0,1.0,8.0,143.0,28.0,171.0,42.75,2.0,0.1637426900584795,1,1,0
328206,58,3206,10,423,False,0.0,0.0,0.0,0.0,0.0,0.0,0.0,0.0,0.0,0,0,0
328205,63,2627,9,386,False,2.0,2.0,2.0,95.0,31.0,126.0,63.0,1.0,0.246031746031746,1,1,0
328203,50,5787,7,794,False,0.0,0.0,0.0,0.0,0.0,0.0,0.0,0.0,0.0,0,0,0
328202,53,4013,9,518,False,1.0,1.0,1.0,3.0,2.0,5.0,5.0,1.0,0.4,1,1,0
328201,44,573,6,69,False,0.0,0.0,0.0,0.0,0.0,0.0,0.0,0.0,0.0,0,0,0
328198,80,10043,9,992,False,3.0,2.0,6.0,273.0,26.0,299.0,99.66666666666669,2.0,0.0869565217391304,1,1,0
328187,36,692,5,102,False,1.0,1.0,3.0,26.0,10.0,36.0,36.0,3.0,0.2777777777777778,1,1,0
328186,40,804,7,115,False,1.0,1.0,2.0,147.0,33.0,180.0,180.0,2.0,0.1833333333333333,1,1,0
328185,42,694,5,101,False,1.0,1.0,2.0,80.0,8.0,88.0,88.0,2.0,0.0909090909090909,1,1,0
328184,34,954,4,133,False,1.0,1.0,1.0,21.0,8.0,29.0,29.0,1.0,0.2758620689655172,1,1,0
328183,35,746,5,108,False,1.0,1.0,1.0,11.0,5.0,16.0,16.0,1.0,0.3125,1,1,0
328182,56,860,9,111,False,4.0,1.0,4.0,20.0,44.0,64.0,16.0,1.0,0.6875,1,1,0
328179,40,446,6,63,False,0.0,0.0,0.0,0.0,0.0,0.0,0.0,0.0,0.0,0,0,1
328176,69,343,10,49,False,0.0,0.0,0.0,0.0,0.0,0.0,0.0,0.0,0.0,0,0,0
328172,48,490,9,59,True,2.0,1.0,3.0,50.0,84.0,134.0,67.0,1.5,0.6268656716417911,1,1,0
328169,79,0,14,0,False,0.0,0.0,0.0,0.0,0.0,0.0,0.0,0.0,0.0,0,0,0
328164,29,432,6,50,False,2.0,2.0,62.0,1188.0,596.0,1784.0,892.0,31.0,0.3340807174887892,1,1,0
328163,79,2788,11,402,False,3.0,1.0,43.0,1294.0,213.0,1507.0,502.3333333333333,14.333333333333334,0.1413404114134041,1,1,0
328162,73,630,8,73,False,0.0,0.0,0.0,0.0,0.0,0.0,0.0,0.0,0.0,0,0,0
328161,48,0,6,0,False,3.0,1.0,48.0,3382.0,769.0,4151.0,1383.6666666666667,16.0,0.1852565646832088,1,1,0
328158,52,446,9,46,False,0.0,0.0,0.0,0.0,0.0,0.0,0.0,0.0,0.0,0,0,1
328157,92,690,12,98,False,0.0,0.0,0.0,0.0,0.0,0.0,0.0,0.0,0.0,0,0,0
328155,59,783,8,104,False,2.0,1.0,303.0,16448.0,2925.0,19373.0,9686.5,151.5,0.1509833273112063,1,1,1
328152,46,910,7,134,False,2.0,1.0,15.0,476.0,154.0,630.0,315.0,7.5,0.2444444444444444,1,1,1
328151,57,2845,10,375,False,4.0,1.0,140.0,5500.0,1336.0,6836.0,1709.0,35.0,0.1954359274429491,1,1,1
328150,39,349,7,49,False,1.0,1.0,3.0,4.0,4.0,8.0,8.0,3.0,0.5,1,1,0
328148,47,62,5,9,False,0.0,0.0,0.0,0.0,0.0,0.0,0.0,0.0,0.0,0,0,0
328147,43,650,6,90,False,1.0,1.0,4.0,67.0,9.0,76.0,76.0,4.0,0.1184210526315789,1,1,0
328146,44,1516,7,201,False,9.0,1.0,276.0,13670.0,3116.0,16786.0,1865.111111111111,30.666666666666668,0.1856308828785893,1,1,1
328142,41,1020,5,121,False,1.0,1.0,0.0,0.0,0.0,0.0,0.0,0.0,0.0,1,0,0
328141,53,94,7,10,True,0.0,0.0,0.0,0.0,0.0,0.0,0.0,0.0,0.0,0,0,0
328140,41,2483,6,254,False,2.0,1.0,7.0,188.0,56.0,244.0,122.0,3.5,0.2295081967213114,1,1,0
328138,46,1142,5,147,False,3.0,1.0,4.0,19.0,19.0,38.0,12.666666666666666,1.3333333333333333,0.5,1,1,0
328137,70,3251,11,536,False,5.0,1.0,161.0,8197.0,1192.0,9389.0,1877.8,32.2,0.1269570774310363,1,1,1
328136,64,2175,10,267,False,0.0,0.0,0.0,0.0,0.0,0.0,0.0,0.0,0.0,0,0,0
328134,45,613,6,85,False,2.0,1.0,301.0,17437.0,2696.0,20133.0,10066.5,150.5,0.1339095018129439,1,1,1
328133,71,3199,11,243,False,9.0,1.0,8.0,186.0,122.0,308.0,34.22222222222222,0.8888888888888888,0.3961038961038961,1,1,0
328132,52,262,6,43,False,0.0,0.0,0.0,0.0,0.0,0.0,0.0,0.0,0.0,0,0,0
328130,63,771,8,105,False,3.0,1.0,302.0,16920.0,3065.0,19985.0,6661.666666666667,100.66666666666669,0.1533650237678258,1,1,1
328129,38,466,6,67,False,2.0,1.0,26.0,567.0,154.0,721.0,360.5,13.0,0.2135922330097087,1,1,0
328127,47,807,7,99,False,3.0,1.0,5.0,62.0,56.0,118.0,39.333333333333336,1.6666666666666667,0.4745762711864407,1,1,0
328125,51,475,6,66,False,1.0,1.0,1.0,16.0,12.0,28.0,28.0,1.0,0.4285714285714285,1,1,0
328124,61,1449,6,215,False,1.0,1.0,1.0,2.0,4.0,6.0,6.0,1.0,0.6666666666666666,1,1,0
328117,68,1899,9,215,False,0.0,0.0,0.0,0.0,0.0,0.0,0.0,0.0,0.0,0,0,0
328115,35,252,6,27,False,0.0,0.0,0.0,0.0,0.0,0.0,0.0,0.0,0.0,0,0,0
328111,36,5059,7,323,False,2.0,1.0,4.0,233.0,34.0,267.0,133.5,2.0,0.1273408239700374,1,1,0
328106,51,575,6,63,False,3.0,1.0,33.0,638.0,183.0,821.0,273.6666666666667,11.0,0.222898903775883,1,1,0
328105,54,2851,9,427,False,2.0,1.0,173.0,8646.0,1270.0,9916.0,4958.0,86.5,0.1280758370310609,1,1,1
328101,19,349,3,49,False,2.0,1.0,3.0,18.0,4.0,22.0,11.0,1.5,0.1818181818181818,1,1,0
328097,68,4025,11,588,False,3.0,1.0,26.0,3443.0,83.0,3526.0,1175.3333333333333,8.666666666666666,0.023539421440726,1,1,0
328096,35,421,5,52,True,1.0,1.0,7.0,10.0,17.0,27.0,27.0,7.0,0.6296296296296297,1,1,0
328095,47,1632,6,213,False,3.0,1.0,279.0,12651.0,2709.0,15360.0,5120.0,93.0,0.1763671875,1,1,1
328094,36,989,5,134,False,8.0,1.0,58.0,832.0,482.0,1314.0,164.25,7.25,0.3668188736681887,1,1,0
328093,36,2455,5,372,False,0.0,0.0,0.0,0.0,0.0,0.0,0.0,0.0,0.0,0,0,0
328090,42,614,7,86,False,0.0,0.0,0.0,0.0,0.0,0.0,0.0,0.0,0.0,0,0,0
328088,83,343,11,49,False,0.0,0.0,0.0,0.0,0.0,0.0,0.0,0.0,0.0,0,0,1
328087,59,4112,10,630,False,0.0,0.0,0.0,0.0,0.0,0.0,0.0,0.0,0.0,0,0,0
328086,50,734,6,96,False,4.0,1.0,145.0,5630.0,1223.0,6853.0,1713.25,36.25,0.1784619874507515,1,1,1
328082,56,2898,8,394,True,0.0,0.0,0.0,0.0,0.0,0.0,0.0,0.0,0.0,0,0,0
328081,50,604,8,66,False,3.0,2.0,47.0,1596.0,281.0,1877.0,625.6666666666666,15.666666666666666,0.149706979222163,1,1,0
328080,31,661,5,98,True,1.0,1.0,1.0,4.0,0.0,4.0,4.0,1.0,0.0,1,1,0
328078,39,4419,6,643,True,2.0,1.0,3.0,35.0,14.0,49.0,24.5,1.5,0.2857142857142857,1,1,0
328077,66,2838,11,437,False,1.0,1.0,6.0,44.0,14.0,58.0,58.0,6.0,0.2413793103448276,1,1,1
328074,54,432,8,57,False,1.0,1.0,3.0,18.0,17.0,35.0,35.0,3.0,0.4857142857142857,1,1,0
328073,24,400,4,55,False,1.0,1.0,60.0,3016.0,593.0,3609.0,3609.0,60.0,0.1643114436131892,1,1,0
328071,69,2238,9,322,False,0.0,0.0,0.0,0.0,0.0,0.0,0.0,0.0,0.0,0,0,0
328070,66,2932,10,426,False,4.0,1.0,330.0,16247.0,2133.0,18380.0,4595.0,82.5,0.116050054406964,1,1,1
328069,31,491,5,63,False,3.0,1.0,303.0,19442.0,2628.0,22070.0,7356.666666666667,101.0,0.1190756683280471,1,1,1
328068,48,476,8,67,False,1.0,1.0,1.0,1.0,1.0,2.0,2.0,1.0,0.5,1,1,0
328065,49,3072,5,400,False,1.0,1.0,3.0,5.0,5.0,10.0,10.0,3.0,0.5,1,1,0
328063,61,397,9,61,False,0.0,0.0,0.0,0.0,0.0,0.0,0.0,0.0,0.0,0,0,0
328060,34,328,4,46,False,0.0,0.0,0.0,0.0,0.0,0.0,0.0,0.0,0.0,0,0,0
328058,42,655,6,100,False,8.0,1.0,12.0,418.0,142.0,560.0,70.0,1.5,0.2535714285714285,1,1,0
328056,61,1680,8,250,False,2.0,2.0,2.0,19.0,4.0,23.0,11.5,1.0,0.1739130434782608,1,1,0
328051,72,1850,12,240,True,1.0,1.0,6.0,83.0,1.0,84.0,84.0,6.0,0.0119047619047619,1,1,0
328050,61,1556,9,213,False,3.0,2.0,1.0,22.0,22.0,44.0,14.666666666666666,0.3333333333333333,0.5,1,1,0
328048,40,1585,7,231,True,2.0,2.0,124.0,7295.0,990.0,8285.0,4142.5,62.0,0.1194930597465298,1,1,1
328047,55,2014,7,260,False,2.0,2.0,1.0,29.0,11.0,40.0,20.0,0.5,0.275,1,1,0
328046,53,1357,8,172,False,3.0,2.0,2.0,26.0,9.0,35.0,11.666666666666666,0.6666666666666666,0.2571428571428571,1,1,0
328045,67,2991,11,413,False,6.0,2.0,148.0,6774.0,1384.0,8158.0,1359.6666666666667,24.666666666666668,0.1696494238784015,1,1,1
328044,77,1480,12,219,False,5.0,2.0,119.0,6183.0,985.0,7168.0,1433.6,23.8,0.1374162946428571,1,1,1
328043,43,484,6,67,False,2.0,1.0,2.0,38.0,20.0,58.0,29.0,1.0,0.3448275862068966,1,1,0
328036,57,18,10,3,False,1.0,1.0,4.0,73.0,15.0,88.0,88.0,4.0,0.1704545454545454,1,1,0
328031,55,742,8,88,False,1.0,1.0,6.0,84.0,55.0,139.0,139.0,6.0,0.39568345323741,1,1,0
328029,51,149,7,20,False,1.0,1.0,1.0,1.0,1.0,2.0,2.0,1.0,0.5,1,1,0
328028,49,1969,7,277,False,0.0,0.0,0.0,0.0,0.0,0.0,0.0,0.0,0.0,0,0,0
328027,29,2138,6,281,False,1.0,1.0,9.0,247.0,41.0,288.0,288.0,9.0,0.1423611111111111,1,1,0
328025,33,1616,6,211,False,0.0,0.0,0.0,0.0,0.0,0.0,0.0,0.0,0.0,0,0,0
328024,38,86,7,8,False,0.0,0.0,0.0,0.0,0.0,0.0,0.0,0.0,0.0,0,0,0
328023,25,476,3,68,False,0.0,0.0,0.0,0.0,0.0,0.0,0.0,0.0,0.0,0,0,0
328022,57,13441,8,1857,False,4.0,1.0,265.0,24266.0,5212.0,29478.0,7369.5,66.25,0.176809824275731,1,1,1
328018,32,480,3,68,False,1.0,1.0,1.0,4.0,6.0,10.0,10.0,1.0,0.6,1,1,0
328017,37,1565,5,185,False,0.0,0.0,0.0,0.0,0.0,0.0,0.0,0.0,0.0,0,0,0
328016,35,1985,5,219,False,0.0,0.0,0.0,0.0,0.0,0.0,0.0,0.0,0.0,0,0,0
328015,70,824,12,125,False,1.0,1.0,1.0,72.0,50.0,122.0,122.0,1.0,0.4098360655737705,1,1,0
328014,32,0,4,0,False,0.0,0.0,0.0,0.0,0.0,0.0,0.0,0.0,0.0,0,0,0
328013,34,1363,5,165,False,0.0,0.0,0.0,0.0,0.0,0.0,0.0,0.0,0.0,0,0,0
328012,32,470,4,70,False,1.0,1.0,7.0,233.0,88.0,321.0,321.0,7.0,0.2741433021806853,1,1,0
328011,30,2434,6,367,False,1.0,1.0,6.0,48.0,23.0,71.0,71.0,6.0,0.323943661971831,1,1,0
328010,50,3829,8,514,False,4.0,1.0,505.0,27523.0,5439.0,32962.0,8240.5,126.25,0.1650081912505309,1,1,1
328005,63,45,10,8,False,3.0,1.0,303.0,19541.0,3335.0,22876.0,7625.333333333333,101.0,0.1457859765693303,1,1,1
327998,89,343,12,49,False,0.0,0.0,0.0,0.0,0.0,0.0,0.0,0.0,0.0,0,0,0
327992,39,10246,5,1059,True,1.0,1.0,1.0,1.0,1.0,2.0,2.0,1.0,0.5,1,1,0
327991,109,1900,9,204,False,1.0,1.0,300.0,17128.0,3068.0,20196.0,20196.0,300.0,0.1519112695583283,1,1,1
327989,57,841,6,83,False,2.0,1.0,2.0,87.0,4.0,91.0,45.5,1.0,0.0439560439560439,1,1,0
327985,65,1172,8,138,False,1.0,1.0,2.0,50.0,14.0,64.0,64.0,2.0,0.21875,1,1,0
327984,39,2014,6,255,False,0.0,0.0,0.0,0.0,0.0,0.0,0.0,0.0,0.0,0,0,0
327983,45,1107,6,147,False,0.0,0.0,0.0,0.0,0.0,0.0,0.0,0.0,0.0,0,0,1
327982,46,1768,6,235,False,0.0,0.0,0.0,0.0,0.0,0.0,0.0,0.0,0.0,0,0,0
327981,67,2068,8,281,False,1.0,1.0,4.0,50.0,40.0,90.0,90.0,4.0,0.4444444444444444,1,1,0
327980,59,0,7,0,False,0.0,0.0,0.0,0.0,0.0,0.0,0.0,0.0,0.0,0,0,0
327975,49,343,9,49,False,0.0,0.0,0.0,0.0,0.0,0.0,0.0,0.0,0.0,0,0,0
327972,45,592,6,73,False,3.0,1.0,4.0,168.0,50.0,218.0,72.66666666666667,1.3333333333333333,0.2293577981651376,1,1,0
327971,30,621,3,74,False,0.0,0.0,0.0,0.0,0.0,0.0,0.0,0.0,0.0,0,0,1
327967,55,0,7,0,False,0.0,0.0,0.0,0.0,0.0,0.0,0.0,0.0,0.0,0,0,0
327963,54,13007,8,1919,True,6.0,1.0,6.0,550.0,601.0,1151.0,191.83333333333331,1.0,0.522154648132059,1,1,0
327960,35,363,6,47,False,6.0,1.0,7.0,272.0,178.0,450.0,75.0,1.1666666666666667,0.3955555555555555,1,1,0
327956,44,445,6,65,False,0.0,0.0,0.0,0.0,0.0,0.0,0.0,0.0,0.0,0,0,0
327955,71,3607,13,538,False,3.0,1.0,5.0,151.0,34.0,185.0,61.66666666666666,1.6666666666666667,0.1837837837837838,1,1,1
327953,33,5927,5,858,False,2.0,1.0,2.0,6.0,3.0,9.0,4.5,1.0,0.3333333333333333,1,1,0
327952,64,1122,9,144,True,0.0,0.0,0.0,0.0,0.0,0.0,0.0,0.0,0.0,0,0,0
327951,49,796,8,94,False,0.0,0.0,0.0,0.0,0.0,0.0,0.0,0.0,0.0,0,0,0
327950,63,3596,9,500,False,4.0,1.0,369.0,14445.0,3058.0,17503.0,4375.75,92.25,0.1747129063589099,1,1,1
327948,54,1122,7,121,False,2.0,1.0,4.0,55.0,13.0,68.0,34.0,2.0,0.1911764705882352,1,1,0
327947,80,4433,10,418,False,5.0,1.0,16.0,334.0,130.0,464.0,92.8,3.2,0.2801724137931034,1,1,0
327946,52,383,8,52,False,0.0,0.0,0.0,0.0,0.0,0.0,0.0,0.0,0.0,0,0,0
327942,33,893,5,129,False,0.0,0.0,0.0,0.0,0.0,0.0,0.0,0.0,0.0,0,0,0
327939,28,349,4,49,True,0.0,0.0,0.0,0.0,0.0,0.0,0.0,0.0,0.0,0,0,0
327938,43,581,5,64,False,4.0,2.0,137.0,3533.0,1410.0,4943.0,1235.75,34.25,0.2852518713331984,1,1,1
327936,43,347,5,51,False,4.0,1.0,548.0,25898.0,5539.0,31437.0,7859.25,137.0,0.176193657155581,1,1,1
327934,62,2738,10,386,False,4.0,1.0,126.0,2132.0,671.0,2803.0,700.75,31.5,0.2393863717445594,1,1,1
327933,65,4205,7,616,False,0.0,0.0,0.0,0.0,0.0,0.0,0.0,0.0,0.0,0,0,0
327932,38,425,5,60,False,0.0,0.0,0.0,0.0,0.0,0.0,0.0,0.0,0.0,0,0,0
327931,68,1133,11,179,False,0.0,0.0,0.0,0.0,0.0,0.0,0.0,0.0,0.0,0,0,0
327930,43,437,5,64,False,0.0,0.0,0.0,0.0,0.0,0.0,0.0,0.0,0.0,0,0,0
327928,39,3648,7,541,True,0.0,0.0,0.0,0.0,0.0,0.0,0.0,0.0,0.0,0,0,0
327926,41,723,7,81,False,1.0,1.0,226.0,7743.0,1806.0,9549.0,9549.0,226.0,0.1891297518064718,1,1,1
327925,34,440,5,57,False,1.0,1.0,41.0,2921.0,78.0,2999.0,2999.0,41.0,0.0260086695565188,1,1,0
327924,59,799,9,109,False,0.0,0.0,0.0,0.0,0.0,0.0,0.0,0.0,0.0,0,0,0
327923,35,839,4,85,False,6.0,1.0,332.0,16445.0,1865.0,18310.0,3051.6666666666665,55.333333333333336,0.1018569087930092,1,1,1
327922,70,5008,9,691,False,1.0,1.0,1.0,52.0,0.0,52.0,52.0,1.0,0.0,1,1,0
327920,109,1900,9,204,False,0.0,0.0,0.0,0.0,0.0,0.0,0.0,0.0,0.0,0,0,0
327919,44,933,8,125,False,3.0,2.0,3.0,73.0,1.0,74.0,24.666666666666668,1.0,0.0135135135135135,1,1,0
327918,59,479,9,67,False,1.0,1.0,1.0,4.0,6.0,10.0,10.0,1.0,0.6,1,1,0
327917,42,471,7,61,True,0.0,0.0,0.0,0.0,0.0,0.0,0.0,0.0,0.0,0,0,0
327916,38,788,7,112,True,0.0,0.0,0.0,0.0,0.0,0.0,0.0,0.0,0.0,0,0,0
327915,52,479,8,67,False,1.0,1.0,2.0,3.0,2.0,5.0,5.0,2.0,0.4,1,1,0
327914,56,1209,11,185,False,0.0,0.0,0.0,0.0,0.0,0.0,0.0,0.0,0.0,0,0,0
327913,27,429,4,52,False,1.0,1.0,3.0,70.0,30.0,100.0,100.0,3.0,0.3,1,1,0
327912,43,445,5,60,False,0.0,0.0,0.0,0.0,0.0,0.0,0.0,0.0,0.0,0,0,0
327909,33,1299,5,124,False,0.0,0.0,0.0,0.0,0.0,0.0,0.0,0.0,0.0,0,0,1
327907,42,716,5,83,False,0.0,0.0,0.0,0.0,0.0,0.0,0.0,0.0,0.0,0,0,0
327905,45,349,6,46,False,0.0,0.0,0.0,0.0,0.0,0.0,0.0,0.0,0.0,0,0,0
327903,55,848,8,98,True,8.0,2.0,443.0,13853.0,3462.0,17315.0,2164.375,55.375,0.1999422466069881,1,1,1
327899,41,2602,6,381,False,10.0,2.0,318.0,13503.0,17325.0,30828.0,3082.8,31.8,0.5619891008174387,1,1,1
327895,31,511,6,73,False,1.0,1.0,1.0,15.0,24.0,39.0,39.0,1.0,0.6153846153846154,1,1,0
327894,51,1549,8,235,False,0.0,0.0,0.0,0.0,0.0,0.0,0.0,0.0,0.0,0,0,0
327892,53,2628,5,382,False,0.0,0.0,0.0,0.0,0.0,0.0,0.0,0.0,0.0,0,0,0
327890,45,693,8,78,False,2.0,1.0,1.0,4.0,3.0,7.0,3.5,0.5,0.4285714285714285,1,1,0
327889,58,3337,10,455,False,2.0,1.0,229.0,15671.0,1217.0,16888.0,8444.0,114.5,0.0720630033159639,1,1,1
327888,56,809,11,97,False,1.0,1.0,2.0,3.0,3.0,6.0,6.0,2.0,0.5,1,1,0
327885,32,902,5,94,False,0.0,0.0,0.0,0.0,0.0,0.0,0.0,0.0,0.0,0,0,1
327884,25,1515,4,206,False,2.0,1.0,302.0,13534.0,3014.0,16548.0,8274.0,151.0,0.1821368141165095,1,1,1
327883,48,675,7,70,False,0.0,0.0,0.0,0.0,0.0,0.0,0.0,0.0,0.0,0,0,0
327882,93,1494,13,158,False,1.0,1.0,1.0,9.0,1.0,10.0,10.0,1.0,0.1,1,1,0
327881,43,941,5,129,False,1.0,1.0,300.0,15626.0,2431.0,18057.0,18057.0,300.0,0.134629229661627,1,1,1
327878,62,2000,9,161,False,0.0,0.0,0.0,0.0,0.0,0.0,0.0,0.0,0.0,0,0,0
327877,39,412,7,53,False,1.0,1.0,12.0,332.0,61.0,393.0,393.0,12.0,0.1552162849872773,1,1,0
327876,59,518,9,67,False,0.0,0.0,0.0,0.0,0.0,0.0,0.0,0.0,0.0,0,0,0
327875,59,343,10,49,False,1.0,1.0,1.0,10.0,0.0,10.0,10.0,1.0,0.0,1,1,0
327874,60,2343,10,345,False,0.0,0.0,0.0,0.0,0.0,0.0,0.0,0.0,0.0,0,0,0
327873,24,5063,4,686,False,3.0,1.0,310.0,16126.0,3720.0,19846.0,6615.333333333333,103.33333333333331,0.1874433135140582,1,1,1
327871,35,766,4,89,False,0.0,0.0,0.0,0.0,0.0,0.0,0.0,0.0,0.0,0,0,0
327870,44,870,6,119,False,0.0,0.0,0.0,0.0,0.0,0.0,0.0,0.0,0.0,0,0,0
327869,67,4681,9,713,False,5.0,2.0,68.0,3599.0,623.0,4222.0,844.4,13.6,0.1475603979156797,1,1,1
327868,33,408,5,58,True,0.0,0.0,0.0,0.0,0.0,0.0,0.0,0.0,0.0,0,0,0
327866,47,748,7,85,True,1.0,1.0,2.0,84.0,13.0,97.0,97.0,2.0,0.134020618556701,1,1,0
327860,58,1146,9,195,False,3.0,1.0,26.0,635.0,81.0,716.0,238.66666666666663,8.666666666666666,0.1131284916201117,1,1,0
327859,63,2658,9,396,False,0.0,0.0,0.0,0.0,0.0,0.0,0.0,0.0,0.0,0,0,0
327857,44,653,8,80,False,0.0,0.0,0.0,0.0,0.0,0.0,0.0,0.0,0.0,0,0,0
327856,89,1608,11,221,False,3.0,2.0,2.0,142.0,46.0,188.0,62.66666666666666,0.6666666666666666,0.2446808510638297,1,1,0
327855,54,1907,7,254,False,2.0,2.0,4.0,191.0,17.0,208.0,104.0,2.0,0.0817307692307692,1,1,0
327854,72,1211,10,163,False,6.0,3.0,184.0,11742.0,1094.0,12836.0,2139.333333333333,30.666666666666668,0.0852290433156746,1,1,1
327853,70,7479,12,1173,False,7.0,2.0,112.0,6500.0,747.0,7247.0,1035.2857142857142,16.0,0.1030771353663585,1,1,1
327852,40,2329,8,295,False,9.0,2.0,471.0,21573.0,3342.0,24915.0,2768.333333333333,52.333333333333336,0.1341360626128838,1,1,1
327851,86,4731,11,557,False,0.0,0.0,0.0,0.0,0.0,0.0,0.0,0.0,0.0,0,0,0
327844,49,2203,5,275,False,1.0,1.0,10.0,98.0,61.0,159.0,159.0,10.0,0.3836477987421384,1,1,0
327843,44,1767,5,215,False,1.0,1.0,4.0,110.0,6.0,116.0,116.0,4.0,0.0517241379310344,1,1,0
327842,42,349,6,49,False,0.0,0.0,0.0,0.0,0.0,0.0,0.0,0.0,0.0,0,0,0
327841,44,778,7,105,False,3.0,2.0,2.0,8.0,16.0,24.0,8.0,0.6666666666666666,0.6666666666666666,1,1,0
327836,51,1145,6,157,False,0.0,0.0,0.0,0.0,0.0,0.0,0.0,0.0,0.0,0,0,0
327833,65,2046,10,269,True,1.0,1.0,4.0,102.0,10.0,112.0,112.0,4.0,0.0892857142857142,1,1,0
327832,54,1653,8,226,False,3.0,1.0,2.0,142.0,12.0,154.0,51.333333333333336,0.6666666666666666,0.0779220779220779,1,1,0
327828,74,1868,10,249,False,9.0,2.0,338.0,17607.0,1994.0,19601.0,2177.8888888888887,37.55555555555556,0.1017295035967552,1,1,1
327827,69,1116,9,114,False,7.0,2.0,303.0,14877.0,1749.0,16626.0,2375.1428571428573,43.285714285714285,0.1051966798989534,1,1,1
327826,84,1467,10,189,False,6.0,2.0,328.0,17137.0,1887.0,19024.0,3170.6666666666665,54.66666666666666,0.0991904962153069,1,1,1
327825,96,1744,9,224,False,6.0,2.0,313.0,17288.0,1930.0,19218.0,3203.0,52.16666666666666,0.1004266833177229,1,1,1
327822,66,337,11,54,False,0.0,0.0,0.0,0.0,0.0,0.0,0.0,0.0,0.0,0,0,0
327821,73,3265,12,427,False,1.0,1.0,3.0,2718.0,0.0,2718.0,2718.0,3.0,0.0,1,1,0
327819,58,12835,8,1482,False,2.0,1.0,6.0,106.0,15.0,121.0,60.5,3.0,0.1239669421487603,1,1,0
327817,53,343,9,49,False,1.0,1.0,2.0,8.0,12.0,20.0,20.0,2.0,0.6,1,1,0
327816,71,1217,7,142,False,1.0,1.0,1.0,9.0,8.0,17.0,17.0,1.0,0.4705882352941176,1,1,0
327814,44,0,6,0,False,0.0,0.0,0.0,0.0,0.0,0.0,0.0,0.0,0.0,0,0,0
327812,60,2032,9,256,False,0.0,0.0,0.0,0.0,0.0,0.0,0.0,0.0,0.0,0,0,0
327811,37,343,6,49,False,0.0,0.0,0.0,0.0,0.0,0.0,0.0,0.0,0.0,0,0,0
327810,54,460,7,54,False,0.0,0.0,0.0,0.0,0.0,0.0,0.0,0.0,0.0,0,0,0
327809,60,1007,7,133,False,3.0,1.0,4.0,63.0,13.0,76.0,25.33333333333333,1.3333333333333333,0.1710526315789473,1,1,0
327807,50,1476,7,198,False,0.0,0.0,0.0,0.0,0.0,0.0,0.0,0.0,0.0,0,0,0
327803,20,359,4,54,False,1.0,1.0,2.0,31.0,13.0,44.0,44.0,2.0,0.2954545454545454,1,1,0
327797,58,6396,9,976,True,3.0,1.0,20.0,1282.0,454.0,1736.0,578.6666666666666,6.666666666666667,0.2615207373271889,1,1,1
327796,71,3128,12,458,False,3.0,1.0,2.0,5.0,15.0,20.0,6.666666666666667,0.6666666666666666,0.75,1,1,0
327795,74,343,14,49,False,0.0,0.0,0.0,0.0,0.0,0.0,0.0,0.0,0.0,0,0,0
327793,109,1900,9,204,False,0.0,0.0,0.0,0.0,0.0,0.0,0.0,0.0,0.0,0,0,0
327792,37,13,7,2,True,0.0,0.0,0.0,0.0,0.0,0.0,0.0,0.0,0.0,0,0,0
327791,41,564,5,69,False,1.0,1.0,1.0,6.0,0.0,6.0,6.0,1.0,0.0,1,1,0
327789,65,564,7,69,False,1.0,1.0,1.0,6.0,0.0,6.0,6.0,1.0,0.0,1,1,0
327786,48,1234,7,161,False,1.0,1.0,300.0,13995.0,2283.0,16278.0,16278.0,300.0,0.1402506450423885,1,1,1
327785,70,412,8,55,False,0.0,0.0,0.0,0.0,0.0,0.0,0.0,0.0,0.0,0,0,0
327783,48,3139,7,479,False,1.0,1.0,2.0,2.0,5.0,7.0,7.0,2.0,0.7142857142857143,1,1,0
327782,56,366,7,50,False,0.0,0.0,0.0,0.0,0.0,0.0,0.0,0.0,0.0,0,0,0
327781,34,1188,6,156,False,0.0,0.0,0.0,0.0,0.0,0.0,0.0,0.0,0.0,0,0,0
327779,66,274,9,36,False,1.0,1.0,1.0,1.0,1.0,2.0,2.0,1.0,0.5,1,1,0
327777,63,1090,9,171,False,2.0,1.0,4.0,1329.0,1225.0,2554.0,1277.0,2.0,0.4796397807361002,1,1,0
327776,83,3098,11,448,False,0.0,0.0,0.0,0.0,0.0,0.0,0.0,0.0,0.0,0,0,0
327775,71,343,12,49,False,0.0,0.0,0.0,0.0,0.0,0.0,0.0,0.0,0.0,0,0,0
327773,40,343,8,49,False,0.0,0.0,0.0,0.0,0.0,0.0,0.0,0.0,0.0,0,0,0
327771,45,55,8,2,False,0.0,0.0,0.0,0.0,0.0,0.0,0.0,0.0,0.0,0,0,0
327770,83,126,12,16,False,0.0,0.0,0.0,0.0,0.0,0.0,0.0,0.0,0.0,0,0,0
327769,81,1147,10,149,False,1.0,1.0,6.0,382.0,46.0,428.0,428.0,6.0,0.1074766355140186,1,1,0
327766,69,80,11,11,False,2.0,1.0,6.0,89.0,13.0,102.0,51.0,3.0,0.1274509803921568,1,1,1
327765,41,1456,6,190,False,7.0,1.0,330.0,16314.0,3260.0,19574.0,2796.285714285714,47.142857142857146,0.1665474609175437,1,1,1
327764,27,127,3,4,False,1.0,1.0,1.0,1.0,1.0,2.0,2.0,1.0,0.5,1,1,0
327761,60,4760,11,707,False,0.0,0.0,0.0,0.0,0.0,0.0,0.0,0.0,0.0,0,0,0
327758,42,967,6,129,False,1.0,1.0,1.0,4.0,1.0,5.0,5.0,1.0,0.2,1,1,0
327757,57,610,7,80,False,1.0,1.0,2.0,3.0,1.0,4.0,4.0,2.0,0.25,1,1,0
327753,65,2884,10,367,False,1.0,1.0,6.0,324.0,12.0,336.0,336.0,6.0,0.0357142857142857,1,1,0
327752,44,611,7,78,False,1.0,1.0,2.0,6.0,2.0,8.0,8.0,2.0,0.25,1,1,0
327751,44,533,6,83,False,0.0,0.0,0.0,0.0,0.0,0.0,0.0,0.0,0.0,0,0,0
327749,51,406,7,51,False,2.0,1.0,3.0,32.0,7.0,39.0,19.5,1.5,0.1794871794871795,1,1,0
327748,81,1842,13,267,False,0.0,0.0,0.0,0.0,0.0,0.0,0.0,0.0,0.0,0,0,0
327744,38,1156,7,144,False,2.0,1.0,3.0,92.0,16.0,108.0,54.0,1.5,0.1481481481481481,1,1,0
327743,39,2657,5,305,True,0.0,0.0,0.0,0.0,0.0,0.0,0.0,0.0,0.0,0,0,0
327742,71,435,10,59,False,0.0,0.0,0.0,0.0,0.0,0.0,0.0,0.0,0.0,0,0,0
327741,42,529,6,71,False,1.0,1.0,4.0,1552.0,1.0,1553.0,1553.0,4.0,0.0006439150032195,1,1,0
327740,67,1805,12,262,False,0.0,0.0,0.0,0.0,0.0,0.0,0.0,0.0,0.0,0,0,0
327739,39,1152,5,137,True,0.0,0.0,0.0,0.0,0.0,0.0,0.0,0.0,0.0,0,0,0
327738,42,648,6,62,False,1.0,1.0,3.0,0.0,5.0,5.0,5.0,3.0,1.0,1,1,0
327736,58,620,10,73,False,0.0,0.0,0.0,0.0,0.0,0.0,0.0,0.0,0.0,0,0,0
327735,35,424,7,60,False,0.0,0.0,0.0,0.0,0.0,0.0,0.0,0.0,0.0,0,0,0
327734,49,56,7,2,False,1.0,1.0,3.0,73.0,9.0,82.0,82.0,3.0,0.1097560975609756,1,1,0
327731,58,284,7,44,False,0.0,0.0,0.0,0.0,0.0,0.0,0.0,0.0,0.0,0,0,0
327729,43,466,5,66,False,4.0,1.0,9.0,1406.0,204.0,1610.0,402.5,2.25,0.1267080745341615,1,1,1
327728,54,1578,8,204,False,0.0,0.0,0.0,0.0,0.0,0.0,0.0,0.0,0.0,0,0,0
327724,65,733,8,106,False,2.0,1.0,91.0,2631.0,920.0,3551.0,1775.5,45.5,0.2590819487468319,1,1,0
327722,39,4000,6,556,True,6.0,1.0,4.0,795.0,367.0,1162.0,193.66666666666663,0.6666666666666666,0.3158347676419966,1,1,0
327720,63,1097,7,162,False,1.0,1.0,1.0,1.0,1.0,2.0,2.0,1.0,0.5,1,1,0
327719,47,5666,8,831,False,0.0,0.0,0.0,0.0,0.0,0.0,0.0,0.0,0.0,0,0,0
327718,44,238,6,39,False,0.0,0.0,0.0,0.0,0.0,0.0,0.0,0.0,0.0,0,0,0
327717,41,3346,7,495,False,3.0,1.0,305.0,14742.0,5824.0,20566.0,6855.333333333333,101.66666666666669,0.2831858407079646,1,1,1
327716,45,801,6,92,False,3.0,1.0,302.0,13087.0,3726.0,16813.0,5604.333333333333,100.66666666666669,0.2216142270861833,1,1,1
327714,58,434,10,50,False,1.0,1.0,35.0,1413.0,526.0,1939.0,1939.0,35.0,0.2712738525012893,1,1,1
327713,60,2865,11,450,False,1.0,1.0,5.0,156.0,44.0,200.0,200.0,5.0,0.22,1,1,0
327711,48,596,7,89,False,2.0,1.0,7.0,542.0,19.0,561.0,280.5,3.5,0.0338680926916221,1,1,0
327710,68,3031,7,381,True,0.0,0.0,0.0,0.0,0.0,0.0,0.0,0.0,0.0,0,0,0
327708,44,746,7,105,False,0.0,0.0,0.0,0.0,0.0,0.0,0.0,0.0,0.0,0,0,0
327705,64,3185,10,498,False,1.0,1.0,3.0,48.0,63.0,111.0,111.0,3.0,0.5675675675675675,1,1,0
327704,53,563,6,64,False,2.0,2.0,4.0,3.0,82.0,85.0,42.5,2.0,0.9647058823529412,1,1,0
327703,69,3665,8,568,False,2.0,2.0,2.0,15.0,0.0,15.0,7.5,1.0,0.0,1,1,0
327702,69,1098,9,157,False,1.0,1.0,20.0,352.0,82.0,434.0,434.0,20.0,0.1889400921658986,1,1,0
327700,46,429,6,60,False,0.0,0.0,0.0,0.0,0.0,0.0,0.0,0.0,0.0,0,0,0
327698,35,365,7,51,False,1.0,1.0,7.0,80.0,61.0,141.0,141.0,7.0,0.4326241134751773,1,1,0
327697,57,5075,9,714,False,1.0,1.0,2.0,5.0,5.0,10.0,10.0,2.0,0.5,1,1,0
327696,32,392,5,55,False,0.0,0.0,0.0,0.0,0.0,0.0,0.0,0.0,0.0,0,0,0
327694,39,31,5,2,False,1.0,1.0,12.0,268.0,35.0,303.0,303.0,12.0,0.1155115511551155,1,1,0
327693,35,397,4,51,False,2.0,1.0,83.0,2358.0,893.0,3251.0,1625.5,41.5,0.2746847123961858,1,1,0
327692,50,170,8,24,True,0.0,0.0,0.0,0.0,0.0,0.0,0.0,0.0,0.0,0,0,1
327691,41,0,7,0,False,2.0,1.0,12.0,290.0,103.0,393.0,196.5,6.0,0.2620865139949109,1,1,0
327690,45,1320,5,179,False,1.0,1.0,8.0,27.0,12.0,39.0,39.0,8.0,0.3076923076923077,1,1,1
327689,41,1329,7,143,False,2.0,1.0,2.0,19.0,60.0,79.0,39.5,1.0,0.759493670886076,1,1,1
327688,46,577,7,63,True,0.0,0.0,0.0,0.0,0.0,0.0,0.0,0.0,0.0,0,0,0
327686,33,864,4,132,True,0.0,0.0,0.0,0.0,0.0,0.0,0.0,0.0,0.0,0,0,0
327684,36,1853,4,213,False,9.0,1.0,12.0,81.0,56.0,137.0,15.22222222222222,1.3333333333333333,0.4087591240875912,1,1,0
327683,62,1251,12,186,False,2.0,1.0,3.0,93.0,11.0,104.0,52.0,1.5,0.1057692307692307,1,1,0
327681,62,463,8,42,False,0.0,0.0,0.0,0.0,0.0,0.0,0.0,0.0,0.0,0,0,0
327680,57,389,9,54,False,0.0,0.0,0.0,0.0,0.0,0.0,0.0,0.0,0.0,0,0,0
327679,57,389,9,54,True,0.0,0.0,0.0,0.0,0.0,0.0,0.0,0.0,0.0,0,0,0
327677,40,767,6,103,False,1.0,1.0,2.0,10.0,4.0,14.0,14.0,2.0,0.2857142857142857,1,1,0
327675,71,5604,11,807,False,1.0,1.0,2.0,61.0,19.0,80.0,80.0,2.0,0.2375,1,1,0
327674,57,35,9,5,False,0.0,0.0,0.0,0.0,0.0,0.0,0.0,0.0,0.0,0,0,0
327670,53,686,7,86,False,2.0,1.0,6.0,118.0,39.0,157.0,78.5,3.0,0.2484076433121019,1,1,0
327666,74,2145,11,289,False,2.0,1.0,1.0,23.0,6.0,29.0,14.5,0.5,0.2068965517241379,1,1,1
327664,52,425,8,52,False,0.0,0.0,0.0,0.0,0.0,0.0,0.0,0.0,0.0,0,0,0
327662,46,468,6,58,False,1.0,1.0,2.0,28.0,16.0,44.0,44.0,2.0,0.3636363636363636,1,1,0
327659,71,1179,8,178,False,0.0,0.0,0.0,0.0,0.0,0.0,0.0,0.0,0.0,0,0,0
327658,43,0,8,0,False,0.0,0.0,0.0,0.0,0.0,0.0,0.0,0.0,0.0,0,0,0
327657,30,622,4,80,False,0.0,0.0,0.0,0.0,0.0,0.0,0.0,0.0,0.0,0,0,0
327654,75,3665,10,519,False,0.0,0.0,0.0,0.0,0.0,0.0,0.0,0.0,0.0,0,0,0
327652,46,397,7,51,False,0.0,0.0,0.0,0.0,0.0,0.0,0.0,0.0,0.0,0,0,0
327651,16,585,3,75,False,0.0,0.0,0.0,0.0,0.0,0.0,0.0,0.0,0.0,0,0,0
327647,83,3468,11,379,False,0.0,0.0,0.0,0.0,0.0,0.0,0.0,0.0,0.0,0,0,0
327642,62,4430,8,687,False,3.0,1.0,86.0,1130.0,1238.0,2368.0,789.3333333333334,28.666666666666668,0.5228040540540541,1,1,0
327638,39,849,6,114,True,0.0,0.0,0.0,0.0,0.0,0.0,0.0,0.0,0.0,0,0,0
327637,56,555,9,72,True,1.0,1.0,3.0,55.0,4.0,59.0,59.0,3.0,0.0677966101694915,1,1,0
327632,38,0,7,0,False,1.0,1.0,4.0,106.0,17.0,123.0,123.0,4.0,0.1382113821138211,1,1,0
327629,61,3628,9,514,False,0.0,0.0,0.0,0.0,0.0,0.0,0.0,0.0,0.0,0,0,0
327628,26,53,4,6,False,1.0,1.0,1.0,28.0,13.0,41.0,41.0,1.0,0.3170731707317073,1,1,0
327624,59,2416,9,312,False,1.0,1.0,4.0,38.0,27.0,65.0,65.0,4.0,0.4153846153846154,1,1,0
327623,109,1900,9,204,False,0.0,0.0,0.0,0.0,0.0,0.0,0.0,0.0,0.0,0,0,0
327614,57,343,7,42,False,0.0,0.0,0.0,0.0,0.0,0.0,0.0,0.0,0.0,0,0,0
327612,64,672,10,71,False,0.0,0.0,0.0,0.0,0.0,0.0,0.0,0.0,0.0,0,0,0
327609,43,297,6,37,False,0.0,0.0,0.0,0.0,0.0,0.0,0.0,0.0,0.0,0,0,0
327598,73,422,8,48,False,0.0,0.0,0.0,0.0,0.0,0.0,0.0,0.0,0.0,0,0,0
327596,39,0,6,0,False,0.0,0.0,0.0,0.0,0.0,0.0,0.0,0.0,0.0,0,0,0
327594,23,322,4,27,False,0.0,0.0,0.0,0.0,0.0,0.0,0.0,0.0,0.0,0,0,0
327593,45,281,6,19,False,0.0,0.0,0.0,0.0,0.0,0.0,0.0,0.0,0.0,0,0,0
327590,43,928,5,126,False,3.0,2.0,2.0,66.0,6.0,72.0,24.0,0.6666666666666666,0.0833333333333333,1,1,0
327588,13,1122,3,155,False,0.0,0.0,0.0,0.0,0.0,0.0,0.0,0.0,0.0,0,0,0
327585,93,1710,11,238,False,0.0,0.0,0.0,0.0,0.0,0.0,0.0,0.0,0.0,0,0,0
327583,70,7214,10,883,False,1.0,1.0,1.0,11.0,5.0,16.0,16.0,1.0,0.3125,1,1,1
327576,40,621,6,86,True,1.0,1.0,6.0,119.0,23.0,142.0,142.0,6.0,0.1619718309859155,1,1,0
327575,61,5811,9,741,False,0.0,0.0,0.0,0.0,0.0,0.0,0.0,0.0,0.0,0,0,0
327573,88,408,13,53,False,5.0,1.0,266.0,13371.0,2994.0,16365.0,3273.0,53.2,0.1829514207149404,1,1,1
327571,62,835,10,122,False,1.0,1.0,2.0,6.0,2.0,8.0,8.0,2.0,0.25,1,1,0
327569,88,423,13,53,False,1.0,1.0,175.0,5372.0,2219.0,7591.0,7591.0,175.0,0.2923198524568568,1,1,1
327566,39,349,6,49,False,4.0,2.0,25.0,1241.0,148.0,1389.0,347.25,6.25,0.1065514758819294,1,1,0
327562,41,493,5,74,False,0.0,0.0,0.0,0.0,0.0,0.0,0.0,0.0,0.0,0,0,0
327560,72,1505,11,226,False,1.0,1.0,3.0,64.0,19.0,83.0,83.0,3.0,0.2289156626506024,1,1,0
327557,42,432,7,50,False,2.0,1.0,29.0,730.0,1073.0,1803.0,901.5,14.5,0.5951192457016085,1,1,0
327555,56,2997,8,248,False,0.0,0.0,0.0,0.0,0.0,0.0,0.0,0.0,0.0,0,0,0
327553,66,1465,12,246,False,0.0,0.0,0.0,0.0,0.0,0.0,0.0,0.0,0.0,0,0,0
327552,32,1010,5,128,False,0.0,0.0,0.0,0.0,0.0,0.0,0.0,0.0,0.0,0,0,0
327550,72,2969,9,431,False,2.0,1.0,4.0,26.0,27.0,53.0,26.5,2.0,0.5094339622641509,1,1,0
327549,26,950,4,138,False,1.0,1.0,11.0,260.0,117.0,377.0,377.0,11.0,0.3103448275862069,1,1,0
327548,62,2890,8,421,False,1.0,1.0,3.0,25.0,3.0,28.0,28.0,3.0,0.1071428571428571,1,1,0
327547,48,243,7,32,False,1.0,1.0,1.0,1.0,1.0,2.0,2.0,1.0,0.5,1,1,0
327545,36,254,5,35,False,0.0,0.0,0.0,0.0,0.0,0.0,0.0,0.0,0.0,0,0,0
327544,41,483,6,69,False,4.0,1.0,304.0,11938.0,2851.0,14789.0,3697.25,76.0,0.1927784163905605,1,1,1
327542,30,519,4,51,False,1.0,1.0,6.0,61.0,79.0,140.0,140.0,6.0,0.5642857142857143,1,1,0
327541,41,608,7,80,False,0.0,0.0,0.0,0.0,0.0,0.0,0.0,0.0,0.0,0,0,0
327518,34,1089,5,100,False,0.0,0.0,0.0,0.0,0.0,0.0,0.0,0.0,0.0,0,0,1
327511,51,1781,11,223,False,1.0,1.0,3.0,38.0,9.0,47.0,47.0,3.0,0.1914893617021276,1,1,0
327500,40,1157,6,142,False,0.0,0.0,0.0,0.0,0.0,0.0,0.0,0.0,0.0,0,0,0
327497,63,1903,12,298,False,2.0,1.0,13.0,695.0,54.0,749.0,374.5,6.5,0.0720961281708945,1,1,1
327495,37,835,6,104,False,2.0,1.0,3.0,35.0,10.0,45.0,22.5,1.5,0.2222222222222222,1,1,0
327494,48,4832,7,716,False,0.0,0.0,0.0,0.0,0.0,0.0,0.0,0.0,0.0,0,0,0
327491,63,3423,10,472,False,0.0,0.0,0.0,0.0,0.0,0.0,0.0,0.0,0.0,0,0,0
327490,61,2024,8,256,False,3.0,1.0,109.0,3659.0,652.0,4311.0,1437.0,36.333333333333336,0.1512410113662723,1,1,1
327489,66,3379,10,480,False,2.0,1.0,4.0,37.0,5.0,42.0,21.0,2.0,0.119047619047619,1,1,0
327486,49,1422,7,193,False,0.0,0.0,0.0,0.0,0.0,0.0,0.0,0.0,0.0,0,0,0
327485,63,3123,11,432,False,0.0,0.0,0.0,0.0,0.0,0.0,0.0,0.0,0.0,0,0,0
327483,61,4529,11,668,False,2.0,1.0,300.0,12589.0,1876.0,14465.0,7232.5,150.0,0.129692360871068,1,1,1
327482,62,3221,10,411,False,1.0,1.0,1.0,104.0,0.0,104.0,104.0,1.0,0.0,1,1,0
327481,54,918,9,134,False,1.0,1.0,1.0,3.0,2.0,5.0,5.0,1.0,0.4,1,1,0
327475,49,1090,7,144,False,0.0,0.0,0.0,0.0,0.0,0.0,0.0,0.0,0.0,0,0,0
327465,48,754,7,116,False,1.0,1.0,8.0,158.0,14.0,172.0,172.0,8.0,0.0813953488372093,1,1,0
327464,37,6889,5,757,True,0.0,0.0,0.0,0.0,0.0,0.0,0.0,0.0,0.0,0,0,0
327451,57,2034,11,310,False,0.0,0.0,0.0,0.0,0.0,0.0,0.0,0.0,0.0,0,0,0
327450,53,467,6,54,False,2.0,1.0,2.0,26.0,19.0,45.0,22.5,1.0,0.4222222222222222,1,1,0
327448,78,1702,11,225,True,1.0,1.0,2.0,39.0,0.0,39.0,39.0,2.0,0.0,1,1,0
327445,55,941,8,81,False,0.0,0.0,0.0,0.0,0.0,0.0,0.0,0.0,0.0,0,0,0
327442,60,2064,9,251,False,0.0,0.0,0.0,0.0,0.0,0.0,0.0,0.0,0.0,0,0,0
327441,55,1032,8,123,False,0.0,0.0,0.0,0.0,0.0,0.0,0.0,0.0,0.0,0,0,0
327433,59,6026,9,859,False,2.0,1.0,8.0,32.0,37.0,69.0,34.5,4.0,0.5362318840579711,1,1,0
327432,65,3945,9,523,False,0.0,0.0,0.0,0.0,0.0,0.0,0.0,0.0,0.0,0,0,0
327431,39,373,5,52,False,1.0,1.0,2.0,5.0,2.0,7.0,7.0,2.0,0.2857142857142857,1,1,0
327428,57,4295,9,568,False,1.0,1.0,2.0,83.0,12.0,95.0,95.0,2.0,0.1263157894736842,1,1,0
327427,45,1281,6,184,False,1.0,1.0,1.0,15.0,11.0,26.0,26.0,1.0,0.4230769230769231,1,1,1
327426,41,508,5,75,True,0.0,0.0,0.0,0.0,0.0,0.0,0.0,0.0,0.0,0,0,0
327425,60,279,8,42,False,1.0,1.0,2.0,11.0,4.0,15.0,15.0,2.0,0.2666666666666666,1,1,0
327423,72,343,11,49,False,0.0,0.0,0.0,0.0,0.0,0.0,0.0,0.0,0.0,0,0,0
327422,47,490,6,66,False,1.0,1.0,2.0,20.0,18.0,38.0,38.0,2.0,0.4736842105263157,1,1,0
327421,52,1022,8,140,False,1.0,1.0,2.0,23.0,8.0,31.0,31.0,2.0,0.2580645161290322,1,1,0
327420,53,723,8,92,False,0.0,0.0,0.0,0.0,0.0,0.0,0.0,0.0,0.0,0,0,0
327419,40,498,5,71,False,0.0,0.0,0.0,0.0,0.0,0.0,0.0,0.0,0.0,0,0,0
327418,47,1636,5,199,False,0.0,0.0,0.0,0.0,0.0,0.0,0.0,0.0,0.0,0,0,1
327417,51,1008,6,142,False,4.0,1.0,253.0,8876.0,1275.0,10151.0,2537.75,63.25,0.1256033888286868,1,1,1
327416,37,1501,7,163,True,11.0,1.0,430.0,19291.0,3652.0,22943.0,2085.7272727272725,39.09090909090909,0.1591770910517369,1,1,1
327414,49,55,7,2,False,1.0,1.0,2.0,45.0,14.0,59.0,59.0,2.0,0.2372881355932203,1,1,0
327412,35,432,7,50,False,2.0,1.0,225.0,9314.0,1091.0,10405.0,5202.5,112.5,0.1048534358481499,1,1,1
327410,31,1560,6,210,False,1.0,1.0,1.0,11.0,11.0,22.0,22.0,1.0,0.5,1,1,0
327409,30,272,6,42,False,0.0,0.0,0.0,0.0,0.0,0.0,0.0,0.0,0.0,0,0,0
327408,46,715,5,91,False,2.0,1.0,6.0,283.0,33.0,316.0,158.0,3.0,0.1044303797468354,1,1,0
327407,40,281,7,45,False,0.0,0.0,0.0,0.0,0.0,0.0,0.0,0.0,0.0,0,0,0
327406,63,53,5,2,False,0.0,0.0,0.0,0.0,0.0,0.0,0.0,0.0,0.0,0,0,0
327405,41,343,5,49,False,1.0,1.0,1.0,1.0,1.0,2.0,2.0,1.0,0.5,1,1,0
327403,64,829,10,126,False,1.0,1.0,1.0,0.0,2.0,2.0,2.0,1.0,1.0,1,1,1
327401,69,3208,9,466,False,3.0,1.0,302.0,12700.0,2615.0,15315.0,5105.0,100.66666666666669,0.1707476330395037,1,1,1
327400,43,2475,7,238,False,1.0,1.0,193.0,6623.0,828.0,7451.0,7451.0,193.0,0.1111260233525701,1,1,1
327399,63,9462,9,731,False,1.0,1.0,193.0,6623.0,828.0,7451.0,7451.0,193.0,0.1111260233525701,1,1,1
327398,58,1051,7,155,False,2.0,1.0,103.0,3935.0,468.0,4403.0,2201.5,51.5,0.1062911651146945,1,1,1
327397,48,354,8,48,False,0.0,0.0,0.0,0.0,0.0,0.0,0.0,0.0,0.0,0,0,0
327395,48,352,5,54,False,1.0,1.0,1.0,2.0,2.0,4.0,4.0,1.0,0.5,1,1,0
327394,41,454,6,50,False,0.0,0.0,0.0,0.0,0.0,0.0,0.0,0.0,0.0,0,0,0
327393,44,384,6,64,False,1.0,1.0,4.0,32.0,4.0,36.0,36.0,4.0,0.1111111111111111,1,1,0
327391,39,497,6,67,False,1.0,1.0,300.0,14031.0,2453.0,16484.0,16484.0,300.0,0.1488109682115991,1,1,1
327389,42,353,5,45,False,0.0,0.0,0.0,0.0,0.0,0.0,0.0,0.0,0.0,0,0,0
327388,70,55,10,2,False,0.0,0.0,0.0,0.0,0.0,0.0,0.0,0.0,0.0,0,0,0
327387,64,961,11,137,False,0.0,0.0,0.0,0.0,0.0,0.0,0.0,0.0,0.0,0,0,0
327385,36,545,5,69,False,5.0,1.0,132.0,4322.0,638.0,4960.0,992.0,26.4,0.1286290322580645,1,1,1
327383,60,1822,8,236,False,1.0,1.0,5.0,55.0,1.0,56.0,56.0,5.0,0.0178571428571428,1,1,1
327381,63,2516,9,373,False,0.0,0.0,0.0,0.0,0.0,0.0,0.0,0.0,0.0,0,0,0
327379,71,727,7,96,False,0.0,0.0,0.0,0.0,0.0,0.0,0.0,0.0,0.0,0,0,0
327378,41,784,6,91,False,1.0,1.0,1.0,6.0,3.0,9.0,9.0,1.0,0.3333333333333333,1,1,0
327376,50,55,8,2,False,4.0,1.0,50.0,963.0,336.0,1299.0,324.75,12.5,0.2586605080831409,1,1,0
327375,70,840,10,67,False,1.0,1.0,2.0,19.0,4.0,23.0,23.0,2.0,0.1739130434782608,1,1,1
327374,62,2149,10,282,True,6.0,1.0,8.0,328.0,264.0,592.0,98.66666666666669,1.3333333333333333,0.4459459459459459,1,1,0
327372,43,506,5,62,False,1.0,1.0,4.0,26.0,3.0,29.0,29.0,4.0,0.1034482758620689,1,1,0
327369,72,1081,8,167,False,1.0,1.0,1.0,3.0,2.0,5.0,5.0,1.0,0.4,1,1,0
327367,53,2171,8,277,False,22.0,1.0,22.0,337.0,171.0,508.0,23.09090909090909,1.0,0.3366141732283464,1,1,0
327366,43,349,8,49,False,0.0,0.0,0.0,0.0,0.0,0.0,0.0,0.0,0.0,0,0,0
327361,39,349,5,45,False,1.0,1.0,8.0,21.0,54.0,75.0,75.0,8.0,0.72,1,1,0
327356,45,1087,7,119,False,1.0,1.0,1.0,2.0,2.0,4.0,4.0,1.0,0.5,1,1,0
327355,62,150,3,21,False,0.0,0.0,0.0,0.0,0.0,0.0,0.0,0.0,0.0,0,0,0
327351,30,273,5,19,False,0.0,0.0,0.0,0.0,0.0,0.0,0.0,0.0,0.0,0,0,0
327350,42,832,7,99,False,2.0,2.0,2.0,4.0,12.0,16.0,8.0,1.0,0.75,1,1,0
327347,78,1000,10,135,False,0.0,0.0,0.0,0.0,0.0,0.0,0.0,0.0,0.0,0,0,0
327345,47,558,5,80,False,6.0,2.0,238.0,9747.0,1137.0,10884.0,1814.0,39.66666666666666,0.1044652701212789,1,1,1
327341,43,419,6,58,False,1.0,1.0,20.0,402.0,42.0,444.0,444.0,20.0,0.0945945945945946,1,1,0
327340,33,163,4,21,False,1.0,1.0,1.0,15.0,0.0,15.0,15.0,1.0,0.0,1,1,0
327337,52,1004,8,137,False,0.0,0.0,0.0,0.0,0.0,0.0,0.0,0.0,0.0,0,0,0
327332,43,723,5,103,False,1.0,1.0,4.0,35.0,3.0,38.0,38.0,4.0,0.0789473684210526,1,1,0
327331,54,71,7,12,False,5.0,1.0,99.0,3896.0,1277.0,5173.0,1034.6,19.8,0.2468586893485405,1,1,1
327330,49,954,9,130,True,1.0,1.0,82.0,3350.0,1184.0,4534.0,4534.0,82.0,0.2611380679311866,1,1,1
327328,48,836,9,121,False,2.0,2.0,190.0,8763.0,1619.0,10382.0,5191.0,95.0,0.1559429782315546,1,1,1
327325,36,400,5,57,True,2.0,1.0,1.0,12.0,3.0,15.0,7.5,0.5,0.2,1,1,0
327321,56,1494,8,207,False,3.0,1.0,86.0,3499.0,1206.0,4705.0,1568.3333333333333,28.666666666666668,0.2563230605738576,1,1,1
327320,26,876,5,120,True,0.0,0.0,0.0,0.0,0.0,0.0,0.0,0.0,0.0,0,0,0
327319,53,749,7,103,False,3.0,1.0,2.0,327.0,76.0,403.0,134.33333333333334,0.6666666666666666,0.1885856079404466,1,1,0
327316,48,504,6,70,False,1.0,1.0,34.0,824.0,137.0,961.0,961.0,34.0,0.1425598335067638,1,1,0
327315,50,477,9,72,True,0.0,0.0,0.0,0.0,0.0,0.0,0.0,0.0,0.0,0,0,0
327313,26,543,5,60,False,0.0,0.0,0.0,0.0,0.0,0.0,0.0,0.0,0.0,0,0,0
327312,81,2719,12,291,False,0.0,0.0,0.0,0.0,0.0,0.0,0.0,0.0,0.0,0,0,0
327306,78,1631,10,191,False,0.0,0.0,0.0,0.0,0.0,0.0,0.0,0.0,0.0,0,0,0
327305,37,1142,5,137,True,0.0,0.0,0.0,0.0,0.0,0.0,0.0,0.0,0.0,0,0,0
327303,43,55,6,2,False,0.0,0.0,0.0,0.0,0.0,0.0,0.0,0.0,0.0,0,0,0
327302,53,55,7,2,False,0.0,0.0,0.0,0.0,0.0,0.0,0.0,0.0,0.0,0,0,0
327301,72,1511,11,207,False,0.0,0.0,0.0,0.0,0.0,0.0,0.0,0.0,0.0,0,0,0
327300,38,1735,5,239,False,0.0,0.0,0.0,0.0,0.0,0.0,0.0,0.0,0.0,0,0,0
327298,37,482,7,65,False,1.0,1.0,6.0,46.0,25.0,71.0,71.0,6.0,0.352112676056338,1,1,0
327297,26,33,4,5,False,0.0,0.0,0.0,0.0,0.0,0.0,0.0,0.0,0.0,0,0,0
327296,34,343,5,49,False,2.0,1.0,21.0,388.0,72.0,460.0,230.0,10.5,0.1565217391304348,1,1,0
327295,65,343,10,49,False,0.0,0.0,0.0,0.0,0.0,0.0,0.0,0.0,0.0,0,0,0
327294,18,0,2,0,True,2.0,1.0,6.0,66.0,252.0,318.0,159.0,3.0,0.7924528301886793,1,1,1
327290,48,1441,6,209,False,5.0,1.0,320.0,12467.0,15643.0,28110.0,5622.0,64.0,0.5564923514763429,1,1,1
327289,96,1900,8,204,False,0.0,0.0,0.0,0.0,0.0,0.0,0.0,0.0,0.0,0,0,1
327280,45,247,6,39,False,0.0,0.0,0.0,0.0,0.0,0.0,0.0,0.0,0.0,0,0,0
327276,39,813,6,121,False,0.0,0.0,0.0,0.0,0.0,0.0,0.0,0.0,0.0,0,0,0
327275,55,873,6,108,False,3.0,1.0,2.0,47.0,5.0,52.0,17.333333333333332,0.6666666666666666,0.0961538461538461,1,1,1
327273,26,146,3,19,False,0.0,0.0,0.0,0.0,0.0,0.0,0.0,0.0,0.0,0,0,0
327272,55,0,2,0,False,0.0,0.0,0.0,0.0,0.0,0.0,0.0,0.0,0.0,0,0,0
327271,49,372,6,54,False,3.0,1.0,4.0,56.0,13.0,69.0,23.0,1.3333333333333333,0.1884057971014492,1,1,0
327270,38,1111,5,128,False,1.0,1.0,2.0,7.0,1.0,8.0,8.0,2.0,0.125,1,1,0
327269,34,682,5,87,False,0.0,0.0,0.0,0.0,0.0,0.0,0.0,0.0,0.0,0,0,0
327266,49,882,7,118,True,1.0,1.0,1.0,2.0,2.0,4.0,4.0,1.0,0.5,1,1,0
327265,21,671,4,73,False,0.0,0.0,0.0,0.0,0.0,0.0,0.0,0.0,0.0,0,0,0
327258,23,389,3,56,False,0.0,0.0,0.0,0.0,0.0,0.0,0.0,0.0,0.0,0,0,0
327255,36,57,6,3,False,0.0,0.0,0.0,0.0,0.0,0.0,0.0,0.0,0.0,0,0,0
327254,34,674,5,98,False,0.0,0.0,0.0,0.0,0.0,0.0,0.0,0.0,0.0,0,0,0
327251,41,0,7,0,False,0.0,0.0,0.0,0.0,0.0,0.0,0.0,0.0,0.0,0,0,0
327248,62,1144,10,156,False,5.0,2.0,275.0,10508.0,2088.0,12596.0,2519.2,55.0,0.1657669101302,1,1,1
327246,30,349,3,49,False,0.0,0.0,0.0,0.0,0.0,0.0,0.0,0.0,0.0,0,0,0
327245,60,98,8,5,False,1.0,1.0,2.0,2.0,1.0,3.0,3.0,2.0,0.3333333333333333,1,1,0
327244,50,831,6,116,False,1.0,1.0,1.0,2.0,2.0,4.0,4.0,1.0,0.5,1,1,0
327241,42,2165,5,296,False,2.0,1.0,278.0,12085.0,1649.0,13734.0,6867.0,139.0,0.1200669870394641,1,1,1
327237,58,3716,8,286,False,0.0,0.0,0.0,0.0,0.0,0.0,0.0,0.0,0.0,0,0,0
327236,69,10575,8,663,False,0.0,0.0,0.0,0.0,0.0,0.0,0.0,0.0,0.0,0,0,0
327235,70,14318,8,857,False,0.0,0.0,0.0,0.0,0.0,0.0,0.0,0.0,0.0,0,0,0
327233,47,1821,6,149,False,0.0,0.0,0.0,0.0,0.0,0.0,0.0,0.0,0.0,0,0,0
327231,56,1899,6,237,False,0.0,0.0,0.0,0.0,0.0,0.0,0.0,0.0,0.0,0,0,0
327226,75,404,9,51,False,1.0,1.0,5.0,21.0,71.0,92.0,92.0,5.0,0.7717391304347826,1,1,0
327225,49,1844,7,163,False,1.0,1.0,3.0,79.0,11.0,90.0,90.0,3.0,0.1222222222222222,1,1,0
327224,42,1657,4,230,False,4.0,1.0,2.0,109.0,40.0,149.0,37.25,0.5,0.2684563758389262,1,1,0
327223,35,352,4,48,False,1.0,1.0,7.0,7.0,7.0,14.0,14.0,7.0,0.5,1,1,0
327220,70,5667,9,642,True,0.0,0.0,0.0,0.0,0.0,0.0,0.0,0.0,0.0,0,0,0
327218,70,1359,11,162,False,0.0,0.0,0.0,0.0,0.0,0.0,0.0,0.0,0.0,0,0,0
327215,41,761,7,111,False,2.0,1.0,211.0,8509.0,1119.0,9628.0,4814.0,105.5,0.1162235147486497,1,1,1
327213,55,758,6,90,False,0.0,0.0,0.0,0.0,0.0,0.0,0.0,0.0,0.0,0,0,0
327211,65,1902,9,239,False,1.0,1.0,1.0,2.0,1.0,3.0,3.0,1.0,0.3333333333333333,1,1,0
327210,45,197,6,24,False,1.0,1.0,1.0,1.0,1.0,2.0,2.0,1.0,0.5,1,1,0
327209,45,990,7,128,False,1.0,1.0,4.0,70.0,7.0,77.0,77.0,4.0,0.0909090909090909,1,1,0
327208,54,0,9,0,True,0.0,0.0,0.0,0.0,0.0,0.0,0.0,0.0,0.0,0,0,1
327206,38,685,6,67,False,0.0,0.0,0.0,0.0,0.0,0.0,0.0,0.0,0.0,0,0,0
327201,52,1104,7,144,False,3.0,1.0,15.0,296.0,138.0,434.0,144.66666666666666,5.0,0.3179723502304147,1,1,0
327200,50,397,9,51,False,1.0,1.0,7.0,38.0,101.0,139.0,139.0,7.0,0.7266187050359713,1,1,0
327199,23,420,3,51,False,0.0,0.0,0.0,0.0,0.0,0.0,0.0,0.0,0.0,0,0,0
327198,66,947,10,156,False,2.0,1.0,4.0,63.0,13.0,76.0,38.0,2.0,0.1710526315789473,1,1,0
327193,57,1504,9,220,False,1.0,1.0,1.0,11.0,3.0,14.0,14.0,1.0,0.2142857142857142,1,1,0
327192,44,522,6,67,False,3.0,1.0,2.0,19.0,16.0,35.0,11.666666666666666,0.6666666666666666,0.4571428571428571,1,1,0
327191,33,621,5,75,False,1.0,1.0,3.0,41.0,3.0,44.0,44.0,3.0,0.0681818181818181,1,1,0
327189,42,343,8,49,False,2.0,1.0,2.0,1.0,3.0,4.0,2.0,1.0,0.75,1,1,1
327187,40,641,5,88,False,1.0,1.0,1.0,4.0,0.0,4.0,4.0,1.0,0.0,1,1,0
327186,48,766,7,94,False,0.0,0.0,0.0,0.0,0.0,0.0,0.0,0.0,0.0,0,0,0
327184,36,432,5,50,False,3.0,1.0,226.0,7862.0,1191.0,9053.0,3017.6666666666665,75.33333333333333,0.1315585993593284,1,1,1
327182,14,1303,2,206,False,0.0,0.0,0.0,0.0,0.0,0.0,0.0,0.0,0.0,0,0,0
327181,109,1900,9,204,False,0.0,0.0,0.0,0.0,0.0,0.0,0.0,0.0,0.0,0,0,0
327180,26,348,5,47,False,2.0,1.0,143.0,5250.0,825.0,6075.0,3037.5,71.5,0.1358024691358024,1,1,1
327175,57,6414,8,906,True,1.0,1.0,1.0,9.0,9.0,18.0,18.0,1.0,0.5,1,1,0
327174,19,0,3,0,False,0.0,0.0,0.0,0.0,0.0,0.0,0.0,0.0,0.0,0,0,0
327173,50,488,7,65,False,1.0,1.0,2.0,22.0,10.0,32.0,32.0,2.0,0.3125,1,1,0
327172,44,243,6,41,False,0.0,0.0,0.0,0.0,0.0,0.0,0.0,0.0,0.0,0,0,0
327170,59,1516,7,160,False,1.0,1.0,10.0,305.0,159.0,464.0,464.0,10.0,0.3426724137931034,1,1,0
327168,45,373,6,54,False,0.0,0.0,0.0,0.0,0.0,0.0,0.0,0.0,0.0,0,0,0
327166,40,481,7,71,False,0.0,0.0,0.0,0.0,0.0,0.0,0.0,0.0,0.0,0,0,0
327165,47,677,9,85,False,1.0,1.0,212.0,8729.0,1222.0,9951.0,9951.0,212.0,0.1228017284695005,1,1,1
327163,44,459,6,68,True,0.0,0.0,0.0,0.0,0.0,0.0,0.0,0.0,0.0,0,0,0
327162,50,490,6,75,False,0.0,0.0,0.0,0.0,0.0,0.0,0.0,0.0,0.0,0,0,0
327161,62,153,9,22,False,0.0,0.0,0.0,0.0,0.0,0.0,0.0,0.0,0.0,0,0,0
327160,27,617,4,84,False,0.0,0.0,0.0,0.0,0.0,0.0,0.0,0.0,0.0,0,0,0
327157,33,1027,5,106,False,2.0,1.0,301.0,11914.0,2057.0,13971.0,6985.5,150.5,0.1472335552215303,1,1,1
327156,35,1029,5,105,False,1.0,1.0,1.0,34.0,1.0,35.0,35.0,1.0,0.0285714285714285,1,1,0
327155,45,1075,5,102,False,1.0,1.0,300.0,12439.0,2080.0,14519.0,14519.0,300.0,0.1432605551346511,1,1,1
327154,43,1039,6,102,False,0.0,0.0,0.0,0.0,0.0,0.0,0.0,0.0,0.0,0,0,0
327151,73,5987,11,667,False,3.0,2.0,1.0,23.0,17.0,40.0,13.333333333333334,0.3333333333333333,0.425,1,1,0
327150,57,657,9,77,False,0.0,0.0,0.0,0.0,0.0,0.0,0.0,0.0,0.0,0,0,0
327147,70,639,13,81,False,1.0,1.0,11.0,195.0,99.0,294.0,294.0,11.0,0.336734693877551,1,1,0
327146,28,0,4,0,False,0.0,0.0,0.0,0.0,0.0,0.0,0.0,0.0,0.0,0,0,0
327145,23,55,5,2,False,0.0,0.0,0.0,0.0,0.0,0.0,0.0,0.0,0.0,0,0,0
327143,37,343,7,49,False,2.0,1.0,5.0,75.0,5.0,80.0,40.0,2.5,0.0625,1,1,0
327141,59,806,10,101,False,0.0,0.0,0.0,0.0,0.0,0.0,0.0,0.0,0.0,0,0,0
327140,53,356,7,58,False,1.0,1.0,1.0,2.0,2.0,4.0,4.0,1.0,0.5,1,1,0
327139,47,62,7,12,True,0.0,0.0,0.0,0.0,0.0,0.0,0.0,0.0,0.0,0,0,0
327138,79,343,14,49,False,2.0,1.0,6.0,78.0,8.0,86.0,43.0,3.0,0.0930232558139534,1,1,0
327136,72,5019,9,580,True,0.0,0.0,0.0,0.0,0.0,0.0,0.0,0.0,0.0,0,0,0
327131,81,4419,11,648,False,8.0,1.0,48.0,2161.0,297.0,2458.0,307.25,6.0,0.1208299430431244,1,1,0
327128,35,997,5,94,False,1.0,1.0,2.0,33.0,0.0,33.0,33.0,2.0,0.0,1,1,1
327126,52,826,7,106,False,0.0,0.0,0.0,0.0,0.0,0.0,0.0,0.0,0.0,0,0,0
327124,58,1734,10,260,False,0.0,0.0,0.0,0.0,0.0,0.0,0.0,0.0,0.0,0,0,0
327123,58,1515,9,200,False,0.0,0.0,0.0,0.0,0.0,0.0,0.0,0.0,0.0,0,0,0
327122,80,2698,15,382,False,1.0,1.0,1.0,25.0,0.0,25.0,25.0,1.0,0.0,1,1,0
327117,70,1644,11,254,False,4.0,1.0,273.0,12071.0,1620.0,13691.0,3422.75,68.25,0.1183259075304944,1,1,1
327116,50,10185,7,660,False,0.0,0.0,0.0,0.0,0.0,0.0,0.0,0.0,0.0,0,0,0
327112,56,1845,9,167,False,2.0,1.0,3.0,64.0,27.0,91.0,45.5,1.5,0.2967032967032967,1,1,0
327110,37,8035,5,1031,False,4.0,1.0,18.0,570.0,224.0,794.0,198.5,4.5,0.2821158690176322,1,1,1
327105,77,5905,13,862,False,1.0,1.0,1.0,11.0,16.0,27.0,27.0,1.0,0.5925925925925926,1,1,1
327104,34,54,3,2,False,4.0,1.0,45.0,1993.0,218.0,2211.0,552.75,11.25,0.0985979194934418,1,1,1
327095,56,55,8,2,False,1.0,1.0,1.0,0.0,16.0,16.0,16.0,1.0,1.0,1,1,0
327090,54,3830,8,341,True,0.0,0.0,0.0,0.0,0.0,0.0,0.0,0.0,0.0,0,0,1
327089,70,1613,11,218,False,0.0,0.0,0.0,0.0,0.0,0.0,0.0,0.0,0.0,0,0,1
327086,59,601,9,51,False,3.0,1.0,50.0,1992.0,244.0,2236.0,745.3333333333334,16.666666666666668,0.10912343470483,1,1,0
327085,73,986,11,104,False,0.0,0.0,0.0,0.0,0.0,0.0,0.0,0.0,0.0,0,0,0
327084,28,4503,4,620,True,1.0,1.0,5.0,96.0,18.0,114.0,114.0,5.0,0.1578947368421052,1,1,0
327082,79,1964,10,252,False,2.0,1.0,2.0,30.0,2.0,32.0,16.0,1.0,0.0625,1,1,0
327081,53,237,5,32,False,0.0,0.0,0.0,0.0,0.0,0.0,0.0,0.0,0.0,0,0,0
327080,20,349,3,49,True,0.0,0.0,0.0,0.0,0.0,0.0,0.0,0.0,0.0,0,0,1
327079,53,1058,7,151,False,0.0,0.0,0.0,0.0,0.0,0.0,0.0,0.0,0.0,0,0,0
327075,45,999,7,127,False,1.0,1.0,6.0,42.0,33.0,75.0,75.0,6.0,0.44,1,1,0
327074,65,1391,11,182,False,3.0,1.0,8.0,96.0,29.0,125.0,41.66666666666666,2.6666666666666665,0.232,1,1,0
327072,81,2961,9,395,False,17.0,1.0,567.0,30024.0,8911.0,38935.0,2290.294117647059,33.35294117647059,0.2288686271991781,1,1,1
327071,51,786,6,104,False,3.0,1.0,135.0,4702.0,565.0,5267.0,1755.6666666666667,45.0,0.1072716916650844,1,1,1
327067,54,3933,8,369,False,2.0,1.0,5.0,40.0,17.0,57.0,28.5,2.5,0.2982456140350877,1,1,0
327065,31,1424,4,204,False,1.0,1.0,6.0,207.0,54.0,261.0,261.0,6.0,0.2068965517241379,1,1,0
327063,11,641,1,58,False,0.0,0.0,0.0,0.0,0.0,0.0,0.0,0.0,0.0,0,0,1
327058,41,1423,6,189,False,3.0,1.0,15.0,75.0,207.0,282.0,94.0,5.0,0.7340425531914894,1,1,0
327056,25,402,4,58,False,1.0,1.0,1.0,3.0,1.0,4.0,4.0,1.0,0.25,1,1,0
327054,33,1713,6,157,False,0.0,0.0,0.0,0.0,0.0,0.0,0.0,0.0,0.0,0,0,0
327052,69,2395,8,329,False,0.0,0.0,0.0,0.0,0.0,0.0,0.0,0.0,0.0,0,0,0
327051,35,1047,5,144,False,1.0,1.0,2.0,14.0,0.0,14.0,14.0,2.0,0.0,1,1,0
327050,30,425,5,58,False,4.0,1.0,6.0,37.0,12.0,49.0,12.25,1.5,0.2448979591836734,1,1,0
327049,40,1549,6,189,False,0.0,0.0,0.0,0.0,0.0,0.0,0.0,0.0,0.0,0,0,0
327047,30,618,5,64,False,1.0,1.0,2.0,14.0,1.0,15.0,15.0,2.0,0.0666666666666666,1,1,0
327046,55,55,8,2,False,2.0,1.0,302.0,11276.0,2401.0,13677.0,6838.5,151.0,0.1755501937559406,1,1,1
327044,37,55,5,2,False,2.0,1.0,302.0,11276.0,2401.0,13677.0,6838.5,151.0,0.1755501937559406,1,1,1
327043,80,11944,9,762,False,0.0,0.0,0.0,0.0,0.0,0.0,0.0,0.0,0.0,0,0,0
327042,70,2189,9,280,False,4.0,1.0,6.0,45.0,44.0,89.0,22.25,1.5,0.4943820224719101,1,1,0
327035,73,770,12,101,False,4.0,1.0,274.0,10999.0,1844.0,12843.0,3210.75,68.5,0.1435801603986607,1,1,1
327034,63,55,12,2,False,2.0,1.0,303.0,10776.0,3200.0,13976.0,6988.0,151.5,0.2289639381797367,1,1,1
327032,38,376,6,53,False,2.0,1.0,303.0,13237.0,18570.0,31807.0,15903.5,151.5,0.5838337472883327,1,1,1
327030,70,1335,9,189,False,1.0,1.0,4.0,52.0,10.0,62.0,62.0,4.0,0.1612903225806451,1,1,0
327027,34,366,6,59,False,1.0,1.0,9.0,73.0,66.0,139.0,139.0,9.0,0.4748201438848921,1,1,0
327025,67,1106,10,159,False,1.0,1.0,1.0,1.0,8.0,9.0,9.0,1.0,0.8888888888888888,1,1,0
327022,71,1712,13,266,False,1.0,1.0,2.0,2.0,2.0,4.0,4.0,2.0,0.5,1,1,0
327017,49,414,6,50,False,0.0,0.0,0.0,0.0,0.0,0.0,0.0,0.0,0.0,0,0,0
327015,47,1334,8,179,False,1.0,1.0,5.0,63.0,4.0,67.0,67.0,5.0,0.0597014925373134,1,1,0
327011,55,2233,8,283,False,1.0,1.0,2.0,111.0,11.0,122.0,122.0,2.0,0.0901639344262295,1,1,0
327007,78,1279,10,153,False,2.0,1.0,9.0,304.0,102.0,406.0,203.0,4.5,0.2512315270935961,1,1,0
327006,55,55,7,2,False,0.0,0.0,0.0,0.0,0.0,0.0,0.0,0.0,0.0,0,0,0
327005,76,6486,11,797,False,1.0,1.0,1.0,10.0,6.0,16.0,16.0,1.0,0.375,1,1,0
326996,31,343,5,49,False,2.0,1.0,302.0,10598.0,3187.0,13785.0,6892.5,151.0,0.2311933260790714,1,1,1
326995,99,6972,12,723,False,0.0,0.0,0.0,0.0,0.0,0.0,0.0,0.0,0.0,0,0,1
326992,54,101,9,14,False,0.0,0.0,0.0,0.0,0.0,0.0,0.0,0.0,0.0,0,0,0
326991,86,409,13,53,False,1.0,1.0,1.0,3.0,2.0,5.0,5.0,1.0,0.4,1,1,0
326990,65,2490,10,326,True,0.0,0.0,0.0,0.0,0.0,0.0,0.0,0.0,0.0,0,0,0
326986,74,227,12,28,False,0.0,0.0,0.0,0.0,0.0,0.0,0.0,0.0,0.0,0,0,0
326984,34,1036,5,164,False,1.0,1.0,300.0,10597.0,3190.0,13787.0,13787.0,300.0,0.231377384492638,1,1,1
326983,67,692,8,102,False,2.0,1.0,2.0,83.0,0.0,83.0,41.5,1.0,0.0,1,1,0
326982,58,2993,8,380,False,4.0,1.0,6.0,202.0,42.0,244.0,61.0,1.5,0.1721311475409836,1,1,0
326980,76,3491,10,457,True,0.0,0.0,0.0,0.0,0.0,0.0,0.0,0.0,0.0,0,0,0
326979,72,2662,11,313,False,2.0,1.0,10.0,471.0,95.0,566.0,283.0,5.0,0.1678445229681978,1,1,0
326977,48,57,7,2,False,0.0,0.0,0.0,0.0,0.0,0.0,0.0,0.0,0.0,0,0,0
326976,29,92,3,12,False,0.0,0.0,0.0,0.0,0.0,0.0,0.0,0.0,0.0,0,0,0
326974,67,2749,10,344,False,2.0,1.0,8.0,171.0,54.0,225.0,112.5,4.0,0.24,1,1,0
326973,38,343,6,49,False,0.0,0.0,0.0,0.0,0.0,0.0,0.0,0.0,0.0,0,0,0
326971,76,1473,11,197,False,0.0,0.0,0.0,0.0,0.0,0.0,0.0,0.0,0.0,0,0,0
326970,60,2166,10,352,False,0.0,0.0,0.0,0.0,0.0,0.0,0.0,0.0,0.0,0,0,0
326965,36,2957,4,393,False,7.0,1.0,100.0,2508.0,2059.0,4567.0,652.4285714285714,14.285714285714286,0.4508430041602803,1,1,1
326961,77,2492,11,333,False,4.0,1.0,3.0,32.0,15.0,47.0,11.75,0.75,0.3191489361702128,1,1,0
326958,49,685,6,100,False,1.0,1.0,4.0,20.0,9.0,29.0,29.0,4.0,0.3103448275862069,1,1,0
326957,69,3061,10,443,False,1.0,1.0,2.0,4.0,4.0,8.0,8.0,2.0,0.5,1,1,1
326954,47,1041,7,135,False,1.0,1.0,2.0,63.0,21.0,84.0,84.0,2.0,0.25,1,1,0
326950,81,288,12,43,False,0.0,0.0,0.0,0.0,0.0,0.0,0.0,0.0,0.0,0,0,0
326948,73,3850,10,286,False,1.0,1.0,19.0,732.0,273.0,1005.0,1005.0,19.0,0.2716417910447761,1,1,0
326938,66,5905,10,861,False,2.0,1.0,5.0,61.0,54.0,115.0,57.5,2.5,0.4695652173913043,1,1,0
326937,61,347,9,42,False,2.0,1.0,1.0,2.0,2.0,4.0,2.0,0.5,0.5,1,1,0
326936,63,1223,12,173,False,1.0,1.0,3.0,94.0,4.0,98.0,98.0,3.0,0.0408163265306122,1,1,1
326934,39,644,5,51,False,0.0,0.0,0.0,0.0,0.0,0.0,0.0,0.0,0.0,0,0,0
326933,48,649,5,53,False,1.0,1.0,1.0,47.0,2.0,49.0,49.0,1.0,0.0408163265306122,1,1,1
326931,46,700,5,63,False,1.0,1.0,7.0,119.0,16.0,135.0,135.0,7.0,0.1185185185185185,1,1,1
326930,42,659,5,54,False,1.0,1.0,1.0,20.0,0.0,20.0,20.0,1.0,0.0,1,1,0
326928,75,1081,11,127,False,1.0,1.0,1.0,30.0,0.0,30.0,30.0,1.0,0.0,1,1,0
326927,66,895,8,121,False,0.0,0.0,0.0,0.0,0.0,0.0,0.0,0.0,0.0,0,0,0
326924,4,349,1,49,False,0.0,0.0,0.0,0.0,0.0,0.0,0.0,0.0,0.0,0,0,0
326923,32,349,5,49,True,0.0,0.0,0.0,0.0,0.0,0.0,0.0,0.0,0.0,0,0,0
326922,60,2683,9,210,False,1.0,1.0,130.0,6921.0,16458.0,23379.0,23379.0,130.0,0.703965096881817,1,1,1
326921,74,2000,13,269,False,0.0,0.0,0.0,0.0,0.0,0.0,0.0,0.0,0.0,0,0,0
326917,54,1111,8,162,False,0.0,0.0,0.0,0.0,0.0,0.0,0.0,0.0,0.0,0,0,1
326916,28,477,5,69,False,15.0,1.0,102.0,3247.0,753.0,4000.0,266.6666666666667,6.8,0.18825,1,1,0
326915,34,0,5,0,False,0.0,0.0,0.0,0.0,0.0,0.0,0.0,0.0,0.0,0,0,0
326908,44,742,7,64,False,12.0,1.0,36.0,666.0,202.0,868.0,72.33333333333333,3.0,0.2327188940092165,1,1,0
326907,33,166,6,13,False,0.0,0.0,0.0,0.0,0.0,0.0,0.0,0.0,0.0,0,0,0
326903,20,349,4,49,False,2.0,2.0,170.0,5856.0,1895.0,7751.0,3875.5,85.0,0.2444845826344987,1,1,1
326902,39,803,5,105,False,2.0,1.0,2.0,3.0,2.0,5.0,2.5,1.0,0.4,1,1,1
326901,82,7960,9,926,True,5.0,2.0,103.0,5935.0,2467.0,8402.0,1680.4,20.6,0.2936205665317781,1,1,1
326899,68,1706,11,250,False,2.0,1.0,179.0,8636.0,15411.0,24047.0,12023.5,89.5,0.6408699629891462,1,1,1
326898,69,3508,9,278,False,0.0,0.0,0.0,0.0,0.0,0.0,0.0,0.0,0.0,0,0,0
326897,30,394,5,56,True,0.0,0.0,0.0,0.0,0.0,0.0,0.0,0.0,0.0,0,0,0
326894,58,343,8,49,False,5.0,1.0,84.0,2921.0,2123.0,5044.0,1008.8,16.8,0.4208961141950832,1,1,1
326892,51,127,5,20,False,1.0,1.0,1.0,1.0,1.0,2.0,2.0,1.0,0.5,1,1,0
326890,51,594,5,53,False,0.0,0.0,0.0,0.0,0.0,0.0,0.0,0.0,0.0,0,0,0
326889,52,853,7,115,False,1.0,1.0,2.0,53.0,9.0,62.0,62.0,2.0,0.1451612903225806,1,1,0
326888,34,1331,5,182,False,3.0,1.0,130.0,6512.0,1850.0,8362.0,2787.333333333333,43.333333333333336,0.2212389380530973,1,1,1
326885,35,996,5,137,False,1.0,1.0,1.0,1.0,2.0,3.0,3.0,1.0,0.6666666666666666,1,1,1
326884,46,1352,7,113,False,1.0,1.0,1.0,3.0,3.0,6.0,6.0,1.0,0.5,1,1,0
326883,52,2217,7,107,False,1.0,1.0,1.0,3.0,3.0,6.0,6.0,1.0,0.5,1,1,0
326882,59,11944,9,762,False,0.0,0.0,0.0,0.0,0.0,0.0,0.0,0.0,0.0,0,0,0
326881,45,559,6,63,False,1.0,1.0,2.0,93.0,4.0,97.0,97.0,2.0,0.0412371134020618,1,1,0
326880,68,2075,10,279,False,1.0,1.0,1.0,3.0,9.0,12.0,12.0,1.0,0.75,1,1,0
326876,33,1096,6,118,False,0.0,0.0,0.0,0.0,0.0,0.0,0.0,0.0,0.0,0,0,1
326874,48,517,7,74,True,0.0,0.0,0.0,0.0,0.0,0.0,0.0,0.0,0.0,0,0,0
326873,51,281,9,36,False,1.0,1.0,35.0,622.0,279.0,901.0,901.0,35.0,0.3096559378468368,1,1,0
326872,77,406,7,53,True,0.0,0.0,0.0,0.0,0.0,0.0,0.0,0.0,0.0,0,0,0
326871,72,343,11,49,False,2.0,1.0,2.0,7.0,5.0,12.0,6.0,1.0,0.4166666666666667,1,1,0
326868,37,1376,5,194,False,1.0,1.0,3.0,37.0,7.0,44.0,44.0,3.0,0.1590909090909091,1,1,0
326867,56,466,9,69,False,2.0,1.0,17.0,340.0,116.0,456.0,228.0,8.5,0.2543859649122807,1,1,0
326866,71,1014,10,134,False,0.0,0.0,0.0,0.0,0.0,0.0,0.0,0.0,0.0,0,0,0
326865,59,343,7,49,False,2.0,1.0,17.0,318.0,110.0,428.0,214.0,8.5,0.2570093457943925,1,1,0
326864,58,57,10,3,False,4.0,1.0,54.0,999.0,407.0,1406.0,351.5,13.5,0.2894736842105263,1,1,0
326863,50,5508,5,650,True,0.0,0.0,0.0,0.0,0.0,0.0,0.0,0.0,0.0,0,0,0
326862,21,343,2,49,False,2.0,1.0,51.0,864.0,373.0,1237.0,618.5,25.5,0.301535974130962,1,1,1
326861,59,900,8,125,False,2.0,1.0,6.0,111.0,74.0,185.0,92.5,3.0,0.4,1,1,0
326860,47,889,8,110,False,5.0,1.0,50.0,914.0,344.0,1258.0,251.6,10.0,0.273449920508744,1,1,0
326859,62,1669,8,214,False,6.0,2.0,52.0,1040.0,376.0,1416.0,236.0,8.666666666666666,0.2655367231638418,1,1,0
326858,48,1409,8,187,True,0.0,0.0,0.0,0.0,0.0,0.0,0.0,0.0,0.0,0,0,0
326856,49,927,7,120,False,3.0,1.0,7.0,14.0,14.0,28.0,9.333333333333334,2.333333333333333,0.5,1,1,0
326855,53,1077,7,136,False,2.0,1.0,3.0,17.0,2.0,19.0,9.5,1.5,0.1052631578947368,1,1,0
326854,48,1293,8,169,True,1.0,1.0,3.0,40.0,3.0,43.0,43.0,3.0,0.0697674418604651,1,1,0
326853,34,1315,5,168,False,1.0,1.0,2.0,6.0,2.0,8.0,8.0,2.0,0.25,1,1,1
326851,39,860,6,110,True,1.0,1.0,1.0,12.0,9.0,21.0,21.0,1.0,0.4285714285714285,1,1,0
326850,44,1138,7,152,False,2.0,2.0,90.0,3060.0,2200.0,5260.0,2630.0,45.0,0.4182509505703422,1,1,1
326849,42,1640,7,213,False,6.0,2.0,52.0,941.0,371.0,1312.0,218.66666666666663,8.666666666666666,0.2827743902439024,1,1,0
326848,46,693,6,99,False,1.0,1.0,88.0,6244.0,1780.0,8024.0,8024.0,88.0,0.2218344965104686,1,1,1
326847,74,1940,9,240,False,9.0,1.0,380.0,23791.0,5799.0,29590.0,3287.777777777778,42.22222222222222,0.1959783710713078,1,1,1
326846,47,1153,7,155,False,1.0,1.0,2.0,13.0,1.0,14.0,14.0,2.0,0.0714285714285714,1,1,0
326845,58,1142,9,148,False,2.0,1.0,1.0,8.0,25.0,33.0,16.5,0.5,0.7575757575757576,1,1,0
326844,52,1023,7,126,False,1.0,1.0,1.0,5.0,0.0,5.0,5.0,1.0,0.0,1,1,1
326843,60,1607,8,209,False,1.0,1.0,1.0,2.0,11.0,13.0,13.0,1.0,0.8461538461538461,1,1,0
326842,99,1452,12,190,False,3.0,1.0,20.0,439.0,182.0,621.0,207.0,6.666666666666667,0.2930756843800322,1,1,0
326841,63,1101,7,124,False,2.0,1.0,5.0,30.0,24.0,54.0,27.0,2.5,0.4444444444444444,1,1,0
326840,38,1112,6,147,False,1.0,1.0,229.0,11069.0,16587.0,27656.0,27656.0,229.0,0.5997613537749493,1,1,1
326839,58,4792,8,640,False,7.0,1.0,40.0,2133.0,289.0,2422.0,346.0,5.714285714285714,0.1193228736581337,1,1,1
326837,67,457,8,50,False,1.0,1.0,1.0,1.0,1.0,2.0,2.0,1.0,0.5,1,1,0
326836,84,1135,11,157,False,1.0,1.0,1.0,23.0,11.0,34.0,34.0,1.0,0.3235294117647059,1,1,0
326830,69,5125,10,628,False,0.0,0.0,0.0,0.0,0.0,0.0,0.0,0.0,0.0,0,0,0
326829,48,2439,5,333,False,5.0,1.0,42.0,2246.0,213.0,2459.0,491.8,8.4,0.0866205774705164,1,1,0
326827,66,4811,10,564,False,1.0,1.0,1.0,1.0,1.0,2.0,2.0,1.0,0.5,1,1,1
326822,91,7573,11,904,False,1.0,1.0,1.0,2.0,2.0,4.0,4.0,1.0,0.5,1,1,0
326820,79,4981,11,621,False,0.0,0.0,0.0,0.0,0.0,0.0,0.0,0.0,0.0,0,0,0
326814,80,404,13,71,False,2.0,1.0,194.0,8691.0,2358.0,11049.0,5524.5,97.0,0.213412978550095,1,1,1
326813,74,343,13,49,False,0.0,0.0,0.0,0.0,0.0,0.0,0.0,0.0,0.0,0,0,0
326807,63,2729,8,355,False,2.0,1.0,3.0,22.0,17.0,39.0,19.5,1.5,0.4358974358974359,1,1,0
326806,68,343,8,49,False,2.0,1.0,1.0,22.0,11.0,33.0,16.5,0.5,0.3333333333333333,1,1,0
326802,33,60,5,8,False,0.0,0.0,0.0,0.0,0.0,0.0,0.0,0.0,0.0,0,0,0
326798,24,0,5,0,False,2.0,1.0,4.0,79.0,62.0,141.0,70.5,2.0,0.4397163120567376,1,1,0
326785,63,904,11,119,False,1.0,1.0,1.0,1.0,1.0,2.0,2.0,1.0,0.5,1,1,1
326780,54,55,9,2,False,0.0,0.0,0.0,0.0,0.0,0.0,0.0,0.0,0.0,0,0,0
326778,27,212,4,25,False,0.0,0.0,0.0,0.0,0.0,0.0,0.0,0.0,0.0,0,0,0
326776,27,68,3,2,False,1.0,1.0,1.0,1.0,1.0,2.0,2.0,1.0,0.5,1,1,0
326772,28,1468,4,113,False,0.0,0.0,0.0,0.0,0.0,0.0,0.0,0.0,0.0,0,0,0
326769,24,366,4,54,False,0.0,0.0,0.0,0.0,0.0,0.0,0.0,0.0,0.0,0,0,0
326768,41,1219,6,154,False,3.0,1.0,303.0,19217.0,3979.0,23196.0,7732.0,101.0,0.1715381962407311,1,1,1
326767,49,740,8,108,False,0.0,0.0,0.0,0.0,0.0,0.0,0.0,0.0,0.0,0,0,0
326764,64,361,8,50,False,0.0,0.0,0.0,0.0,0.0,0.0,0.0,0.0,0.0,0,0,0
326763,48,1035,7,130,False,0.0,0.0,0.0,0.0,0.0,0.0,0.0,0.0,0.0,0,0,0
326760,27,103,4,3,False,0.0,0.0,0.0,0.0,0.0,0.0,0.0,0.0,0.0,0,0,0
326759,47,3305,7,279,False,0.0,0.0,0.0,0.0,0.0,0.0,0.0,0.0,0.0,0,0,0
326757,101,355,12,51,True,3.0,1.0,2.0,21.0,15.0,36.0,12.0,0.6666666666666666,0.4166666666666667,1,1,0
326755,61,10575,9,663,False,0.0,0.0,0.0,0.0,0.0,0.0,0.0,0.0,0.0,0,0,0
326753,51,55,9,2,False,0.0,0.0,0.0,0.0,0.0,0.0,0.0,0.0,0.0,0,0,0
326752,116,397,13,51,True,0.0,0.0,0.0,0.0,0.0,0.0,0.0,0.0,0.0,0,0,0
326750,67,811,11,87,False,1.0,1.0,1.0,100.0,5.0,105.0,105.0,1.0,0.0476190476190476,1,1,0
326748,50,315,7,45,False,1.0,1.0,3.0,320.0,0.0,320.0,320.0,3.0,0.0,1,1,0
326747,70,1529,12,207,False,1.0,1.0,1.0,2.0,2.0,4.0,4.0,1.0,0.5,1,1,0
326746,55,733,8,111,False,1.0,1.0,1.0,1.0,1.0,2.0,2.0,1.0,0.5,1,1,0
326745,65,10575,9,663,False,0.0,0.0,0.0,0.0,0.0,0.0,0.0,0.0,0.0,0,0,0
326744,71,23139,8,1152,False,2.0,2.0,35.0,3494.0,831.0,4325.0,2162.5,17.5,0.1921387283236994,1,1,0
326743,62,15487,9,934,False,0.0,0.0,0.0,0.0,0.0,0.0,0.0,0.0,0.0,0,0,0
326742,54,3009,9,268,False,0.0,0.0,0.0,0.0,0.0,0.0,0.0,0.0,0.0,0,0,0
326741,66,5490,8,642,False,0.0,0.0,0.0,0.0,0.0,0.0,0.0,0.0,0.0,0,0,0
326739,44,2433,8,373,False,1.0,1.0,6.0,205.0,44.0,249.0,249.0,6.0,0.1767068273092369,1,1,0
326736,46,543,6,75,False,0.0,0.0,0.0,0.0,0.0,0.0,0.0,0.0,0.0,0,0,0
326735,47,683,6,78,False,0.0,0.0,0.0,0.0,0.0,0.0,0.0,0.0,0.0,0,0,0
326734,50,868,7,121,False,0.0,0.0,0.0,0.0,0.0,0.0,0.0,0.0,0.0,0,0,0
326733,39,563,6,58,False,0.0,0.0,0.0,0.0,0.0,0.0,0.0,0.0,0.0,0,0,0
326731,60,143,8,22,False,0.0,0.0,0.0,0.0,0.0,0.0,0.0,0.0,0.0,0,0,0
326729,59,685,8,83,False,0.0,0.0,0.0,0.0,0.0,0.0,0.0,0.0,0.0,0,0,0
326722,55,1011,7,148,False,1.0,1.0,1.0,1.0,4.0,5.0,5.0,1.0,0.8,1,1,0
326720,37,994,4,144,False,5.0,1.0,107.0,211.0,414.0,625.0,125.0,21.4,0.6624,1,1,0
326718,63,1200,9,157,False,0.0,0.0,0.0,0.0,0.0,0.0,0.0,0.0,0.0,0,0,0
326716,59,1639,7,201,False,0.0,0.0,0.0,0.0,0.0,0.0,0.0,0.0,0.0,0,0,0
326711,47,808,6,110,False,1.0,1.0,4.0,48.0,7.0,55.0,55.0,4.0,0.1272727272727272,1,1,0
326709,62,2048,9,236,False,4.0,1.0,10.0,213.0,114.0,327.0,81.75,2.5,0.3486238532110092,1,1,0
326708,62,1943,9,235,True,0.0,0.0,0.0,0.0,0.0,0.0,0.0,0.0,0.0,0,0,0
326707,56,960,10,139,False,0.0,0.0,0.0,0.0,0.0,0.0,0.0,0.0,0.0,0,0,0
326706,68,3085,8,443,False,5.0,1.0,2.0,49.0,19.0,68.0,13.6,0.4,0.2794117647058823,1,1,0
326704,26,349,3,49,False,6.0,2.0,6.0,22.0,8.0,30.0,5.0,1.0,0.2666666666666666,1,1,0
326703,34,998,6,125,False,1.0,1.0,2.0,33.0,4.0,37.0,37.0,2.0,0.1081081081081081,1,1,0
326699,28,343,3,49,False,0.0,0.0,0.0,0.0,0.0,0.0,0.0,0.0,0.0,0,0,0
326698,36,5112,4,693,False,0.0,0.0,0.0,0.0,0.0,0.0,0.0,0.0,0.0,0,0,0
326697,54,1653,8,187,False,5.0,2.0,45.0,2990.0,1824.0,4814.0,962.8,9.0,0.3788948899044453,1,1,1
326696,69,1761,10,227,False,4.0,1.0,42.0,1929.0,360.0,2289.0,572.25,10.5,0.1572739187418086,1,1,1
326691,32,17413,6,1222,False,0.0,0.0,0.0,0.0,0.0,0.0,0.0,0.0,0.0,0,0,0
326686,45,1602,6,196,False,2.0,1.0,2.0,32.0,16.0,48.0,24.0,1.0,0.3333333333333333,1,1,0
326685,38,1467,6,205,False,1.0,1.0,2.0,145.0,4.0,149.0,149.0,2.0,0.0268456375838926,1,1,0
326683,27,397,5,51,False,0.0,0.0,0.0,0.0,0.0,0.0,0.0,0.0,0.0,0,0,0
326682,80,68,11,7,False,0.0,0.0,0.0,0.0,0.0,0.0,0.0,0.0,0.0,0,0,0
326678,67,1798,9,199,False,2.0,1.0,25.0,244.0,102.0,346.0,173.0,12.5,0.2947976878612717,1,1,0
326677,65,418,12,68,True,1.0,1.0,1.0,2.0,0.0,2.0,2.0,1.0,0.0,1,1,0
326675,66,31,10,2,False,0.0,0.0,0.0,0.0,0.0,0.0,0.0,0.0,0.0,0,0,0
326673,52,1204,7,167,False,5.0,2.0,54.0,2403.0,1842.0,4245.0,849.0,10.8,0.4339222614840989,1,1,0
326669,49,55,8,2,False,1.0,1.0,7.0,54.0,19.0,73.0,73.0,7.0,0.2602739726027397,1,1,0
326668,38,637,5,83,False,2.0,1.0,188.0,7029.0,3296.0,10325.0,5162.5,94.0,0.3192251815980629,1,1,1
326666,42,630,5,95,False,0.0,0.0,0.0,0.0,0.0,0.0,0.0,0.0,0.0,0,0,1
326665,89,1596,13,199,False,2.0,1.0,1.0,24.0,3.0,27.0,13.5,0.5,0.1111111111111111,1,1,0
326661,3,349,1,49,False,0.0,0.0,0.0,0.0,0.0,0.0,0.0,0.0,0.0,0,0,1
326660,52,539,8,67,False,0.0,0.0,0.0,0.0,0.0,0.0,0.0,0.0,0.0,0,0,0
326652,97,7725,14,954,False,1.0,1.0,1.0,1.0,1.0,2.0,2.0,1.0,0.5,1,1,0
326651,78,6166,11,646,False,0.0,0.0,0.0,0.0,0.0,0.0,0.0,0.0,0.0,0,0,0
326650,73,7404,11,860,False,1.0,1.0,1.0,1.0,1.0,2.0,2.0,1.0,0.5,1,1,0
326649,62,4402,10,553,False,0.0,0.0,0.0,0.0,0.0,0.0,0.0,0.0,0.0,0,0,0
326648,36,0,7,0,False,1.0,1.0,1.0,1.0,1.0,2.0,2.0,1.0,0.5,1,1,0
326642,36,887,5,127,False,0.0,0.0,0.0,0.0,0.0,0.0,0.0,0.0,0.0,0,0,0
326641,43,788,5,103,False,0.0,0.0,0.0,0.0,0.0,0.0,0.0,0.0,0.0,0,0,0
326638,95,7291,13,844,False,1.0,1.0,1.0,6.0,4.0,10.0,10.0,1.0,0.4,1,1,0
326637,104,6279,12,715,False,2.0,1.0,2.0,21.0,7.0,28.0,14.0,1.0,0.25,1,1,0
326635,69,6033,11,683,False,1.0,1.0,1.0,2.0,2.0,4.0,4.0,1.0,0.5,1,1,0
326627,45,499,6,58,False,1.0,1.0,3.0,15.0,12.0,27.0,27.0,3.0,0.4444444444444444,1,1,0
326626,52,5453,7,637,False,5.0,1.0,7.0,222.0,75.0,297.0,59.4,1.4,0.2525252525252525,1,1,0
326621,38,54,5,5,True,5.0,1.0,5.0,0.0,0.0,0.0,0.0,1.0,0.0,1,1,0
326620,81,2037,11,249,True,0.0,0.0,0.0,0.0,0.0,0.0,0.0,0.0,0.0,0,0,0
326617,46,168,8,23,False,0.0,0.0,0.0,0.0,0.0,0.0,0.0,0.0,0.0,0,0,0
326616,46,192,8,29,False,0.0,0.0,0.0,0.0,0.0,0.0,0.0,0.0,0.0,0,0,0
326611,29,690,5,97,False,2.0,2.0,58.0,2163.0,1816.0,3979.0,1989.5,29.0,0.4563960794169389,1,1,0
326600,74,1428,11,191,False,4.0,1.0,62.0,2040.0,1774.0,3814.0,953.5,15.5,0.4651284740429994,1,1,0
326594,45,854,8,122,True,1.0,1.0,4.0,8.0,2.0,10.0,10.0,4.0,0.2,1,1,0
326570,46,1983,7,142,False,1.0,1.0,1.0,0.0,4.0,4.0,4.0,1.0,1.0,1,1,0
326569,45,281,6,19,False,1.0,1.0,2.0,118.0,10.0,128.0,128.0,2.0,0.078125,1,1,0
326568,23,322,4,27,False,0.0,0.0,0.0,0.0,0.0,0.0,0.0,0.0,0.0,0,0,0
326561,77,2171,11,294,True,3.0,1.0,2.0,75.0,52.0,127.0,42.333333333333336,0.6666666666666666,0.4094488188976378,1,1,0
326558,73,2147,9,293,True,0.0,0.0,0.0,0.0,0.0,0.0,0.0,0.0,0.0,0,0,0
326557,58,2214,8,282,False,1.0,1.0,153.0,3028.0,2740.0,5768.0,5768.0,153.0,0.4750346740638003,1,1,1
326552,65,2447,10,329,True,0.0,0.0,0.0,0.0,0.0,0.0,0.0,0.0,0.0,0,0,0
326545,57,2092,8,282,False,4.0,1.0,166.0,14812.0,2630.0,17442.0,4360.5,41.5,0.1507854603829836,1,1,1
326542,49,1397,8,117,False,2.0,1.0,14.0,327.0,518.0,845.0,422.5,7.0,0.6130177514792899,1,1,0
326537,72,3256,11,477,False,2.0,1.0,4.0,154.0,50.0,204.0,102.0,2.0,0.2450980392156862,1,1,0
326535,58,1267,9,162,False,1.0,1.0,1.0,3.0,3.0,6.0,6.0,1.0,0.5,1,1,0
326534,48,1898,7,268,False,1.0,1.0,1.0,1.0,3.0,4.0,4.0,1.0,0.75,1,1,0
326531,39,655,5,95,False,3.0,1.0,73.0,580.0,575.0,1155.0,385.0,24.33333333333333,0.4978354978354978,1,1,1
326516,61,775,7,70,False,1.0,1.0,5.0,75.0,22.0,97.0,97.0,5.0,0.2268041237113402,1,1,1
326507,58,1103,7,152,True,0.0,0.0,0.0,0.0,0.0,0.0,0.0,0.0,0.0,0,0,0
326504,21,0,4,0,False,1.0,1.0,300.0,30473.0,3999.0,34472.0,34472.0,300.0,0.1160071942446043,1,1,1
326502,33,54,5,2,False,0.0,0.0,0.0,0.0,0.0,0.0,0.0,0.0,0.0,0,0,0
326497,58,2223,8,263,False,1.0,1.0,1.0,2.0,5.0,7.0,7.0,1.0,0.7142857142857143,1,1,0
326496,56,1396,7,176,False,1.0,1.0,1.0,1.0,1.0,2.0,2.0,1.0,0.5,1,1,0
326493,57,2298,9,305,False,3.0,1.0,30.0,313.0,1648.0,1961.0,653.6666666666666,10.0,0.8403875573686894,1,1,1
326482,56,956,9,139,False,2.0,1.0,46.0,993.0,221.0,1214.0,607.0,23.0,0.1820428336079077,1,1,0
326480,60,910,12,146,False,2.0,1.0,28.0,915.0,268.0,1183.0,591.5,14.0,0.2265426880811496,1,1,1
326472,61,2151,10,319,False,2.0,1.0,4.0,94.0,50.0,144.0,72.0,2.0,0.3472222222222222,1,1,0
326468,62,1917,12,294,False,0.0,0.0,0.0,0.0,0.0,0.0,0.0,0.0,0.0,0,0,0
326461,49,1108,6,163,False,1.0,1.0,1.0,88.0,1.0,89.0,89.0,1.0,0.0112359550561797,1,1,0
326458,49,578,7,66,False,0.0,0.0,0.0,0.0,0.0,0.0,0.0,0.0,0.0,0,0,0
326455,44,570,6,86,False,4.0,1.0,38.0,1693.0,409.0,2102.0,525.5,9.5,0.1945765937202664,1,1,0
326454,51,714,9,107,False,1.0,1.0,2.0,53.0,11.0,64.0,64.0,2.0,0.171875,1,1,0
326453,62,816,8,101,False,0.0,0.0,0.0,0.0,0.0,0.0,0.0,0.0,0.0,0,0,0
326451,58,667,11,111,False,0.0,0.0,0.0,0.0,0.0,0.0,0.0,0.0,0.0,0,0,0
326447,49,410,7,68,False,1.0,1.0,2.0,24.0,15.0,39.0,39.0,2.0,0.3846153846153846,1,1,1
326444,58,2543,9,371,False,1.0,1.0,3.0,16.0,22.0,38.0,38.0,3.0,0.5789473684210527,1,1,0
326438,56,11,7,2,False,0.0,0.0,0.0,0.0,0.0,0.0,0.0,0.0,0.0,0,0,0
326432,57,1133,9,120,True,0.0,0.0,0.0,0.0,0.0,0.0,0.0,0.0,0.0,0,0,0
326431,63,1032,12,174,False,4.0,1.0,123.0,4362.0,957.0,5319.0,1329.75,30.75,0.1799210377890581,1,1,1
326430,57,9216,9,910,True,3.0,1.0,16.0,193.0,104.0,297.0,99.0,5.333333333333333,0.3501683501683502,1,1,0
326427,54,467,7,48,False,0.0,0.0,0.0,0.0,0.0,0.0,0.0,0.0,0.0,0,0,0
326424,53,830,7,110,False,0.0,0.0,0.0,0.0,0.0,0.0,0.0,0.0,0.0,0,0,0
326420,56,1281,8,168,False,0.0,0.0,0.0,0.0,0.0,0.0,0.0,0.0,0.0,0,0,1
326419,57,2682,8,391,False,0.0,0.0,0.0,0.0,0.0,0.0,0.0,0.0,0.0,0,0,0
326415,41,1377,7,156,False,5.0,1.0,71.0,2549.0,521.0,3070.0,614.0,14.2,0.1697068403908794,1,1,0
326414,49,1453,6,172,False,7.0,1.0,77.0,3267.0,660.0,3927.0,561.0,11.0,0.1680672268907563,1,1,1
326412,47,480,7,68,False,1.0,1.0,5.0,118.0,18.0,136.0,136.0,5.0,0.1323529411764706,1,1,0
326411,32,349,5,49,False,0.0,0.0,0.0,0.0,0.0,0.0,0.0,0.0,0.0,0,0,0
326410,40,421,6,58,True,2.0,1.0,10.0,149.0,41.0,190.0,95.0,5.0,0.2157894736842105,1,1,0
326409,50,349,8,49,False,1.0,1.0,2.0,60.0,5.0,65.0,65.0,2.0,0.0769230769230769,1,1,0
326407,37,604,5,84,False,1.0,1.0,1.0,11.0,0.0,11.0,11.0,1.0,0.0,1,1,0
326406,40,523,6,71,False,2.0,1.0,301.0,40928.0,13448.0,54376.0,27188.0,150.5,0.2473149919081947,1,1,1
326405,68,5890,9,893,False,4.0,1.0,7.0,373.0,128.0,501.0,125.25,1.75,0.2554890219560878,1,1,1
326403,51,4556,6,666,True,0.0,0.0,0.0,0.0,0.0,0.0,0.0,0.0,0.0,0,0,1
326401,64,1489,9,216,False,1.0,1.0,6.0,48.0,17.0,65.0,65.0,6.0,0.2615384615384615,1,1,0
326400,87,2227,9,276,False,5.0,1.0,41.0,2483.0,554.0,3037.0,607.4,8.2,0.1824168587421797,1,1,0
326399,37,541,6,64,False,2.0,1.0,3.0,128.0,25.0,153.0,76.5,1.5,0.1633986928104575,1,1,0
326398,74,1617,9,193,False,8.0,1.0,49.0,1767.0,562.0,2329.0,291.125,6.125,0.2413052812365822,1,1,0
326397,72,3344,12,472,False,0.0,0.0,0.0,0.0,0.0,0.0,0.0,0.0,0.0,0,0,0
326396,72,1814,11,239,False,0.0,0.0,0.0,0.0,0.0,0.0,0.0,0.0,0.0,0,0,0
326394,28,257,4,29,True,0.0,0.0,0.0,0.0,0.0,0.0,0.0,0.0,0.0,0,0,1
326390,67,2890,9,375,False,3.0,1.0,6.0,153.0,212.0,365.0,121.66666666666669,2.0,0.5808219178082191,1,1,0
326386,47,1466,6,189,False,1.0,1.0,3.0,60.0,16.0,76.0,76.0,3.0,0.2105263157894736,1,1,0
326384,62,2393,10,299,False,2.0,1.0,5.0,178.0,52.0,230.0,115.0,2.5,0.2260869565217391,1,1,0
326383,62,720,8,100,False,3.0,2.0,125.0,5294.0,1824.0,7118.0,2372.6666666666665,41.66666666666666,0.2562517561112672,1,1,1
326382,51,343,8,49,False,2.0,1.0,61.0,1861.0,1143.0,3004.0,1502.0,30.5,0.3804926764314247,1,1,0
326379,48,323,8,40,False,2.0,1.0,10.0,139.0,42.0,181.0,90.5,5.0,0.2320441988950276,1,1,0
326378,74,2277,8,312,False,2.0,1.0,1.0,32.0,39.0,71.0,35.5,0.5,0.5492957746478874,1,1,0
326375,58,2680,8,385,False,5.0,1.0,1.0,15.0,11.0,26.0,5.2,0.2,0.4230769230769231,1,1,0
326374,37,392,6,56,False,0.0,0.0,0.0,0.0,0.0,0.0,0.0,0.0,0.0,0,0,0
326370,81,5717,11,698,False,0.0,0.0,0.0,0.0,0.0,0.0,0.0,0.0,0.0,0,0,0
326369,46,1981,7,292,False,2.0,1.0,2.0,85.0,25.0,110.0,55.0,1.0,0.2272727272727272,1,1,0
326367,44,72,9,6,False,0.0,0.0,0.0,0.0,0.0,0.0,0.0,0.0,0.0,0,0,0
326366,58,2115,10,281,False,0.0,0.0,0.0,0.0,0.0,0.0,0.0,0.0,0.0,0,0,0
326362,52,1241,6,151,False,5.0,2.0,97.0,4473.0,1697.0,6170.0,1234.0,19.4,0.2750405186385737,1,1,1
326360,73,6814,11,810,False,0.0,0.0,0.0,0.0,0.0,0.0,0.0,0.0,0.0,0,0,0
326357,77,6194,11,751,False,0.0,0.0,0.0,0.0,0.0,0.0,0.0,0.0,0.0,0,0,0
326354,52,2329,8,317,False,5.0,1.0,17.0,599.0,121.0,720.0,144.0,3.4,0.1680555555555555,1,1,0
326351,39,6772,5,770,False,2.0,1.0,32.0,773.0,227.0,1000.0,500.0,16.0,0.227,1,1,0
326350,57,1256,11,189,False,0.0,0.0,0.0,0.0,0.0,0.0,0.0,0.0,0.0,0,0,0
326342,32,122,4,5,True,0.0,0.0,0.0,0.0,0.0,0.0,0.0,0.0,0.0,0,0,0
326339,51,13,7,2,False,0.0,0.0,0.0,0.0,0.0,0.0,0.0,0.0,0.0,0,0,0
326337,41,343,4,49,False,0.0,0.0,0.0,0.0,0.0,0.0,0.0,0.0,0.0,0,0,0
326336,54,403,7,55,False,0.0,0.0,0.0,0.0,0.0,0.0,0.0,0.0,0.0,0,0,0
326334,44,2069,9,276,False,0.0,0.0,0.0,0.0,0.0,0.0,0.0,0.0,0.0,0,0,0
326333,39,11,5,2,False,7.0,1.0,395.0,27934.0,4631.0,32565.0,4652.142857142857,56.42857142857143,0.1422078919084907,1,1,1
326332,26,0,4,0,False,0.0,0.0,0.0,0.0,0.0,0.0,0.0,0.0,0.0,0,0,0
326326,46,343,8,49,False,0.0,0.0,0.0,0.0,0.0,0.0,0.0,0.0,0.0,0,0,0
326325,20,0,4,0,False,0.0,0.0,0.0,0.0,0.0,0.0,0.0,0.0,0.0,0,0,0
326323,57,829,7,110,False,1.0,1.0,2.0,25.0,3.0,28.0,28.0,2.0,0.1071428571428571,1,1,0
326315,42,1729,4,210,False,0.0,0.0,0.0,0.0,0.0,0.0,0.0,0.0,0.0,0,0,0
326311,25,0,4,0,False,0.0,0.0,0.0,0.0,0.0,0.0,0.0,0.0,0.0,0,0,0
326307,18,343,3,49,False,0.0,0.0,0.0,0.0,0.0,0.0,0.0,0.0,0.0,0,0,0
326306,86,343,12,49,False,1.0,1.0,1.0,4.0,1.0,5.0,5.0,1.0,0.2,1,1,0
326301,33,343,5,49,False,0.0,0.0,0.0,0.0,0.0,0.0,0.0,0.0,0.0,0,0,0
326295,55,1567,8,114,False,0.0,0.0,0.0,0.0,0.0,0.0,0.0,0.0,0.0,0,0,0
326291,63,1999,11,158,True,0.0,0.0,0.0,0.0,0.0,0.0,0.0,0.0,0.0,0,0,0
326290,60,838,8,104,False,2.0,1.0,5.0,46.0,13.0,59.0,29.5,2.5,0.2203389830508474,1,1,0
326288,68,349,11,49,False,0.0,0.0,0.0,0.0,0.0,0.0,0.0,0.0,0.0,0,0,0
326287,54,1445,9,195,False,0.0,0.0,0.0,0.0,0.0,0.0,0.0,0.0,0.0,0,0,0
326283,44,427,6,64,False,1.0,1.0,56.0,15812.0,572.0,16384.0,16384.0,56.0,0.034912109375,1,1,1
326282,72,1032,10,113,True,4.0,2.0,4.0,17.0,3.0,20.0,5.0,1.0,0.15,1,1,0
326281,44,441,6,68,True,0.0,0.0,0.0,0.0,0.0,0.0,0.0,0.0,0.0,0,0,0
326279,52,591,5,75,False,0.0,0.0,0.0,0.0,0.0,0.0,0.0,0.0,0.0,0,0,0
326278,74,140,10,9,True,0.0,0.0,0.0,0.0,0.0,0.0,0.0,0.0,0.0,0,0,0
326277,38,96,4,11,False,0.0,0.0,0.0,0.0,0.0,0.0,0.0,0.0,0.0,0,0,0
326275,58,2340,9,363,False,3.0,1.0,44.0,2312.0,137.0,2449.0,816.3333333333334,14.666666666666666,0.0559412004899959,1,1,1
326273,57,1133,9,120,False,0.0,0.0,0.0,0.0,0.0,0.0,0.0,0.0,0.0,0,0,0
326272,74,2482,10,361,False,0.0,0.0,0.0,0.0,0.0,0.0,0.0,0.0,0.0,0,0,0
326270,72,3849,7,533,True,0.0,0.0,0.0,0.0,0.0,0.0,0.0,0.0,0.0,0,0,0
326267,40,415,6,40,False,0.0,0.0,0.0,0.0,0.0,0.0,0.0,0.0,0.0,0,0,0
326265,70,2465,4,340,False,1.0,1.0,2.0,6.0,3.0,9.0,9.0,2.0,0.3333333333333333,1,1,0
326264,33,980,6,141,False,2.0,1.0,2.0,17.0,13.0,30.0,15.0,1.0,0.4333333333333333,1,1,0
326262,41,343,6,49,False,0.0,0.0,0.0,0.0,0.0,0.0,0.0,0.0,0.0,0,0,0
326261,50,349,10,49,False,1.0,1.0,1.0,4.0,1.0,5.0,5.0,1.0,0.2,1,1,0
326256,60,2529,11,298,True,1.0,1.0,4.0,14.0,28.0,42.0,42.0,4.0,0.6666666666666666,1,1,0
326255,36,221,4,25,False,0.0,0.0,0.0,0.0,0.0,0.0,0.0,0.0,0.0,0,0,0
326253,57,210,7,31,False,0.0,0.0,0.0,0.0,0.0,0.0,0.0,0.0,0.0,0,0,1
326252,67,400,9,53,False,1.0,1.0,23.0,383.0,124.0,507.0,507.0,23.0,0.2445759368836292,1,1,1
326251,44,498,6,70,False,1.0,1.0,6.0,80.0,23.0,103.0,103.0,6.0,0.2233009708737864,1,1,0
326247,56,2021,10,289,False,4.0,1.0,136.0,5062.0,1531.0,6593.0,1648.25,34.0,0.2322159866525102,1,1,1
326246,43,288,6,32,False,1.0,1.0,210.0,23135.0,2195.0,25330.0,25330.0,210.0,0.0866561389656533,1,1,1
326245,53,736,7,104,False,0.0,0.0,0.0,0.0,0.0,0.0,0.0,0.0,0.0,0,0,0
326242,36,438,4,51,False,3.0,1.0,29.0,573.0,148.0,721.0,240.33333333333331,9.666666666666666,0.2052704576976421,1,1,0
326239,37,919,5,117,False,0.0,0.0,0.0,0.0,0.0,0.0,0.0,0.0,0.0,0,0,0
326238,60,1060,10,173,False,0.0,0.0,0.0,0.0,0.0,0.0,0.0,0.0,0.0,0,0,0
326237,40,3081,5,346,True,1.0,1.0,4.0,86.0,2.0,88.0,88.0,4.0,0.0227272727272727,1,1,0
326236,67,1438,8,186,False,3.0,1.0,5.0,114.0,14.0,128.0,42.66666666666666,1.6666666666666667,0.109375,1,1,0
326235,53,885,8,113,False,0.0,0.0,0.0,0.0,0.0,0.0,0.0,0.0,0.0,0,0,0
326233,36,809,5,116,True,2.0,1.0,1.0,9.0,20.0,29.0,14.5,0.5,0.6896551724137931,1,1,0
326231,62,909,6,117,True,0.0,0.0,0.0,0.0,0.0,0.0,0.0,0.0,0.0,0,0,0
326230,63,2709,9,391,False,3.0,1.0,368.0,38846.0,7300.0,46146.0,15382.0,122.66666666666669,0.1581935595717938,1,1,1
326229,26,403,3,58,False,2.0,1.0,1.0,2.0,0.0,2.0,1.0,0.5,0.0,1,1,0
326228,26,349,4,49,True,0.0,0.0,0.0,0.0,0.0,0.0,0.0,0.0,0.0,0,0,0
326226,87,2296,10,319,False,3.0,1.0,11.0,231.0,46.0,277.0,92.33333333333331,3.6666666666666665,0.1660649819494584,1,1,0
326225,47,816,8,105,True,1.0,1.0,1.0,2.0,2.0,4.0,4.0,1.0,0.5,1,1,0
326224,54,840,8,112,True,1.0,1.0,2.0,58.0,4.0,62.0,62.0,2.0,0.064516129032258,1,1,0
326223,65,1284,8,138,False,1.0,1.0,2.0,75.0,5.0,80.0,80.0,2.0,0.0625,1,1,0
326222,23,349,4,49,False,1.0,1.0,23.0,118.0,239.0,357.0,357.0,23.0,0.6694677871148459,1,1,0
326221,61,1387,8,187,False,0.0,0.0,0.0,0.0,0.0,0.0,0.0,0.0,0.0,0,0,0
326219,48,414,5,53,False,0.0,0.0,0.0,0.0,0.0,0.0,0.0,0.0,0.0,0,0,0
326217,34,2045,6,156,True,0.0,0.0,0.0,0.0,0.0,0.0,0.0,0.0,0.0,0,0,0
326216,52,1403,8,177,False,1.0,1.0,1.0,5.0,4.0,9.0,9.0,1.0,0.4444444444444444,1,1,0
326213,37,195,7,25,False,1.0,1.0,6.0,162.0,11.0,173.0,173.0,6.0,0.0635838150289017,1,1,0
326212,59,1039,8,151,False,1.0,1.0,37.0,1126.0,201.0,1327.0,1327.0,37.0,0.1514694800301431,1,1,0
326211,63,1879,8,219,False,4.0,1.0,3.0,149.0,38.0,187.0,46.75,0.75,0.2032085561497326,1,1,0
326210,52,589,9,77,False,0.0,0.0,0.0,0.0,0.0,0.0,0.0,0.0,0.0,0,0,0
326209,39,63,6,1,False,0.0,0.0,0.0,0.0,0.0,0.0,0.0,0.0,0.0,0,0,0
326206,60,667,10,67,False,2.0,1.0,132.0,5009.0,1517.0,6526.0,3263.0,66.0,0.2324547961998161,1,1,1
326205,39,0,7,0,False,0.0,0.0,0.0,0.0,0.0,0.0,0.0,0.0,0.0,0,0,0
326204,52,1045,9,154,False,0.0,0.0,0.0,0.0,0.0,0.0,0.0,0.0,0.0,0,0,0
326203,34,393,4,61,False,2.0,1.0,8.0,426.0,214.0,640.0,320.0,4.0,0.334375,1,1,0
326202,43,0,5,0,False,3.0,1.0,92.0,2734.0,863.0,3597.0,1199.0,30.666666666666668,0.23992215735335,1,1,0
326201,49,321,7,43,True,0.0,0.0,0.0,0.0,0.0,0.0,0.0,0.0,0.0,0,0,0
326200,51,343,8,49,False,8.0,3.0,147.0,7595.0,1382.0,8977.0,1122.125,18.375,0.1539489807285284,1,1,1
326198,41,1151,7,173,False,1.0,1.0,44.0,1317.0,693.0,2010.0,2010.0,44.0,0.3447761194029851,1,1,0
326195,30,1922,3,254,True,0.0,0.0,0.0,0.0,0.0,0.0,0.0,0.0,0.0,0,0,0
326194,23,429,4,64,False,0.0,0.0,0.0,0.0,0.0,0.0,0.0,0.0,0.0,0,0,0
326193,39,343,4,49,False,1.0,1.0,1.0,1.0,1.0,2.0,2.0,1.0,0.5,1,1,0
326192,50,343,7,49,False,2.0,1.0,304.0,27674.0,13524.0,41198.0,20599.0,152.0,0.328268362541871,1,1,1
326191,45,962,5,140,False,4.0,1.0,2.0,17.0,15.0,32.0,8.0,0.5,0.46875,1,1,0
326190,42,413,8,59,True,1.0,1.0,5.0,14.0,14.0,28.0,28.0,5.0,0.5,1,1,0
326189,35,630,5,92,True,1.0,1.0,2.0,14.0,0.0,14.0,14.0,2.0,0.0,1,1,0
326188,45,705,8,87,True,1.0,1.0,1.0,9.0,0.0,9.0,9.0,1.0,0.0,1,1,0
326187,47,606,9,85,True,0.0,0.0,0.0,0.0,0.0,0.0,0.0,0.0,0.0,0,0,0
326186,53,163,8,25,False,0.0,0.0,0.0,0.0,0.0,0.0,0.0,0.0,0.0,0,0,0
326184,64,1057,12,161,True,0.0,0.0,0.0,0.0,0.0,0.0,0.0,0.0,0.0,0,0,0
326183,53,661,7,72,False,0.0,0.0,0.0,0.0,0.0,0.0,0.0,0.0,0.0,0,0,0
326182,71,1038,11,149,True,1.0,1.0,1.0,2.0,2.0,4.0,4.0,1.0,0.5,1,1,0
326180,25,343,2,49,False,0.0,0.0,0.0,0.0,0.0,0.0,0.0,0.0,0.0,0,0,0
326178,47,1364,7,184,False,2.0,1.0,5.0,81.0,37.0,118.0,59.0,2.5,0.3135593220338983,1,1,0
326176,40,3136,5,357,True,0.0,0.0,0.0,0.0,0.0,0.0,0.0,0.0,0.0,0,0,0
326172,92,7647,12,957,False,1.0,1.0,1.0,2.0,2.0,4.0,4.0,1.0,0.5,1,1,0
326170,70,198,12,33,False,1.0,1.0,1.0,1.0,1.0,2.0,2.0,1.0,0.5,1,1,0
326169,62,2056,9,283,False,2.0,1.0,4.0,127.0,17.0,144.0,72.0,2.0,0.1180555555555555,1,1,0
326168,88,343,9,49,False,0.0,0.0,0.0,0.0,0.0,0.0,0.0,0.0,0.0,0,0,0
326165,56,1924,10,280,False,1.0,1.0,1.0,65.0,4.0,69.0,69.0,1.0,0.0579710144927536,1,1,0
326164,49,908,5,103,False,0.0,0.0,0.0,0.0,0.0,0.0,0.0,0.0,0.0,0,0,0
326162,71,253,10,39,False,0.0,0.0,0.0,0.0,0.0,0.0,0.0,0.0,0.0,0,0,0
326159,27,639,4,86,False,0.0,0.0,0.0,0.0,0.0,0.0,0.0,0.0,0.0,0,0,0
326157,60,209,8,32,False,2.0,1.0,2.0,19.0,6.0,25.0,12.5,1.0,0.24,1,1,0
326156,70,343,9,49,True,0.0,0.0,0.0,0.0,0.0,0.0,0.0,0.0,0.0,0,0,0
326150,34,0,6,0,True,0.0,0.0,0.0,0.0,0.0,0.0,0.0,0.0,0.0,0,0,0
326148,57,1847,9,291,False,2.0,1.0,50.0,8336.0,110.0,8446.0,4223.0,25.0,0.0130239166469334,1,1,1
326145,50,7443,7,493,False,0.0,0.0,0.0,0.0,0.0,0.0,0.0,0.0,0.0,0,0,0
326144,56,5855,7,295,False,0.0,0.0,0.0,0.0,0.0,0.0,0.0,0.0,0.0,0,0,0
326143,65,109,9,16,False,1.0,1.0,1.0,1.0,1.0,2.0,2.0,1.0,0.5,1,1,0
326141,82,310,12,42,False,0.0,0.0,0.0,0.0,0.0,0.0,0.0,0.0,0.0,0,0,0
326137,47,2255,7,271,False,3.0,1.0,194.0,15224.0,4511.0,19735.0,6578.333333333333,64.66666666666667,0.2285786673422852,1,1,1
326135,87,2198,11,287,False,0.0,0.0,0.0,0.0,0.0,0.0,0.0,0.0,0.0,0,0,0
326134,33,349,5,49,False,2.0,2.0,5.0,46.0,5.0,51.0,25.5,2.5,0.0980392156862745,1,1,1
326121,67,3665,12,573,False,0.0,0.0,0.0,0.0,0.0,0.0,0.0,0.0,0.0,0,0,0
326118,82,2697,12,335,False,0.0,0.0,0.0,0.0,0.0,0.0,0.0,0.0,0.0,0,0,0
326115,29,63,5,1,False,1.0,1.0,1.0,2.0,1.0,3.0,3.0,1.0,0.3333333333333333,1,1,0
326106,50,3290,5,379,True,1.0,1.0,4.0,94.0,3.0,97.0,97.0,4.0,0.0309278350515463,1,1,0
326101,74,1923,11,194,False,1.0,1.0,4.0,15.0,3.0,18.0,18.0,4.0,0.1666666666666666,1,1,0
326097,52,1001,8,121,False,0.0,0.0,0.0,0.0,0.0,0.0,0.0,0.0,0.0,0,0,0
326089,50,1124,7,108,False,1.0,1.0,1.0,6.0,0.0,6.0,6.0,1.0,0.0,1,1,0
326088,47,2482,7,302,False,0.0,0.0,0.0,0.0,0.0,0.0,0.0,0.0,0.0,0,0,0
326086,82,1711,15,241,False,3.0,1.0,23.0,391.0,132.0,523.0,174.33333333333334,7.666666666666667,0.2523900573613766,1,1,0
326084,37,672,5,99,False,0.0,0.0,0.0,0.0,0.0,0.0,0.0,0.0,0.0,0,0,0
326080,43,2371,6,343,False,2.0,1.0,5.0,44.0,26.0,70.0,35.0,2.5,0.3714285714285714,1,1,0
326077,43,438,7,67,False,0.0,0.0,0.0,0.0,0.0,0.0,0.0,0.0,0.0,0,0,0
326076,29,349,6,49,False,0.0,0.0,0.0,0.0,0.0,0.0,0.0,0.0,0.0,0,0,0
326075,52,522,7,72,False,0.0,0.0,0.0,0.0,0.0,0.0,0.0,0.0,0.0,0,0,0
326074,34,765,5,88,False,0.0,0.0,0.0,0.0,0.0,0.0,0.0,0.0,0.0,0,0,0
326072,49,726,7,105,False,1.0,1.0,2.0,23.0,0.0,23.0,23.0,2.0,0.0,1,1,0
326071,65,783,10,102,True,1.0,1.0,2.0,91.0,3.0,94.0,94.0,2.0,0.0319148936170212,1,1,1
326070,22,103,3,3,False,2.0,1.0,24.0,963.0,67.0,1030.0,515.0,12.0,0.0650485436893203,1,1,0
326068,45,888,6,116,False,1.0,1.0,1.0,1.0,1.0,2.0,2.0,1.0,0.5,1,1,0
326067,46,678,7,114,False,4.0,1.0,7.0,337.0,114.0,451.0,112.75,1.75,0.2527716186252771,1,1,0
326066,44,735,6,91,True,0.0,0.0,0.0,0.0,0.0,0.0,0.0,0.0,0.0,0,0,0
326064,80,986,8,120,False,0.0,0.0,0.0,0.0,0.0,0.0,0.0,0.0,0.0,0,0,0
326063,42,1847,5,256,False,4.0,1.0,222.0,11763.0,3339.0,15102.0,3775.5,55.5,0.2210965435041716,1,1,1
326062,39,497,5,65,False,0.0,0.0,0.0,0.0,0.0,0.0,0.0,0.0,0.0,0,0,0
326061,22,349,4,49,True,13.0,6.0,54.0,4666.0,127.0,4793.0,368.6923076923077,4.153846153846154,0.0264969747548508,1,1,1
326058,66,481,7,58,False,0.0,0.0,0.0,0.0,0.0,0.0,0.0,0.0,0.0,0,0,0
326057,50,578,5,65,True,0.0,0.0,0.0,0.0,0.0,0.0,0.0,0.0,0.0,0,0,0
326056,51,65,7,9,False,1.0,1.0,1.0,0.0,2.0,2.0,2.0,1.0,1.0,1,1,0
326055,52,357,6,48,False,0.0,0.0,0.0,0.0,0.0,0.0,0.0,0.0,0.0,0,0,0
326053,78,449,13,62,False,0.0,0.0,0.0,0.0,0.0,0.0,0.0,0.0,0.0,0,0,0
326052,34,3977,4,526,False,8.0,1.0,194.0,12591.0,2420.0,15011.0,1876.375,24.25,0.1612151089201252,1,1,1
326050,73,1370,11,153,False,3.0,1.0,308.0,22004.0,3693.0,25697.0,8565.666666666666,102.66666666666669,0.143713273923026,1,1,1
326049,49,479,6,70,False,0.0,0.0,0.0,0.0,0.0,0.0,0.0,0.0,0.0,0,0,0
326048,53,618,11,59,False,1.0,1.0,2.0,11.0,11.0,22.0,22.0,2.0,0.5,1,1,0
326047,55,561,8,57,False,0.0,0.0,0.0,0.0,0.0,0.0,0.0,0.0,0.0,0,0,0
326046,39,742,4,88,False,1.0,1.0,5.0,8.0,8.0,16.0,16.0,5.0,0.5,1,1,0
326044,37,3024,4,398,False,16.0,1.0,241.0,12821.0,3738.0,16559.0,1034.9375,15.0625,0.2257382692191557,1,1,1
326040,31,415,5,53,True,2.0,1.0,2.0,2.0,2.0,4.0,2.0,1.0,0.5,1,1,0
326038,66,561,11,57,False,0.0,0.0,0.0,0.0,0.0,0.0,0.0,0.0,0.0,0,0,0
326036,60,2191,8,262,False,2.0,1.0,1.0,66.0,7.0,73.0,36.5,0.5,0.0958904109589041,1,1,0
326035,64,1092,12,143,False,3.0,2.0,2.0,13.0,11.0,24.0,8.0,0.6666666666666666,0.4583333333333333,1,1,0
326032,35,537,6,59,False,2.0,1.0,4.0,32.0,19.0,51.0,25.5,2.0,0.3725490196078431,1,1,0
326031,49,365,9,58,False,1.0,1.0,1.0,1.0,1.0,2.0,2.0,1.0,0.5,1,1,0
326030,70,1468,9,190,False,0.0,0.0,0.0,0.0,0.0,0.0,0.0,0.0,0.0,0,0,0
326029,29,103,4,3,False,0.0,0.0,0.0,0.0,0.0,0.0,0.0,0.0,0.0,0,0,0
326028,55,713,8,94,True,1.0,1.0,6.0,37.0,7.0,44.0,44.0,6.0,0.1590909090909091,1,1,0
326023,41,3781,5,534,False,2.0,1.0,5.0,129.0,89.0,218.0,109.0,2.5,0.4082568807339449,1,1,0
326022,45,352,5,52,False,0.0,0.0,0.0,0.0,0.0,0.0,0.0,0.0,0.0,0,0,0
326020,40,552,5,57,False,1.0,1.0,2.0,32.0,4.0,36.0,36.0,2.0,0.1111111111111111,1,1,0
326019,42,718,6,116,False,2.0,1.0,45.0,2903.0,996.0,3899.0,1949.5,22.5,0.2554501154142087,1,1,0
326014,36,103,5,3,False,0.0,0.0,0.0,0.0,0.0,0.0,0.0,0.0,0.0,0,0,0
326013,38,435,7,69,False,1.0,1.0,3.0,76.0,43.0,119.0,119.0,3.0,0.361344537815126,1,1,0
326012,11,11,2,2,False,1.0,1.0,6.0,32.0,19.0,51.0,51.0,6.0,0.3725490196078431,1,1,0
326009,50,424,7,54,False,0.0,0.0,0.0,0.0,0.0,0.0,0.0,0.0,0.0,0,0,0
326005,68,249,10,32,False,0.0,0.0,0.0,0.0,0.0,0.0,0.0,0.0,0.0,0,0,0
326004,50,363,8,51,False,1.0,1.0,1.0,20.0,7.0,27.0,27.0,1.0,0.2592592592592592,1,1,0
326003,23,400,4,51,False,0.0,0.0,0.0,0.0,0.0,0.0,0.0,0.0,0.0,0,0,0
326001,72,2261,13,343,True,7.0,2.0,21.0,395.0,187.0,582.0,83.14285714285714,3.0,0.3213058419243986,1,1,0
326000,41,0,7,0,False,0.0,0.0,0.0,0.0,0.0,0.0,0.0,0.0,0.0,0,0,0
325999,50,486,5,48,True,0.0,0.0,0.0,0.0,0.0,0.0,0.0,0.0,0.0,0,0,0
325998,55,343,4,49,False,1.0,1.0,2.0,27.0,5.0,32.0,32.0,2.0,0.15625,1,1,0
325997,32,433,4,54,False,0.0,0.0,0.0,0.0,0.0,0.0,0.0,0.0,0.0,0,0,0
325996,38,134,7,25,False,0.0,0.0,0.0,0.0,0.0,0.0,0.0,0.0,0.0,0,0,0
325993,6,381,1,50,True,0.0,0.0,0.0,0.0,0.0,0.0,0.0,0.0,0.0,0,0,1
325992,70,187,11,28,False,0.0,0.0,0.0,0.0,0.0,0.0,0.0,0.0,0.0,0,0,0
325989,61,203,8,29,False,0.0,0.0,0.0,0.0,0.0,0.0,0.0,0.0,0.0,0,0,0
325988,48,432,7,61,False,0.0,0.0,0.0,0.0,0.0,0.0,0.0,0.0,0.0,0,0,0
325985,53,1042,8,140,False,0.0,0.0,0.0,0.0,0.0,0.0,0.0,0.0,0.0,0,0,0
325983,35,200,5,28,False,3.0,1.0,217.0,6635.0,1586.0,8221.0,2740.333333333333,72.33333333333333,0.1929205692738109,1,1,1
325982,58,2651,7,355,False,3.0,1.0,306.0,11856.0,2431.0,14287.0,4762.333333333333,102.0,0.1701546860782529,1,1,1
325977,93,4208,13,543,False,1.0,1.0,4.0,162.0,52.0,214.0,214.0,4.0,0.2429906542056074,1,1,0
325975,56,991,7,122,False,1.0,1.0,3.0,91.0,11.0,102.0,102.0,3.0,0.1078431372549019,1,1,0
325973,41,519,6,69,False,1.0,1.0,9.0,71.0,29.0,100.0,100.0,9.0,0.29,1,1,0
325971,72,521,8,70,True,0.0,0.0,0.0,0.0,0.0,0.0,0.0,0.0,0.0,0,0,0
325970,63,76,10,3,False,0.0,0.0,0.0,0.0,0.0,0.0,0.0,0.0,0.0,0,0,0
325969,53,372,7,42,False,1.0,1.0,1.0,1.0,1.0,2.0,2.0,1.0,0.5,1,1,0
325968,47,287,8,45,False,1.0,1.0,1.0,2.0,2.0,4.0,4.0,1.0,0.5,1,1,0
325966,55,2914,8,431,False,2.0,1.0,3.0,14.0,37.0,51.0,25.5,1.5,0.7254901960784313,1,1,1
325963,49,110,4,4,False,1.0,1.0,2.0,98.0,17.0,115.0,115.0,2.0,0.1478260869565217,1,1,0
325962,62,212,9,24,False,0.0,0.0,0.0,0.0,0.0,0.0,0.0,0.0,0.0,0,0,0
325959,46,240,6,29,False,0.0,0.0,0.0,0.0,0.0,0.0,0.0,0.0,0.0,0,0,0
325955,70,610,9,83,False,0.0,0.0,0.0,0.0,0.0,0.0,0.0,0.0,0.0,0,0,0
325953,84,1186,11,166,False,1.0,1.0,4.0,145.0,95.0,240.0,240.0,4.0,0.3958333333333333,1,1,0
325949,41,429,5,63,False,1.0,1.0,7.0,143.0,34.0,177.0,177.0,7.0,0.192090395480226,1,1,0
325948,39,1559,6,219,False,4.0,1.0,18.0,209.0,135.0,344.0,86.0,4.5,0.3924418604651162,1,1,0
325946,47,569,6,77,False,1.0,1.0,1.0,1.0,0.0,1.0,1.0,1.0,0.0,1,1,0
325944,47,540,7,61,False,0.0,0.0,0.0,0.0,0.0,0.0,0.0,0.0,0.0,0,0,0
325942,76,1899,10,184,False,2.0,1.0,3.0,10.0,8.0,18.0,9.0,1.5,0.4444444444444444,1,1,0
325940,50,586,8,87,False,2.0,1.0,1.0,164.0,0.0,164.0,82.0,0.5,0.0,1,1,0
325937,31,70,4,5,False,8.0,1.0,311.0,33383.0,14035.0,47418.0,5927.25,38.875,0.2959846471803956,1,1,1
325934,69,2264,9,197,False,0.0,0.0,0.0,0.0,0.0,0.0,0.0,0.0,0.0,0,0,0
325933,17,0,3,0,False,1.0,1.0,2.0,21.0,20.0,41.0,41.0,2.0,0.4878048780487805,1,1,0
325932,81,867,10,101,False,0.0,0.0,0.0,0.0,0.0,0.0,0.0,0.0,0.0,0,0,0
325931,54,1156,9,158,False,3.0,1.0,3.0,92.0,31.0,123.0,41.0,1.0,0.2520325203252032,1,1,1
325929,42,551,6,54,False,0.0,0.0,0.0,0.0,0.0,0.0,0.0,0.0,0.0,0,0,0
325928,64,1963,9,282,False,0.0,0.0,0.0,0.0,0.0,0.0,0.0,0.0,0.0,0,0,0
325927,47,1373,6,140,False,0.0,0.0,0.0,0.0,0.0,0.0,0.0,0.0,0.0,0,0,0
325925,39,662,4,95,False,0.0,0.0,0.0,0.0,0.0,0.0,0.0,0.0,0.0,0,0,0
325916,49,63,5,1,False,0.0,0.0,0.0,0.0,0.0,0.0,0.0,0.0,0.0,0,0,0
325908,62,3523,7,406,False,1.0,1.0,6.0,186.0,47.0,233.0,233.0,6.0,0.2017167381974249,1,1,0
325907,44,1414,7,178,False,3.0,1.0,2.0,40.0,17.0,57.0,19.0,0.6666666666666666,0.2982456140350877,1,1,0
325905,48,264,6,42,False,1.0,1.0,1.0,17.0,0.0,17.0,17.0,1.0,0.0,1,1,0
325903,81,791,10,100,False,1.0,1.0,2.0,98.0,8.0,106.0,106.0,2.0,0.0754716981132075,1,1,0
325898,20,402,1,57,False,0.0,0.0,0.0,0.0,0.0,0.0,0.0,0.0,0.0,0,0,0
325897,48,786,6,100,False,0.0,0.0,0.0,0.0,0.0,0.0,0.0,0.0,0.0,0,0,0
325896,55,766,7,103,False,3.0,1.0,96.0,3058.0,681.0,3739.0,1246.3333333333333,32.0,0.1821342604974592,1,1,1
325895,47,382,6,56,False,3.0,1.0,2.0,74.0,59.0,133.0,44.333333333333336,0.6666666666666666,0.4436090225563909,1,1,0
325893,96,343,11,49,False,1.0,1.0,1.0,1.0,1.0,2.0,2.0,1.0,0.5,1,1,0
325892,44,690,7,91,False,3.0,1.0,9.0,147.0,123.0,270.0,90.0,3.0,0.4555555555555555,1,1,0
325889,73,343,10,49,False,1.0,1.0,1.0,9.0,4.0,13.0,13.0,1.0,0.3076923076923077,1,1,0
325887,56,748,7,75,True,0.0,0.0,0.0,0.0,0.0,0.0,0.0,0.0,0.0,0,0,0
325886,65,340,8,35,True,0.0,0.0,0.0,0.0,0.0,0.0,0.0,0.0,0.0,0,0,0
325885,81,1698,12,248,False,1.0,1.0,1.0,1.0,3.0,4.0,4.0,1.0,0.75,1,1,0
325883,44,425,7,61,False,1.0,1.0,1.0,1.0,20.0,21.0,21.0,1.0,0.9523809523809524,1,1,0
325882,64,814,9,111,False,0.0,0.0,0.0,0.0,0.0,0.0,0.0,0.0,0.0,0,0,0
325881,51,585,6,82,False,0.0,0.0,0.0,0.0,0.0,0.0,0.0,0.0,0.0,0,0,0
325880,69,101,3,7,False,0.0,0.0,0.0,0.0,0.0,0.0,0.0,0.0,0.0,0,0,0
325879,41,620,5,94,False,1.0,1.0,1.0,4.0,0.0,4.0,4.0,1.0,0.0,1,1,1
325878,50,3533,5,398,True,0.0,0.0,0.0,0.0,0.0,0.0,0.0,0.0,0.0,0,0,0
325877,50,343,8,49,False,0.0,0.0,0.0,0.0,0.0,0.0,0.0,0.0,0.0,0,0,0
325875,68,1444,6,183,True,1.0,1.0,2.0,87.0,2.0,89.0,89.0,2.0,0.0224719101123595,1,1,0
325874,54,343,6,49,False,1.0,1.0,10.0,144.0,44.0,188.0,188.0,10.0,0.2340425531914893,1,1,0
325873,51,239,5,32,False,0.0,0.0,0.0,0.0,0.0,0.0,0.0,0.0,0.0,0,0,0
325870,51,225,6,21,False,0.0,0.0,0.0,0.0,0.0,0.0,0.0,0.0,0.0,0,0,0
325869,80,2715,7,290,False,0.0,0.0,0.0,0.0,0.0,0.0,0.0,0.0,0.0,0,0,0
325868,49,343,7,49,False,0.0,0.0,0.0,0.0,0.0,0.0,0.0,0.0,0.0,0,0,0
325866,52,446,8,65,False,1.0,1.0,2.0,79.0,5.0,84.0,84.0,2.0,0.0595238095238095,1,1,0
325865,84,2230,12,324,False,1.0,1.0,7.0,73.0,46.0,119.0,119.0,7.0,0.3865546218487395,1,1,0
325864,67,3661,9,456,False,0.0,0.0,0.0,0.0,0.0,0.0,0.0,0.0,0.0,0,0,1
325863,69,1157,11,167,False,1.0,1.0,1.0,1.0,3.0,4.0,4.0,1.0,0.75,1,1,0
325861,57,0,9,0,False,0.0,0.0,0.0,0.0,0.0,0.0,0.0,0.0,0.0,0,0,0
325858,59,349,8,49,False,0.0,0.0,0.0,0.0,0.0,0.0,0.0,0.0,0.0,0,0,0
325857,32,177,5,31,False,1.0,1.0,1.0,93.0,0.0,93.0,93.0,1.0,0.0,1,1,0
325856,48,651,7,70,False,0.0,0.0,0.0,0.0,0.0,0.0,0.0,0.0,0.0,0,0,0
325855,55,55,2,2,False,0.0,0.0,0.0,0.0,0.0,0.0,0.0,0.0,0.0,0,0,0
325854,68,2316,10,314,True,1.0,1.0,4.0,101.0,30.0,131.0,131.0,4.0,0.2290076335877862,1,1,0
325851,62,1326,10,182,False,1.0,1.0,3.0,9.0,9.0,18.0,18.0,3.0,0.5,1,1,0
325850,24,395,3,54,False,0.0,0.0,0.0,0.0,0.0,0.0,0.0,0.0,0.0,0,0,0
325849,10,349,2,49,False,0.0,0.0,0.0,0.0,0.0,0.0,0.0,0.0,0.0,0,0,0
325848,17,360,4,52,False,0.0,0.0,0.0,0.0,0.0,0.0,0.0,0.0,0.0,0,0,0
325847,10,349,2,49,False,0.0,0.0,0.0,0.0,0.0,0.0,0.0,0.0,0.0,0,0,0
325843,50,629,6,78,False,0.0,0.0,0.0,0.0,0.0,0.0,0.0,0.0,0.0,0,0,0
325842,47,1400,6,223,False,1.0,1.0,1.0,3.0,5.0,8.0,8.0,1.0,0.625,1,1,0
325841,40,239,5,32,True,0.0,0.0,0.0,0.0,0.0,0.0,0.0,0.0,0.0,0,0,0
325838,29,849,3,111,False,1.0,1.0,1.0,0.0,12.0,12.0,12.0,1.0,1.0,1,1,0
325837,15,349,2,49,False,0.0,0.0,0.0,0.0,0.0,0.0,0.0,0.0,0.0,0,0,0
325835,52,786,8,83,False,0.0,0.0,0.0,0.0,0.0,0.0,0.0,0.0,0.0,0,0,0
325833,40,1960,5,239,False,0.0,0.0,0.0,0.0,0.0,0.0,0.0,0.0,0.0,0,0,0
325832,53,343,7,47,False,0.0,0.0,0.0,0.0,0.0,0.0,0.0,0.0,0.0,0,0,0
325831,66,421,9,56,False,0.0,0.0,0.0,0.0,0.0,0.0,0.0,0.0,0.0,0,0,0
325828,40,2114,6,302,False,0.0,0.0,0.0,0.0,0.0,0.0,0.0,0.0,0.0,0,0,0
325823,38,403,7,58,False,0.0,0.0,0.0,0.0,0.0,0.0,0.0,0.0,0.0,0,0,0
325821,95,1207,11,155,False,0.0,0.0,0.0,0.0,0.0,0.0,0.0,0.0,0.0,0,0,0
325818,58,0,8,0,False,0.0,0.0,0.0,0.0,0.0,0.0,0.0,0.0,0.0,0,0,0
325816,46,602,5,81,False,0.0,0.0,0.0,0.0,0.0,0.0,0.0,0.0,0.0,0,0,0
325815,72,5009,10,685,True,0.0,0.0,0.0,0.0,0.0,0.0,0.0,0.0,0.0,0,0,0
325813,72,1287,11,147,False,1.0,1.0,2.0,112.0,2.0,114.0,114.0,2.0,0.0175438596491228,1,1,0
325810,60,875,8,90,False,0.0,0.0,0.0,0.0,0.0,0.0,0.0,0.0,0.0,0,0,1
325809,71,185,9,26,False,0.0,0.0,0.0,0.0,0.0,0.0,0.0,0.0,0.0,0,0,0
325808,30,349,4,49,False,0.0,0.0,0.0,0.0,0.0,0.0,0.0,0.0,0.0,0,0,0
325807,74,2643,7,339,False,1.0,1.0,6.0,340.0,152.0,492.0,492.0,6.0,0.3089430894308943,1,1,0
325806,52,558,7,84,False,2.0,1.0,133.0,3687.0,1140.0,4827.0,2413.5,66.5,0.2361715351149782,1,1,1
325805,38,437,6,70,False,1.0,1.0,1.0,5.0,1.0,6.0,6.0,1.0,0.1666666666666666,1,1,0
325804,75,5255,11,780,False,0.0,0.0,0.0,0.0,0.0,0.0,0.0,0.0,0.0,0,0,0
325801,63,997,11,138,False,0.0,0.0,0.0,0.0,0.0,0.0,0.0,0.0,0.0,0,0,1
325799,62,1348,8,183,False,0.0,0.0,0.0,0.0,0.0,0.0,0.0,0.0,0.0,0,0,0
325797,70,232,12,39,False,0.0,0.0,0.0,0.0,0.0,0.0,0.0,0.0,0.0,0,0,0
325794,30,119,4,12,False,0.0,0.0,0.0,0.0,0.0,0.0,0.0,0.0,0.0,0,0,0
325793,52,249,8,32,False,0.0,0.0,0.0,0.0,0.0,0.0,0.0,0.0,0.0,0,0,0
325792,57,2634,8,376,False,4.0,1.0,145.0,4634.0,1076.0,5710.0,1427.5,36.25,0.1884413309982487,1,1,1
325791,58,1271,10,168,True,1.0,1.0,4.0,34.0,5.0,39.0,39.0,4.0,0.1282051282051282,1,1,1
325790,40,55,5,2,False,0.0,0.0,0.0,0.0,0.0,0.0,0.0,0.0,0.0,0,0,0
325788,79,343,12,49,False,1.0,1.0,1.0,3.0,2.0,5.0,5.0,1.0,0.4,1,1,0
325787,38,1630,5,204,False,2.0,1.0,4.0,163.0,19.0,182.0,91.0,2.0,0.1043956043956044,1,1,1
325785,42,1227,7,152,False,1.0,1.0,2.0,80.0,35.0,115.0,115.0,2.0,0.3043478260869565,1,1,1
325783,78,3440,11,260,False,0.0,0.0,0.0,0.0,0.0,0.0,0.0,0.0,0.0,0,0,0
325781,34,504,5,54,False,0.0,0.0,0.0,0.0,0.0,0.0,0.0,0.0,0.0,0,0,0
325780,45,678,7,73,False,1.0,1.0,3.0,148.0,46.0,194.0,194.0,3.0,0.2371134020618556,1,1,0
325777,36,2738,5,343,False,0.0,0.0,0.0,0.0,0.0,0.0,0.0,0.0,0.0,0,0,0
325774,41,63,7,1,False,1.0,1.0,13.0,462.0,52.0,514.0,514.0,13.0,0.1011673151750972,1,1,0
325772,38,355,7,45,False,0.0,0.0,0.0,0.0,0.0,0.0,0.0,0.0,0.0,0,0,0
325769,64,1534,9,223,False,2.0,1.0,2.0,139.0,21.0,160.0,80.0,1.0,0.13125,1,1,0
325768,61,343,9,49,False,2.0,1.0,4.0,55.0,52.0,107.0,53.5,2.0,0.4859813084112149,1,1,0
325766,62,247,7,34,False,0.0,0.0,0.0,0.0,0.0,0.0,0.0,0.0,0.0,0,0,0
325765,57,159,9,20,False,7.0,1.0,112.0,2893.0,856.0,3749.0,535.5714285714286,16.0,0.2283275540144038,1,1,0
325762,90,1293,15,205,False,0.0,0.0,0.0,0.0,0.0,0.0,0.0,0.0,0.0,0,0,0
325757,21,281,4,40,False,0.0,0.0,0.0,0.0,0.0,0.0,0.0,0.0,0.0,0,0,1
325756,72,483,8,64,False,0.0,0.0,0.0,0.0,0.0,0.0,0.0,0.0,0.0,0,0,0
325753,71,1597,10,190,False,0.0,0.0,0.0,0.0,0.0,0.0,0.0,0.0,0.0,0,0,0
325752,69,1246,10,189,False,1.0,1.0,1.0,6.0,5.0,11.0,11.0,1.0,0.4545454545454545,1,1,0
325749,63,2223,7,291,False,2.0,1.0,203.0,5434.0,1485.0,6919.0,3459.5,101.5,0.2146263910969793,1,1,1
325746,53,706,8,103,False,1.0,1.0,2.0,40.0,1.0,41.0,41.0,2.0,0.024390243902439,1,1,0
325741,58,0,8,0,False,2.0,1.0,1.0,4.0,3.0,7.0,3.5,0.5,0.4285714285714285,1,1,0
325737,58,552,11,88,False,1.0,1.0,2.0,42.0,9.0,51.0,51.0,2.0,0.1764705882352941,1,1,0
325735,57,146,8,24,False,0.0,0.0,0.0,0.0,0.0,0.0,0.0,0.0,0.0,0,0,0
325733,59,349,11,49,False,0.0,0.0,0.0,0.0,0.0,0.0,0.0,0.0,0.0,0,0,0
325726,72,3037,10,408,False,4.0,1.0,9.0,202.0,150.0,352.0,88.0,2.25,0.4261363636363636,1,1,0
325725,48,703,7,96,False,1.0,1.0,115.0,4829.0,2758.0,7587.0,7587.0,115.0,0.3635165414524845,1,1,1
325724,52,2620,8,381,False,1.0,1.0,1.0,2.0,4.0,6.0,6.0,1.0,0.6666666666666666,1,1,0
325723,80,125,8,7,False,0.0,0.0,0.0,0.0,0.0,0.0,0.0,0.0,0.0,0,0,0
325722,56,2322,8,288,False,0.0,0.0,0.0,0.0,0.0,0.0,0.0,0.0,0.0,0,0,0
325719,48,540,6,84,False,0.0,0.0,0.0,0.0,0.0,0.0,0.0,0.0,0.0,0,0,0
325718,64,1093,8,148,False,0.0,0.0,0.0,0.0,0.0,0.0,0.0,0.0,0.0,0,0,0
325716,60,604,7,69,False,1.0,1.0,2.0,20.0,11.0,31.0,31.0,2.0,0.3548387096774194,1,1,0
325714,58,85,7,13,True,0.0,0.0,0.0,0.0,0.0,0.0,0.0,0.0,0.0,0,0,0
325713,33,63,5,9,False,0.0,0.0,0.0,0.0,0.0,0.0,0.0,0.0,0.0,0,0,0
325712,83,224,11,20,False,2.0,1.0,2.0,25.0,26.0,51.0,25.5,1.0,0.5098039215686274,1,1,0
325710,66,88,7,2,False,1.0,1.0,1.0,6.0,5.0,11.0,11.0,1.0,0.4545454545454545,1,1,0
325707,38,55,3,2,False,0.0,0.0,0.0,0.0,0.0,0.0,0.0,0.0,0.0,0,0,0
325706,35,349,6,49,False,0.0,0.0,0.0,0.0,0.0,0.0,0.0,0.0,0.0,0,0,0
325704,50,1056,7,143,False,0.0,0.0,0.0,0.0,0.0,0.0,0.0,0.0,0.0,0,0,0
325702,47,691,7,102,False,1.0,1.0,2.0,79.0,2.0,81.0,81.0,2.0,0.0246913580246913,1,1,0
325701,75,1631,12,226,False,0.0,0.0,0.0,0.0,0.0,0.0,0.0,0.0,0.0,0,0,0
325699,65,568,9,90,False,1.0,1.0,1.0,2.0,2.0,4.0,4.0,1.0,0.5,1,1,0
325698,77,1102,9,142,False,1.0,1.0,6.0,57.0,22.0,79.0,79.0,6.0,0.2784810126582278,1,1,0
325697,48,155,5,17,False,1.0,1.0,68.0,3206.0,2406.0,5612.0,5612.0,68.0,0.4287241625089095,1,1,1
325695,51,401,8,58,False,0.0,0.0,0.0,0.0,0.0,0.0,0.0,0.0,0.0,0,0,0
325693,39,352,5,54,False,0.0,0.0,0.0,0.0,0.0,0.0,0.0,0.0,0.0,0,0,0
325691,73,885,9,102,False,2.0,1.0,92.0,5001.0,2454.0,7455.0,3727.5,46.0,0.3291750503018109,1,1,1
325690,26,343,4,49,False,0.0,0.0,0.0,0.0,0.0,0.0,0.0,0.0,0.0,0,0,0
325689,42,408,6,39,False,0.0,0.0,0.0,0.0,0.0,0.0,0.0,0.0,0.0,0,0,0
325687,77,875,9,133,False,1.0,1.0,0.0,0.0,0.0,0.0,0.0,0.0,0.0,1,0,0
325685,31,172,5,18,False,0.0,0.0,0.0,0.0,0.0,0.0,0.0,0.0,0.0,0,0,0
325683,51,735,7,103,False,0.0,0.0,0.0,0.0,0.0,0.0,0.0,0.0,0.0,0,0,0
325682,64,3922,7,472,True,0.0,0.0,0.0,0.0,0.0,0.0,0.0,0.0,0.0,0,0,0
325681,60,1234,8,178,False,2.0,1.0,45.0,2083.0,302.0,2385.0,1192.5,22.5,0.1266247379454926,1,1,0
325680,69,908,12,151,False,1.0,1.0,1.0,38.0,11.0,49.0,49.0,1.0,0.2244897959183673,1,1,0
325679,58,2751,8,334,False,3.0,1.0,91.0,4944.0,2505.0,7449.0,2483.0,30.33333333333333,0.3362867498993153,1,1,1
325678,26,91,6,2,False,0.0,0.0,0.0,0.0,0.0,0.0,0.0,0.0,0.0,0,0,0
325676,50,945,7,85,False,1.0,1.0,4.0,144.0,2.0,146.0,146.0,4.0,0.0136986301369863,1,1,0
325674,53,37,9,5,False,0.0,0.0,0.0,0.0,0.0,0.0,0.0,0.0,0.0,0,0,0
325659,63,838,8,128,False,2.0,1.0,35.0,1602.0,164.0,1766.0,883.0,17.5,0.0928652321630804,1,1,0
325654,58,650,7,89,False,1.0,1.0,1.0,5.0,2.0,7.0,7.0,1.0,0.2857142857142857,1,1,1
325649,73,6689,11,751,False,0.0,0.0,0.0,0.0,0.0,0.0,0.0,0.0,0.0,0,0,0
325646,80,6062,11,664,False,0.0,0.0,0.0,0.0,0.0,0.0,0.0,0.0,0.0,0,0,0
325641,51,0,10,0,False,0.0,0.0,0.0,0.0,0.0,0.0,0.0,0.0,0.0,0,0,0
325640,68,2961,10,388,False,1.0,1.0,58.0,889.0,937.0,1826.0,1826.0,58.0,0.5131434830230011,1,1,0
325639,66,2456,10,343,True,0.0,0.0,0.0,0.0,0.0,0.0,0.0,0.0,0.0,0,0,0
325638,75,1174,10,131,False,0.0,0.0,0.0,0.0,0.0,0.0,0.0,0.0,0.0,0,0,0
325637,75,1082,10,125,False,0.0,0.0,0.0,0.0,0.0,0.0,0.0,0.0,0.0,0,0,0
325636,85,211,12,7,False,0.0,0.0,0.0,0.0,0.0,0.0,0.0,0.0,0.0,0,0,0
325632,60,1011,9,159,False,1.0,1.0,1.0,1.0,3.0,4.0,4.0,1.0,0.75,1,1,0
325629,67,944,10,141,False,1.0,1.0,1.0,1.0,0.0,1.0,1.0,1.0,0.0,1,1,0
325628,56,238,8,27,False,0.0,0.0,0.0,0.0,0.0,0.0,0.0,0.0,0.0,0,0,0
325626,51,35,8,5,False,0.0,0.0,0.0,0.0,0.0,0.0,0.0,0.0,0.0,0,0,0
325625,48,343,9,49,False,0.0,0.0,0.0,0.0,0.0,0.0,0.0,0.0,0.0,0,0,0
325624,90,3218,12,423,False,0.0,0.0,0.0,0.0,0.0,0.0,0.0,0.0,0.0,0,0,0
325622,37,0,7,0,False,0.0,0.0,0.0,0.0,0.0,0.0,0.0,0.0,0.0,0,0,0
325615,38,343,4,49,False,0.0,0.0,0.0,0.0,0.0,0.0,0.0,0.0,0.0,0,0,0
325614,36,63,7,1,False,0.0,0.0,0.0,0.0,0.0,0.0,0.0,0.0,0.0,0,0,0
325613,37,1579,6,204,False,3.0,1.0,2.0,222.0,40.0,262.0,87.33333333333333,0.6666666666666666,0.1526717557251908,1,1,0
325609,74,2018,12,313,False,1.0,1.0,2.0,59.0,36.0,95.0,95.0,2.0,0.3789473684210526,1,1,0
325599,66,809,11,104,False,0.0,0.0,0.0,0.0,0.0,0.0,0.0,0.0,0.0,0,0,0
325597,60,1520,9,197,False,1.0,1.0,2.0,107.0,31.0,138.0,138.0,2.0,0.2246376811594203,1,1,0
325596,49,2947,7,236,False,2.0,1.0,189.0,7208.0,4013.0,11221.0,5610.5,94.5,0.357633009535692,1,1,1
325594,76,3172,11,418,False,1.0,1.0,1.0,11.0,8.0,19.0,19.0,1.0,0.4210526315789473,1,1,0
325593,55,1970,9,254,False,3.0,1.0,8.0,161.0,51.0,212.0,70.66666666666667,2.6666666666666665,0.240566037735849,1,1,0
325591,50,640,8,91,False,1.0,1.0,1.0,4.0,1.0,5.0,5.0,1.0,0.2,1,1,0
325585,68,898,12,125,False,0.0,0.0,0.0,0.0,0.0,0.0,0.0,0.0,0.0,0,0,0
325584,64,2175,9,218,False,0.0,0.0,0.0,0.0,0.0,0.0,0.0,0.0,0.0,0,0,0
325582,55,68,7,3,False,0.0,0.0,0.0,0.0,0.0,0.0,0.0,0.0,0.0,0,0,0
325581,60,1445,9,180,False,0.0,0.0,0.0,0.0,0.0,0.0,0.0,0.0,0.0,0,0,0
325580,16,0,2,0,False,1.0,1.0,4.0,98.0,14.0,112.0,112.0,4.0,0.125,1,1,0
325578,47,786,7,106,False,0.0,0.0,0.0,0.0,0.0,0.0,0.0,0.0,0.0,0,0,1
325575,50,2129,8,213,False,0.0,0.0,0.0,0.0,0.0,0.0,0.0,0.0,0.0,0,0,0
325573,51,293,7,45,False,1.0,1.0,300.0,26051.0,13154.0,39205.0,39205.0,300.0,0.3355184287718403,1,1,1
325563,47,0,8,0,False,2.0,1.0,24.0,162.0,700.0,862.0,431.0,12.0,0.8120649651972158,1,1,0
325553,80,1741,11,277,False,1.0,1.0,3.0,10.0,40.0,50.0,50.0,3.0,0.8,1,1,0
325548,53,950,8,95,False,1.0,1.0,61.0,1178.0,323.0,1501.0,1501.0,61.0,0.2151898734177215,1,1,0
325547,30,1240,5,149,False,11.0,2.0,204.0,7568.0,4235.0,11803.0,1073.0,18.545454545454547,0.3588070829450139,1,1,1
325544,45,281,6,19,False,0.0,0.0,0.0,0.0,0.0,0.0,0.0,0.0,0.0,0,0,0
325543,23,322,4,27,False,0.0,0.0,0.0,0.0,0.0,0.0,0.0,0.0,0.0,0,0,0
325541,33,55,6,2,False,0.0,0.0,0.0,0.0,0.0,0.0,0.0,0.0,0.0,0,0,0
325538,63,963,11,122,False,0.0,0.0,0.0,0.0,0.0,0.0,0.0,0.0,0.0,0,0,0
325536,72,419,11,61,False,3.0,1.0,3.0,179.0,22.0,201.0,67.0,1.0,0.1094527363184079,1,1,0
325532,42,481,6,38,False,0.0,0.0,0.0,0.0,0.0,0.0,0.0,0.0,0.0,0,0,0
325528,41,486,5,61,False,1.0,1.0,3.0,81.0,11.0,92.0,92.0,3.0,0.1195652173913043,1,1,0
325525,44,885,7,123,False,6.0,1.0,309.0,17638.0,5289.0,22927.0,3821.1666666666665,51.5,0.2306887076372835,1,1,1
325521,97,1168,11,153,False,0.0,0.0,0.0,0.0,0.0,0.0,0.0,0.0,0.0,0,0,0
325515,33,398,4,55,False,2.0,1.0,3.0,32.0,9.0,41.0,20.5,1.5,0.2195121951219512,1,1,0
325514,30,266,4,22,True,3.0,1.0,4.0,56.0,8.0,64.0,21.33333333333333,1.3333333333333333,0.125,1,1,0
325513,53,0,9,0,False,1.0,1.0,85.0,2151.0,1114.0,3265.0,3265.0,85.0,0.3411944869831547,1,1,0
325511,52,140,6,23,False,0.0,0.0,0.0,0.0,0.0,0.0,0.0,0.0,0.0,0,0,0
325509,49,299,7,42,False,0.0,0.0,0.0,0.0,0.0,0.0,0.0,0.0,0.0,0,0,0
325505,35,343,3,49,False,1.0,1.0,57.0,961.0,415.0,1376.0,1376.0,57.0,0.3015988372093023,1,1,1
325503,67,343,10,49,False,2.0,1.0,2.0,2.0,2.0,4.0,2.0,1.0,0.5,1,1,1
325492,43,55,6,2,False,0.0,0.0,0.0,0.0,0.0,0.0,0.0,0.0,0.0,0,0,0
325478,94,399,11,51,False,3.0,1.0,95.0,2526.0,594.0,3120.0,1040.0,31.666666666666668,0.1903846153846153,1,1,0
325477,79,700,12,65,False,4.0,2.0,87.0,2394.0,576.0,2970.0,742.5,21.75,0.1939393939393939,1,1,0
325472,87,2767,11,403,False,0.0,0.0,0.0,0.0,0.0,0.0,0.0,0.0,0.0,0,0,0
325468,48,873,8,103,False,0.0,0.0,0.0,0.0,0.0,0.0,0.0,0.0,0.0,0,0,0
325464,74,483,9,64,False,0.0,0.0,0.0,0.0,0.0,0.0,0.0,0.0,0.0,0,0,0
325463,87,550,11,66,True,0.0,0.0,0.0,0.0,0.0,0.0,0.0,0.0,0.0,0,0,0
325460,52,1611,6,217,False,1.0,1.0,7.0,305.0,94.0,399.0,399.0,7.0,0.2355889724310776,1,1,1
325458,72,1191,10,178,False,1.0,1.0,5.0,125.0,93.0,218.0,218.0,5.0,0.4266055045871559,1,1,0
325457,34,772,5,91,False,0.0,0.0,0.0,0.0,0.0,0.0,0.0,0.0,0.0,0,0,0
325454,36,56,5,8,False,0.0,0.0,0.0,0.0,0.0,0.0,0.0,0.0,0.0,0,0,0
325445,65,917,10,124,False,0.0,0.0,0.0,0.0,0.0,0.0,0.0,0.0,0.0,0,0,1
325444,48,14,8,2,False,0.0,0.0,0.0,0.0,0.0,0.0,0.0,0.0,0.0,0,0,0
325443,72,1499,9,182,False,1.0,1.0,2.0,75.0,15.0,90.0,90.0,2.0,0.1666666666666666,1,1,0
325442,87,1204,10,166,False,1.0,1.0,1.0,16.0,0.0,16.0,16.0,1.0,0.0,1,1,0
325441,40,4314,5,673,False,1.0,1.0,3.0,95.0,48.0,143.0,143.0,3.0,0.3356643356643357,1,1,1
325437,72,2088,11,295,False,0.0,0.0,0.0,0.0,0.0,0.0,0.0,0.0,0.0,0,0,1
325428,29,535,3,49,False,5.0,1.0,5.0,12.0,4.0,16.0,3.2,1.0,0.25,1,1,0
325423,64,2415,10,249,False,1.0,1.0,1.0,3.0,0.0,3.0,3.0,1.0,0.0,1,1,0
325422,47,766,6,85,False,1.0,1.0,2.0,21.0,12.0,33.0,33.0,2.0,0.3636363636363636,1,1,1
325417,57,2066,10,278,False,1.0,1.0,7.0,202.0,53.0,255.0,255.0,7.0,0.2078431372549019,1,1,0
325410,61,2553,11,388,False,1.0,1.0,2.0,7.0,3.0,10.0,10.0,2.0,0.3,1,1,1
325407,60,686,7,97,False,0.0,0.0,0.0,0.0,0.0,0.0,0.0,0.0,0.0,0,0,0
325405,52,351,6,44,False,0.0,0.0,0.0,0.0,0.0,0.0,0.0,0.0,0.0,0,0,1
325404,57,1791,10,282,False,1.0,1.0,5.0,28.0,39.0,67.0,67.0,5.0,0.582089552238806,1,1,0
325401,115,343,16,49,False,0.0,0.0,0.0,0.0,0.0,0.0,0.0,0.0,0.0,0,0,0
325400,60,476,7,70,False,0.0,0.0,0.0,0.0,0.0,0.0,0.0,0.0,0.0,0,0,0
325399,56,1367,8,171,False,0.0,0.0,0.0,0.0,0.0,0.0,0.0,0.0,0.0,0,0,0
325397,56,586,8,54,False,1.0,1.0,0.0,0.0,0.0,0.0,0.0,0.0,0.0,1,0,0
325396,41,737,6,101,True,1.0,1.0,1.0,1.0,1.0,2.0,2.0,1.0,0.5,1,1,0
325393,33,7218,6,469,False,0.0,0.0,0.0,0.0,0.0,0.0,0.0,0.0,0.0,0,0,1
325391,74,1415,8,168,False,1.0,1.0,2.0,15.0,15.0,30.0,30.0,2.0,0.5,1,1,0
325387,56,1154,9,175,False,1.0,1.0,1.0,2.0,6.0,8.0,8.0,1.0,0.75,1,1,0
325386,29,57,3,9,False,1.0,1.0,1.0,2.0,2.0,4.0,4.0,1.0,0.5,1,1,0
325385,62,2147,9,251,True,0.0,0.0,0.0,0.0,0.0,0.0,0.0,0.0,0.0,0,0,0
325384,59,557,9,82,True,1.0,1.0,1.0,7.0,5.0,12.0,12.0,1.0,0.4166666666666667,1,1,0
325383,66,210,11,24,False,1.0,1.0,0.0,0.0,0.0,0.0,0.0,0.0,0.0,1,0,0
325382,78,2427,9,304,False,1.0,1.0,1.0,83.0,0.0,83.0,83.0,1.0,0.0,1,1,0
325380,40,885,5,105,False,1.0,1.0,3.0,56.0,74.0,130.0,130.0,3.0,0.5692307692307692,1,1,1
325374,62,371,9,54,False,0.0,0.0,0.0,0.0,0.0,0.0,0.0,0.0,0.0,0,0,0
325372,61,1143,7,140,False,0.0,0.0,0.0,0.0,0.0,0.0,0.0,0.0,0.0,0,0,1
325371,62,1124,9,161,True,0.0,0.0,0.0,0.0,0.0,0.0,0.0,0.0,0.0,0,0,0
325370,52,1293,7,163,True,0.0,0.0,0.0,0.0,0.0,0.0,0.0,0.0,0.0,0,0,0
325369,23,49,3,1,False,0.0,0.0,0.0,0.0,0.0,0.0,0.0,0.0,0.0,0,0,0
325368,47,2924,7,398,False,0.0,0.0,0.0,0.0,0.0,0.0,0.0,0.0,0.0,0,0,0
325367,43,922,5,110,False,0.0,0.0,0.0,0.0,0.0,0.0,0.0,0.0,0.0,0,0,1
325366,55,829,8,99,False,0.0,0.0,0.0,0.0,0.0,0.0,0.0,0.0,0.0,0,0,0
325365,43,615,7,88,False,0.0,0.0,0.0,0.0,0.0,0.0,0.0,0.0,0.0,0,0,0
325364,30,55,6,2,False,0.0,0.0,0.0,0.0,0.0,0.0,0.0,0.0,0.0,0,0,0
325359,38,3194,6,281,True,2.0,1.0,2.0,7.0,3.0,10.0,5.0,1.0,0.3,1,1,1
325358,63,1191,4,148,False,1.0,1.0,1.0,3.0,3.0,6.0,6.0,1.0,0.5,1,1,0
325351,49,591,8,95,False,0.0,0.0,0.0,0.0,0.0,0.0,0.0,0.0,0.0,0,0,0
325347,83,5795,12,700,False,0.0,0.0,0.0,0.0,0.0,0.0,0.0,0.0,0.0,0,0,0
325346,65,1813,9,232,False,1.0,1.0,1.0,1.0,5.0,6.0,6.0,1.0,0.8333333333333334,1,1,0
325344,79,2262,13,319,False,0.0,0.0,0.0,0.0,0.0,0.0,0.0,0.0,0.0,0,0,0
325343,29,343,5,49,False,0.0,0.0,0.0,0.0,0.0,0.0,0.0,0.0,0.0,0,0,0
325342,63,2025,10,271,False,0.0,0.0,0.0,0.0,0.0,0.0,0.0,0.0,0.0,0,0,0
325340,45,248,7,34,False,0.0,0.0,0.0,0.0,0.0,0.0,0.0,0.0,0.0,0,0,0
325339,68,5862,8,852,False,5.0,1.0,2.0,218.0,63.0,281.0,56.2,0.4,0.2241992882562277,1,1,0
325338,40,343,7,49,False,0.0,0.0,0.0,0.0,0.0,0.0,0.0,0.0,0.0,0,0,1
325337,52,96,8,3,False,1.0,1.0,1.0,5.0,3.0,8.0,8.0,1.0,0.375,1,1,0
325335,22,0,3,0,False,1.0,1.0,2.0,678.0,38.0,716.0,716.0,2.0,0.053072625698324,1,1,0
325332,67,3038,7,416,False,1.0,1.0,3.0,6.0,5.0,11.0,11.0,3.0,0.4545454545454545,1,1,0
325331,64,3716,9,455,False,1.0,1.0,6.0,61.0,8.0,69.0,69.0,6.0,0.1159420289855072,1,1,1
325329,68,1889,8,264,True,0.0,0.0,0.0,0.0,0.0,0.0,0.0,0.0,0.0,0,0,0
325322,37,0,6,0,False,1.0,1.0,2.0,11.0,6.0,17.0,17.0,2.0,0.3529411764705882,1,1,0
325321,67,2044,11,303,False,1.0,1.0,1.0,1.0,8.0,9.0,9.0,1.0,0.8888888888888888,1,1,1
325320,80,1216,6,159,False,2.0,1.0,1.0,39.0,5.0,44.0,22.0,0.5,0.1136363636363636,1,1,0
325316,52,1105,7,155,False,0.0,0.0,0.0,0.0,0.0,0.0,0.0,0.0,0.0,0,0,0
325314,55,1530,9,215,False,1.0,1.0,2.0,3.0,4.0,7.0,7.0,2.0,0.5714285714285714,1,1,0
325311,40,1269,6,145,True,5.0,1.0,10.0,562.0,234.0,796.0,159.2,2.0,0.2939698492462311,1,1,0
325310,59,343,10,49,False,2.0,1.0,133.0,4373.0,1187.0,5560.0,2780.0,66.5,0.2134892086330935,1,1,1
325309,66,1969,9,232,False,1.0,1.0,4.0,8.0,23.0,31.0,31.0,4.0,0.7419354838709677,1,1,0
325307,90,0,12,0,False,0.0,0.0,0.0,0.0,0.0,0.0,0.0,0.0,0.0,0,0,0
325305,117,1248,9,165,True,0.0,0.0,0.0,0.0,0.0,0.0,0.0,0.0,0.0,0,0,0
325304,71,343,11,49,False,0.0,0.0,0.0,0.0,0.0,0.0,0.0,0.0,0.0,0,0,0
325303,76,1830,9,206,False,2.0,1.0,26.0,809.0,290.0,1099.0,549.5,13.0,0.2638762511373976,1,1,0
325302,31,563,4,78,False,0.0,0.0,0.0,0.0,0.0,0.0,0.0,0.0,0.0,0,0,0
325301,77,2805,12,416,False,1.0,1.0,9.0,114.0,36.0,150.0,150.0,9.0,0.24,1,1,0
325300,64,1402,9,186,False,0.0,0.0,0.0,0.0,0.0,0.0,0.0,0.0,0.0,0,0,0
325299,48,460,6,70,False,7.0,1.0,94.0,21289.0,12564.0,33853.0,4836.142857142857,13.428571428571429,0.3711340206185567,1,1,1
325298,61,2751,8,369,False,3.0,1.0,306.0,20418.0,12314.0,32732.0,10910.666666666666,102.0,0.376206770133203,1,1,1
325295,45,593,6,88,False,0.0,0.0,0.0,0.0,0.0,0.0,0.0,0.0,0.0,0,0,0
325296,39,306,5,44,False,0.0,0.0,0.0,0.0,0.0,0.0,0.0,0.0,0.0,0,0,0
325294,43,557,5,82,False,2.0,1.0,301.0,19868.0,12312.0,32180.0,16090.0,150.5,0.3825978868862648,1,1,1
325293,44,0,7,0,False,0.0,0.0,0.0,0.0,0.0,0.0,0.0,0.0,0.0,0,0,0
325291,55,1429,10,192,False,4.0,1.0,135.0,22902.0,12870.0,35772.0,8943.0,33.75,0.3597785977859778,1,1,1
325284,100,0,15,0,False,0.0,0.0,0.0,0.0,0.0,0.0,0.0,0.0,0.0,0,0,0
325283,67,2075,9,271,False,1.0,1.0,2.0,3.0,2.0,5.0,5.0,2.0,0.4,1,1,1
325278,72,2297,9,358,False,1.0,1.0,2.0,22.0,1.0,23.0,23.0,2.0,0.0434782608695652,1,1,0
325276,42,527,7,67,False,1.0,1.0,3.0,108.0,24.0,132.0,132.0,3.0,0.1818181818181818,1,1,0
325275,33,296,5,44,False,0.0,0.0,0.0,0.0,0.0,0.0,0.0,0.0,0.0,0,0,0
325272,46,1003,7,126,False,0.0,0.0,0.0,0.0,0.0,0.0,0.0,0.0,0.0,0,0,0
325271,56,1190,8,148,False,6.0,1.0,2.0,10.0,10.0,20.0,3.333333333333333,0.3333333333333333,0.5,1,1,0
325269,37,934,5,122,True,0.0,0.0,0.0,0.0,0.0,0.0,0.0,0.0,0.0,0,0,0
325268,18,0,3,0,False,2.0,1.0,6.0,5791.0,5167.0,10958.0,5479.0,3.0,0.4715276510312101,1,1,1
325263,98,1821,12,260,False,5.0,1.0,27.0,2988.0,234.0,3222.0,644.4,5.4,0.0726256983240223,1,1,0
325262,63,677,7,86,False,2.0,1.0,300.0,755.0,302.0,1057.0,528.5,150.0,0.2857142857142857,1,1,0
325259,58,801,5,87,False,0.0,0.0,0.0,0.0,0.0,0.0,0.0,0.0,0.0,0,0,1
325258,32,0,5,0,False,2.0,1.0,2.0,32.0,26.0,58.0,29.0,1.0,0.4482758620689655,1,1,0
325257,82,215,12,20,False,0.0,0.0,0.0,0.0,0.0,0.0,0.0,0.0,0.0,0,0,0
325254,48,343,8,49,False,1.0,1.0,1.0,1.0,2.0,3.0,3.0,1.0,0.6666666666666666,1,1,0
325249,65,1464,9,195,False,2.0,1.0,6.0,128.0,64.0,192.0,96.0,3.0,0.3333333333333333,1,1,0
325247,47,343,8,49,False,0.0,0.0,0.0,0.0,0.0,0.0,0.0,0.0,0.0,0,0,0
325241,47,0,7,0,False,1.0,1.0,300.0,16430.0,8472.0,24902.0,24902.0,300.0,0.3402136374588386,1,1,1
325239,69,1970,8,252,False,3.0,1.0,209.0,12323.0,1226.0,13549.0,4516.333333333333,69.66666666666667,0.0904863827588751,1,1,1
325238,64,2670,8,354,False,1.0,1.0,2.0,169.0,41.0,210.0,210.0,2.0,0.1952380952380952,1,1,0
325234,23,281,4,7,False,0.0,0.0,0.0,0.0,0.0,0.0,0.0,0.0,0.0,0,0,0
325233,38,55,5,2,False,0.0,0.0,0.0,0.0,0.0,0.0,0.0,0.0,0.0,0,0,0
325228,70,862,11,123,False,0.0,0.0,0.0,0.0,0.0,0.0,0.0,0.0,0.0,0,0,0
325226,57,2912,7,390,False,1.0,1.0,2.0,58.0,38.0,96.0,96.0,2.0,0.3958333333333333,1,1,0
325223,49,0,7,0,False,6.0,1.0,306.0,21428.0,12388.0,33816.0,5636.0,51.0,0.3663354625029572,1,1,1
325222,40,536,7,86,False,1.0,1.0,1.0,2.0,0.0,2.0,2.0,1.0,0.0,1,1,0
325212,57,2178,9,303,False,1.0,1.0,3.0,69.0,11.0,80.0,80.0,3.0,0.1375,1,1,0
325211,53,504,6,70,False,4.0,1.0,2.0,158.0,35.0,193.0,48.25,0.5,0.1813471502590673,1,1,0
325209,64,512,7,75,True,1.0,1.0,7.0,53.0,296.0,349.0,349.0,7.0,0.8481375358166189,1,1,1
325207,43,2675,7,327,False,2.0,1.0,8.0,181.0,68.0,249.0,124.5,4.0,0.2730923694779116,1,1,0
325206,42,109,6,17,True,2.0,1.0,20.0,95.0,285.0,380.0,190.0,10.0,0.75,1,1,0
325205,48,1390,8,189,False,1.0,1.0,2.0,150.0,8.0,158.0,158.0,2.0,0.050632911392405,1,1,0
325203,25,343,4,49,False,0.0,0.0,0.0,0.0,0.0,0.0,0.0,0.0,0.0,0,0,0
325202,56,2564,9,343,False,1.0,1.0,1.0,53.0,100.0,153.0,153.0,1.0,0.6535947712418301,1,1,0
325200,36,671,5,86,False,4.0,1.0,302.0,21621.0,12398.0,34019.0,8504.75,75.5,0.3644433992768747,1,1,1
325198,46,534,6,67,False,5.0,1.0,289.0,13407.0,1811.0,15218.0,3043.6,57.8,0.1190038112761203,1,1,1
325196,59,1145,8,163,False,0.0,0.0,0.0,0.0,0.0,0.0,0.0,0.0,0.0,0,0,0
325195,60,749,9,94,False,4.0,1.0,302.0,22093.0,12435.0,34528.0,8632.0,75.5,0.3601424930491195,1,1,1
325194,59,3463,10,430,False,0.0,0.0,0.0,0.0,0.0,0.0,0.0,0.0,0.0,0,0,0
325193,54,471,10,62,False,0.0,0.0,0.0,0.0,0.0,0.0,0.0,0.0,0.0,0,0,0
325191,47,1665,6,249,False,2.0,1.0,18.0,337.0,106.0,443.0,221.5,9.0,0.2392776523702031,1,1,0
325190,57,703,9,87,False,0.0,0.0,0.0,0.0,0.0,0.0,0.0,0.0,0.0,0,0,0
325189,67,1145,11,146,False,1.0,1.0,1.0,4.0,2.0,6.0,6.0,1.0,0.3333333333333333,1,1,0
325187,49,568,8,80,False,1.0,1.0,1.0,3.0,3.0,6.0,6.0,1.0,0.5,1,1,1
325184,43,845,8,112,False,0.0,0.0,0.0,0.0,0.0,0.0,0.0,0.0,0.0,0,0,1
325183,59,761,9,77,False,1.0,1.0,2.0,14.0,11.0,25.0,25.0,2.0,0.44,1,1,0
325181,86,343,10,49,False,0.0,0.0,0.0,0.0,0.0,0.0,0.0,0.0,0.0,0,0,0
325180,50,852,9,92,False,0.0,0.0,0.0,0.0,0.0,0.0,0.0,0.0,0.0,0,0,0
325175,36,39,6,5,False,4.0,2.0,126.0,5682.0,842.0,6524.0,1631.0,31.5,0.1290619251992642,1,1,1
325173,49,1220,8,162,False,1.0,1.0,1.0,21.0,3.0,24.0,24.0,1.0,0.125,1,1,0
325170,47,416,8,51,False,1.0,1.0,1.0,1.0,1.0,2.0,2.0,1.0,0.5,1,1,0
325169,20,389,5,51,False,0.0,0.0,0.0,0.0,0.0,0.0,0.0,0.0,0.0,0,0,0
325168,32,1553,3,207,False,3.0,1.0,1.0,42.0,15.0,57.0,19.0,0.3333333333333333,0.2631578947368421,1,1,0
325166,42,343,8,49,False,2.0,1.0,13.0,549.0,15.0,564.0,282.0,6.5,0.026595744680851,1,1,0
325165,32,1353,5,183,False,0.0,0.0,0.0,0.0,0.0,0.0,0.0,0.0,0.0,0,0,1
325163,60,2523,7,317,False,0.0,0.0,0.0,0.0,0.0,0.0,0.0,0.0,0.0,0,0,0
325161,21,135,3,11,False,2.0,1.0,300.0,13704.0,2012.0,15716.0,7858.0,150.0,0.1280223975566302,1,1,1
325159,62,2545,8,364,False,1.0,1.0,3.0,16.0,4.0,20.0,20.0,3.0,0.2,1,1,0
325158,76,2485,8,299,False,0.0,0.0,0.0,0.0,0.0,0.0,0.0,0.0,0.0,0,0,0
325155,46,343,7,49,False,4.0,1.0,320.0,15383.0,1955.0,17338.0,4334.5,80.0,0.1127581035874956,1,1,1
325154,69,575,11,87,True,0.0,0.0,0.0,0.0,0.0,0.0,0.0,0.0,0.0,0,0,0
325153,71,647,8,93,True,1.0,1.0,1.0,1.0,8.0,9.0,9.0,1.0,0.8888888888888888,1,1,0
325151,47,349,7,49,True,0.0,0.0,0.0,0.0,0.0,0.0,0.0,0.0,0.0,0,0,0
325148,52,1408,8,198,False,0.0,0.0,0.0,0.0,0.0,0.0,0.0,0.0,0.0,0,0,0
325145,85,3011,11,429,False,1.0,1.0,1.0,2.0,2.0,4.0,4.0,1.0,0.5,1,1,1
325143,77,4841,11,564,False,0.0,0.0,0.0,0.0,0.0,0.0,0.0,0.0,0.0,0,0,0
325140,72,1239,10,139,False,1.0,1.0,1.0,4.0,8.0,12.0,12.0,1.0,0.6666666666666666,1,1,0
325139,56,2381,6,301,False,4.0,1.0,30.0,582.0,189.0,771.0,192.75,7.5,0.245136186770428,1,1,0
325138,48,1346,8,157,False,18.0,1.0,17.0,1370.0,700.0,2070.0,115.0,0.9444444444444444,0.3381642512077294,1,1,0
325137,72,1849,11,264,False,0.0,0.0,0.0,0.0,0.0,0.0,0.0,0.0,0.0,0,0,0
325135,64,1189,11,179,False,0.0,0.0,0.0,0.0,0.0,0.0,0.0,0.0,0.0,0,0,0
325134,74,1151,9,160,False,0.0,0.0,0.0,0.0,0.0,0.0,0.0,0.0,0.0,0,0,0
325131,57,343,4,49,False,1.0,1.0,2.0,11.0,0.0,11.0,11.0,2.0,0.0,1,1,0
325129,47,0,7,0,False,1.0,1.0,286.0,14058.0,1850.0,15908.0,15908.0,286.0,0.1162936887100829,1,1,1
325126,94,538,14,62,False,1.0,1.0,1.0,1.0,1.0,2.0,2.0,1.0,0.5,1,1,0
325124,62,176,9,28,False,0.0,0.0,0.0,0.0,0.0,0.0,0.0,0.0,0.0,0,0,0
325123,65,1625,8,233,False,0.0,0.0,0.0,0.0,0.0,0.0,0.0,0.0,0.0,0,0,0
325122,63,2297,11,291,False,1.0,1.0,5.0,63.0,75.0,138.0,138.0,5.0,0.5434782608695652,1,1,1
325120,61,1315,10,160,False,0.0,0.0,0.0,0.0,0.0,0.0,0.0,0.0,0.0,0,0,0
325119,70,3401,11,424,False,0.0,0.0,0.0,0.0,0.0,0.0,0.0,0.0,0.0,0,0,0
325118,54,343,5,49,False,2.0,1.0,2.0,26.0,2.0,28.0,14.0,1.0,0.0714285714285714,1,1,1
325117,68,282,10,27,False,0.0,0.0,0.0,0.0,0.0,0.0,0.0,0.0,0.0,0,0,0
