entity_type,entity_id,related_type,related_id,direct_or_indirect,relationship,impact_depth,impact_path
PR,335918,COMMIT,adc9092582503ef136344e5d017aa68b3c10c944,DIRECT,PR_HAS_COMMIT,1,PR:335918 -> COMMIT:adc9092582503ef136344e5d017aa68b3c10c944
PR,335918,FILE,src/vs/platform/agentHost/node/copilot/copilotAgent.ts,INDIRECT,COMMIT_MODIFIES_FILE,2,PR:335918 -> COMMIT:adc9092582503ef136344e5d017aa68b3c10c944 -> FILE:src/vs/platform/agentHost/node/copilot/copilotAgent.ts
PR,335918,FILE,src/vs/platform/agentHost/node/copilot/copilotAgentSession.ts,INDIRECT,COMMIT_MODIFIES_FILE,2,PR:335918 -> COMMIT:adc9092582503ef136344e5d017aa68b3c10c944 -> FILE:src/vs/platform/agentHost/node/copilot/copilotAgentSession.ts
PR,335918,FILE,src/vs/platform/agentHost/node/copilot/copilotSandboxPolicyDisplay.ts,INDIRECT,COMMIT_MODIFIES_FILE,2,PR:335918 -> COMMIT:adc9092582503ef136344e5d017aa68b3c10c944 -> FILE:src/vs/platform/agentHost/node/copilot/copilotSandboxPolicyDisplay.ts
PR,335918,FILE,src/vs/platform/agentHost/node/copilot/copilotSlashCommand.ts,INDIRECT,COMMIT_MODIFIES_FILE,2,PR:335918 -> COMMIT:adc9092582503ef136344e5d017aa68b3c10c944 -> FILE:src/vs/platform/agentHost/node/copilot/copilotSlashCommand.ts
PR,335918,FILE,src/vs/platform/agentHost/node/copilot/copilotSlashCommandCompletionProvider.ts,INDIRECT,COMMIT_MODIFIES_FILE,2,PR:335918 -> COMMIT:adc9092582503ef136344e5d017aa68b3c10c944 -> FILE:src/vs/platform/agentHost/node/copilot/copilotSlashCommandCompletionProvider.ts
PR,335918,FILE,src/vs/platform/agentHost/node/copilot/copilotSlashCommandProvider.ts,INDIRECT,COMMIT_MODIFIES_FILE,2,PR:335918 -> COMMIT:adc9092582503ef136344e5d017aa68b3c10c944 -> FILE:src/vs/platform/agentHost/node/copilot/copilotSlashCommandProvider.ts
PR,335918,FILE,src/vs/platform/agentHost/test/node/copilotAgentSession.test.ts,INDIRECT,COMMIT_MODIFIES_FILE,2,PR:335918 -> COMMIT:adc9092582503ef136344e5d017aa68b3c10c944 -> FILE:src/vs/platform/agentHost/test/node/copilotAgentSession.test.ts
PR,335918,FILE,src/vs/platform/agentHost/test/node/copilotSlashCommand.test.ts,INDIRECT,COMMIT_MODIFIES_FILE,2,PR:335918 -> COMMIT:adc9092582503ef136344e5d017aa68b3c10c944 -> FILE:src/vs/platform/agentHost/test/node/copilotSlashCommand.test.ts
PR,335918,FILE,src/vs/platform/agentHost/test/node/copilotSlashCommandCompletionProvider.test.ts,INDIRECT,COMMIT_MODIFIES_FILE,2,PR:335918 -> COMMIT:adc9092582503ef136344e5d017aa68b3c10c944 -> FILE:src/vs/platform/agentHost/test/node/copilotSlashCommandCompletionProvider.test.ts
PR,335918,FILE,src/vs/workbench/contrib/chat/browser/actions/chatAccessibilityHelp.ts,INDIRECT,COMMIT_MODIFIES_FILE,2,PR:335918 -> COMMIT:adc9092582503ef136344e5d017aa68b3c10c944 -> FILE:src/vs/workbench/contrib/chat/browser/actions/chatAccessibilityHelp.ts
PR,335918,FILE,src/vs/workbench/contrib/chat/browser/agentSessions/agentHost/stateToProgressAdapter.ts,INDIRECT,COMMIT_MODIFIES_FILE,2,PR:335918 -> COMMIT:adc9092582503ef136344e5d017aa68b3c10c944 -> FILE:src/vs/workbench/contrib/chat/browser/agentSessions/agentHost/stateToProgressAdapter.ts
PR,335918,FILE,src/vs/workbench/contrib/chat/browser/widget/chatContentParts/chatInlineAnchorWidget.ts,INDIRECT,COMMIT_MODIFIES_FILE,2,PR:335918 -> COMMIT:adc9092582503ef136344e5d017aa68b3c10c944 -> FILE:src/vs/workbench/contrib/chat/browser/widget/chatContentParts/chatInlineAnchorWidget.ts
PR,335918,FILE,src/vs/workbench/contrib/chat/browser/widget/chatContentParts/chatMarkdownDecorationsRenderer.ts,INDIRECT,COMMIT_MODIFIES_FILE,2,PR:335918 -> COMMIT:adc9092582503ef136344e5d017aa68b3c10c944 -> FILE:src/vs/workbench/contrib/chat/browser/widget/chatContentParts/chatMarkdownDecorationsRenderer.ts
PR,335918,FILE,src/vs/workbench/contrib/chat/browser/widget/chatContentParts/media/chatInlineAnchorWidget.css,INDIRECT,COMMIT_MODIFIES_FILE,2,PR:335918 -> COMMIT:adc9092582503ef136344e5d017aa68b3c10c944 -> FILE:src/vs/workbench/contrib/chat/browser/widget/chatContentParts/media/chatInlineAnchorWidget.css
PR,335918,FILE,src/vs/workbench/contrib/chat/test/browser/accessibility/chatAccessibilityHelp.test.ts,INDIRECT,COMMIT_MODIFIES_FILE,2,PR:335918 -> COMMIT:adc9092582503ef136344e5d017aa68b3c10c944 -> FILE:src/vs/workbench/contrib/chat/test/browser/accessibility/chatAccessibilityHelp.test.ts
PR,335918,FILE,src/vs/workbench/contrib/chat/test/browser/agentSessions/stateToProgressAdapter.test.ts,INDIRECT,COMMIT_MODIFIES_FILE,2,PR:335918 -> COMMIT:adc9092582503ef136344e5d017aa68b3c10c944 -> FILE:src/vs/workbench/contrib/chat/test/browser/agentSessions/stateToProgressAdapter.test.ts
PR,335918,FILE,src/vs/workbench/contrib/chat/test/browser/widget/chatContentParts/chatInlineAnchorWidget.test.ts,INDIRECT,COMMIT_MODIFIES_FILE,2,PR:335918 -> COMMIT:adc9092582503ef136344e5d017aa68b3c10c944 -> FILE:src/vs/workbench/contrib/chat/test/browser/widget/chatContentParts/chatInlineAnchorWidget.test.ts
PR,335918,FILE,src/vs/workbench/contrib/chat/test/browser/widget/chatContentParts/chatMarkdownContentPart.test.ts,INDIRECT,COMMIT_MODIFIES_FILE,2,PR:335918 -> COMMIT:adc9092582503ef136344e5d017aa68b3c10c944 -> FILE:src/vs/workbench/contrib/chat/test/browser/widget/chatContentParts/chatMarkdownContentPart.test.ts
PR,335918,FILE,src/vs/workbench/test/browser/componentFixtures/chat/chatWidget.fixture.ts,INDIRECT,COMMIT_MODIFIES_FILE,2,PR:335918 -> COMMIT:adc9092582503ef136344e5d017aa68b3c10c944 -> FILE:src/vs/workbench/test/browser/componentFixtures/chat/chatWidget.fixture.ts
PR,335918,DEVELOPER,dileepyavan,INDIRECT,DEVELOPER_AUTHORED_COMMIT,2,PR:335918 -> COMMIT:adc9092582503ef136344e5d017aa68b3c10c944 -> DEVELOPER:dileepyavan
PR,335918,COMMIT,4f7e975e2be576c0b963e7c4122d105b830972fc,INDIRECT,COMMIT_MODIFIES_FILE,3,PR:335918 -> COMMIT:adc9092582503ef136344e5d017aa68b3c10c944 -> FILE:src/vs/platform/agentHost/node/copilot/copilotAgent.ts -> COMMIT:4f7e975e2be576c0b963e7c4122d105b830972fc
PR,335918,COMMIT,54c830ac7135c0820a440f097abc6a7a4bb2142f,INDIRECT,COMMIT_MODIFIES_FILE,3,PR:335918 -> COMMIT:adc9092582503ef136344e5d017aa68b3c10c944 -> FILE:src/vs/platform/agentHost/node/copilot/copilotAgent.ts -> COMMIT:54c830ac7135c0820a440f097abc6a7a4bb2142f
PR,335918,COMMIT,229facda6b80e0c6415a97dccb1455749b03e519,INDIRECT,COMMIT_MODIFIES_FILE,3,PR:335918 -> COMMIT:adc9092582503ef136344e5d017aa68b3c10c944 -> FILE:src/vs/platform/agentHost/node/copilot/copilotAgent.ts -> COMMIT:229facda6b80e0c6415a97dccb1455749b03e519
PR,335918,COMMIT,b29b5486f9706362c7ba360676f05de2822163b0,INDIRECT,COMMIT_MODIFIES_FILE,3,PR:335918 -> COMMIT:adc9092582503ef136344e5d017aa68b3c10c944 -> FILE:src/vs/platform/agentHost/node/copilot/copilotAgent.ts -> COMMIT:b29b5486f9706362c7ba360676f05de2822163b0
PR,335918,COMMIT,96bb65f6741ae487e77852301f717054f22e262d,INDIRECT,COMMIT_MODIFIES_FILE,3,PR:335918 -> COMMIT:adc9092582503ef136344e5d017aa68b3c10c944 -> FILE:src/vs/platform/agentHost/node/copilot/copilotAgent.ts -> COMMIT:96bb65f6741ae487e77852301f717054f22e262d
PR,335918,COMMIT,218cfe5c4638a91161d38a883cffe1b03db06112,INDIRECT,COMMIT_MODIFIES_FILE,3,PR:335918 -> COMMIT:adc9092582503ef136344e5d017aa68b3c10c944 -> FILE:src/vs/platform/agentHost/node/copilot/copilotAgent.ts -> COMMIT:218cfe5c4638a91161d38a883cffe1b03db06112
PR,335918,COMMIT,c460a66df1aa4f811d5fbcf420e7152afd0d9350,INDIRECT,COMMIT_MODIFIES_FILE,3,PR:335918 -> COMMIT:adc9092582503ef136344e5d017aa68b3c10c944 -> FILE:src/vs/platform/agentHost/node/copilot/copilotAgent.ts -> COMMIT:c460a66df1aa4f811d5fbcf420e7152afd0d9350
PR,335918,COMMIT,d755b37a865665ba36d116d4ae794611b3612f84,INDIRECT,COMMIT_MODIFIES_FILE,3,PR:335918 -> COMMIT:adc9092582503ef136344e5d017aa68b3c10c944 -> FILE:src/vs/platform/agentHost/node/copilot/copilotAgent.ts -> COMMIT:d755b37a865665ba36d116d4ae794611b3612f84
PR,335918,COMMIT,a517096615a85d779c3f5c5d1388c3ef14525e2a,INDIRECT,COMMIT_MODIFIES_FILE,3,PR:335918 -> COMMIT:adc9092582503ef136344e5d017aa68b3c10c944 -> FILE:src/vs/platform/agentHost/node/copilot/copilotAgent.ts -> COMMIT:a517096615a85d779c3f5c5d1388c3ef14525e2a
PR,335918,COMMIT,e7d98681ee9fad7b2eec4c8875a8d5f1d8ec9802,INDIRECT,COMMIT_MODIFIES_FILE,3,PR:335918 -> COMMIT:adc9092582503ef136344e5d017aa68b3c10c944 -> FILE:src/vs/platform/agentHost/node/copilot/copilotAgent.ts -> COMMIT:e7d98681ee9fad7b2eec4c8875a8d5f1d8ec9802
PR,335918,COMMIT,f8396b3fb7afa2cb1f1ffb5c74e10e4b937524f4,INDIRECT,COMMIT_MODIFIES_FILE,3,PR:335918 -> COMMIT:adc9092582503ef136344e5d017aa68b3c10c944 -> FILE:src/vs/platform/agentHost/node/copilot/copilotAgent.ts -> COMMIT:f8396b3fb7afa2cb1f1ffb5c74e10e4b937524f4
PR,335918,COMMIT,0df889b0c00bf9a6467ce268cf6091c0765b6c6a,INDIRECT,COMMIT_MODIFIES_FILE,3,PR:335918 -> COMMIT:adc9092582503ef136344e5d017aa68b3c10c944 -> FILE:src/vs/platform/agentHost/node/copilot/copilotAgent.ts -> COMMIT:0df889b0c00bf9a6467ce268cf6091c0765b6c6a
PR,335918,COMMIT,4859dc2b0f0d1da0ac0813f75005fd0826e53f6f,INDIRECT,COMMIT_MODIFIES_FILE,3,PR:335918 -> COMMIT:adc9092582503ef136344e5d017aa68b3c10c944 -> FILE:src/vs/platform/agentHost/node/copilot/copilotAgent.ts -> COMMIT:4859dc2b0f0d1da0ac0813f75005fd0826e53f6f
PR,335918,COMMIT,e083d5f6bc66dff5ce4a30781b25c0eed695a87a,INDIRECT,COMMIT_MODIFIES_FILE,3,PR:335918 -> COMMIT:adc9092582503ef136344e5d017aa68b3c10c944 -> FILE:src/vs/platform/agentHost/node/copilot/copilotAgent.ts -> COMMIT:e083d5f6bc66dff5ce4a30781b25c0eed695a87a
PR,335918,COMMIT,162e8d6859b1c10a269d7af91151906872860171,INDIRECT,COMMIT_MODIFIES_FILE,3,PR:335918 -> COMMIT:adc9092582503ef136344e5d017aa68b3c10c944 -> FILE:src/vs/platform/agentHost/node/copilot/copilotAgent.ts -> COMMIT:162e8d6859b1c10a269d7af91151906872860171
PR,335918,COMMIT,9fc8a14cdec72e573e7d4807c6b78be896bdc66a,INDIRECT,COMMIT_MODIFIES_FILE,3,PR:335918 -> COMMIT:adc9092582503ef136344e5d017aa68b3c10c944 -> FILE:src/vs/platform/agentHost/node/copilot/copilotAgent.ts -> COMMIT:9fc8a14cdec72e573e7d4807c6b78be896bdc66a
PR,335918,COMMIT,8f8847e5eda52a772cb832b5368d1ff8254a6942,INDIRECT,COMMIT_MODIFIES_FILE,3,PR:335918 -> COMMIT:adc9092582503ef136344e5d017aa68b3c10c944 -> FILE:src/vs/platform/agentHost/node/copilot/copilotAgent.ts -> COMMIT:8f8847e5eda52a772cb832b5368d1ff8254a6942
PR,335918,COMMIT,3fc720557bcc2e8f0d328580e44541e41b1fff26,INDIRECT,COMMIT_MODIFIES_FILE,3,PR:335918 -> COMMIT:adc9092582503ef136344e5d017aa68b3c10c944 -> FILE:src/vs/platform/agentHost/node/copilot/copilotAgent.ts -> COMMIT:3fc720557bcc2e8f0d328580e44541e41b1fff26
PR,335918,COMMIT,7248f8fde85f9bf08884d428422d5b3a0cdf936f,INDIRECT,COMMIT_MODIFIES_FILE,3,PR:335918 -> COMMIT:adc9092582503ef136344e5d017aa68b3c10c944 -> FILE:src/vs/platform/agentHost/node/copilot/copilotAgent.ts -> COMMIT:7248f8fde85f9bf08884d428422d5b3a0cdf936f
PR,335918,COMMIT,1e8b83fd5cbd0a58eb49ab19e7ad88c933aa574e,INDIRECT,COMMIT_MODIFIES_FILE,3,PR:335918 -> COMMIT:adc9092582503ef136344e5d017aa68b3c10c944 -> FILE:src/vs/platform/agentHost/node/copilot/copilotAgent.ts -> COMMIT:1e8b83fd5cbd0a58eb49ab19e7ad88c933aa574e
PR,335918,COMMIT,815c312e77a009a93e03aa3d9314d92bb8948e9b,INDIRECT,COMMIT_MODIFIES_FILE,3,PR:335918 -> COMMIT:adc9092582503ef136344e5d017aa68b3c10c944 -> FILE:src/vs/platform/agentHost/node/copilot/copilotAgent.ts -> COMMIT:815c312e77a009a93e03aa3d9314d92bb8948e9b
PR,335918,COMMIT,54b1d1ee8a881d3566c26a7538650109bc468ccc,INDIRECT,COMMIT_MODIFIES_FILE,3,PR:335918 -> COMMIT:adc9092582503ef136344e5d017aa68b3c10c944 -> FILE:src/vs/platform/agentHost/node/copilot/copilotAgent.ts -> COMMIT:54b1d1ee8a881d3566c26a7538650109bc468ccc
PR,335918,COMMIT,cef1a6f2d17b389e1f23c49762ae60eea9e1f28e,INDIRECT,COMMIT_MODIFIES_FILE,3,PR:335918 -> COMMIT:adc9092582503ef136344e5d017aa68b3c10c944 -> FILE:src/vs/platform/agentHost/node/copilot/copilotAgent.ts -> COMMIT:cef1a6f2d17b389e1f23c49762ae60eea9e1f28e
PR,335918,COMMIT,5373185ed4c8299239ffbc53e3c949479f58dd1b,INDIRECT,COMMIT_MODIFIES_FILE,3,PR:335918 -> COMMIT:adc9092582503ef136344e5d017aa68b3c10c944 -> FILE:src/vs/platform/agentHost/node/copilot/copilotAgent.ts -> COMMIT:5373185ed4c8299239ffbc53e3c949479f58dd1b
PR,335918,COMMIT,2ef6ecc1b659743d3e5d8f90625b20503c0afed3,INDIRECT,COMMIT_MODIFIES_FILE,3,PR:335918 -> COMMIT:adc9092582503ef136344e5d017aa68b3c10c944 -> FILE:src/vs/platform/agentHost/node/copilot/copilotAgent.ts -> COMMIT:2ef6ecc1b659743d3e5d8f90625b20503c0afed3
PR,335918,COMMIT,9ea46e273ba01090de90d08dcf61b391c5b44e22,INDIRECT,COMMIT_MODIFIES_FILE,3,PR:335918 -> COMMIT:adc9092582503ef136344e5d017aa68b3c10c944 -> FILE:src/vs/platform/agentHost/node/copilot/copilotAgent.ts -> COMMIT:9ea46e273ba01090de90d08dcf61b391c5b44e22
PR,335918,COMMIT,6720b6583c2f91b7ae56ee262d9b2d51c6cf1395,INDIRECT,COMMIT_MODIFIES_FILE,3,PR:335918 -> COMMIT:adc9092582503ef136344e5d017aa68b3c10c944 -> FILE:src/vs/platform/agentHost/node/copilot/copilotAgent.ts -> COMMIT:6720b6583c2f91b7ae56ee262d9b2d51c6cf1395
PR,335918,COMMIT,162834ca8c2a5ec3355a42aef108a1f4c1e0dbcb,INDIRECT,COMMIT_MODIFIES_FILE,3,PR:335918 -> COMMIT:adc9092582503ef136344e5d017aa68b3c10c944 -> FILE:src/vs/platform/agentHost/node/copilot/copilotAgent.ts -> COMMIT:162834ca8c2a5ec3355a42aef108a1f4c1e0dbcb
PR,335918,COMMIT,ecf3a321944741f858755e66528254cb0e44d9f3,INDIRECT,COMMIT_MODIFIES_FILE,3,PR:335918 -> COMMIT:adc9092582503ef136344e5d017aa68b3c10c944 -> FILE:src/vs/platform/agentHost/node/copilot/copilotAgent.ts -> COMMIT:ecf3a321944741f858755e66528254cb0e44d9f3
PR,335918,COMMIT,c2f79ae7584286cbedec2703b064a390b40721af,INDIRECT,COMMIT_MODIFIES_FILE,3,PR:335918 -> COMMIT:adc9092582503ef136344e5d017aa68b3c10c944 -> FILE:src/vs/platform/agentHost/node/copilot/copilotAgent.ts -> COMMIT:c2f79ae7584286cbedec2703b064a390b40721af
PR,335918,COMMIT,5365a6e9cd4b7c38a7f02e0c61ad9e2054535f29,INDIRECT,COMMIT_MODIFIES_FILE,3,PR:335918 -> COMMIT:adc9092582503ef136344e5d017aa68b3c10c944 -> FILE:src/vs/platform/agentHost/node/copilot/copilotAgent.ts -> COMMIT:5365a6e9cd4b7c38a7f02e0c61ad9e2054535f29
PR,335918,COMMIT,57a0bfc21ad82688b545a257ad7813f258c3d892,INDIRECT,COMMIT_MODIFIES_FILE,3,PR:335918 -> COMMIT:adc9092582503ef136344e5d017aa68b3c10c944 -> FILE:src/vs/platform/agentHost/node/copilot/copilotAgent.ts -> COMMIT:57a0bfc21ad82688b545a257ad7813f258c3d892
PR,335918,COMMIT,e24108b67c400e5882bf960a6ade0ab4a5095405,INDIRECT,COMMIT_MODIFIES_FILE,3,PR:335918 -> COMMIT:adc9092582503ef136344e5d017aa68b3c10c944 -> FILE:src/vs/platform/agentHost/node/copilot/copilotAgent.ts -> COMMIT:e24108b67c400e5882bf960a6ade0ab4a5095405
PR,335918,COMMIT,5186c6fc73f5fe0abc3df0934b1123679d9e57c3,INDIRECT,COMMIT_MODIFIES_FILE,3,PR:335918 -> COMMIT:adc9092582503ef136344e5d017aa68b3c10c944 -> FILE:src/vs/platform/agentHost/node/copilot/copilotAgent.ts -> COMMIT:5186c6fc73f5fe0abc3df0934b1123679d9e57c3
PR,335918,COMMIT,9f302f52f22b79c48312da37460f2a8f79b3aa24,INDIRECT,COMMIT_MODIFIES_FILE,3,PR:335918 -> COMMIT:adc9092582503ef136344e5d017aa68b3c10c944 -> FILE:src/vs/platform/agentHost/node/copilot/copilotAgent.ts -> COMMIT:9f302f52f22b79c48312da37460f2a8f79b3aa24
PR,335918,COMMIT,212ec3f80b8fa8f5c2ae8e903ccf49bb87984593,INDIRECT,COMMIT_MODIFIES_FILE,3,PR:335918 -> COMMIT:adc9092582503ef136344e5d017aa68b3c10c944 -> FILE:src/vs/platform/agentHost/node/copilot/copilotAgent.ts -> COMMIT:212ec3f80b8fa8f5c2ae8e903ccf49bb87984593
PR,335918,COMMIT,4fb479997e2cdc51c9504bea57a1520f75c86b85,INDIRECT,COMMIT_MODIFIES_FILE,3,PR:335918 -> COMMIT:adc9092582503ef136344e5d017aa68b3c10c944 -> FILE:src/vs/platform/agentHost/node/copilot/copilotAgent.ts -> COMMIT:4fb479997e2cdc51c9504bea57a1520f75c86b85
PR,335918,COMMIT,17ff793d11d731877e9646a4aace228a97e67309,INDIRECT,COMMIT_MODIFIES_FILE,3,PR:335918 -> COMMIT:adc9092582503ef136344e5d017aa68b3c10c944 -> FILE:src/vs/platform/agentHost/node/copilot/copilotAgent.ts -> COMMIT:17ff793d11d731877e9646a4aace228a97e67309
PR,335918,COMMIT,7f5e86442bfd1a27d27d3a484953f0be00eedb2f,INDIRECT,COMMIT_MODIFIES_FILE,3,PR:335918 -> COMMIT:adc9092582503ef136344e5d017aa68b3c10c944 -> FILE:src/vs/platform/agentHost/node/copilot/copilotAgent.ts -> COMMIT:7f5e86442bfd1a27d27d3a484953f0be00eedb2f
PR,335918,COMMIT,5a136b4c9ea814790e247fa65f3df734c99aceeb,INDIRECT,COMMIT_MODIFIES_FILE,3,PR:335918 -> COMMIT:adc9092582503ef136344e5d017aa68b3c10c944 -> FILE:src/vs/platform/agentHost/node/copilot/copilotAgent.ts -> COMMIT:5a136b4c9ea814790e247fa65f3df734c99aceeb
PR,335918,COMMIT,9fd4c20c813436cbedfa43a0a90554f974c96e9d,INDIRECT,COMMIT_MODIFIES_FILE,3,PR:335918 -> COMMIT:adc9092582503ef136344e5d017aa68b3c10c944 -> FILE:src/vs/platform/agentHost/node/copilot/copilotAgent.ts -> COMMIT:9fd4c20c813436cbedfa43a0a90554f974c96e9d
PR,335918,COMMIT,241fdcc7a112b3c37254a8534df84ddf6e2a1563,INDIRECT,COMMIT_MODIFIES_FILE,3,PR:335918 -> COMMIT:adc9092582503ef136344e5d017aa68b3c10c944 -> FILE:src/vs/platform/agentHost/node/copilot/copilotAgent.ts -> COMMIT:241fdcc7a112b3c37254a8534df84ddf6e2a1563
PR,335918,COMMIT,7544a38e76da0ccf3c816cdcdc21ea9ed717a5a9,INDIRECT,COMMIT_MODIFIES_FILE,3,PR:335918 -> COMMIT:adc9092582503ef136344e5d017aa68b3c10c944 -> FILE:src/vs/platform/agentHost/node/copilot/copilotAgent.ts -> COMMIT:7544a38e76da0ccf3c816cdcdc21ea9ed717a5a9
PR,335918,COMMIT,41adf78fbdcf2e6ef3f365fd67d0e48643d71911,INDIRECT,COMMIT_MODIFIES_FILE,3,PR:335918 -> COMMIT:adc9092582503ef136344e5d017aa68b3c10c944 -> FILE:src/vs/platform/agentHost/node/copilot/copilotAgent.ts -> COMMIT:41adf78fbdcf2e6ef3f365fd67d0e48643d71911
PR,335918,COMMIT,73ab62e6a9f7bc4c25e42fcb5b2ba435e63c94a0,INDIRECT,COMMIT_MODIFIES_FILE,3,PR:335918 -> COMMIT:adc9092582503ef136344e5d017aa68b3c10c944 -> FILE:src/vs/platform/agentHost/node/copilot/copilotAgent.ts -> COMMIT:73ab62e6a9f7bc4c25e42fcb5b2ba435e63c94a0
PR,335918,COMMIT,4854e0e62366ee70c5a43262778d38c81b04710f,INDIRECT,COMMIT_MODIFIES_FILE,3,PR:335918 -> COMMIT:adc9092582503ef136344e5d017aa68b3c10c944 -> FILE:src/vs/platform/agentHost/node/copilot/copilotAgent.ts -> COMMIT:4854e0e62366ee70c5a43262778d38c81b04710f
PR,335918,COMMIT,572d74184fb2b62230c9f9655130c2cd5ca47544,INDIRECT,COMMIT_MODIFIES_FILE,3,PR:335918 -> COMMIT:adc9092582503ef136344e5d017aa68b3c10c944 -> FILE:src/vs/platform/agentHost/node/copilot/copilotAgent.ts -> COMMIT:572d74184fb2b62230c9f9655130c2cd5ca47544
PR,335918,COMMIT,3fae7c42ec70b0518c581a73da598c54f60d9c6e,INDIRECT,COMMIT_MODIFIES_FILE,3,PR:335918 -> COMMIT:adc9092582503ef136344e5d017aa68b3c10c944 -> FILE:src/vs/platform/agentHost/node/copilot/copilotAgent.ts -> COMMIT:3fae7c42ec70b0518c581a73da598c54f60d9c6e
PR,335918,COMMIT,4a777b2a907a3852bf4ed9e571de46c4e07b4a42,INDIRECT,COMMIT_MODIFIES_FILE,3,PR:335918 -> COMMIT:adc9092582503ef136344e5d017aa68b3c10c944 -> FILE:src/vs/platform/agentHost/node/copilot/copilotAgent.ts -> COMMIT:4a777b2a907a3852bf4ed9e571de46c4e07b4a42
PR,335918,COMMIT,a2b1bd135b7cbb6c8714cf7e990ce270bfec0ad6,INDIRECT,COMMIT_MODIFIES_FILE,3,PR:335918 -> COMMIT:adc9092582503ef136344e5d017aa68b3c10c944 -> FILE:src/vs/platform/agentHost/node/copilot/copilotAgent.ts -> COMMIT:a2b1bd135b7cbb6c8714cf7e990ce270bfec0ad6
PR,335918,COMMIT,4dc6960dc8e50aa3ad4a98ee052eb068478b25ef,INDIRECT,COMMIT_MODIFIES_FILE,3,PR:335918 -> COMMIT:adc9092582503ef136344e5d017aa68b3c10c944 -> FILE:src/vs/platform/agentHost/node/copilot/copilotAgent.ts -> COMMIT:4dc6960dc8e50aa3ad4a98ee052eb068478b25ef
PR,335918,COMMIT,95bb9a82bec2e9e31852889e3e73920bd3d09cbe,INDIRECT,COMMIT_MODIFIES_FILE,3,PR:335918 -> COMMIT:adc9092582503ef136344e5d017aa68b3c10c944 -> FILE:src/vs/platform/agentHost/node/copilot/copilotAgent.ts -> COMMIT:95bb9a82bec2e9e31852889e3e73920bd3d09cbe
PR,335918,COMMIT,cc497922bded9753db0efddaa1d05de3109940c8,INDIRECT,COMMIT_MODIFIES_FILE,3,PR:335918 -> COMMIT:adc9092582503ef136344e5d017aa68b3c10c944 -> FILE:src/vs/platform/agentHost/node/copilot/copilotAgent.ts -> COMMIT:cc497922bded9753db0efddaa1d05de3109940c8
PR,335918,COMMIT,8fb3a59e4e76869e7f864817596a5fc044f03efc,INDIRECT,COMMIT_MODIFIES_FILE,3,PR:335918 -> COMMIT:adc9092582503ef136344e5d017aa68b3c10c944 -> FILE:src/vs/platform/agentHost/node/copilot/copilotAgent.ts -> COMMIT:8fb3a59e4e76869e7f864817596a5fc044f03efc
PR,335918,COMMIT,e84a873cbd510d513c141075979bdd26022377f9,INDIRECT,COMMIT_MODIFIES_FILE,3,PR:335918 -> COMMIT:adc9092582503ef136344e5d017aa68b3c10c944 -> FILE:src/vs/platform/agentHost/node/copilot/copilotAgent.ts -> COMMIT:e84a873cbd510d513c141075979bdd26022377f9
PR,335918,COMMIT,5de6afa81b4e86024054a50febbe122adb30cd38,INDIRECT,COMMIT_MODIFIES_FILE,3,PR:335918 -> COMMIT:adc9092582503ef136344e5d017aa68b3c10c944 -> FILE:src/vs/platform/agentHost/node/copilot/copilotAgent.ts -> COMMIT:5de6afa81b4e86024054a50febbe122adb30cd38
PR,335918,COMMIT,7ae39bc8f12c12515a333bcda14cb8d6f384d0e7,INDIRECT,COMMIT_MODIFIES_FILE,3,PR:335918 -> COMMIT:adc9092582503ef136344e5d017aa68b3c10c944 -> FILE:src/vs/platform/agentHost/node/copilot/copilotAgent.ts -> COMMIT:7ae39bc8f12c12515a333bcda14cb8d6f384d0e7
PR,335918,COMMIT,ce80772038d90f96f2ce4c8b6aa80702bb1afc13,INDIRECT,COMMIT_MODIFIES_FILE,3,PR:335918 -> COMMIT:adc9092582503ef136344e5d017aa68b3c10c944 -> FILE:src/vs/platform/agentHost/node/copilot/copilotAgent.ts -> COMMIT:ce80772038d90f96f2ce4c8b6aa80702bb1afc13
PR,335918,COMMIT,74511c9254c44ca28ce5b44f04bbc01706d45899,INDIRECT,COMMIT_MODIFIES_FILE,3,PR:335918 -> COMMIT:adc9092582503ef136344e5d017aa68b3c10c944 -> FILE:src/vs/platform/agentHost/node/copilot/copilotAgent.ts -> COMMIT:74511c9254c44ca28ce5b44f04bbc01706d45899
PR,335918,COMMIT,cc7a9889a5d40c45a1be3081f0b85e52f65bbb40,INDIRECT,COMMIT_MODIFIES_FILE,3,PR:335918 -> COMMIT:adc9092582503ef136344e5d017aa68b3c10c944 -> FILE:src/vs/platform/agentHost/node/copilot/copilotAgent.ts -> COMMIT:cc7a9889a5d40c45a1be3081f0b85e52f65bbb40
PR,335918,COMMIT,d6df2275021ddefb74a5be352819d4a19d18124f,INDIRECT,COMMIT_MODIFIES_FILE,3,PR:335918 -> COMMIT:adc9092582503ef136344e5d017aa68b3c10c944 -> FILE:src/vs/platform/agentHost/node/copilot/copilotAgent.ts -> COMMIT:d6df2275021ddefb74a5be352819d4a19d18124f
PR,335918,COMMIT,063d1d6ad5c8a0111db94e3bcd73acb83753aaa0,INDIRECT,COMMIT_MODIFIES_FILE,3,PR:335918 -> COMMIT:adc9092582503ef136344e5d017aa68b3c10c944 -> FILE:src/vs/platform/agentHost/node/copilot/copilotAgent.ts -> COMMIT:063d1d6ad5c8a0111db94e3bcd73acb83753aaa0
PR,335918,COMMIT,c2bcc641d4800a5a03e6ba09f84faebc725034e7,INDIRECT,COMMIT_MODIFIES_FILE,3,PR:335918 -> COMMIT:adc9092582503ef136344e5d017aa68b3c10c944 -> FILE:src/vs/platform/agentHost/node/copilot/copilotAgent.ts -> COMMIT:c2bcc641d4800a5a03e6ba09f84faebc725034e7
PR,335918,COMMIT,c40e47fb1c41598be95d4d306519e43ff0aa979f,INDIRECT,COMMIT_MODIFIES_FILE,3,PR:335918 -> COMMIT:adc9092582503ef136344e5d017aa68b3c10c944 -> FILE:src/vs/platform/agentHost/node/copilot/copilotAgent.ts -> COMMIT:c40e47fb1c41598be95d4d306519e43ff0aa979f
PR,335918,COMMIT,c5c365b407c67e4e735bc1e32daa01c053b0cc39,INDIRECT,COMMIT_MODIFIES_FILE,3,PR:335918 -> COMMIT:adc9092582503ef136344e5d017aa68b3c10c944 -> FILE:src/vs/platform/agentHost/node/copilot/copilotAgent.ts -> COMMIT:c5c365b407c67e4e735bc1e32daa01c053b0cc39
PR,335918,COMMIT,6e1c256166a8e9a8b123d9118e0bce55c1558073,INDIRECT,COMMIT_MODIFIES_FILE,3,PR:335918 -> COMMIT:adc9092582503ef136344e5d017aa68b3c10c944 -> FILE:src/vs/platform/agentHost/node/copilot/copilotAgent.ts -> COMMIT:6e1c256166a8e9a8b123d9118e0bce55c1558073
PR,335918,COMMIT,301fe6f6bb95c79481a823b2b0fe28f274c8ed47,INDIRECT,COMMIT_MODIFIES_FILE,3,PR:335918 -> COMMIT:adc9092582503ef136344e5d017aa68b3c10c944 -> FILE:src/vs/platform/agentHost/node/copilot/copilotAgent.ts -> COMMIT:301fe6f6bb95c79481a823b2b0fe28f274c8ed47
PR,335918,COMMIT,ec8f43f315fbe3c21cb3269c644d0368ad39acf9,INDIRECT,COMMIT_MODIFIES_FILE,3,PR:335918 -> COMMIT:adc9092582503ef136344e5d017aa68b3c10c944 -> FILE:src/vs/platform/agentHost/node/copilot/copilotAgent.ts -> COMMIT:ec8f43f315fbe3c21cb3269c644d0368ad39acf9
PR,335918,COMMIT,222f452ff12cc386bcddd0cfdf6154a0b1db780e,INDIRECT,COMMIT_MODIFIES_FILE,3,PR:335918 -> COMMIT:adc9092582503ef136344e5d017aa68b3c10c944 -> FILE:src/vs/platform/agentHost/node/copilot/copilotAgent.ts -> COMMIT:222f452ff12cc386bcddd0cfdf6154a0b1db780e
PR,335918,COMMIT,96bf14ff0fe9883f4ae9f0e8f4fb16c43f3aaf34,INDIRECT,COMMIT_MODIFIES_FILE,3,PR:335918 -> COMMIT:adc9092582503ef136344e5d017aa68b3c10c944 -> FILE:src/vs/platform/agentHost/node/copilot/copilotAgent.ts -> COMMIT:96bf14ff0fe9883f4ae9f0e8f4fb16c43f3aaf34
PR,335918,COMMIT,23c722b8a107fc2d108bc95d38000f8e5b9275f8,INDIRECT,COMMIT_MODIFIES_FILE,3,PR:335918 -> COMMIT:adc9092582503ef136344e5d017aa68b3c10c944 -> FILE:src/vs/platform/agentHost/node/copilot/copilotAgent.ts -> COMMIT:23c722b8a107fc2d108bc95d38000f8e5b9275f8
PR,335918,COMMIT,c625388a3f77a3551821c9153e1c30f9f3c4cf1f,INDIRECT,COMMIT_MODIFIES_FILE,3,PR:335918 -> COMMIT:adc9092582503ef136344e5d017aa68b3c10c944 -> FILE:src/vs/platform/agentHost/node/copilot/copilotAgent.ts -> COMMIT:c625388a3f77a3551821c9153e1c30f9f3c4cf1f
PR,335918,COMMIT,f3d789a48b4393edb6e6cc36b78448af32b51fb2,INDIRECT,COMMIT_MODIFIES_FILE,3,PR:335918 -> COMMIT:adc9092582503ef136344e5d017aa68b3c10c944 -> FILE:src/vs/platform/agentHost/node/copilot/copilotAgent.ts -> COMMIT:f3d789a48b4393edb6e6cc36b78448af32b51fb2
PR,335918,COMMIT,8f3a91b4598d6f8f9e06d6572add12d2493308aa,INDIRECT,COMMIT_MODIFIES_FILE,3,PR:335918 -> COMMIT:adc9092582503ef136344e5d017aa68b3c10c944 -> FILE:src/vs/platform/agentHost/node/copilot/copilotAgent.ts -> COMMIT:8f3a91b4598d6f8f9e06d6572add12d2493308aa
PR,335918,COMMIT,5b13918de51588864454c0a5acc5983107c8abde,INDIRECT,COMMIT_MODIFIES_FILE,3,PR:335918 -> COMMIT:adc9092582503ef136344e5d017aa68b3c10c944 -> FILE:src/vs/platform/agentHost/node/copilot/copilotAgent.ts -> COMMIT:5b13918de51588864454c0a5acc5983107c8abde
PR,335918,COMMIT,47e1bd0bcee1eea2a225f76ed5d116caff9b4734,INDIRECT,COMMIT_MODIFIES_FILE,3,PR:335918 -> COMMIT:adc9092582503ef136344e5d017aa68b3c10c944 -> FILE:src/vs/platform/agentHost/node/copilot/copilotAgent.ts -> COMMIT:47e1bd0bcee1eea2a225f76ed5d116caff9b4734
PR,335918,COMMIT,e97ba8724d4ddbdf1b9af2f0458b36f36bf6d137,INDIRECT,COMMIT_MODIFIES_FILE,3,PR:335918 -> COMMIT:adc9092582503ef136344e5d017aa68b3c10c944 -> FILE:src/vs/platform/agentHost/node/copilot/copilotAgent.ts -> COMMIT:e97ba8724d4ddbdf1b9af2f0458b36f36bf6d137
PR,335918,COMMIT,985e8e7f65159db0cefd9b25a7928dafad3f3f68,INDIRECT,COMMIT_MODIFIES_FILE,3,PR:335918 -> COMMIT:adc9092582503ef136344e5d017aa68b3c10c944 -> FILE:src/vs/platform/agentHost/node/copilot/copilotAgent.ts -> COMMIT:985e8e7f65159db0cefd9b25a7928dafad3f3f68
PR,335918,COMMIT,58230a4d9f052cd905491374e407e35414c81dfd,INDIRECT,COMMIT_MODIFIES_FILE,3,PR:335918 -> COMMIT:adc9092582503ef136344e5d017aa68b3c10c944 -> FILE:src/vs/platform/agentHost/node/copilot/copilotAgent.ts -> COMMIT:58230a4d9f052cd905491374e407e35414c81dfd
PR,335918,COMMIT,4864ee1b25d41bec754bb188fe1fdde9b7259b08,INDIRECT,COMMIT_MODIFIES_FILE,3,PR:335918 -> COMMIT:adc9092582503ef136344e5d017aa68b3c10c944 -> FILE:src/vs/platform/agentHost/node/copilot/copilotAgent.ts -> COMMIT:4864ee1b25d41bec754bb188fe1fdde9b7259b08
PR,335918,COMMIT,1bbf55eea20940bd45a4289bbe664f8b4f4cc0a9,INDIRECT,COMMIT_MODIFIES_FILE,3,PR:335918 -> COMMIT:adc9092582503ef136344e5d017aa68b3c10c944 -> FILE:src/vs/platform/agentHost/node/copilot/copilotAgent.ts -> COMMIT:1bbf55eea20940bd45a4289bbe664f8b4f4cc0a9
PR,335918,COMMIT,d6ab9d12fd9afd7bd6a5481b2af0c79fb7fef91d,INDIRECT,COMMIT_MODIFIES_FILE,3,PR:335918 -> COMMIT:adc9092582503ef136344e5d017aa68b3c10c944 -> FILE:src/vs/platform/agentHost/node/copilot/copilotAgent.ts -> COMMIT:d6ab9d12fd9afd7bd6a5481b2af0c79fb7fef91d
PR,335918,COMMIT,041376d7c84742d6be31227df1a7ed7260f2f8c8,INDIRECT,COMMIT_MODIFIES_FILE,3,PR:335918 -> COMMIT:adc9092582503ef136344e5d017aa68b3c10c944 -> FILE:src/vs/platform/agentHost/node/copilot/copilotAgent.ts -> COMMIT:041376d7c84742d6be31227df1a7ed7260f2f8c8
PR,335918,COMMIT,ac43f528e70285b01b247ff0b190e93ed6136e92,INDIRECT,COMMIT_MODIFIES_FILE,3,PR:335918 -> COMMIT:adc9092582503ef136344e5d017aa68b3c10c944 -> FILE:src/vs/platform/agentHost/node/copilot/copilotAgent.ts -> COMMIT:ac43f528e70285b01b247ff0b190e93ed6136e92
PR,335918,COMMIT,13090e9ff8821568d0b9f7c78e21ba1ea4509b6a,INDIRECT,COMMIT_MODIFIES_FILE,3,PR:335918 -> COMMIT:adc9092582503ef136344e5d017aa68b3c10c944 -> FILE:src/vs/platform/agentHost/node/copilot/copilotAgent.ts -> COMMIT:13090e9ff8821568d0b9f7c78e21ba1ea4509b6a
PR,335918,COMMIT,b8db2f4ddbb12c6a379623500c08de4e5a7a059d,INDIRECT,COMMIT_MODIFIES_FILE,3,PR:335918 -> COMMIT:adc9092582503ef136344e5d017aa68b3c10c944 -> FILE:src/vs/platform/agentHost/node/copilot/copilotAgent.ts -> COMMIT:b8db2f4ddbb12c6a379623500c08de4e5a7a059d
PR,335918,COMMIT,7ead316e20f9be556c6d005d4e0d75be16129c2e,INDIRECT,COMMIT_MODIFIES_FILE,3,PR:335918 -> COMMIT:adc9092582503ef136344e5d017aa68b3c10c944 -> FILE:src/vs/platform/agentHost/node/copilot/copilotAgent.ts -> COMMIT:7ead316e20f9be556c6d005d4e0d75be16129c2e
PR,335918,COMMIT,99e080211ab926fdec2ee41defb2b749fdb5f468,INDIRECT,COMMIT_MODIFIES_FILE,3,PR:335918 -> COMMIT:adc9092582503ef136344e5d017aa68b3c10c944 -> FILE:src/vs/platform/agentHost/node/copilot/copilotAgent.ts -> COMMIT:99e080211ab926fdec2ee41defb2b749fdb5f468
PR,335918,COMMIT,d0405b7f7ccc95be7df39087cbc945783ddea3bd,INDIRECT,COMMIT_MODIFIES_FILE,3,PR:335918 -> COMMIT:adc9092582503ef136344e5d017aa68b3c10c944 -> FILE:src/vs/platform/agentHost/node/copilot/copilotAgent.ts -> COMMIT:d0405b7f7ccc95be7df39087cbc945783ddea3bd
PR,335918,COMMIT,3c32508cdce41e2579e08ca2c0ecd51a3ad8d58b,INDIRECT,COMMIT_MODIFIES_FILE,3,PR:335918 -> COMMIT:adc9092582503ef136344e5d017aa68b3c10c944 -> FILE:src/vs/platform/agentHost/node/copilot/copilotAgent.ts -> COMMIT:3c32508cdce41e2579e08ca2c0ecd51a3ad8d58b
PR,335918,COMMIT,879f52620c9732f52598f64c8b7b6cd1f820177b,INDIRECT,COMMIT_MODIFIES_FILE,3,PR:335918 -> COMMIT:adc9092582503ef136344e5d017aa68b3c10c944 -> FILE:src/vs/platform/agentHost/node/copilot/copilotAgent.ts -> COMMIT:879f52620c9732f52598f64c8b7b6cd1f820177b
PR,335918,COMMIT,327f8313d12fd3611a0c857d16e9f696bdd9734e,INDIRECT,COMMIT_MODIFIES_FILE,3,PR:335918 -> COMMIT:adc9092582503ef136344e5d017aa68b3c10c944 -> FILE:src/vs/platform/agentHost/node/copilot/copilotAgent.ts -> COMMIT:327f8313d12fd3611a0c857d16e9f696bdd9734e
PR,335918,COMMIT,7c2065d594e6d531f9ea9709289b2ab462b94cfb,INDIRECT,COMMIT_MODIFIES_FILE,3,PR:335918 -> COMMIT:adc9092582503ef136344e5d017aa68b3c10c944 -> FILE:src/vs/platform/agentHost/node/copilot/copilotAgent.ts -> COMMIT:7c2065d594e6d531f9ea9709289b2ab462b94cfb
PR,335918,COMMIT,0abb2fc6b9658568f2eb653c4ea5b867d8a49505,INDIRECT,COMMIT_MODIFIES_FILE,3,PR:335918 -> COMMIT:adc9092582503ef136344e5d017aa68b3c10c944 -> FILE:src/vs/platform/agentHost/node/copilot/copilotAgent.ts -> COMMIT:0abb2fc6b9658568f2eb653c4ea5b867d8a49505
PR,335918,COMMIT,90a5922c3c04f91f505a2e9fa2ae1cfde8631ec1,INDIRECT,COMMIT_MODIFIES_FILE,3,PR:335918 -> COMMIT:adc9092582503ef136344e5d017aa68b3c10c944 -> FILE:src/vs/platform/agentHost/node/copilot/copilotAgent.ts -> COMMIT:90a5922c3c04f91f505a2e9fa2ae1cfde8631ec1
PR,335918,COMMIT,d95b7dc1b2ca128924acb09a8410dfae55fb38ae,INDIRECT,COMMIT_MODIFIES_FILE,3,PR:335918 -> COMMIT:adc9092582503ef136344e5d017aa68b3c10c944 -> FILE:src/vs/platform/agentHost/node/copilot/copilotAgent.ts -> COMMIT:d95b7dc1b2ca128924acb09a8410dfae55fb38ae
PR,335918,COMMIT,edea1a7b74e0bd1441ee0c965168ba4b0e35e17b,INDIRECT,COMMIT_MODIFIES_FILE,3,PR:335918 -> COMMIT:adc9092582503ef136344e5d017aa68b3c10c944 -> FILE:src/vs/platform/agentHost/node/copilot/copilotAgent.ts -> COMMIT:edea1a7b74e0bd1441ee0c965168ba4b0e35e17b
PR,335918,COMMIT,615e4b535f699b238d25897db622f96f64a970cd,INDIRECT,COMMIT_MODIFIES_FILE,3,PR:335918 -> COMMIT:adc9092582503ef136344e5d017aa68b3c10c944 -> FILE:src/vs/platform/agentHost/node/copilot/copilotAgent.ts -> COMMIT:615e4b535f699b238d25897db622f96f64a970cd
PR,335918,COMMIT,eaeacac937e5dab841c9eaa6a0c02631df52d74e,INDIRECT,COMMIT_MODIFIES_FILE,3,PR:335918 -> COMMIT:adc9092582503ef136344e5d017aa68b3c10c944 -> FILE:src/vs/platform/agentHost/node/copilot/copilotAgent.ts -> COMMIT:eaeacac937e5dab841c9eaa6a0c02631df52d74e
PR,335918,COMMIT,c3d7200a27d3f68f6eeec7e3962efdc871d77c14,INDIRECT,COMMIT_MODIFIES_FILE,3,PR:335918 -> COMMIT:adc9092582503ef136344e5d017aa68b3c10c944 -> FILE:src/vs/platform/agentHost/node/copilot/copilotAgent.ts -> COMMIT:c3d7200a27d3f68f6eeec7e3962efdc871d77c14
PR,335918,COMMIT,882e7904521f3aa8bdc88013e4410b8793fd1d4d,INDIRECT,COMMIT_MODIFIES_FILE,3,PR:335918 -> COMMIT:adc9092582503ef136344e5d017aa68b3c10c944 -> FILE:src/vs/platform/agentHost/node/copilot/copilotAgent.ts -> COMMIT:882e7904521f3aa8bdc88013e4410b8793fd1d4d
PR,335918,COMMIT,97e664544b2f0363edb4d66e6df96e23dc1a2937,INDIRECT,COMMIT_MODIFIES_FILE,3,PR:335918 -> COMMIT:adc9092582503ef136344e5d017aa68b3c10c944 -> FILE:src/vs/platform/agentHost/node/copilot/copilotAgent.ts -> COMMIT:97e664544b2f0363edb4d66e6df96e23dc1a2937
PR,335918,COMMIT,ba7752e2bbd886e40a0a45c3f945cb4da49ef108,INDIRECT,COMMIT_MODIFIES_FILE,3,PR:335918 -> COMMIT:adc9092582503ef136344e5d017aa68b3c10c944 -> FILE:src/vs/platform/agentHost/node/copilot/copilotAgent.ts -> COMMIT:ba7752e2bbd886e40a0a45c3f945cb4da49ef108
PR,335918,COMMIT,2200fba4a8a2feab3cd194f515f5e8bce55fbdd9,INDIRECT,COMMIT_MODIFIES_FILE,3,PR:335918 -> COMMIT:adc9092582503ef136344e5d017aa68b3c10c944 -> FILE:src/vs/platform/agentHost/node/copilot/copilotAgent.ts -> COMMIT:2200fba4a8a2feab3cd194f515f5e8bce55fbdd9
PR,335918,COMMIT,9e907b489b7ef1f315cd2393bad70a9df2a4936a,INDIRECT,COMMIT_MODIFIES_FILE,3,PR:335918 -> COMMIT:adc9092582503ef136344e5d017aa68b3c10c944 -> FILE:src/vs/platform/agentHost/node/copilot/copilotAgent.ts -> COMMIT:9e907b489b7ef1f315cd2393bad70a9df2a4936a
PR,335918,COMMIT,39ee546911ec96df7d5596410866bb86b6bd4e16,INDIRECT,COMMIT_MODIFIES_FILE,3,PR:335918 -> COMMIT:adc9092582503ef136344e5d017aa68b3c10c944 -> FILE:src/vs/platform/agentHost/node/copilot/copilotAgent.ts -> COMMIT:39ee546911ec96df7d5596410866bb86b6bd4e16
PR,335918,COMMIT,6714b81e4105ed3f11e8d290980a3016907ead56,INDIRECT,COMMIT_MODIFIES_FILE,3,PR:335918 -> COMMIT:adc9092582503ef136344e5d017aa68b3c10c944 -> FILE:src/vs/platform/agentHost/node/copilot/copilotAgent.ts -> COMMIT:6714b81e4105ed3f11e8d290980a3016907ead56
PR,335918,COMMIT,bd17fa3f51151476bcef34ccd55ef0ffabcf6f0f,INDIRECT,COMMIT_MODIFIES_FILE,3,PR:335918 -> COMMIT:adc9092582503ef136344e5d017aa68b3c10c944 -> FILE:src/vs/platform/agentHost/node/copilot/copilotAgent.ts -> COMMIT:bd17fa3f51151476bcef34ccd55ef0ffabcf6f0f
PR,335918,COMMIT,77266a176f25251f9bebce2f11d3fbec67f25dff,INDIRECT,COMMIT_MODIFIES_FILE,3,PR:335918 -> COMMIT:adc9092582503ef136344e5d017aa68b3c10c944 -> FILE:src/vs/platform/agentHost/node/copilot/copilotAgent.ts -> COMMIT:77266a176f25251f9bebce2f11d3fbec67f25dff
PR,335918,COMMIT,08fc3db469bb68d9272601be65a87973b4b83cf0,INDIRECT,COMMIT_MODIFIES_FILE,3,PR:335918 -> COMMIT:adc9092582503ef136344e5d017aa68b3c10c944 -> FILE:src/vs/platform/agentHost/node/copilot/copilotAgent.ts -> COMMIT:08fc3db469bb68d9272601be65a87973b4b83cf0
PR,335918,COMMIT,3a1ee70702382ed02f79b8761b8abf39dfa83390,INDIRECT,COMMIT_MODIFIES_FILE,3,PR:335918 -> COMMIT:adc9092582503ef136344e5d017aa68b3c10c944 -> FILE:src/vs/platform/agentHost/node/copilot/copilotAgent.ts -> COMMIT:3a1ee70702382ed02f79b8761b8abf39dfa83390
PR,335918,COMMIT,979f2acb2a2546c0d4b1547c9914c59ab828e627,INDIRECT,COMMIT_MODIFIES_FILE,3,PR:335918 -> COMMIT:adc9092582503ef136344e5d017aa68b3c10c944 -> FILE:src/vs/platform/agentHost/node/copilot/copilotAgent.ts -> COMMIT:979f2acb2a2546c0d4b1547c9914c59ab828e627
PR,335918,COMMIT,97e7dfdf35d1dbabe4625b0c6a276ca45533a6b4,INDIRECT,COMMIT_MODIFIES_FILE,3,PR:335918 -> COMMIT:adc9092582503ef136344e5d017aa68b3c10c944 -> FILE:src/vs/platform/agentHost/node/copilot/copilotAgent.ts -> COMMIT:97e7dfdf35d1dbabe4625b0c6a276ca45533a6b4
PR,335918,COMMIT,e49bc4dc7a2b2f1cf101ccd71fec1174c48c3574,INDIRECT,COMMIT_MODIFIES_FILE,3,PR:335918 -> COMMIT:adc9092582503ef136344e5d017aa68b3c10c944 -> FILE:src/vs/platform/agentHost/node/copilot/copilotAgent.ts -> COMMIT:e49bc4dc7a2b2f1cf101ccd71fec1174c48c3574
PR,335918,COMMIT,cf3a870a2de490e11c332440a15e0dff1e466c9e,INDIRECT,COMMIT_MODIFIES_FILE,3,PR:335918 -> COMMIT:adc9092582503ef136344e5d017aa68b3c10c944 -> FILE:src/vs/platform/agentHost/node/copilot/copilotAgent.ts -> COMMIT:cf3a870a2de490e11c332440a15e0dff1e466c9e
PR,335918,COMMIT,b7d3a2d481f49f3a7cdcf82b9def8474fbc0ee6c,INDIRECT,COMMIT_MODIFIES_FILE,3,PR:335918 -> COMMIT:adc9092582503ef136344e5d017aa68b3c10c944 -> FILE:src/vs/platform/agentHost/node/copilot/copilotAgent.ts -> COMMIT:b7d3a2d481f49f3a7cdcf82b9def8474fbc0ee6c
PR,335918,COMMIT,9e2842c6903e187fff87fe897842e6de315b5b6a,INDIRECT,COMMIT_MODIFIES_FILE,3,PR:335918 -> COMMIT:adc9092582503ef136344e5d017aa68b3c10c944 -> FILE:src/vs/platform/agentHost/node/copilot/copilotAgent.ts -> COMMIT:9e2842c6903e187fff87fe897842e6de315b5b6a
PR,335918,COMMIT,2cdb0f90ce03e6ac8e5b2848e479f1f0cd649651,INDIRECT,COMMIT_MODIFIES_FILE,3,PR:335918 -> COMMIT:adc9092582503ef136344e5d017aa68b3c10c944 -> FILE:src/vs/platform/agentHost/node/copilot/copilotAgent.ts -> COMMIT:2cdb0f90ce03e6ac8e5b2848e479f1f0cd649651
PR,335918,COMMIT,17eb88ddfa89d50d7d29bdea6b61dadeebfe4aa5,INDIRECT,COMMIT_MODIFIES_FILE,3,PR:335918 -> COMMIT:adc9092582503ef136344e5d017aa68b3c10c944 -> FILE:src/vs/platform/agentHost/node/copilot/copilotAgent.ts -> COMMIT:17eb88ddfa89d50d7d29bdea6b61dadeebfe4aa5
PR,335918,COMMIT,95bb5d354c7021c597840ed9faca265bedaf1a0e,INDIRECT,COMMIT_MODIFIES_FILE,3,PR:335918 -> COMMIT:adc9092582503ef136344e5d017aa68b3c10c944 -> FILE:src/vs/platform/agentHost/node/copilot/copilotAgent.ts -> COMMIT:95bb5d354c7021c597840ed9faca265bedaf1a0e
PR,335918,COMMIT,dcfcbcbf1c0f8983382ee0a815140ac67bdd3b53,INDIRECT,COMMIT_MODIFIES_FILE,3,PR:335918 -> COMMIT:adc9092582503ef136344e5d017aa68b3c10c944 -> FILE:src/vs/platform/agentHost/node/copilot/copilotAgent.ts -> COMMIT:dcfcbcbf1c0f8983382ee0a815140ac67bdd3b53
PR,335918,COMMIT,deea7193807984f6b6033e26516dfa597e3f5014,INDIRECT,COMMIT_MODIFIES_FILE,3,PR:335918 -> COMMIT:adc9092582503ef136344e5d017aa68b3c10c944 -> FILE:src/vs/platform/agentHost/node/copilot/copilotAgent.ts -> COMMIT:deea7193807984f6b6033e26516dfa597e3f5014
PR,335918,COMMIT,c9479adea70489f96371e8db8576f0c40054f895,INDIRECT,COMMIT_MODIFIES_FILE,3,PR:335918 -> COMMIT:adc9092582503ef136344e5d017aa68b3c10c944 -> FILE:src/vs/platform/agentHost/node/copilot/copilotAgent.ts -> COMMIT:c9479adea70489f96371e8db8576f0c40054f895
PR,335918,COMMIT,7429373ddf3ef4fc464cfddb070bc9bd2312ef5f,INDIRECT,COMMIT_MODIFIES_FILE,3,PR:335918 -> COMMIT:adc9092582503ef136344e5d017aa68b3c10c944 -> FILE:src/vs/platform/agentHost/node/copilot/copilotAgent.ts -> COMMIT:7429373ddf3ef4fc464cfddb070bc9bd2312ef5f
PR,335918,COMMIT,b590b2fdc930c7f930299d858141d983f4388715,INDIRECT,COMMIT_MODIFIES_FILE,3,PR:335918 -> COMMIT:adc9092582503ef136344e5d017aa68b3c10c944 -> FILE:src/vs/platform/agentHost/node/copilot/copilotAgent.ts -> COMMIT:b590b2fdc930c7f930299d858141d983f4388715
PR,335918,COMMIT,1d88dcfbc1b4aa56e3580dd3028e8c3a1b740320,INDIRECT,COMMIT_MODIFIES_FILE,3,PR:335918 -> COMMIT:adc9092582503ef136344e5d017aa68b3c10c944 -> FILE:src/vs/platform/agentHost/node/copilot/copilotAgent.ts -> COMMIT:1d88dcfbc1b4aa56e3580dd3028e8c3a1b740320
PR,335918,COMMIT,9e596330004de7914a696493a1571675704f11c4,INDIRECT,COMMIT_MODIFIES_FILE,3,PR:335918 -> COMMIT:adc9092582503ef136344e5d017aa68b3c10c944 -> FILE:src/vs/platform/agentHost/node/copilot/copilotAgent.ts -> COMMIT:9e596330004de7914a696493a1571675704f11c4
PR,335918,COMMIT,9f9213b45855b326a6cd8427fe4a34945ea2f625,INDIRECT,COMMIT_MODIFIES_FILE,3,PR:335918 -> COMMIT:adc9092582503ef136344e5d017aa68b3c10c944 -> FILE:src/vs/platform/agentHost/node/copilot/copilotAgent.ts -> COMMIT:9f9213b45855b326a6cd8427fe4a34945ea2f625
PR,335918,COMMIT,9fefe249cb7b3b373294607eb814177ff6ca0cf9,INDIRECT,COMMIT_MODIFIES_FILE,3,PR:335918 -> COMMIT:adc9092582503ef136344e5d017aa68b3c10c944 -> FILE:src/vs/platform/agentHost/node/copilot/copilotAgent.ts -> COMMIT:9fefe249cb7b3b373294607eb814177ff6ca0cf9
PR,335918,COMMIT,ebbbc9e814f7a13ecc5401ed221a3e98edc4ea4e,INDIRECT,COMMIT_MODIFIES_FILE,3,PR:335918 -> COMMIT:adc9092582503ef136344e5d017aa68b3c10c944 -> FILE:src/vs/platform/agentHost/node/copilot/copilotAgent.ts -> COMMIT:ebbbc9e814f7a13ecc5401ed221a3e98edc4ea4e
PR,335918,COMMIT,22652e6b92131243c352c36ff62e8de6d26079e9,INDIRECT,COMMIT_MODIFIES_FILE,3,PR:335918 -> COMMIT:adc9092582503ef136344e5d017aa68b3c10c944 -> FILE:src/vs/platform/agentHost/node/copilot/copilotAgent.ts -> COMMIT:22652e6b92131243c352c36ff62e8de6d26079e9
PR,335918,COMMIT,48465bfbc57a81b0ff223d928753972c51b9ecd2,INDIRECT,COMMIT_MODIFIES_FILE,3,PR:335918 -> COMMIT:adc9092582503ef136344e5d017aa68b3c10c944 -> FILE:src/vs/platform/agentHost/node/copilot/copilotAgent.ts -> COMMIT:48465bfbc57a81b0ff223d928753972c51b9ecd2
PR,335918,COMMIT,d953e72a4c69da8b2cf392c0c344a42f0411866f,INDIRECT,COMMIT_MODIFIES_FILE,3,PR:335918 -> COMMIT:adc9092582503ef136344e5d017aa68b3c10c944 -> FILE:src/vs/platform/agentHost/node/copilot/copilotAgent.ts -> COMMIT:d953e72a4c69da8b2cf392c0c344a42f0411866f
PR,335918,COMMIT,6737af76cde19c9940fe4f511aa65333f7dd4d90,INDIRECT,COMMIT_MODIFIES_FILE,3,PR:335918 -> COMMIT:adc9092582503ef136344e5d017aa68b3c10c944 -> FILE:src/vs/platform/agentHost/node/copilot/copilotAgent.ts -> COMMIT:6737af76cde19c9940fe4f511aa65333f7dd4d90
PR,335918,COMMIT,3bd9f9a37d5cf1e1881346f77b4b02fd3707cd8b,INDIRECT,COMMIT_MODIFIES_FILE,3,PR:335918 -> COMMIT:adc9092582503ef136344e5d017aa68b3c10c944 -> FILE:src/vs/platform/agentHost/node/copilot/copilotAgent.ts -> COMMIT:3bd9f9a37d5cf1e1881346f77b4b02fd3707cd8b
PR,335918,COMMIT,ab09914dcc7fa1b4f294bc0ff795ffc94830203e,INDIRECT,COMMIT_MODIFIES_FILE,3,PR:335918 -> COMMIT:adc9092582503ef136344e5d017aa68b3c10c944 -> FILE:src/vs/platform/agentHost/node/copilot/copilotAgent.ts -> COMMIT:ab09914dcc7fa1b4f294bc0ff795ffc94830203e
PR,335918,COMMIT,6995ab727e2afd6b62a86b7cab3f35f42edb74db,INDIRECT,COMMIT_MODIFIES_FILE,3,PR:335918 -> COMMIT:adc9092582503ef136344e5d017aa68b3c10c944 -> FILE:src/vs/platform/agentHost/node/copilot/copilotAgent.ts -> COMMIT:6995ab727e2afd6b62a86b7cab3f35f42edb74db
PR,335918,COMMIT,3efc665c2d79923f811ad8ad467933a080eb9f75,INDIRECT,COMMIT_MODIFIES_FILE,3,PR:335918 -> COMMIT:adc9092582503ef136344e5d017aa68b3c10c944 -> FILE:src/vs/platform/agentHost/node/copilot/copilotAgent.ts -> COMMIT:3efc665c2d79923f811ad8ad467933a080eb9f75
PR,335918,COMMIT,dbfd9e31ee4f4dfb5ce0074f852a87d853098111,INDIRECT,COMMIT_MODIFIES_FILE,3,PR:335918 -> COMMIT:adc9092582503ef136344e5d017aa68b3c10c944 -> FILE:src/vs/platform/agentHost/node/copilot/copilotAgent.ts -> COMMIT:dbfd9e31ee4f4dfb5ce0074f852a87d853098111
PR,335918,COMMIT,a9c9cdd54258212ae801c4e38bc2e07f2245d185,INDIRECT,COMMIT_MODIFIES_FILE,3,PR:335918 -> COMMIT:adc9092582503ef136344e5d017aa68b3c10c944 -> FILE:src/vs/platform/agentHost/node/copilot/copilotAgent.ts -> COMMIT:a9c9cdd54258212ae801c4e38bc2e07f2245d185
PR,335918,COMMIT,9877c015ad97185a148351923dbba3e1654a28b3,INDIRECT,COMMIT_MODIFIES_FILE,3,PR:335918 -> COMMIT:adc9092582503ef136344e5d017aa68b3c10c944 -> FILE:src/vs/platform/agentHost/node/copilot/copilotAgent.ts -> COMMIT:9877c015ad97185a148351923dbba3e1654a28b3
PR,335918,COMMIT,6ef30faa363a4d2823cca5a1efb7ad92dc2542cc,INDIRECT,COMMIT_MODIFIES_FILE,3,PR:335918 -> COMMIT:adc9092582503ef136344e5d017aa68b3c10c944 -> FILE:src/vs/platform/agentHost/node/copilot/copilotAgent.ts -> COMMIT:6ef30faa363a4d2823cca5a1efb7ad92dc2542cc
PR,335918,COMMIT,7cc9009394313bf3953e205b4e541e3ade510e12,INDIRECT,COMMIT_MODIFIES_FILE,3,PR:335918 -> COMMIT:adc9092582503ef136344e5d017aa68b3c10c944 -> FILE:src/vs/platform/agentHost/node/copilot/copilotAgent.ts -> COMMIT:7cc9009394313bf3953e205b4e541e3ade510e12
PR,335918,COMMIT,dcb3c150a2c399adcb2df99f9cd14ae853a30cbf,INDIRECT,COMMIT_MODIFIES_FILE,3,PR:335918 -> COMMIT:adc9092582503ef136344e5d017aa68b3c10c944 -> FILE:src/vs/platform/agentHost/node/copilot/copilotAgent.ts -> COMMIT:dcb3c150a2c399adcb2df99f9cd14ae853a30cbf
PR,335918,COMMIT,78f0415fe21b32bf786acc00334bb5fe20a79347,INDIRECT,COMMIT_MODIFIES_FILE,3,PR:335918 -> COMMIT:adc9092582503ef136344e5d017aa68b3c10c944 -> FILE:src/vs/platform/agentHost/node/copilot/copilotAgent.ts -> COMMIT:78f0415fe21b32bf786acc00334bb5fe20a79347
PR,335918,COMMIT,3a7c07287cdfc8a0ae9f9a4e69bcf58cb850103b,INDIRECT,COMMIT_MODIFIES_FILE,3,PR:335918 -> COMMIT:adc9092582503ef136344e5d017aa68b3c10c944 -> FILE:src/vs/platform/agentHost/node/copilot/copilotAgent.ts -> COMMIT:3a7c07287cdfc8a0ae9f9a4e69bcf58cb850103b
PR,335918,COMMIT,8ad127c4dbd7032e2e8143d236233a2c5c8cdacc,INDIRECT,COMMIT_MODIFIES_FILE,3,PR:335918 -> COMMIT:adc9092582503ef136344e5d017aa68b3c10c944 -> FILE:src/vs/platform/agentHost/node/copilot/copilotAgent.ts -> COMMIT:8ad127c4dbd7032e2e8143d236233a2c5c8cdacc
PR,335918,COMMIT,3a794756762d6d7c6564a56a083d0abefaf38059,INDIRECT,COMMIT_MODIFIES_FILE,3,PR:335918 -> COMMIT:adc9092582503ef136344e5d017aa68b3c10c944 -> FILE:src/vs/platform/agentHost/node/copilot/copilotAgent.ts -> COMMIT:3a794756762d6d7c6564a56a083d0abefaf38059
PR,335918,COMMIT,e82db6dc55522c852655079a3bdef02e173b0b8e,INDIRECT,COMMIT_MODIFIES_FILE,3,PR:335918 -> COMMIT:adc9092582503ef136344e5d017aa68b3c10c944 -> FILE:src/vs/platform/agentHost/node/copilot/copilotAgent.ts -> COMMIT:e82db6dc55522c852655079a3bdef02e173b0b8e
PR,335918,COMMIT,09f152aef877ee2eea033641986c84ee15d3c6fb,INDIRECT,COMMIT_MODIFIES_FILE,3,PR:335918 -> COMMIT:adc9092582503ef136344e5d017aa68b3c10c944 -> FILE:src/vs/platform/agentHost/node/copilot/copilotAgent.ts -> COMMIT:09f152aef877ee2eea033641986c84ee15d3c6fb
PR,335918,COMMIT,18523e099f692bc42a49a8c8fc52dc3c324be041,INDIRECT,COMMIT_MODIFIES_FILE,3,PR:335918 -> COMMIT:adc9092582503ef136344e5d017aa68b3c10c944 -> FILE:src/vs/platform/agentHost/node/copilot/copilotAgent.ts -> COMMIT:18523e099f692bc42a49a8c8fc52dc3c324be041
PR,335918,COMMIT,4c297744921ec70fed832b3a53b1e226b4305962,INDIRECT,COMMIT_MODIFIES_FILE,3,PR:335918 -> COMMIT:adc9092582503ef136344e5d017aa68b3c10c944 -> FILE:src/vs/platform/agentHost/node/copilot/copilotAgent.ts -> COMMIT:4c297744921ec70fed832b3a53b1e226b4305962
PR,335918,COMMIT,3156cd2e8840252fa33e4d86f78e8c255efc0b02,INDIRECT,COMMIT_MODIFIES_FILE,3,PR:335918 -> COMMIT:adc9092582503ef136344e5d017aa68b3c10c944 -> FILE:src/vs/platform/agentHost/node/copilot/copilotAgent.ts -> COMMIT:3156cd2e8840252fa33e4d86f78e8c255efc0b02
PR,335918,COMMIT,40391b2b49cf27309a7308d056c4b3abb2c419b6,INDIRECT,COMMIT_MODIFIES_FILE,3,PR:335918 -> COMMIT:adc9092582503ef136344e5d017aa68b3c10c944 -> FILE:src/vs/platform/agentHost/node/copilot/copilotAgent.ts -> COMMIT:40391b2b49cf27309a7308d056c4b3abb2c419b6
PR,335918,COMMIT,69292a73b1d790e117c77b53e7ce74835a4a4ecd,INDIRECT,COMMIT_MODIFIES_FILE,3,PR:335918 -> COMMIT:adc9092582503ef136344e5d017aa68b3c10c944 -> FILE:src/vs/platform/agentHost/node/copilot/copilotAgent.ts -> COMMIT:69292a73b1d790e117c77b53e7ce74835a4a4ecd
PR,335918,COMMIT,7f3f8c9e1f00c18fe357de99a354be2057150b02,INDIRECT,COMMIT_MODIFIES_FILE,3,PR:335918 -> COMMIT:adc9092582503ef136344e5d017aa68b3c10c944 -> FILE:src/vs/platform/agentHost/node/copilot/copilotAgent.ts -> COMMIT:7f3f8c9e1f00c18fe357de99a354be2057150b02
PR,335918,COMMIT,0d07e15c4ef288d754e523d3f3c7e6863d3e0ada,INDIRECT,COMMIT_MODIFIES_FILE,3,PR:335918 -> COMMIT:adc9092582503ef136344e5d017aa68b3c10c944 -> FILE:src/vs/platform/agentHost/node/copilot/copilotAgent.ts -> COMMIT:0d07e15c4ef288d754e523d3f3c7e6863d3e0ada
PR,335918,COMMIT,c64874ec24d6148b2b07af0766f9127279948f34,INDIRECT,COMMIT_MODIFIES_FILE,3,PR:335918 -> COMMIT:adc9092582503ef136344e5d017aa68b3c10c944 -> FILE:src/vs/platform/agentHost/node/copilot/copilotAgent.ts -> COMMIT:c64874ec24d6148b2b07af0766f9127279948f34
PR,335918,COMMIT,fb85a4da5f9032485499fd0153972d60d4a81515,INDIRECT,COMMIT_MODIFIES_FILE,3,PR:335918 -> COMMIT:adc9092582503ef136344e5d017aa68b3c10c944 -> FILE:src/vs/platform/agentHost/node/copilot/copilotAgent.ts -> COMMIT:fb85a4da5f9032485499fd0153972d60d4a81515
PR,335918,COMMIT,abf49e4f61d5b71e16f3b920a7998272b25eded5,INDIRECT,COMMIT_MODIFIES_FILE,3,PR:335918 -> COMMIT:adc9092582503ef136344e5d017aa68b3c10c944 -> FILE:src/vs/platform/agentHost/node/copilot/copilotAgent.ts -> COMMIT:abf49e4f61d5b71e16f3b920a7998272b25eded5
PR,335918,COMMIT,847373eaaaab929dca1c3d270ab1b627418fd619,INDIRECT,COMMIT_MODIFIES_FILE,3,PR:335918 -> COMMIT:adc9092582503ef136344e5d017aa68b3c10c944 -> FILE:src/vs/platform/agentHost/node/copilot/copilotAgent.ts -> COMMIT:847373eaaaab929dca1c3d270ab1b627418fd619
PR,335918,COMMIT,135f0037ab4d9350fea9cbf9140b338d7efa562b,INDIRECT,COMMIT_MODIFIES_FILE,3,PR:335918 -> COMMIT:adc9092582503ef136344e5d017aa68b3c10c944 -> FILE:src/vs/platform/agentHost/node/copilot/copilotAgent.ts -> COMMIT:135f0037ab4d9350fea9cbf9140b338d7efa562b
PR,335918,COMMIT,aed3e4e667e54bcea3c37703b6d238562c1a7765,INDIRECT,COMMIT_MODIFIES_FILE,3,PR:335918 -> COMMIT:adc9092582503ef136344e5d017aa68b3c10c944 -> FILE:src/vs/platform/agentHost/node/copilot/copilotAgent.ts -> COMMIT:aed3e4e667e54bcea3c37703b6d238562c1a7765
PR,335918,COMMIT,ef2a8a9db79dc50650ecbd1093ea36c9e523e80e,INDIRECT,COMMIT_MODIFIES_FILE,3,PR:335918 -> COMMIT:adc9092582503ef136344e5d017aa68b3c10c944 -> FILE:src/vs/platform/agentHost/node/copilot/copilotAgent.ts -> COMMIT:ef2a8a9db79dc50650ecbd1093ea36c9e523e80e
PR,335918,COMMIT,c371133e318c3f4e12c6d43dcf110dc4637a8fcd,INDIRECT,COMMIT_MODIFIES_FILE,3,PR:335918 -> COMMIT:adc9092582503ef136344e5d017aa68b3c10c944 -> FILE:src/vs/platform/agentHost/node/copilot/copilotAgent.ts -> COMMIT:c371133e318c3f4e12c6d43dcf110dc4637a8fcd
PR,335918,COMMIT,36daabeaab0665450ce2645e541601c1b81a0471,INDIRECT,COMMIT_MODIFIES_FILE,3,PR:335918 -> COMMIT:adc9092582503ef136344e5d017aa68b3c10c944 -> FILE:src/vs/platform/agentHost/node/copilot/copilotAgent.ts -> COMMIT:36daabeaab0665450ce2645e541601c1b81a0471
PR,335918,COMMIT,e94f2035a54638490dff968d5b74a06f6c7f33e9,INDIRECT,COMMIT_MODIFIES_FILE,3,PR:335918 -> COMMIT:adc9092582503ef136344e5d017aa68b3c10c944 -> FILE:src/vs/platform/agentHost/node/copilot/copilotAgent.ts -> COMMIT:e94f2035a54638490dff968d5b74a06f6c7f33e9
PR,335918,COMMIT,26f68f9c241368d5bc7ae35148b35c4fc0d4cff4,INDIRECT,COMMIT_MODIFIES_FILE,3,PR:335918 -> COMMIT:adc9092582503ef136344e5d017aa68b3c10c944 -> FILE:src/vs/platform/agentHost/node/copilot/copilotAgent.ts -> COMMIT:26f68f9c241368d5bc7ae35148b35c4fc0d4cff4
PR,335918,COMMIT,522a9fb06839e1035443e65fe4ddf2c5e4924904,INDIRECT,COMMIT_MODIFIES_FILE,3,PR:335918 -> COMMIT:adc9092582503ef136344e5d017aa68b3c10c944 -> FILE:src/vs/platform/agentHost/node/copilot/copilotAgent.ts -> COMMIT:522a9fb06839e1035443e65fe4ddf2c5e4924904
PR,335918,COMMIT,12b519d45fd42467dc7d370a5822748ec7e191a3,INDIRECT,COMMIT_MODIFIES_FILE,3,PR:335918 -> COMMIT:adc9092582503ef136344e5d017aa68b3c10c944 -> FILE:src/vs/platform/agentHost/node/copilot/copilotAgent.ts -> COMMIT:12b519d45fd42467dc7d370a5822748ec7e191a3
PR,335918,COMMIT,badda4bb80680e6322f6901a7511e71e2957a5e7,INDIRECT,COMMIT_MODIFIES_FILE,3,PR:335918 -> COMMIT:adc9092582503ef136344e5d017aa68b3c10c944 -> FILE:src/vs/platform/agentHost/node/copilot/copilotAgent.ts -> COMMIT:badda4bb80680e6322f6901a7511e71e2957a5e7
PR,335918,COMMIT,2b760fa07b9da59b184b1772e034f345c1207786,INDIRECT,COMMIT_MODIFIES_FILE,3,PR:335918 -> COMMIT:adc9092582503ef136344e5d017aa68b3c10c944 -> FILE:src/vs/platform/agentHost/node/copilot/copilotAgent.ts -> COMMIT:2b760fa07b9da59b184b1772e034f345c1207786
PR,335918,COMMIT,0eafa9bc8bfc7ca7219d235b23d87be14a80d4af,INDIRECT,COMMIT_MODIFIES_FILE,3,PR:335918 -> COMMIT:adc9092582503ef136344e5d017aa68b3c10c944 -> FILE:src/vs/platform/agentHost/node/copilot/copilotAgent.ts -> COMMIT:0eafa9bc8bfc7ca7219d235b23d87be14a80d4af
PR,335918,COMMIT,24c4ccdd874b7c46666f59951898401db53bd871,INDIRECT,COMMIT_MODIFIES_FILE,3,PR:335918 -> COMMIT:adc9092582503ef136344e5d017aa68b3c10c944 -> FILE:src/vs/platform/agentHost/node/copilot/copilotAgent.ts -> COMMIT:24c4ccdd874b7c46666f59951898401db53bd871
PR,335918,COMMIT,379338b28d57ac478c46e8d0e509669001056c57,INDIRECT,COMMIT_MODIFIES_FILE,3,PR:335918 -> COMMIT:adc9092582503ef136344e5d017aa68b3c10c944 -> FILE:src/vs/platform/agentHost/node/copilot/copilotAgent.ts -> COMMIT:379338b28d57ac478c46e8d0e509669001056c57
PR,335918,COMMIT,4a45ae92652a4ab6aeb30ba9a6c26a7350bb7f47,INDIRECT,COMMIT_MODIFIES_FILE,3,PR:335918 -> COMMIT:adc9092582503ef136344e5d017aa68b3c10c944 -> FILE:src/vs/platform/agentHost/node/copilot/copilotAgent.ts -> COMMIT:4a45ae92652a4ab6aeb30ba9a6c26a7350bb7f47
PR,335918,COMMIT,128736f4ee495a56a66ff58028c6bc22055b6d5e,INDIRECT,COMMIT_MODIFIES_FILE,3,PR:335918 -> COMMIT:adc9092582503ef136344e5d017aa68b3c10c944 -> FILE:src/vs/platform/agentHost/node/copilot/copilotAgent.ts -> COMMIT:128736f4ee495a56a66ff58028c6bc22055b6d5e
PR,335918,COMMIT,bfaca5488e51d7fe77f7fa489990677104d9e2e2,INDIRECT,COMMIT_MODIFIES_FILE,3,PR:335918 -> COMMIT:adc9092582503ef136344e5d017aa68b3c10c944 -> FILE:src/vs/platform/agentHost/node/copilot/copilotAgent.ts -> COMMIT:bfaca5488e51d7fe77f7fa489990677104d9e2e2
PR,335918,COMMIT,f4cf1af6f04f2d73d9556ae3dcb1e794b1074b9d,INDIRECT,COMMIT_MODIFIES_FILE,3,PR:335918 -> COMMIT:adc9092582503ef136344e5d017aa68b3c10c944 -> FILE:src/vs/platform/agentHost/node/copilot/copilotAgent.ts -> COMMIT:f4cf1af6f04f2d73d9556ae3dcb1e794b1074b9d
PR,335918,COMMIT,35e6485d9ab5e9a9443127fc3af7d4e0d9ad9b57,INDIRECT,COMMIT_MODIFIES_FILE,3,PR:335918 -> COMMIT:adc9092582503ef136344e5d017aa68b3c10c944 -> FILE:src/vs/platform/agentHost/node/copilot/copilotAgent.ts -> COMMIT:35e6485d9ab5e9a9443127fc3af7d4e0d9ad9b57
PR,335918,COMMIT,e7cc5f55047d0fc141b828a82b56eb039701bd9b,INDIRECT,COMMIT_MODIFIES_FILE,3,PR:335918 -> COMMIT:adc9092582503ef136344e5d017aa68b3c10c944 -> FILE:src/vs/platform/agentHost/node/copilot/copilotAgent.ts -> COMMIT:e7cc5f55047d0fc141b828a82b56eb039701bd9b
PR,335918,COMMIT,942400fff3b3f857355591a18c6ac3ddb085f556,INDIRECT,COMMIT_MODIFIES_FILE,3,PR:335918 -> COMMIT:adc9092582503ef136344e5d017aa68b3c10c944 -> FILE:src/vs/platform/agentHost/node/copilot/copilotAgent.ts -> COMMIT:942400fff3b3f857355591a18c6ac3ddb085f556
PR,335918,COMMIT,b797a27acb8de25621cd432ba0f261bf9b2690b7,INDIRECT,COMMIT_MODIFIES_FILE,3,PR:335918 -> COMMIT:adc9092582503ef136344e5d017aa68b3c10c944 -> FILE:src/vs/platform/agentHost/node/copilot/copilotAgent.ts -> COMMIT:b797a27acb8de25621cd432ba0f261bf9b2690b7
PR,335918,COMMIT,13610a4b86f69664d6d4882bb9e39f7c12af306e,INDIRECT,COMMIT_MODIFIES_FILE,3,PR:335918 -> COMMIT:adc9092582503ef136344e5d017aa68b3c10c944 -> FILE:src/vs/platform/agentHost/node/copilot/copilotAgent.ts -> COMMIT:13610a4b86f69664d6d4882bb9e39f7c12af306e
PR,335918,COMMIT,57b8900d495a291c0fcb7cccdf20f96a7802748d,INDIRECT,COMMIT_MODIFIES_FILE,3,PR:335918 -> COMMIT:adc9092582503ef136344e5d017aa68b3c10c944 -> FILE:src/vs/platform/agentHost/node/copilot/copilotAgent.ts -> COMMIT:57b8900d495a291c0fcb7cccdf20f96a7802748d
PR,335918,COMMIT,678adf5c74b39d14c49f3d1d93fd6c00082a3a09,INDIRECT,COMMIT_MODIFIES_FILE,3,PR:335918 -> COMMIT:adc9092582503ef136344e5d017aa68b3c10c944 -> FILE:src/vs/platform/agentHost/node/copilot/copilotAgent.ts -> COMMIT:678adf5c74b39d14c49f3d1d93fd6c00082a3a09
PR,335918,COMMIT,587d3c0eed5fdfa98233a6d1f36c7ca9a7ec77ed,INDIRECT,COMMIT_MODIFIES_FILE,3,PR:335918 -> COMMIT:adc9092582503ef136344e5d017aa68b3c10c944 -> FILE:src/vs/platform/agentHost/node/copilot/copilotAgent.ts -> COMMIT:587d3c0eed5fdfa98233a6d1f36c7ca9a7ec77ed
PR,335918,COMMIT,49ff4350bae2bda17c389d7d553acc5b386cbdcc,INDIRECT,COMMIT_MODIFIES_FILE,3,PR:335918 -> COMMIT:adc9092582503ef136344e5d017aa68b3c10c944 -> FILE:src/vs/platform/agentHost/node/copilot/copilotAgent.ts -> COMMIT:49ff4350bae2bda17c389d7d553acc5b386cbdcc
PR,335918,COMMIT,d04e56b2b7a7bc7322f04b1ccbbe5c3a0d970bc9,INDIRECT,COMMIT_MODIFIES_FILE,3,PR:335918 -> COMMIT:adc9092582503ef136344e5d017aa68b3c10c944 -> FILE:src/vs/platform/agentHost/node/copilot/copilotAgent.ts -> COMMIT:d04e56b2b7a7bc7322f04b1ccbbe5c3a0d970bc9
PR,335918,COMMIT,4951f90655c62d358eb40a302b9d0ba3d9bfd907,INDIRECT,COMMIT_MODIFIES_FILE,3,PR:335918 -> COMMIT:adc9092582503ef136344e5d017aa68b3c10c944 -> FILE:src/vs/platform/agentHost/node/copilot/copilotAgent.ts -> COMMIT:4951f90655c62d358eb40a302b9d0ba3d9bfd907
PR,335918,COMMIT,62392b8b6b613df86819c140a01b6fa76050ca1f,INDIRECT,COMMIT_MODIFIES_FILE,3,PR:335918 -> COMMIT:adc9092582503ef136344e5d017aa68b3c10c944 -> FILE:src/vs/platform/agentHost/node/copilot/copilotAgent.ts -> COMMIT:62392b8b6b613df86819c140a01b6fa76050ca1f
PR,335918,COMMIT,770c585c3b5d1c2830812da0e70ece765a60b4b1,INDIRECT,COMMIT_MODIFIES_FILE,3,PR:335918 -> COMMIT:adc9092582503ef136344e5d017aa68b3c10c944 -> FILE:src/vs/platform/agentHost/node/copilot/copilotAgent.ts -> COMMIT:770c585c3b5d1c2830812da0e70ece765a60b4b1
PR,335918,COMMIT,c76cfb9d3f3535ef06538ff145ee30a405000a85,INDIRECT,COMMIT_MODIFIES_FILE,3,PR:335918 -> COMMIT:adc9092582503ef136344e5d017aa68b3c10c944 -> FILE:src/vs/platform/agentHost/node/copilot/copilotAgent.ts -> COMMIT:c76cfb9d3f3535ef06538ff145ee30a405000a85
PR,335918,COMMIT,1feec19acd64718b3d96e52224430cdf8fe6caf1,INDIRECT,COMMIT_MODIFIES_FILE,3,PR:335918 -> COMMIT:adc9092582503ef136344e5d017aa68b3c10c944 -> FILE:src/vs/platform/agentHost/node/copilot/copilotAgent.ts -> COMMIT:1feec19acd64718b3d96e52224430cdf8fe6caf1
PR,335918,COMMIT,37bc19ad182de684704603b08cce46f77918f22c,INDIRECT,COMMIT_MODIFIES_FILE,3,PR:335918 -> COMMIT:adc9092582503ef136344e5d017aa68b3c10c944 -> FILE:src/vs/platform/agentHost/node/copilot/copilotAgent.ts -> COMMIT:37bc19ad182de684704603b08cce46f77918f22c
PR,335918,COMMIT,7cf24c138a15a444f9e6a46f82b5e938b6949fea,INDIRECT,COMMIT_MODIFIES_FILE,3,PR:335918 -> COMMIT:adc9092582503ef136344e5d017aa68b3c10c944 -> FILE:src/vs/platform/agentHost/node/copilot/copilotAgent.ts -> COMMIT:7cf24c138a15a444f9e6a46f82b5e938b6949fea
PR,335918,COMMIT,dae6a4af68dcf81983ce5e2e59472f3688f59db7,INDIRECT,COMMIT_MODIFIES_FILE,3,PR:335918 -> COMMIT:adc9092582503ef136344e5d017aa68b3c10c944 -> FILE:src/vs/platform/agentHost/node/copilot/copilotAgent.ts -> COMMIT:dae6a4af68dcf81983ce5e2e59472f3688f59db7
PR,335918,COMMIT,8b2f641df22be0d9e9225aa74e1b9363b98b2753,INDIRECT,COMMIT_MODIFIES_FILE,3,PR:335918 -> COMMIT:adc9092582503ef136344e5d017aa68b3c10c944 -> FILE:src/vs/platform/agentHost/node/copilot/copilotAgent.ts -> COMMIT:8b2f641df22be0d9e9225aa74e1b9363b98b2753
PR,335918,COMMIT,c8279579cd3ced28fc392bba03ba7d3e2b735ec9,INDIRECT,COMMIT_MODIFIES_FILE,3,PR:335918 -> COMMIT:adc9092582503ef136344e5d017aa68b3c10c944 -> FILE:src/vs/platform/agentHost/node/copilot/copilotAgent.ts -> COMMIT:c8279579cd3ced28fc392bba03ba7d3e2b735ec9
PR,335918,COMMIT,e571fd6253368dcd66b81ba5d5aeebfbb490060f,INDIRECT,COMMIT_MODIFIES_FILE,3,PR:335918 -> COMMIT:adc9092582503ef136344e5d017aa68b3c10c944 -> FILE:src/vs/platform/agentHost/node/copilot/copilotAgent.ts -> COMMIT:e571fd6253368dcd66b81ba5d5aeebfbb490060f
PR,335918,COMMIT,c7505f9463c04a72a2b3a6833a2f35c596e1f07f,INDIRECT,COMMIT_MODIFIES_FILE,3,PR:335918 -> COMMIT:adc9092582503ef136344e5d017aa68b3c10c944 -> FILE:src/vs/platform/agentHost/node/copilot/copilotAgent.ts -> COMMIT:c7505f9463c04a72a2b3a6833a2f35c596e1f07f
PR,335918,COMMIT,4ef887d9628467a2f8b6899334c1cb4a4d035756,INDIRECT,COMMIT_MODIFIES_FILE,3,PR:335918 -> COMMIT:adc9092582503ef136344e5d017aa68b3c10c944 -> FILE:src/vs/platform/agentHost/node/copilot/copilotAgent.ts -> COMMIT:4ef887d9628467a2f8b6899334c1cb4a4d035756
PR,335918,COMMIT,b4061ef009fce76d6f1d671c783076564f7256f0,INDIRECT,COMMIT_MODIFIES_FILE,3,PR:335918 -> COMMIT:adc9092582503ef136344e5d017aa68b3c10c944 -> FILE:src/vs/platform/agentHost/node/copilot/copilotAgent.ts -> COMMIT:b4061ef009fce76d6f1d671c783076564f7256f0
PR,335918,COMMIT,bc3650bf6b12a5e4b3f8791a91fcfc69dfc8b91f,INDIRECT,COMMIT_MODIFIES_FILE,3,PR:335918 -> COMMIT:adc9092582503ef136344e5d017aa68b3c10c944 -> FILE:src/vs/platform/agentHost/node/copilot/copilotAgent.ts -> COMMIT:bc3650bf6b12a5e4b3f8791a91fcfc69dfc8b91f
PR,335918,COMMIT,e031125ee00239b683545a5e4793841294e3ce42,INDIRECT,COMMIT_MODIFIES_FILE,3,PR:335918 -> COMMIT:adc9092582503ef136344e5d017aa68b3c10c944 -> FILE:src/vs/platform/agentHost/node/copilot/copilotAgent.ts -> COMMIT:e031125ee00239b683545a5e4793841294e3ce42
PR,335918,COMMIT,7fb34ffc0894a6920801d5106728e6a388e0f99b,INDIRECT,COMMIT_MODIFIES_FILE,3,PR:335918 -> COMMIT:adc9092582503ef136344e5d017aa68b3c10c944 -> FILE:src/vs/platform/agentHost/node/copilot/copilotAgent.ts -> COMMIT:7fb34ffc0894a6920801d5106728e6a388e0f99b
PR,335918,COMMIT,3aae3f8706c7f3cd5e3af1b1482c118fa0b4e256,INDIRECT,COMMIT_MODIFIES_FILE,3,PR:335918 -> COMMIT:adc9092582503ef136344e5d017aa68b3c10c944 -> FILE:src/vs/platform/agentHost/node/copilot/copilotAgent.ts -> COMMIT:3aae3f8706c7f3cd5e3af1b1482c118fa0b4e256
PR,335918,COMMIT,1d50f053e02650da79241212bde50487bc2c9c82,INDIRECT,COMMIT_MODIFIES_FILE,3,PR:335918 -> COMMIT:adc9092582503ef136344e5d017aa68b3c10c944 -> FILE:src/vs/platform/agentHost/node/copilot/copilotAgent.ts -> COMMIT:1d50f053e02650da79241212bde50487bc2c9c82
PR,335918,COMMIT,61f45b3ca08a32209ea1183a69539251db7c004d,INDIRECT,COMMIT_MODIFIES_FILE,3,PR:335918 -> COMMIT:adc9092582503ef136344e5d017aa68b3c10c944 -> FILE:src/vs/platform/agentHost/node/copilot/copilotAgent.ts -> COMMIT:61f45b3ca08a32209ea1183a69539251db7c004d
PR,335918,COMMIT,7e6674f29781dfcbf483fdc0d4432e3a925383ac,INDIRECT,COMMIT_MODIFIES_FILE,3,PR:335918 -> COMMIT:adc9092582503ef136344e5d017aa68b3c10c944 -> FILE:src/vs/platform/agentHost/node/copilot/copilotAgent.ts -> COMMIT:7e6674f29781dfcbf483fdc0d4432e3a925383ac
PR,335918,COMMIT,1d7a79d3ab691e9e567e330f4eb3786c3b4b7dca,INDIRECT,COMMIT_MODIFIES_FILE,3,PR:335918 -> COMMIT:adc9092582503ef136344e5d017aa68b3c10c944 -> FILE:src/vs/platform/agentHost/node/copilot/copilotAgent.ts -> COMMIT:1d7a79d3ab691e9e567e330f4eb3786c3b4b7dca
PR,335918,COMMIT,27c67ecebd0dcb0d9ddddc432a15184b12ecd806,INDIRECT,COMMIT_MODIFIES_FILE,3,PR:335918 -> COMMIT:adc9092582503ef136344e5d017aa68b3c10c944 -> FILE:src/vs/platform/agentHost/node/copilot/copilotAgent.ts -> COMMIT:27c67ecebd0dcb0d9ddddc432a15184b12ecd806
PR,335918,COMMIT,24e8e3ee952ba5d0da51eba609b53c0636bcd2e0,INDIRECT,COMMIT_MODIFIES_FILE,3,PR:335918 -> COMMIT:adc9092582503ef136344e5d017aa68b3c10c944 -> FILE:src/vs/platform/agentHost/node/copilot/copilotAgent.ts -> COMMIT:24e8e3ee952ba5d0da51eba609b53c0636bcd2e0
PR,335918,COMMIT,dfc661b22d60036685512e014939f2aba1787336,INDIRECT,COMMIT_MODIFIES_FILE,3,PR:335918 -> COMMIT:adc9092582503ef136344e5d017aa68b3c10c944 -> FILE:src/vs/platform/agentHost/node/copilot/copilotAgent.ts -> COMMIT:dfc661b22d60036685512e014939f2aba1787336
PR,335918,COMMIT,3c440acf475fae35f78665d6256d692f5da22c8d,INDIRECT,COMMIT_MODIFIES_FILE,3,PR:335918 -> COMMIT:adc9092582503ef136344e5d017aa68b3c10c944 -> FILE:src/vs/platform/agentHost/node/copilot/copilotAgent.ts -> COMMIT:3c440acf475fae35f78665d6256d692f5da22c8d
PR,335918,COMMIT,0121bcee82380759aaa03acf744ceac8e0ec7946,INDIRECT,COMMIT_MODIFIES_FILE,3,PR:335918 -> COMMIT:adc9092582503ef136344e5d017aa68b3c10c944 -> FILE:src/vs/platform/agentHost/node/copilot/copilotAgent.ts -> COMMIT:0121bcee82380759aaa03acf744ceac8e0ec7946
PR,335918,COMMIT,2e29b8a82a4b0c33de60e66a8b8d326cd0ee2be0,INDIRECT,COMMIT_MODIFIES_FILE,3,PR:335918 -> COMMIT:adc9092582503ef136344e5d017aa68b3c10c944 -> FILE:src/vs/platform/agentHost/node/copilot/copilotAgent.ts -> COMMIT:2e29b8a82a4b0c33de60e66a8b8d326cd0ee2be0
PR,335918,COMMIT,bcb6740201c16875ebe1a5f52558d53d9a6ef8c7,INDIRECT,COMMIT_MODIFIES_FILE,3,PR:335918 -> COMMIT:adc9092582503ef136344e5d017aa68b3c10c944 -> FILE:src/vs/platform/agentHost/node/copilot/copilotAgent.ts -> COMMIT:bcb6740201c16875ebe1a5f52558d53d9a6ef8c7
PR,335918,COMMIT,2a72bd6369ede57c66d1311d5db6ec28b9d0d9c6,INDIRECT,COMMIT_MODIFIES_FILE,3,PR:335918 -> COMMIT:adc9092582503ef136344e5d017aa68b3c10c944 -> FILE:src/vs/platform/agentHost/node/copilot/copilotAgent.ts -> COMMIT:2a72bd6369ede57c66d1311d5db6ec28b9d0d9c6
PR,335918,COMMIT,8c7e6300f603a7e11f6257db1717db802c2ffd5d,INDIRECT,COMMIT_MODIFIES_FILE,3,PR:335918 -> COMMIT:adc9092582503ef136344e5d017aa68b3c10c944 -> FILE:src/vs/platform/agentHost/node/copilot/copilotAgent.ts -> COMMIT:8c7e6300f603a7e11f6257db1717db802c2ffd5d
PR,335918,COMMIT,b12c127ddcc27ed66f018083fffa4f85e79db0b8,INDIRECT,COMMIT_MODIFIES_FILE,3,PR:335918 -> COMMIT:adc9092582503ef136344e5d017aa68b3c10c944 -> FILE:src/vs/platform/agentHost/node/copilot/copilotAgent.ts -> COMMIT:b12c127ddcc27ed66f018083fffa4f85e79db0b8
PR,335918,COMMIT,734621085b97083230c19dc6e79057cd655f5e12,INDIRECT,COMMIT_MODIFIES_FILE,3,PR:335918 -> COMMIT:adc9092582503ef136344e5d017aa68b3c10c944 -> FILE:src/vs/platform/agentHost/node/copilot/copilotAgent.ts -> COMMIT:734621085b97083230c19dc6e79057cd655f5e12
PR,335918,COMMIT,b10ebed1c4f63bef067a5a7375acc3e4cf16fe8c,INDIRECT,COMMIT_MODIFIES_FILE,3,PR:335918 -> COMMIT:adc9092582503ef136344e5d017aa68b3c10c944 -> FILE:src/vs/platform/agentHost/node/copilot/copilotAgent.ts -> COMMIT:b10ebed1c4f63bef067a5a7375acc3e4cf16fe8c
PR,335918,COMMIT,eebcbcc229860f756408a963bfc50d10ab04cd4d,INDIRECT,COMMIT_MODIFIES_FILE,3,PR:335918 -> COMMIT:adc9092582503ef136344e5d017aa68b3c10c944 -> FILE:src/vs/platform/agentHost/node/copilot/copilotAgent.ts -> COMMIT:eebcbcc229860f756408a963bfc50d10ab04cd4d
PR,335918,COMMIT,3f37e7f8ca9aa448476987626373e44766f0f33b,INDIRECT,COMMIT_MODIFIES_FILE,3,PR:335918 -> COMMIT:adc9092582503ef136344e5d017aa68b3c10c944 -> FILE:src/vs/platform/agentHost/node/copilot/copilotAgent.ts -> COMMIT:3f37e7f8ca9aa448476987626373e44766f0f33b
PR,335918,COMMIT,e8bb8776a8f213fe83576a14957ee43b6c1902d6,INDIRECT,COMMIT_MODIFIES_FILE,3,PR:335918 -> COMMIT:adc9092582503ef136344e5d017aa68b3c10c944 -> FILE:src/vs/platform/agentHost/node/copilot/copilotAgent.ts -> COMMIT:e8bb8776a8f213fe83576a14957ee43b6c1902d6
PR,335918,COMMIT,cb76a1543c2ab6e6085b91e45cc7790af533c5de,INDIRECT,COMMIT_MODIFIES_FILE,3,PR:335918 -> COMMIT:adc9092582503ef136344e5d017aa68b3c10c944 -> FILE:src/vs/platform/agentHost/node/copilot/copilotAgent.ts -> COMMIT:cb76a1543c2ab6e6085b91e45cc7790af533c5de
PR,335918,COMMIT,a9ad8f9a8bf62e140ab7897f453eac2dd61b4a7f,INDIRECT,COMMIT_MODIFIES_FILE,3,PR:335918 -> COMMIT:adc9092582503ef136344e5d017aa68b3c10c944 -> FILE:src/vs/platform/agentHost/node/copilot/copilotAgent.ts -> COMMIT:a9ad8f9a8bf62e140ab7897f453eac2dd61b4a7f
PR,335918,COMMIT,d17b3b9b819b5e95dd53dd484ec712ec1a30073e,INDIRECT,COMMIT_MODIFIES_FILE,3,PR:335918 -> COMMIT:adc9092582503ef136344e5d017aa68b3c10c944 -> FILE:src/vs/platform/agentHost/node/copilot/copilotAgent.ts -> COMMIT:d17b3b9b819b5e95dd53dd484ec712ec1a30073e
PR,335918,COMMIT,6b7e1c40e1e89949a5af3931c50efaea767def76,INDIRECT,COMMIT_MODIFIES_FILE,3,PR:335918 -> COMMIT:adc9092582503ef136344e5d017aa68b3c10c944 -> FILE:src/vs/platform/agentHost/node/copilot/copilotAgent.ts -> COMMIT:6b7e1c40e1e89949a5af3931c50efaea767def76
PR,335918,COMMIT,983c6abb1197a47b06c3f3e582b8bf98a6bd9d20,INDIRECT,COMMIT_MODIFIES_FILE,3,PR:335918 -> COMMIT:adc9092582503ef136344e5d017aa68b3c10c944 -> FILE:src/vs/platform/agentHost/node/copilot/copilotAgent.ts -> COMMIT:983c6abb1197a47b06c3f3e582b8bf98a6bd9d20
PR,335918,COMMIT,69e851e3343b2e5e22e46103e97805eb44b59edf,INDIRECT,COMMIT_MODIFIES_FILE,3,PR:335918 -> COMMIT:adc9092582503ef136344e5d017aa68b3c10c944 -> FILE:src/vs/platform/agentHost/node/copilot/copilotAgent.ts -> COMMIT:69e851e3343b2e5e22e46103e97805eb44b59edf
PR,335918,COMMIT,0034b5a1218ea02f132aae3c69790ca82fa32ae4,INDIRECT,COMMIT_MODIFIES_FILE,3,PR:335918 -> COMMIT:adc9092582503ef136344e5d017aa68b3c10c944 -> FILE:src/vs/platform/agentHost/node/copilot/copilotAgent.ts -> COMMIT:0034b5a1218ea02f132aae3c69790ca82fa32ae4
PR,335918,COMMIT,695bd6571ebea6a9953e5e355aa405dac2f80d09,INDIRECT,COMMIT_MODIFIES_FILE,3,PR:335918 -> COMMIT:adc9092582503ef136344e5d017aa68b3c10c944 -> FILE:src/vs/platform/agentHost/node/copilot/copilotAgent.ts -> COMMIT:695bd6571ebea6a9953e5e355aa405dac2f80d09
PR,335918,COMMIT,2b03265bee0e6a6b3b2ef3ecf7e648dc11dfc21a,INDIRECT,COMMIT_MODIFIES_FILE,3,PR:335918 -> COMMIT:adc9092582503ef136344e5d017aa68b3c10c944 -> FILE:src/vs/platform/agentHost/node/copilot/copilotAgent.ts -> COMMIT:2b03265bee0e6a6b3b2ef3ecf7e648dc11dfc21a
PR,335918,COMMIT,4a2a236efa614a575031b6b554745ee1248fd2cf,INDIRECT,COMMIT_MODIFIES_FILE,3,PR:335918 -> COMMIT:adc9092582503ef136344e5d017aa68b3c10c944 -> FILE:src/vs/platform/agentHost/node/copilot/copilotAgent.ts -> COMMIT:4a2a236efa614a575031b6b554745ee1248fd2cf
PR,335918,COMMIT,c07a0dd90026cbb6b342c22d4e94135b251e6a32,INDIRECT,COMMIT_MODIFIES_FILE,3,PR:335918 -> COMMIT:adc9092582503ef136344e5d017aa68b3c10c944 -> FILE:src/vs/platform/agentHost/node/copilot/copilotAgent.ts -> COMMIT:c07a0dd90026cbb6b342c22d4e94135b251e6a32
PR,335918,COMMIT,1444f8143d31faf45027129dc2eb5d1cd09f395b,INDIRECT,COMMIT_MODIFIES_FILE,3,PR:335918 -> COMMIT:adc9092582503ef136344e5d017aa68b3c10c944 -> FILE:src/vs/platform/agentHost/node/copilot/copilotAgent.ts -> COMMIT:1444f8143d31faf45027129dc2eb5d1cd09f395b
PR,335918,COMMIT,a8dad0c0d8d914562e805e1fd13bb66a910fdd72,INDIRECT,COMMIT_MODIFIES_FILE,3,PR:335918 -> COMMIT:adc9092582503ef136344e5d017aa68b3c10c944 -> FILE:src/vs/platform/agentHost/node/copilot/copilotAgent.ts -> COMMIT:a8dad0c0d8d914562e805e1fd13bb66a910fdd72
PR,335918,COMMIT,388a4dfb5b6aeeed1b3530fcc085c83f880fcd10,INDIRECT,COMMIT_MODIFIES_FILE,3,PR:335918 -> COMMIT:adc9092582503ef136344e5d017aa68b3c10c944 -> FILE:src/vs/platform/agentHost/node/copilot/copilotAgent.ts -> COMMIT:388a4dfb5b6aeeed1b3530fcc085c83f880fcd10
PR,335918,COMMIT,ef98af78f82b3206005261f7a09deec204d8df3f,INDIRECT,COMMIT_MODIFIES_FILE,3,PR:335918 -> COMMIT:adc9092582503ef136344e5d017aa68b3c10c944 -> FILE:src/vs/platform/agentHost/node/copilot/copilotAgent.ts -> COMMIT:ef98af78f82b3206005261f7a09deec204d8df3f
PR,335918,COMMIT,c101c66c8975310ae80e4951ec669eb463104508,INDIRECT,COMMIT_MODIFIES_FILE,3,PR:335918 -> COMMIT:adc9092582503ef136344e5d017aa68b3c10c944 -> FILE:src/vs/platform/agentHost/node/copilot/copilotAgent.ts -> COMMIT:c101c66c8975310ae80e4951ec669eb463104508
PR,335918,COMMIT,0c264e641d65c338eb1fb794f94e0921bc81ffd6,INDIRECT,COMMIT_MODIFIES_FILE,3,PR:335918 -> COMMIT:adc9092582503ef136344e5d017aa68b3c10c944 -> FILE:src/vs/platform/agentHost/node/copilot/copilotAgent.ts -> COMMIT:0c264e641d65c338eb1fb794f94e0921bc81ffd6
PR,335918,COMMIT,b2ed52613dc73aa4a10fd59c67826f0c48400404,INDIRECT,COMMIT_MODIFIES_FILE,3,PR:335918 -> COMMIT:adc9092582503ef136344e5d017aa68b3c10c944 -> FILE:src/vs/platform/agentHost/node/copilot/copilotAgent.ts -> COMMIT:b2ed52613dc73aa4a10fd59c67826f0c48400404
PR,335918,COMMIT,37f57baf88c5a07349e8981464bb0b4161028f4b,INDIRECT,COMMIT_MODIFIES_FILE,3,PR:335918 -> COMMIT:adc9092582503ef136344e5d017aa68b3c10c944 -> FILE:src/vs/platform/agentHost/node/copilot/copilotAgent.ts -> COMMIT:37f57baf88c5a07349e8981464bb0b4161028f4b
PR,335918,COMMIT,87f6c53594a2ddd29c5bf22c97d762062524cfa3,INDIRECT,COMMIT_MODIFIES_FILE,3,PR:335918 -> COMMIT:adc9092582503ef136344e5d017aa68b3c10c944 -> FILE:src/vs/platform/agentHost/node/copilot/copilotAgent.ts -> COMMIT:87f6c53594a2ddd29c5bf22c97d762062524cfa3
PR,335918,COMMIT,96ebd2a7f97ddea0521deba3a98964445f6f0336,INDIRECT,COMMIT_MODIFIES_FILE,3,PR:335918 -> COMMIT:adc9092582503ef136344e5d017aa68b3c10c944 -> FILE:src/vs/platform/agentHost/node/copilot/copilotAgent.ts -> COMMIT:96ebd2a7f97ddea0521deba3a98964445f6f0336
PR,335918,COMMIT,579f373e5c28c7530a97a1079750af11f59101fe,INDIRECT,COMMIT_MODIFIES_FILE,3,PR:335918 -> COMMIT:adc9092582503ef136344e5d017aa68b3c10c944 -> FILE:src/vs/platform/agentHost/node/copilot/copilotAgent.ts -> COMMIT:579f373e5c28c7530a97a1079750af11f59101fe
PR,335918,COMMIT,fdce42504e9d018e98df4e8ca01957a649d5b697,INDIRECT,COMMIT_MODIFIES_FILE,3,PR:335918 -> COMMIT:adc9092582503ef136344e5d017aa68b3c10c944 -> FILE:src/vs/platform/agentHost/node/copilot/copilotAgent.ts -> COMMIT:fdce42504e9d018e98df4e8ca01957a649d5b697
PR,335918,COMMIT,c8c97799a61d43ade9662e311be6947733a36110,INDIRECT,COMMIT_MODIFIES_FILE,3,PR:335918 -> COMMIT:adc9092582503ef136344e5d017aa68b3c10c944 -> FILE:src/vs/platform/agentHost/node/copilot/copilotAgent.ts -> COMMIT:c8c97799a61d43ade9662e311be6947733a36110
PR,335918,COMMIT,a11fdbb6eb8ed6edb3e637b369c71d20f2ecba64,INDIRECT,COMMIT_MODIFIES_FILE,3,PR:335918 -> COMMIT:adc9092582503ef136344e5d017aa68b3c10c944 -> FILE:src/vs/platform/agentHost/node/copilot/copilotAgent.ts -> COMMIT:a11fdbb6eb8ed6edb3e637b369c71d20f2ecba64
PR,335918,COMMIT,3cce91e0f0f305329f8ff082bc5554fff6cb3c6e,INDIRECT,COMMIT_MODIFIES_FILE,3,PR:335918 -> COMMIT:adc9092582503ef136344e5d017aa68b3c10c944 -> FILE:src/vs/platform/agentHost/node/copilot/copilotAgent.ts -> COMMIT:3cce91e0f0f305329f8ff082bc5554fff6cb3c6e
PR,335918,COMMIT,f4c53c6ac20c9990350073be21ab398e5b831975,INDIRECT,COMMIT_MODIFIES_FILE,3,PR:335918 -> COMMIT:adc9092582503ef136344e5d017aa68b3c10c944 -> FILE:src/vs/platform/agentHost/node/copilot/copilotAgent.ts -> COMMIT:f4c53c6ac20c9990350073be21ab398e5b831975
PR,335918,COMMIT,eea4a91be383d6859d95b6fa4c5339061130e1e9,INDIRECT,COMMIT_MODIFIES_FILE,3,PR:335918 -> COMMIT:adc9092582503ef136344e5d017aa68b3c10c944 -> FILE:src/vs/platform/agentHost/node/copilot/copilotAgent.ts -> COMMIT:eea4a91be383d6859d95b6fa4c5339061130e1e9
PR,335918,COMMIT,86b135d6d493cbde7794935868e49fd5cae79bac,INDIRECT,COMMIT_MODIFIES_FILE,3,PR:335918 -> COMMIT:adc9092582503ef136344e5d017aa68b3c10c944 -> FILE:src/vs/platform/agentHost/node/copilot/copilotAgent.ts -> COMMIT:86b135d6d493cbde7794935868e49fd5cae79bac
PR,335918,COMMIT,b176152181f81302c5eda671e6eab3b58f36b615,INDIRECT,COMMIT_MODIFIES_FILE,3,PR:335918 -> COMMIT:adc9092582503ef136344e5d017aa68b3c10c944 -> FILE:src/vs/platform/agentHost/node/copilot/copilotAgent.ts -> COMMIT:b176152181f81302c5eda671e6eab3b58f36b615
PR,335918,COMMIT,7764f318ef896437800f636c9b3b4c22b7f7a4d5,INDIRECT,COMMIT_MODIFIES_FILE,3,PR:335918 -> COMMIT:adc9092582503ef136344e5d017aa68b3c10c944 -> FILE:src/vs/platform/agentHost/node/copilot/copilotAgent.ts -> COMMIT:7764f318ef896437800f636c9b3b4c22b7f7a4d5
PR,335918,COMMIT,bf85ef9e0267806b8f3d6cef99451370f7433a2b,INDIRECT,COMMIT_MODIFIES_FILE,3,PR:335918 -> COMMIT:adc9092582503ef136344e5d017aa68b3c10c944 -> FILE:src/vs/platform/agentHost/node/copilot/copilotAgent.ts -> COMMIT:bf85ef9e0267806b8f3d6cef99451370f7433a2b
PR,335918,COMMIT,ad4ab2a6311b95c54c9d8dca621d1973722dbdbc,INDIRECT,COMMIT_MODIFIES_FILE,3,PR:335918 -> COMMIT:adc9092582503ef136344e5d017aa68b3c10c944 -> FILE:src/vs/platform/agentHost/node/copilot/copilotAgent.ts -> COMMIT:ad4ab2a6311b95c54c9d8dca621d1973722dbdbc
PR,335918,COMMIT,1a309091e8e350463fd3cf69ab5dfbc0635276eb,INDIRECT,COMMIT_MODIFIES_FILE,3,PR:335918 -> COMMIT:adc9092582503ef136344e5d017aa68b3c10c944 -> FILE:src/vs/platform/agentHost/node/copilot/copilotAgent.ts -> COMMIT:1a309091e8e350463fd3cf69ab5dfbc0635276eb
PR,335918,COMMIT,201458a8ba2f71bdc377e4d537645ad2e1099072,INDIRECT,COMMIT_MODIFIES_FILE,3,PR:335918 -> COMMIT:adc9092582503ef136344e5d017aa68b3c10c944 -> FILE:src/vs/platform/agentHost/node/copilot/copilotAgent.ts -> COMMIT:201458a8ba2f71bdc377e4d537645ad2e1099072
PR,335918,COMMIT,d93b3324ec7f6c281653884ace627f276295f725,INDIRECT,COMMIT_MODIFIES_FILE,3,PR:335918 -> COMMIT:adc9092582503ef136344e5d017aa68b3c10c944 -> FILE:src/vs/platform/agentHost/node/copilot/copilotAgent.ts -> COMMIT:d93b3324ec7f6c281653884ace627f276295f725
PR,335918,COMMIT,c6c1822e4a54a246a3ec1c854a15d2f450198157,INDIRECT,COMMIT_MODIFIES_FILE,3,PR:335918 -> COMMIT:adc9092582503ef136344e5d017aa68b3c10c944 -> FILE:src/vs/platform/agentHost/node/copilot/copilotAgent.ts -> COMMIT:c6c1822e4a54a246a3ec1c854a15d2f450198157
PR,335918,COMMIT,f30e375aca0b4a11773fcf1b0b7a1b626159ec1b,INDIRECT,COMMIT_MODIFIES_FILE,3,PR:335918 -> COMMIT:adc9092582503ef136344e5d017aa68b3c10c944 -> FILE:src/vs/platform/agentHost/node/copilot/copilotAgent.ts -> COMMIT:f30e375aca0b4a11773fcf1b0b7a1b626159ec1b
PR,335918,COMMIT,46f84df5487eeb584740d07d1b8535128aae5f19,INDIRECT,COMMIT_MODIFIES_FILE,3,PR:335918 -> COMMIT:adc9092582503ef136344e5d017aa68b3c10c944 -> FILE:src/vs/platform/agentHost/node/copilot/copilotAgent.ts -> COMMIT:46f84df5487eeb584740d07d1b8535128aae5f19
PR,335918,COMMIT,9d58ba3ea514301c1d7d7dcbc39dd47b40eb2498,INDIRECT,COMMIT_MODIFIES_FILE,3,PR:335918 -> COMMIT:adc9092582503ef136344e5d017aa68b3c10c944 -> FILE:src/vs/platform/agentHost/node/copilot/copilotAgent.ts -> COMMIT:9d58ba3ea514301c1d7d7dcbc39dd47b40eb2498
PR,335918,COMMIT,acc0a42252721a5702c0d1cbf9a9e01ac30aa80f,INDIRECT,COMMIT_MODIFIES_FILE,3,PR:335918 -> COMMIT:adc9092582503ef136344e5d017aa68b3c10c944 -> FILE:src/vs/platform/agentHost/node/copilot/copilotAgent.ts -> COMMIT:acc0a42252721a5702c0d1cbf9a9e01ac30aa80f
PR,335918,COMMIT,3bc69536af74742c0ef86f4615919cc2ae001423,INDIRECT,COMMIT_MODIFIES_FILE,3,PR:335918 -> COMMIT:adc9092582503ef136344e5d017aa68b3c10c944 -> FILE:src/vs/platform/agentHost/node/copilot/copilotAgent.ts -> COMMIT:3bc69536af74742c0ef86f4615919cc2ae001423
PR,335918,COMMIT,19d9e2a1a38189b4597d5255f5243710887aa49f,INDIRECT,COMMIT_MODIFIES_FILE,3,PR:335918 -> COMMIT:adc9092582503ef136344e5d017aa68b3c10c944 -> FILE:src/vs/platform/agentHost/node/copilot/copilotAgent.ts -> COMMIT:19d9e2a1a38189b4597d5255f5243710887aa49f
PR,335918,COMMIT,c473649eed55c9de96d1d4e9b7205350ed08a9f5,INDIRECT,COMMIT_MODIFIES_FILE,3,PR:335918 -> COMMIT:adc9092582503ef136344e5d017aa68b3c10c944 -> FILE:src/vs/platform/agentHost/node/copilot/copilotAgent.ts -> COMMIT:c473649eed55c9de96d1d4e9b7205350ed08a9f5
PR,335918,COMMIT,1b0793621c30aa7c586a2efb0734653de078c24f,INDIRECT,COMMIT_MODIFIES_FILE,3,PR:335918 -> COMMIT:adc9092582503ef136344e5d017aa68b3c10c944 -> FILE:src/vs/platform/agentHost/node/copilot/copilotAgent.ts -> COMMIT:1b0793621c30aa7c586a2efb0734653de078c24f
PR,335918,COMMIT,9c8edc263ed5c129682ae1385bdf0ac1a378e6df,INDIRECT,COMMIT_MODIFIES_FILE,3,PR:335918 -> COMMIT:adc9092582503ef136344e5d017aa68b3c10c944 -> FILE:src/vs/platform/agentHost/node/copilot/copilotAgent.ts -> COMMIT:9c8edc263ed5c129682ae1385bdf0ac1a378e6df
PR,335918,COMMIT,082d21a0b6f69303e45b1f9b69cf3281e4524103,INDIRECT,COMMIT_MODIFIES_FILE,3,PR:335918 -> COMMIT:adc9092582503ef136344e5d017aa68b3c10c944 -> FILE:src/vs/platform/agentHost/node/copilot/copilotAgent.ts -> COMMIT:082d21a0b6f69303e45b1f9b69cf3281e4524103
PR,335918,COMMIT,2334c6c192f36877b2f7a4deae4e59b8d54b3646,INDIRECT,COMMIT_MODIFIES_FILE,3,PR:335918 -> COMMIT:adc9092582503ef136344e5d017aa68b3c10c944 -> FILE:src/vs/platform/agentHost/node/copilot/copilotAgent.ts -> COMMIT:2334c6c192f36877b2f7a4deae4e59b8d54b3646
PR,335918,COMMIT,9d05bbc2386a62268416e88d9ce18ff00fac6e54,INDIRECT,COMMIT_MODIFIES_FILE,3,PR:335918 -> COMMIT:adc9092582503ef136344e5d017aa68b3c10c944 -> FILE:src/vs/platform/agentHost/node/copilot/copilotAgent.ts -> COMMIT:9d05bbc2386a62268416e88d9ce18ff00fac6e54
PR,335918,COMMIT,94ddf2573b5dcf54e0467beab909d674a19e66b5,INDIRECT,COMMIT_MODIFIES_FILE,3,PR:335918 -> COMMIT:adc9092582503ef136344e5d017aa68b3c10c944 -> FILE:src/vs/platform/agentHost/node/copilot/copilotAgent.ts -> COMMIT:94ddf2573b5dcf54e0467beab909d674a19e66b5
PR,335918,COMMIT,bee3a740a8517875cd77b47c128f017ccaccdd20,INDIRECT,COMMIT_MODIFIES_FILE,3,PR:335918 -> COMMIT:adc9092582503ef136344e5d017aa68b3c10c944 -> FILE:src/vs/platform/agentHost/node/copilot/copilotAgent.ts -> COMMIT:bee3a740a8517875cd77b47c128f017ccaccdd20
PR,335918,COMMIT,5d82ca2fdf11184264f7cedc04581626ac404df3,INDIRECT,COMMIT_MODIFIES_FILE,3,PR:335918 -> COMMIT:adc9092582503ef136344e5d017aa68b3c10c944 -> FILE:src/vs/platform/agentHost/node/copilot/copilotAgent.ts -> COMMIT:5d82ca2fdf11184264f7cedc04581626ac404df3
PR,335918,COMMIT,db2c6f3aad560a9b501d9e631a0062da203eb833,INDIRECT,COMMIT_MODIFIES_FILE,3,PR:335918 -> COMMIT:adc9092582503ef136344e5d017aa68b3c10c944 -> FILE:src/vs/platform/agentHost/node/copilot/copilotAgent.ts -> COMMIT:db2c6f3aad560a9b501d9e631a0062da203eb833
PR,335918,COMMIT,85bb51c21b3e587e72c99f6c66f9d9238ec10637,INDIRECT,COMMIT_MODIFIES_FILE,3,PR:335918 -> COMMIT:adc9092582503ef136344e5d017aa68b3c10c944 -> FILE:src/vs/platform/agentHost/node/copilot/copilotAgent.ts -> COMMIT:85bb51c21b3e587e72c99f6c66f9d9238ec10637
PR,335918,COMMIT,adedb89c4354d8e30e063a46a8309b199702df81,INDIRECT,COMMIT_MODIFIES_FILE,3,PR:335918 -> COMMIT:adc9092582503ef136344e5d017aa68b3c10c944 -> FILE:src/vs/platform/agentHost/node/copilot/copilotAgent.ts -> COMMIT:adedb89c4354d8e30e063a46a8309b199702df81
PR,335918,COMMIT,88ac1b48775aea225adc566ec1354e0428088418,INDIRECT,COMMIT_MODIFIES_FILE,3,PR:335918 -> COMMIT:adc9092582503ef136344e5d017aa68b3c10c944 -> FILE:src/vs/platform/agentHost/node/copilot/copilotAgent.ts -> COMMIT:88ac1b48775aea225adc566ec1354e0428088418
PR,335918,COMMIT,a98c75ffb1dabeb783619f6a04dc36fdfd206956,INDIRECT,COMMIT_MODIFIES_FILE,3,PR:335918 -> COMMIT:adc9092582503ef136344e5d017aa68b3c10c944 -> FILE:src/vs/platform/agentHost/node/copilot/copilotAgent.ts -> COMMIT:a98c75ffb1dabeb783619f6a04dc36fdfd206956
PR,335918,COMMIT,180faeab6285a218ef0e039fc7b74182481f8e3a,INDIRECT,COMMIT_MODIFIES_FILE,3,PR:335918 -> COMMIT:adc9092582503ef136344e5d017aa68b3c10c944 -> FILE:src/vs/platform/agentHost/node/copilot/copilotAgent.ts -> COMMIT:180faeab6285a218ef0e039fc7b74182481f8e3a
PR,335918,COMMIT,bd716cb4d40806b99023dd0b6f4f96f0674a4e01,INDIRECT,COMMIT_MODIFIES_FILE,3,PR:335918 -> COMMIT:adc9092582503ef136344e5d017aa68b3c10c944 -> FILE:src/vs/platform/agentHost/node/copilot/copilotAgent.ts -> COMMIT:bd716cb4d40806b99023dd0b6f4f96f0674a4e01
PR,335918,COMMIT,5a53a5a92d78162043ef8609b412e991d09f07d7,INDIRECT,COMMIT_MODIFIES_FILE,3,PR:335918 -> COMMIT:adc9092582503ef136344e5d017aa68b3c10c944 -> FILE:src/vs/platform/agentHost/node/copilot/copilotAgent.ts -> COMMIT:5a53a5a92d78162043ef8609b412e991d09f07d7
PR,335918,COMMIT,a06180ec6e51b4985f2ddc5a99bbfc17e0affd27,INDIRECT,COMMIT_MODIFIES_FILE,3,PR:335918 -> COMMIT:adc9092582503ef136344e5d017aa68b3c10c944 -> FILE:src/vs/platform/agentHost/node/copilot/copilotAgent.ts -> COMMIT:a06180ec6e51b4985f2ddc5a99bbfc17e0affd27
PR,335918,COMMIT,c418d19e4fc09b1ae2564daf964273c1c0ca491b,INDIRECT,COMMIT_MODIFIES_FILE,3,PR:335918 -> COMMIT:adc9092582503ef136344e5d017aa68b3c10c944 -> FILE:src/vs/platform/agentHost/node/copilot/copilotAgent.ts -> COMMIT:c418d19e4fc09b1ae2564daf964273c1c0ca491b
PR,335918,COMMIT,64a25fcc61831795b95ace4f8167a3defa3d4481,INDIRECT,COMMIT_MODIFIES_FILE,3,PR:335918 -> COMMIT:adc9092582503ef136344e5d017aa68b3c10c944 -> FILE:src/vs/platform/agentHost/node/copilot/copilotAgent.ts -> COMMIT:64a25fcc61831795b95ace4f8167a3defa3d4481
PR,335918,COMMIT,d753b429a348497f28d3d052a403e4139ed26ca4,INDIRECT,COMMIT_MODIFIES_FILE,3,PR:335918 -> COMMIT:adc9092582503ef136344e5d017aa68b3c10c944 -> FILE:src/vs/platform/agentHost/node/copilot/copilotAgent.ts -> COMMIT:d753b429a348497f28d3d052a403e4139ed26ca4
PR,335918,COMMIT,89498d5635128633ac39e1aee5d64b8acb1fc709,INDIRECT,COMMIT_MODIFIES_FILE,3,PR:335918 -> COMMIT:adc9092582503ef136344e5d017aa68b3c10c944 -> FILE:src/vs/platform/agentHost/node/copilot/copilotAgent.ts -> COMMIT:89498d5635128633ac39e1aee5d64b8acb1fc709
PR,335918,COMMIT,c94c20d67a6a98ea42ec9fbfe65070c1efc753b3,INDIRECT,COMMIT_MODIFIES_FILE,3,PR:335918 -> COMMIT:adc9092582503ef136344e5d017aa68b3c10c944 -> FILE:src/vs/platform/agentHost/node/copilot/copilotAgent.ts -> COMMIT:c94c20d67a6a98ea42ec9fbfe65070c1efc753b3
PR,335918,COMMIT,8d07e46791b0d517aa5a7597658b4888fe7d49ae,INDIRECT,COMMIT_MODIFIES_FILE,3,PR:335918 -> COMMIT:adc9092582503ef136344e5d017aa68b3c10c944 -> FILE:src/vs/platform/agentHost/node/copilot/copilotAgent.ts -> COMMIT:8d07e46791b0d517aa5a7597658b4888fe7d49ae
PR,335918,COMMIT,1c7b97cecbdc2deb14b409cdbb26d6ed1b47b3e9,INDIRECT,COMMIT_MODIFIES_FILE,3,PR:335918 -> COMMIT:adc9092582503ef136344e5d017aa68b3c10c944 -> FILE:src/vs/platform/agentHost/node/copilot/copilotAgent.ts -> COMMIT:1c7b97cecbdc2deb14b409cdbb26d6ed1b47b3e9
PR,335918,COMMIT,d53df6c1b140ae82dd55841e086bf822bebd0bcf,INDIRECT,COMMIT_MODIFIES_FILE,3,PR:335918 -> COMMIT:adc9092582503ef136344e5d017aa68b3c10c944 -> FILE:src/vs/platform/agentHost/node/copilot/copilotAgent.ts -> COMMIT:d53df6c1b140ae82dd55841e086bf822bebd0bcf
PR,335918,COMMIT,f9e30c13e4607d8dbbd558526680e3675ed33f0b,INDIRECT,COMMIT_MODIFIES_FILE,3,PR:335918 -> COMMIT:adc9092582503ef136344e5d017aa68b3c10c944 -> FILE:src/vs/platform/agentHost/node/copilot/copilotAgent.ts -> COMMIT:f9e30c13e4607d8dbbd558526680e3675ed33f0b
PR,335918,COMMIT,540942cb81bf754ac7e39ea7d3855478bac282db,INDIRECT,COMMIT_MODIFIES_FILE,3,PR:335918 -> COMMIT:adc9092582503ef136344e5d017aa68b3c10c944 -> FILE:src/vs/platform/agentHost/node/copilot/copilotAgent.ts -> COMMIT:540942cb81bf754ac7e39ea7d3855478bac282db
PR,335918,COMMIT,27417909c87519d8f4d075ec87f74a84f46f134e,INDIRECT,COMMIT_MODIFIES_FILE,3,PR:335918 -> COMMIT:adc9092582503ef136344e5d017aa68b3c10c944 -> FILE:src/vs/platform/agentHost/node/copilot/copilotAgent.ts -> COMMIT:27417909c87519d8f4d075ec87f74a84f46f134e
PR,335918,COMMIT,f8d55c185c681331d7bc738bb1682593981d523b,INDIRECT,COMMIT_MODIFIES_FILE,3,PR:335918 -> COMMIT:adc9092582503ef136344e5d017aa68b3c10c944 -> FILE:src/vs/platform/agentHost/node/copilot/copilotAgent.ts -> COMMIT:f8d55c185c681331d7bc738bb1682593981d523b
PR,335918,COMMIT,9327fdc8a27f16c3ac22e9e6f949a7766f54fa17,INDIRECT,COMMIT_MODIFIES_FILE,3,PR:335918 -> COMMIT:adc9092582503ef136344e5d017aa68b3c10c944 -> FILE:src/vs/platform/agentHost/node/copilot/copilotAgent.ts -> COMMIT:9327fdc8a27f16c3ac22e9e6f949a7766f54fa17
PR,335918,COMMIT,89694c194debaec89431002b5c1461def9ec774a,INDIRECT,COMMIT_MODIFIES_FILE,3,PR:335918 -> COMMIT:adc9092582503ef136344e5d017aa68b3c10c944 -> FILE:src/vs/platform/agentHost/node/copilot/copilotAgent.ts -> COMMIT:89694c194debaec89431002b5c1461def9ec774a
PR,335918,COMMIT,7eb187f8f5bfb9be5712704914eab717a5a4051e,INDIRECT,COMMIT_MODIFIES_FILE,3,PR:335918 -> COMMIT:adc9092582503ef136344e5d017aa68b3c10c944 -> FILE:src/vs/platform/agentHost/node/copilot/copilotAgent.ts -> COMMIT:7eb187f8f5bfb9be5712704914eab717a5a4051e
PR,335918,COMMIT,e93a5ee8e5d35ca72560b124c28289957b41326f,INDIRECT,COMMIT_MODIFIES_FILE,3,PR:335918 -> COMMIT:adc9092582503ef136344e5d017aa68b3c10c944 -> FILE:src/vs/platform/agentHost/node/copilot/copilotAgent.ts -> COMMIT:e93a5ee8e5d35ca72560b124c28289957b41326f
PR,335918,COMMIT,f75052ace93d557e497578aebba7e0d1e6374759,INDIRECT,COMMIT_MODIFIES_FILE,3,PR:335918 -> COMMIT:adc9092582503ef136344e5d017aa68b3c10c944 -> FILE:src/vs/platform/agentHost/node/copilot/copilotAgent.ts -> COMMIT:f75052ace93d557e497578aebba7e0d1e6374759
PR,335918,COMMIT,e1a8392b0d562761ffc4f139e99cfa9e034a7727,INDIRECT,COMMIT_MODIFIES_FILE,3,PR:335918 -> COMMIT:adc9092582503ef136344e5d017aa68b3c10c944 -> FILE:src/vs/platform/agentHost/node/copilot/copilotAgent.ts -> COMMIT:e1a8392b0d562761ffc4f139e99cfa9e034a7727
PR,335918,COMMIT,edd807a7978ead2a408bf9ea81abfe52300bdbff,INDIRECT,COMMIT_MODIFIES_FILE,3,PR:335918 -> COMMIT:adc9092582503ef136344e5d017aa68b3c10c944 -> FILE:src/vs/platform/agentHost/node/copilot/copilotAgent.ts -> COMMIT:edd807a7978ead2a408bf9ea81abfe52300bdbff
PR,335918,COMMIT,72569952b599c06ffc107c6c585693cb95a8122c,INDIRECT,COMMIT_MODIFIES_FILE,3,PR:335918 -> COMMIT:adc9092582503ef136344e5d017aa68b3c10c944 -> FILE:src/vs/platform/agentHost/node/copilot/copilotAgent.ts -> COMMIT:72569952b599c06ffc107c6c585693cb95a8122c
PR,335918,COMMIT,6b509b2b29c9137ed287423ff1dea315e0b8e624,INDIRECT,COMMIT_MODIFIES_FILE,3,PR:335918 -> COMMIT:adc9092582503ef136344e5d017aa68b3c10c944 -> FILE:src/vs/platform/agentHost/node/copilot/copilotAgent.ts -> COMMIT:6b509b2b29c9137ed287423ff1dea315e0b8e624
PR,335918,COMMIT,e7745d7040db5551a7ef7c6039d50be5a0780aae,INDIRECT,COMMIT_MODIFIES_FILE,3,PR:335918 -> COMMIT:adc9092582503ef136344e5d017aa68b3c10c944 -> FILE:src/vs/platform/agentHost/node/copilot/copilotAgent.ts -> COMMIT:e7745d7040db5551a7ef7c6039d50be5a0780aae
PR,335918,COMMIT,0df09989bd49eb3dc3ced453e6575e0745acadbb,INDIRECT,COMMIT_MODIFIES_FILE,3,PR:335918 -> COMMIT:adc9092582503ef136344e5d017aa68b3c10c944 -> FILE:src/vs/platform/agentHost/node/copilot/copilotAgent.ts -> COMMIT:0df09989bd49eb3dc3ced453e6575e0745acadbb
PR,335918,COMMIT,4d6ab939697bbf945b11f1f97a04fccadadecef0,INDIRECT,COMMIT_MODIFIES_FILE,3,PR:335918 -> COMMIT:adc9092582503ef136344e5d017aa68b3c10c944 -> FILE:src/vs/platform/agentHost/node/copilot/copilotAgent.ts -> COMMIT:4d6ab939697bbf945b11f1f97a04fccadadecef0
PR,335918,COMMIT,0d0ecac4a121d38963575d0595044d238eaa10e1,INDIRECT,COMMIT_MODIFIES_FILE,3,PR:335918 -> COMMIT:adc9092582503ef136344e5d017aa68b3c10c944 -> FILE:src/vs/platform/agentHost/node/copilot/copilotAgent.ts -> COMMIT:0d0ecac4a121d38963575d0595044d238eaa10e1
PR,335918,COMMIT,82cc046e3214f639d646e555c38e35df2d634284,INDIRECT,COMMIT_MODIFIES_FILE,3,PR:335918 -> COMMIT:adc9092582503ef136344e5d017aa68b3c10c944 -> FILE:src/vs/platform/agentHost/node/copilot/copilotAgent.ts -> COMMIT:82cc046e3214f639d646e555c38e35df2d634284
PR,335918,COMMIT,f3bbee0aa4548013e09b9d1525a2540b37ef7b46,INDIRECT,COMMIT_MODIFIES_FILE,3,PR:335918 -> COMMIT:adc9092582503ef136344e5d017aa68b3c10c944 -> FILE:src/vs/platform/agentHost/node/copilot/copilotAgent.ts -> COMMIT:f3bbee0aa4548013e09b9d1525a2540b37ef7b46
PR,335918,COMMIT,a016b74f62bcda93b25dd84db9f88818711c2d56,INDIRECT,COMMIT_MODIFIES_FILE,3,PR:335918 -> COMMIT:adc9092582503ef136344e5d017aa68b3c10c944 -> FILE:src/vs/platform/agentHost/node/copilot/copilotAgent.ts -> COMMIT:a016b74f62bcda93b25dd84db9f88818711c2d56
PR,335918,COMMIT,2f6d3d89e1d7493222af55796d789bffb004ab32,INDIRECT,COMMIT_MODIFIES_FILE,3,PR:335918 -> COMMIT:adc9092582503ef136344e5d017aa68b3c10c944 -> FILE:src/vs/platform/agentHost/node/copilot/copilotAgent.ts -> COMMIT:2f6d3d89e1d7493222af55796d789bffb004ab32
PR,335918,COMMIT,c455ccc0eb631d3ddc1a8e69262d8267f9621a9d,INDIRECT,COMMIT_MODIFIES_FILE,3,PR:335918 -> COMMIT:adc9092582503ef136344e5d017aa68b3c10c944 -> FILE:src/vs/platform/agentHost/node/copilot/copilotAgent.ts -> COMMIT:c455ccc0eb631d3ddc1a8e69262d8267f9621a9d
PR,335918,COMMIT,5c85c4f44cb0777480a356578aa22319f2fad829,INDIRECT,COMMIT_MODIFIES_FILE,3,PR:335918 -> COMMIT:adc9092582503ef136344e5d017aa68b3c10c944 -> FILE:src/vs/platform/agentHost/node/copilot/copilotAgent.ts -> COMMIT:5c85c4f44cb0777480a356578aa22319f2fad829
PR,335918,COMMIT,23644e1f9d3fb5c0d3b9851f0384fa2d05f28244,INDIRECT,COMMIT_MODIFIES_FILE,3,PR:335918 -> COMMIT:adc9092582503ef136344e5d017aa68b3c10c944 -> FILE:src/vs/platform/agentHost/node/copilot/copilotAgent.ts -> COMMIT:23644e1f9d3fb5c0d3b9851f0384fa2d05f28244
PR,335918,COMMIT,1ceb66b5c12dc8c6db24045c72d7fcf7d5429ce1,INDIRECT,COMMIT_MODIFIES_FILE,3,PR:335918 -> COMMIT:adc9092582503ef136344e5d017aa68b3c10c944 -> FILE:src/vs/platform/agentHost/node/copilot/copilotAgent.ts -> COMMIT:1ceb66b5c12dc8c6db24045c72d7fcf7d5429ce1
PR,335918,COMMIT,924c17ff271ec6215d42f905b6739af8a037263d,INDIRECT,COMMIT_MODIFIES_FILE,3,PR:335918 -> COMMIT:adc9092582503ef136344e5d017aa68b3c10c944 -> FILE:src/vs/platform/agentHost/node/copilot/copilotAgent.ts -> COMMIT:924c17ff271ec6215d42f905b6739af8a037263d
PR,335918,COMMIT,b1a44460ed1893d18f2d8e49fb4eb3b1c919a895,INDIRECT,COMMIT_MODIFIES_FILE,3,PR:335918 -> COMMIT:adc9092582503ef136344e5d017aa68b3c10c944 -> FILE:src/vs/platform/agentHost/node/copilot/copilotAgent.ts -> COMMIT:b1a44460ed1893d18f2d8e49fb4eb3b1c919a895
PR,335918,COMMIT,49f24d87cd32d2a696e469d2c61fb8d0cada4cc9,INDIRECT,COMMIT_MODIFIES_FILE,3,PR:335918 -> COMMIT:adc9092582503ef136344e5d017aa68b3c10c944 -> FILE:src/vs/platform/agentHost/node/copilot/copilotAgent.ts -> COMMIT:49f24d87cd32d2a696e469d2c61fb8d0cada4cc9
PR,335918,COMMIT,bcad4c9a53ead7fc6a7974cfe0da5b4801cb0219,INDIRECT,COMMIT_MODIFIES_FILE,3,PR:335918 -> COMMIT:adc9092582503ef136344e5d017aa68b3c10c944 -> FILE:src/vs/platform/agentHost/node/copilot/copilotAgent.ts -> COMMIT:bcad4c9a53ead7fc6a7974cfe0da5b4801cb0219
PR,335918,COMMIT,6a71e1606d68772442c3e279bce299fbbe180874,INDIRECT,COMMIT_MODIFIES_FILE,3,PR:335918 -> COMMIT:adc9092582503ef136344e5d017aa68b3c10c944 -> FILE:src/vs/platform/agentHost/node/copilot/copilotAgent.ts -> COMMIT:6a71e1606d68772442c3e279bce299fbbe180874
PR,335918,COMMIT,e2839cd433a25d7bf27722b16b4cd016f4bcf2d9,INDIRECT,COMMIT_MODIFIES_FILE,3,PR:335918 -> COMMIT:adc9092582503ef136344e5d017aa68b3c10c944 -> FILE:src/vs/platform/agentHost/node/copilot/copilotAgent.ts -> COMMIT:e2839cd433a25d7bf27722b16b4cd016f4bcf2d9
PR,335918,COMMIT,a502e17436b8493d9881c00aa41ab7c22a16c00f,INDIRECT,COMMIT_MODIFIES_FILE,3,PR:335918 -> COMMIT:adc9092582503ef136344e5d017aa68b3c10c944 -> FILE:src/vs/platform/agentHost/node/copilot/copilotAgent.ts -> COMMIT:a502e17436b8493d9881c00aa41ab7c22a16c00f
PR,335918,COMMIT,ad193139fafc8873f2556fe036b936b73484cbf1,INDIRECT,COMMIT_MODIFIES_FILE,3,PR:335918 -> COMMIT:adc9092582503ef136344e5d017aa68b3c10c944 -> FILE:src/vs/platform/agentHost/node/copilot/copilotAgent.ts -> COMMIT:ad193139fafc8873f2556fe036b936b73484cbf1
PR,335918,COMMIT,963a6f945d8791e86500f789a6da7cc82272ce08,INDIRECT,COMMIT_MODIFIES_FILE,3,PR:335918 -> COMMIT:adc9092582503ef136344e5d017aa68b3c10c944 -> FILE:src/vs/platform/agentHost/node/copilot/copilotAgent.ts -> COMMIT:963a6f945d8791e86500f789a6da7cc82272ce08
PR,335918,COMMIT,0f234f3ba6cbce18f6aec4c8a6b0ddcce9e43108,INDIRECT,COMMIT_MODIFIES_FILE,3,PR:335918 -> COMMIT:adc9092582503ef136344e5d017aa68b3c10c944 -> FILE:src/vs/platform/agentHost/node/copilot/copilotAgent.ts -> COMMIT:0f234f3ba6cbce18f6aec4c8a6b0ddcce9e43108
PR,335918,COMMIT,e1bc2e30576acd4914f1e546252114a3d93feac2,INDIRECT,COMMIT_MODIFIES_FILE,3,PR:335918 -> COMMIT:adc9092582503ef136344e5d017aa68b3c10c944 -> FILE:src/vs/platform/agentHost/node/copilot/copilotAgent.ts -> COMMIT:e1bc2e30576acd4914f1e546252114a3d93feac2
PR,335918,COMMIT,d3fc54d2a1c84ab24af96fca972159e0b75a9b9b,INDIRECT,COMMIT_MODIFIES_FILE,3,PR:335918 -> COMMIT:adc9092582503ef136344e5d017aa68b3c10c944 -> FILE:src/vs/platform/agentHost/node/copilot/copilotAgent.ts -> COMMIT:d3fc54d2a1c84ab24af96fca972159e0b75a9b9b
PR,335918,COMMIT,4eb4fc5ff5de028590d80407c7d93d22c6cab25e,INDIRECT,COMMIT_MODIFIES_FILE,3,PR:335918 -> COMMIT:adc9092582503ef136344e5d017aa68b3c10c944 -> FILE:src/vs/platform/agentHost/node/copilot/copilotAgent.ts -> COMMIT:4eb4fc5ff5de028590d80407c7d93d22c6cab25e
PR,335918,COMMIT,aac6311c82f074dee17cba69a69fd0b1cd1d73ed,INDIRECT,COMMIT_MODIFIES_FILE,3,PR:335918 -> COMMIT:adc9092582503ef136344e5d017aa68b3c10c944 -> FILE:src/vs/platform/agentHost/node/copilot/copilotAgent.ts -> COMMIT:aac6311c82f074dee17cba69a69fd0b1cd1d73ed
PR,335918,COMMIT,fd5d3014f165531587976426e03479c6653599af,INDIRECT,COMMIT_MODIFIES_FILE,3,PR:335918 -> COMMIT:adc9092582503ef136344e5d017aa68b3c10c944 -> FILE:src/vs/platform/agentHost/node/copilot/copilotAgent.ts -> COMMIT:fd5d3014f165531587976426e03479c6653599af
PR,335918,COMMIT,3202e20243e600b54dde73ab750eec961a4d77b1,INDIRECT,COMMIT_MODIFIES_FILE,3,PR:335918 -> COMMIT:adc9092582503ef136344e5d017aa68b3c10c944 -> FILE:src/vs/platform/agentHost/node/copilot/copilotAgent.ts -> COMMIT:3202e20243e600b54dde73ab750eec961a4d77b1
PR,335918,COMMIT,958d820d5b23e2a92f5248337731958cccc493ee,INDIRECT,COMMIT_MODIFIES_FILE,3,PR:335918 -> COMMIT:adc9092582503ef136344e5d017aa68b3c10c944 -> FILE:src/vs/platform/agentHost/node/copilot/copilotAgent.ts -> COMMIT:958d820d5b23e2a92f5248337731958cccc493ee
PR,335918,COMMIT,6aed2ce7ec68040740f84cbf8c8102290e4ee5dc,INDIRECT,COMMIT_MODIFIES_FILE,3,PR:335918 -> COMMIT:adc9092582503ef136344e5d017aa68b3c10c944 -> FILE:src/vs/platform/agentHost/node/copilot/copilotAgent.ts -> COMMIT:6aed2ce7ec68040740f84cbf8c8102290e4ee5dc
PR,335918,COMMIT,e068885901d8e642238e063c289a2c9761288df6,INDIRECT,COMMIT_MODIFIES_FILE,3,PR:335918 -> COMMIT:adc9092582503ef136344e5d017aa68b3c10c944 -> FILE:src/vs/platform/agentHost/node/copilot/copilotAgent.ts -> COMMIT:e068885901d8e642238e063c289a2c9761288df6
PR,335918,COMMIT,588c06969866815b6bc8dfe8dd1616304e68881c,INDIRECT,COMMIT_MODIFIES_FILE,3,PR:335918 -> COMMIT:adc9092582503ef136344e5d017aa68b3c10c944 -> FILE:src/vs/platform/agentHost/node/copilot/copilotAgent.ts -> COMMIT:588c06969866815b6bc8dfe8dd1616304e68881c
PR,335918,COMMIT,bb1cbb8b0672496a7a778f71559db09745272f48,INDIRECT,COMMIT_MODIFIES_FILE,3,PR:335918 -> COMMIT:adc9092582503ef136344e5d017aa68b3c10c944 -> FILE:src/vs/platform/agentHost/node/copilot/copilotAgent.ts -> COMMIT:bb1cbb8b0672496a7a778f71559db09745272f48
PR,335918,COMMIT,96ac8a1fa8ed520548c3cf96afd7ae0b80f708db,INDIRECT,COMMIT_MODIFIES_FILE,3,PR:335918 -> COMMIT:adc9092582503ef136344e5d017aa68b3c10c944 -> FILE:src/vs/platform/agentHost/node/copilot/copilotAgent.ts -> COMMIT:96ac8a1fa8ed520548c3cf96afd7ae0b80f708db
PR,335918,COMMIT,e68430b5c70790872bd9354a412f5bf397183a9c,INDIRECT,COMMIT_MODIFIES_FILE,3,PR:335918 -> COMMIT:adc9092582503ef136344e5d017aa68b3c10c944 -> FILE:src/vs/platform/agentHost/node/copilot/copilotAgent.ts -> COMMIT:e68430b5c70790872bd9354a412f5bf397183a9c
PR,335918,COMMIT,c61b93810959270171b396bcaeaf1da787fd15a0,INDIRECT,COMMIT_MODIFIES_FILE,3,PR:335918 -> COMMIT:adc9092582503ef136344e5d017aa68b3c10c944 -> FILE:src/vs/platform/agentHost/node/copilot/copilotAgent.ts -> COMMIT:c61b93810959270171b396bcaeaf1da787fd15a0
PR,335918,COMMIT,9fc5c10bf75b9fa6b0ff34b7713b43835927b4a6,INDIRECT,COMMIT_MODIFIES_FILE,3,PR:335918 -> COMMIT:adc9092582503ef136344e5d017aa68b3c10c944 -> FILE:src/vs/platform/agentHost/node/copilot/copilotAgent.ts -> COMMIT:9fc5c10bf75b9fa6b0ff34b7713b43835927b4a6
PR,335918,COMMIT,1ec315ed259c7f24674b802c7951c9f139d8a243,INDIRECT,COMMIT_MODIFIES_FILE,3,PR:335918 -> COMMIT:adc9092582503ef136344e5d017aa68b3c10c944 -> FILE:src/vs/platform/agentHost/node/copilot/copilotAgent.ts -> COMMIT:1ec315ed259c7f24674b802c7951c9f139d8a243
PR,335918,COMMIT,9d3aac139e8b237debb72f09079c9f85ec889bb4,INDIRECT,COMMIT_MODIFIES_FILE,3,PR:335918 -> COMMIT:adc9092582503ef136344e5d017aa68b3c10c944 -> FILE:src/vs/platform/agentHost/node/copilot/copilotAgent.ts -> COMMIT:9d3aac139e8b237debb72f09079c9f85ec889bb4
PR,335918,COMMIT,00bda8639e705f9e7d1f1420d3d36784bdfa1dc7,INDIRECT,COMMIT_MODIFIES_FILE,3,PR:335918 -> COMMIT:adc9092582503ef136344e5d017aa68b3c10c944 -> FILE:src/vs/platform/agentHost/node/copilot/copilotAgent.ts -> COMMIT:00bda8639e705f9e7d1f1420d3d36784bdfa1dc7
PR,335918,COMMIT,8c7d076e919ffa8f3f7e83abeb3a91aa701b3b1d,INDIRECT,COMMIT_MODIFIES_FILE,3,PR:335918 -> COMMIT:adc9092582503ef136344e5d017aa68b3c10c944 -> FILE:src/vs/platform/agentHost/node/copilot/copilotAgent.ts -> COMMIT:8c7d076e919ffa8f3f7e83abeb3a91aa701b3b1d
PR,335918,COMMIT,50811d96935dde704da7b54014d786084452566d,INDIRECT,COMMIT_MODIFIES_FILE,3,PR:335918 -> COMMIT:adc9092582503ef136344e5d017aa68b3c10c944 -> FILE:src/vs/platform/agentHost/node/copilot/copilotAgent.ts -> COMMIT:50811d96935dde704da7b54014d786084452566d
PR,335918,COMMIT,c65a88ee8f9df58b5d9b2a5e21551a1bf83bf658,INDIRECT,COMMIT_MODIFIES_FILE,3,PR:335918 -> COMMIT:adc9092582503ef136344e5d017aa68b3c10c944 -> FILE:src/vs/platform/agentHost/node/copilot/copilotAgent.ts -> COMMIT:c65a88ee8f9df58b5d9b2a5e21551a1bf83bf658
PR,335918,COMMIT,34f17cd4df4df2b166b5423cfd0ed28404cb851e,INDIRECT,COMMIT_MODIFIES_FILE,3,PR:335918 -> COMMIT:adc9092582503ef136344e5d017aa68b3c10c944 -> FILE:src/vs/platform/agentHost/node/copilot/copilotAgent.ts -> COMMIT:34f17cd4df4df2b166b5423cfd0ed28404cb851e
PR,335918,COMMIT,f1b2979bf28fd51d570a95df0f2de89a9a7d225e,INDIRECT,COMMIT_MODIFIES_FILE,3,PR:335918 -> COMMIT:adc9092582503ef136344e5d017aa68b3c10c944 -> FILE:src/vs/platform/agentHost/node/copilot/copilotAgent.ts -> COMMIT:f1b2979bf28fd51d570a95df0f2de89a9a7d225e
PR,335918,COMMIT,e0385b1e4aa733002ee5de77a312d19e63728b4e,INDIRECT,COMMIT_MODIFIES_FILE,3,PR:335918 -> COMMIT:adc9092582503ef136344e5d017aa68b3c10c944 -> FILE:src/vs/platform/agentHost/node/copilot/copilotAgent.ts -> COMMIT:e0385b1e4aa733002ee5de77a312d19e63728b4e
PR,335918,COMMIT,0263d3d1cc06b1ce2df5bc1699e338f0b405d87c,INDIRECT,COMMIT_MODIFIES_FILE,3,PR:335918 -> COMMIT:adc9092582503ef136344e5d017aa68b3c10c944 -> FILE:src/vs/platform/agentHost/node/copilot/copilotAgent.ts -> COMMIT:0263d3d1cc06b1ce2df5bc1699e338f0b405d87c
PR,335918,COMMIT,348e20c9d00d6164b505258986e608c8e3993ac8,INDIRECT,COMMIT_MODIFIES_FILE,3,PR:335918 -> COMMIT:adc9092582503ef136344e5d017aa68b3c10c944 -> FILE:src/vs/platform/agentHost/node/copilot/copilotAgent.ts -> COMMIT:348e20c9d00d6164b505258986e608c8e3993ac8
PR,335918,COMMIT,5d2b9fae1a414ffa3ebeb425c8d8cbec51e7d1cd,INDIRECT,COMMIT_MODIFIES_FILE,3,PR:335918 -> COMMIT:adc9092582503ef136344e5d017aa68b3c10c944 -> FILE:src/vs/platform/agentHost/node/copilot/copilotAgent.ts -> COMMIT:5d2b9fae1a414ffa3ebeb425c8d8cbec51e7d1cd
PR,335918,COMMIT,5ce0aeb6419689833b99a182752d8075c8364c41,INDIRECT,COMMIT_MODIFIES_FILE,3,PR:335918 -> COMMIT:adc9092582503ef136344e5d017aa68b3c10c944 -> FILE:src/vs/platform/agentHost/node/copilot/copilotAgent.ts -> COMMIT:5ce0aeb6419689833b99a182752d8075c8364c41
PR,335918,COMMIT,b1339f5262274b4facafa8ec1df5f2d26da5dd33,INDIRECT,COMMIT_MODIFIES_FILE,3,PR:335918 -> COMMIT:adc9092582503ef136344e5d017aa68b3c10c944 -> FILE:src/vs/platform/agentHost/node/copilot/copilotAgent.ts -> COMMIT:b1339f5262274b4facafa8ec1df5f2d26da5dd33
PR,335918,COMMIT,79afde07d51fdb8e92eb31bafde285820d052fe0,INDIRECT,COMMIT_MODIFIES_FILE,3,PR:335918 -> COMMIT:adc9092582503ef136344e5d017aa68b3c10c944 -> FILE:src/vs/platform/agentHost/node/copilot/copilotAgent.ts -> COMMIT:79afde07d51fdb8e92eb31bafde285820d052fe0
PR,335918,COMMIT,c01485866fcbf5049e27179ea70dcea5bebd564f,INDIRECT,COMMIT_MODIFIES_FILE,3,PR:335918 -> COMMIT:adc9092582503ef136344e5d017aa68b3c10c944 -> FILE:src/vs/platform/agentHost/node/copilot/copilotAgent.ts -> COMMIT:c01485866fcbf5049e27179ea70dcea5bebd564f
PR,335918,COMMIT,b405780f676a5810764317f1e979e8350c86919c,INDIRECT,COMMIT_MODIFIES_FILE,3,PR:335918 -> COMMIT:adc9092582503ef136344e5d017aa68b3c10c944 -> FILE:src/vs/platform/agentHost/node/copilot/copilotAgent.ts -> COMMIT:b405780f676a5810764317f1e979e8350c86919c
PR,335918,COMMIT,0c9cbae7b8d2dea018327423cbf4c0dc68af0e9e,INDIRECT,COMMIT_MODIFIES_FILE,3,PR:335918 -> COMMIT:adc9092582503ef136344e5d017aa68b3c10c944 -> FILE:src/vs/platform/agentHost/node/copilot/copilotAgent.ts -> COMMIT:0c9cbae7b8d2dea018327423cbf4c0dc68af0e9e
PR,335918,COMMIT,bb80ba3ed7b3792c879b402191dadf3d4194edbe,INDIRECT,COMMIT_MODIFIES_FILE,3,PR:335918 -> COMMIT:adc9092582503ef136344e5d017aa68b3c10c944 -> FILE:src/vs/platform/agentHost/node/copilot/copilotAgent.ts -> COMMIT:bb80ba3ed7b3792c879b402191dadf3d4194edbe
PR,335918,COMMIT,004aa05582fd91bb76fcf56cf8a570a377990f77,INDIRECT,COMMIT_MODIFIES_FILE,3,PR:335918 -> COMMIT:adc9092582503ef136344e5d017aa68b3c10c944 -> FILE:src/vs/platform/agentHost/node/copilot/copilotAgent.ts -> COMMIT:004aa05582fd91bb76fcf56cf8a570a377990f77
PR,335918,COMMIT,8cd7c78d2e068d40b8c9d4f6d71792e6600f9f0a,INDIRECT,COMMIT_MODIFIES_FILE,3,PR:335918 -> COMMIT:adc9092582503ef136344e5d017aa68b3c10c944 -> FILE:src/vs/platform/agentHost/node/copilot/copilotAgent.ts -> COMMIT:8cd7c78d2e068d40b8c9d4f6d71792e6600f9f0a
PR,335918,COMMIT,53d8e68f87367c8279fdfacf0feef1c0d2a224ab,INDIRECT,COMMIT_MODIFIES_FILE,3,PR:335918 -> COMMIT:adc9092582503ef136344e5d017aa68b3c10c944 -> FILE:src/vs/platform/agentHost/node/copilot/copilotAgent.ts -> COMMIT:53d8e68f87367c8279fdfacf0feef1c0d2a224ab
PR,335918,COMMIT,11366ad8e2c5be3504590ee7d544d44be70607e6,INDIRECT,COMMIT_MODIFIES_FILE,3,PR:335918 -> COMMIT:adc9092582503ef136344e5d017aa68b3c10c944 -> FILE:src/vs/platform/agentHost/node/copilot/copilotAgent.ts -> COMMIT:11366ad8e2c5be3504590ee7d544d44be70607e6
PR,335918,COMMIT,62bd134d6833050389960377aa29563ada252225,INDIRECT,COMMIT_MODIFIES_FILE,3,PR:335918 -> COMMIT:adc9092582503ef136344e5d017aa68b3c10c944 -> FILE:src/vs/platform/agentHost/node/copilot/copilotAgent.ts -> COMMIT:62bd134d6833050389960377aa29563ada252225
PR,335918,COMMIT,d97fa5aebeeb19d5c8151284b28b0c4bb3f89714,INDIRECT,COMMIT_MODIFIES_FILE,3,PR:335918 -> COMMIT:adc9092582503ef136344e5d017aa68b3c10c944 -> FILE:src/vs/platform/agentHost/node/copilot/copilotAgent.ts -> COMMIT:d97fa5aebeeb19d5c8151284b28b0c4bb3f89714
PR,335918,COMMIT,e5e020e0209342114bc27858640c4fd6b8df4fb1,INDIRECT,COMMIT_MODIFIES_FILE,3,PR:335918 -> COMMIT:adc9092582503ef136344e5d017aa68b3c10c944 -> FILE:src/vs/platform/agentHost/node/copilot/copilotAgent.ts -> COMMIT:e5e020e0209342114bc27858640c4fd6b8df4fb1
PR,335918,COMMIT,dcb86d3394624bd1155b872241ad65694251ed3c,INDIRECT,COMMIT_MODIFIES_FILE,3,PR:335918 -> COMMIT:adc9092582503ef136344e5d017aa68b3c10c944 -> FILE:src/vs/platform/agentHost/node/copilot/copilotAgent.ts -> COMMIT:dcb86d3394624bd1155b872241ad65694251ed3c
PR,335918,COMMIT,27b9a5080818735a7f0e86ec8b712afc84568126,INDIRECT,COMMIT_MODIFIES_FILE,3,PR:335918 -> COMMIT:adc9092582503ef136344e5d017aa68b3c10c944 -> FILE:src/vs/platform/agentHost/node/copilot/copilotAgent.ts -> COMMIT:27b9a5080818735a7f0e86ec8b712afc84568126
PR,335918,COMMIT,b965902af9dcedc2c0d6836ec3ecc7a11fb7f3b9,INDIRECT,COMMIT_MODIFIES_FILE,3,PR:335918 -> COMMIT:adc9092582503ef136344e5d017aa68b3c10c944 -> FILE:src/vs/platform/agentHost/node/copilot/copilotAgent.ts -> COMMIT:b965902af9dcedc2c0d6836ec3ecc7a11fb7f3b9
PR,335918,COMMIT,8a0caf478133a494264a9a4bd00c419ec3b65131,INDIRECT,COMMIT_MODIFIES_FILE,3,PR:335918 -> COMMIT:adc9092582503ef136344e5d017aa68b3c10c944 -> FILE:src/vs/platform/agentHost/node/copilot/copilotAgent.ts -> COMMIT:8a0caf478133a494264a9a4bd00c419ec3b65131
PR,335918,COMMIT,e96f7cb595fa25ed445ca7e26036d7968607951c,INDIRECT,COMMIT_MODIFIES_FILE,3,PR:335918 -> COMMIT:adc9092582503ef136344e5d017aa68b3c10c944 -> FILE:src/vs/platform/agentHost/node/copilot/copilotAgent.ts -> COMMIT:e96f7cb595fa25ed445ca7e26036d7968607951c
PR,335918,COMMIT,f140d97ac3659f7e46342ad6b55351bc873564b4,INDIRECT,COMMIT_MODIFIES_FILE,3,PR:335918 -> COMMIT:adc9092582503ef136344e5d017aa68b3c10c944 -> FILE:src/vs/platform/agentHost/node/copilot/copilotAgent.ts -> COMMIT:f140d97ac3659f7e46342ad6b55351bc873564b4
PR,335918,COMMIT,3fea21502de0be1644a83a1a58bef85e7bca0818,INDIRECT,COMMIT_MODIFIES_FILE,3,PR:335918 -> COMMIT:adc9092582503ef136344e5d017aa68b3c10c944 -> FILE:src/vs/platform/agentHost/node/copilot/copilotAgent.ts -> COMMIT:3fea21502de0be1644a83a1a58bef85e7bca0818
PR,335918,COMMIT,afc1a14c747712250efbd0420dd61e9fc8f848dd,INDIRECT,COMMIT_MODIFIES_FILE,3,PR:335918 -> COMMIT:adc9092582503ef136344e5d017aa68b3c10c944 -> FILE:src/vs/platform/agentHost/node/copilot/copilotAgent.ts -> COMMIT:afc1a14c747712250efbd0420dd61e9fc8f848dd
PR,335918,COMMIT,d0a6be980a4f12c7909c41f46680cddb59a12210,INDIRECT,COMMIT_MODIFIES_FILE,3,PR:335918 -> COMMIT:adc9092582503ef136344e5d017aa68b3c10c944 -> FILE:src/vs/platform/agentHost/node/copilot/copilotAgent.ts -> COMMIT:d0a6be980a4f12c7909c41f46680cddb59a12210
PR,335918,COMMIT,fde6743aae1ec7e85dcff38cab823f3896f92e2c,INDIRECT,COMMIT_MODIFIES_FILE,3,PR:335918 -> COMMIT:adc9092582503ef136344e5d017aa68b3c10c944 -> FILE:src/vs/platform/agentHost/node/copilot/copilotAgent.ts -> COMMIT:fde6743aae1ec7e85dcff38cab823f3896f92e2c
PR,335918,COMMIT,4297557ddd2ccd0984184844c91e4c279892a3a8,INDIRECT,COMMIT_MODIFIES_FILE,3,PR:335918 -> COMMIT:adc9092582503ef136344e5d017aa68b3c10c944 -> FILE:src/vs/platform/agentHost/node/copilot/copilotAgent.ts -> COMMIT:4297557ddd2ccd0984184844c91e4c279892a3a8
PR,335918,COMMIT,a292230b056509da4c07069c4afeaab03c92decc,INDIRECT,COMMIT_MODIFIES_FILE,3,PR:335918 -> COMMIT:adc9092582503ef136344e5d017aa68b3c10c944 -> FILE:src/vs/platform/agentHost/node/copilot/copilotAgent.ts -> COMMIT:a292230b056509da4c07069c4afeaab03c92decc
PR,335918,COMMIT,ebed6aa675d9e71e72e491acddd9d9bab02654f7,INDIRECT,COMMIT_MODIFIES_FILE,3,PR:335918 -> COMMIT:adc9092582503ef136344e5d017aa68b3c10c944 -> FILE:src/vs/platform/agentHost/node/copilot/copilotAgent.ts -> COMMIT:ebed6aa675d9e71e72e491acddd9d9bab02654f7
PR,335918,COMMIT,8d1f2556e5742909de5b57138258f0914fec8457,INDIRECT,COMMIT_MODIFIES_FILE,3,PR:335918 -> COMMIT:adc9092582503ef136344e5d017aa68b3c10c944 -> FILE:src/vs/platform/agentHost/node/copilot/copilotAgent.ts -> COMMIT:8d1f2556e5742909de5b57138258f0914fec8457
PR,335918,COMMIT,d46733741586c98d2ae90f13a111db93f475e238,INDIRECT,COMMIT_MODIFIES_FILE,3,PR:335918 -> COMMIT:adc9092582503ef136344e5d017aa68b3c10c944 -> FILE:src/vs/platform/agentHost/node/copilot/copilotAgent.ts -> COMMIT:d46733741586c98d2ae90f13a111db93f475e238
PR,335918,COMMIT,8cc9d5a40c71a537180ddeb5b80679275b8d6507,INDIRECT,COMMIT_MODIFIES_FILE,3,PR:335918 -> COMMIT:adc9092582503ef136344e5d017aa68b3c10c944 -> FILE:src/vs/platform/agentHost/node/copilot/copilotAgent.ts -> COMMIT:8cc9d5a40c71a537180ddeb5b80679275b8d6507
PR,335918,COMMIT,1be1677fef03647b440db7ba4a7e7258c38cbc56,INDIRECT,COMMIT_MODIFIES_FILE,3,PR:335918 -> COMMIT:adc9092582503ef136344e5d017aa68b3c10c944 -> FILE:src/vs/platform/agentHost/node/copilot/copilotAgent.ts -> COMMIT:1be1677fef03647b440db7ba4a7e7258c38cbc56
PR,335918,COMMIT,6b9d29758fb857fe913ea305130a877914de07cb,INDIRECT,COMMIT_MODIFIES_FILE,3,PR:335918 -> COMMIT:adc9092582503ef136344e5d017aa68b3c10c944 -> FILE:src/vs/platform/agentHost/node/copilot/copilotAgent.ts -> COMMIT:6b9d29758fb857fe913ea305130a877914de07cb
PR,335918,COMMIT,40639d168c0293f87eb35bfe8752eddb9bf55df7,INDIRECT,COMMIT_MODIFIES_FILE,3,PR:335918 -> COMMIT:adc9092582503ef136344e5d017aa68b3c10c944 -> FILE:src/vs/platform/agentHost/node/copilot/copilotAgent.ts -> COMMIT:40639d168c0293f87eb35bfe8752eddb9bf55df7
PR,335918,COMMIT,28e96646e11d44258a6e5ca38205a1f372e4f498,INDIRECT,COMMIT_MODIFIES_FILE,3,PR:335918 -> COMMIT:adc9092582503ef136344e5d017aa68b3c10c944 -> FILE:src/vs/platform/agentHost/node/copilot/copilotAgent.ts -> COMMIT:28e96646e11d44258a6e5ca38205a1f372e4f498
PR,335918,COMMIT,44626141d347a79f0d5f41326c7badb671db14a6,INDIRECT,COMMIT_MODIFIES_FILE,3,PR:335918 -> COMMIT:adc9092582503ef136344e5d017aa68b3c10c944 -> FILE:src/vs/platform/agentHost/node/copilot/copilotAgent.ts -> COMMIT:44626141d347a79f0d5f41326c7badb671db14a6
PR,335918,COMMIT,d9325e654624189abd02b59747ca953548b3f493,INDIRECT,COMMIT_MODIFIES_FILE,3,PR:335918 -> COMMIT:adc9092582503ef136344e5d017aa68b3c10c944 -> FILE:src/vs/platform/agentHost/node/copilot/copilotAgent.ts -> COMMIT:d9325e654624189abd02b59747ca953548b3f493
PR,335918,COMMIT,3a567ea49478c323db326401977119ffe763ee09,INDIRECT,COMMIT_MODIFIES_FILE,3,PR:335918 -> COMMIT:adc9092582503ef136344e5d017aa68b3c10c944 -> FILE:src/vs/platform/agentHost/node/copilot/copilotAgent.ts -> COMMIT:3a567ea49478c323db326401977119ffe763ee09
PR,335918,COMMIT,99fc795d9d28c40f338ca49a091ad09d25416e17,INDIRECT,COMMIT_MODIFIES_FILE,3,PR:335918 -> COMMIT:adc9092582503ef136344e5d017aa68b3c10c944 -> FILE:src/vs/platform/agentHost/node/copilot/copilotAgent.ts -> COMMIT:99fc795d9d28c40f338ca49a091ad09d25416e17
PR,335918,COMMIT,e470e740476a318caa8cf5ae5de64dc8de8194aa,INDIRECT,COMMIT_MODIFIES_FILE,3,PR:335918 -> COMMIT:adc9092582503ef136344e5d017aa68b3c10c944 -> FILE:src/vs/platform/agentHost/node/copilot/copilotAgent.ts -> COMMIT:e470e740476a318caa8cf5ae5de64dc8de8194aa
PR,335918,COMMIT,4e097d6ca631e1ea217d1d3456267a7a18ceb0ee,INDIRECT,COMMIT_MODIFIES_FILE,3,PR:335918 -> COMMIT:adc9092582503ef136344e5d017aa68b3c10c944 -> FILE:src/vs/platform/agentHost/node/copilot/copilotAgent.ts -> COMMIT:4e097d6ca631e1ea217d1d3456267a7a18ceb0ee
PR,335918,COMMIT,15fe978b7270e1a90a5a35a693e7d131eab3a714,INDIRECT,COMMIT_MODIFIES_FILE,3,PR:335918 -> COMMIT:adc9092582503ef136344e5d017aa68b3c10c944 -> FILE:src/vs/platform/agentHost/node/copilot/copilotAgent.ts -> COMMIT:15fe978b7270e1a90a5a35a693e7d131eab3a714
PR,335918,COMMIT,04f75c749f83298ed3fcd61f21b29204b7542771,INDIRECT,COMMIT_MODIFIES_FILE,3,PR:335918 -> COMMIT:adc9092582503ef136344e5d017aa68b3c10c944 -> FILE:src/vs/platform/agentHost/node/copilot/copilotAgent.ts -> COMMIT:04f75c749f83298ed3fcd61f21b29204b7542771
PR,335918,COMMIT,068bf7353a6b9d077dc89014f7fe45c2d9a75a42,INDIRECT,COMMIT_MODIFIES_FILE,3,PR:335918 -> COMMIT:adc9092582503ef136344e5d017aa68b3c10c944 -> FILE:src/vs/platform/agentHost/node/copilot/copilotAgent.ts -> COMMIT:068bf7353a6b9d077dc89014f7fe45c2d9a75a42
PR,335918,COMMIT,dd5ff4674e8c7556daf03ea19e85f006f8b660cb,INDIRECT,COMMIT_MODIFIES_FILE,3,PR:335918 -> COMMIT:adc9092582503ef136344e5d017aa68b3c10c944 -> FILE:src/vs/platform/agentHost/node/copilot/copilotAgent.ts -> COMMIT:dd5ff4674e8c7556daf03ea19e85f006f8b660cb
PR,335918,COMMIT,417f1211df12f8d7050b15f2fddc75a1775bcdc0,INDIRECT,COMMIT_MODIFIES_FILE,3,PR:335918 -> COMMIT:adc9092582503ef136344e5d017aa68b3c10c944 -> FILE:src/vs/platform/agentHost/node/copilot/copilotAgent.ts -> COMMIT:417f1211df12f8d7050b15f2fddc75a1775bcdc0
PR,335918,COMMIT,b274e45de614e6490a0717d064c0312c1fe5baae,INDIRECT,COMMIT_MODIFIES_FILE,3,PR:335918 -> COMMIT:adc9092582503ef136344e5d017aa68b3c10c944 -> FILE:src/vs/platform/agentHost/node/copilot/copilotAgent.ts -> COMMIT:b274e45de614e6490a0717d064c0312c1fe5baae
PR,335918,COMMIT,70470dfcc67eca1a489998df714508b3015be366,INDIRECT,COMMIT_MODIFIES_FILE,3,PR:335918 -> COMMIT:adc9092582503ef136344e5d017aa68b3c10c944 -> FILE:src/vs/platform/agentHost/node/copilot/copilotAgent.ts -> COMMIT:70470dfcc67eca1a489998df714508b3015be366
PR,335918,COMMIT,ff14057041166f229182c6f97fabec11292d9ca5,INDIRECT,COMMIT_MODIFIES_FILE,3,PR:335918 -> COMMIT:adc9092582503ef136344e5d017aa68b3c10c944 -> FILE:src/vs/platform/agentHost/node/copilot/copilotAgent.ts -> COMMIT:ff14057041166f229182c6f97fabec11292d9ca5
PR,335918,COMMIT,174fcb0b6aa57ec08875e5332daea6d63d3f0ff5,INDIRECT,COMMIT_MODIFIES_FILE,3,PR:335918 -> COMMIT:adc9092582503ef136344e5d017aa68b3c10c944 -> FILE:src/vs/platform/agentHost/node/copilot/copilotAgent.ts -> COMMIT:174fcb0b6aa57ec08875e5332daea6d63d3f0ff5
PR,335918,COMMIT,b4ea3f3eafeec18b2f937ea43e11aeff24309c2a,INDIRECT,COMMIT_MODIFIES_FILE,3,PR:335918 -> COMMIT:adc9092582503ef136344e5d017aa68b3c10c944 -> FILE:src/vs/platform/agentHost/node/copilot/copilotAgent.ts -> COMMIT:b4ea3f3eafeec18b2f937ea43e11aeff24309c2a
PR,335918,COMMIT,7edd5e7a6b7e42a9e57af72e7e4c218a4a6bee97,INDIRECT,COMMIT_MODIFIES_FILE,3,PR:335918 -> COMMIT:adc9092582503ef136344e5d017aa68b3c10c944 -> FILE:src/vs/platform/agentHost/node/copilot/copilotAgent.ts -> COMMIT:7edd5e7a6b7e42a9e57af72e7e4c218a4a6bee97
PR,335918,COMMIT,5265ef327a317b153f9179bb06f29767570db2e6,INDIRECT,COMMIT_MODIFIES_FILE,3,PR:335918 -> COMMIT:adc9092582503ef136344e5d017aa68b3c10c944 -> FILE:src/vs/platform/agentHost/node/copilot/copilotAgent.ts -> COMMIT:5265ef327a317b153f9179bb06f29767570db2e6
PR,335918,COMMIT,aa303a35bab0e6c500d57ed62962ce69836ab7fb,INDIRECT,COMMIT_MODIFIES_FILE,3,PR:335918 -> COMMIT:adc9092582503ef136344e5d017aa68b3c10c944 -> FILE:src/vs/platform/agentHost/node/copilot/copilotAgent.ts -> COMMIT:aa303a35bab0e6c500d57ed62962ce69836ab7fb
PR,335918,COMMIT,3157583bf2f1d484d6cd8e68ccf1f73fabd2be18,INDIRECT,COMMIT_MODIFIES_FILE,3,PR:335918 -> COMMIT:adc9092582503ef136344e5d017aa68b3c10c944 -> FILE:src/vs/platform/agentHost/node/copilot/copilotAgent.ts -> COMMIT:3157583bf2f1d484d6cd8e68ccf1f73fabd2be18
PR,335918,COMMIT,ec75390f946043907ef140f5e9a4be2dc90cc193,INDIRECT,COMMIT_MODIFIES_FILE,3,PR:335918 -> COMMIT:adc9092582503ef136344e5d017aa68b3c10c944 -> FILE:src/vs/platform/agentHost/node/copilot/copilotAgent.ts -> COMMIT:ec75390f946043907ef140f5e9a4be2dc90cc193
PR,335918,COMMIT,69d896ea949cb77c45115ed652ba79080fd6fa8c,INDIRECT,COMMIT_MODIFIES_FILE,3,PR:335918 -> COMMIT:adc9092582503ef136344e5d017aa68b3c10c944 -> FILE:src/vs/platform/agentHost/node/copilot/copilotAgent.ts -> COMMIT:69d896ea949cb77c45115ed652ba79080fd6fa8c
PR,335918,COMMIT,dbbcc5d74d2174a15313fd391471f07d634220ed,INDIRECT,COMMIT_MODIFIES_FILE,3,PR:335918 -> COMMIT:adc9092582503ef136344e5d017aa68b3c10c944 -> FILE:src/vs/platform/agentHost/node/copilot/copilotAgent.ts -> COMMIT:dbbcc5d74d2174a15313fd391471f07d634220ed
PR,335918,COMMIT,91ecd94dd6e783f4ca2e031b86de2a5720d349ea,INDIRECT,COMMIT_MODIFIES_FILE,3,PR:335918 -> COMMIT:adc9092582503ef136344e5d017aa68b3c10c944 -> FILE:src/vs/platform/agentHost/node/copilot/copilotAgent.ts -> COMMIT:91ecd94dd6e783f4ca2e031b86de2a5720d349ea
PR,335918,COMMIT,1d70d80c5bc573db2ed31c0690f4fcf667ac302a,INDIRECT,COMMIT_MODIFIES_FILE,3,PR:335918 -> COMMIT:adc9092582503ef136344e5d017aa68b3c10c944 -> FILE:src/vs/platform/agentHost/node/copilot/copilotAgent.ts -> COMMIT:1d70d80c5bc573db2ed31c0690f4fcf667ac302a
PR,335918,COMMIT,827e2821a02360ebfc14073c3b19b3fc1acff808,INDIRECT,COMMIT_MODIFIES_FILE,3,PR:335918 -> COMMIT:adc9092582503ef136344e5d017aa68b3c10c944 -> FILE:src/vs/platform/agentHost/node/copilot/copilotAgent.ts -> COMMIT:827e2821a02360ebfc14073c3b19b3fc1acff808
PR,335918,COMMIT,26f7bf369cfd5484f4a24b552b303a0e333fe0c0,INDIRECT,COMMIT_MODIFIES_FILE,3,PR:335918 -> COMMIT:adc9092582503ef136344e5d017aa68b3c10c944 -> FILE:src/vs/platform/agentHost/node/copilot/copilotAgent.ts -> COMMIT:26f7bf369cfd5484f4a24b552b303a0e333fe0c0
PR,335918,COMMIT,106c124136f28aacd6dbe8ba29dbb974f55c3c4e,INDIRECT,COMMIT_MODIFIES_FILE,3,PR:335918 -> COMMIT:adc9092582503ef136344e5d017aa68b3c10c944 -> FILE:src/vs/platform/agentHost/node/copilot/copilotAgent.ts -> COMMIT:106c124136f28aacd6dbe8ba29dbb974f55c3c4e
PR,335918,COMMIT,765046f55d7e943ab61eae8a5189154b31c0aff6,INDIRECT,COMMIT_MODIFIES_FILE,3,PR:335918 -> COMMIT:adc9092582503ef136344e5d017aa68b3c10c944 -> FILE:src/vs/platform/agentHost/node/copilot/copilotAgent.ts -> COMMIT:765046f55d7e943ab61eae8a5189154b31c0aff6
PR,335918,COMMIT,90a4f2551fdbf129277a27eaccdc29b2ec2fb2eb,INDIRECT,COMMIT_MODIFIES_FILE,3,PR:335918 -> COMMIT:adc9092582503ef136344e5d017aa68b3c10c944 -> FILE:src/vs/platform/agentHost/node/copilot/copilotAgent.ts -> COMMIT:90a4f2551fdbf129277a27eaccdc29b2ec2fb2eb
PR,335918,COMMIT,5c9dfa58416aba4b89276b1215745f063cedaa79,INDIRECT,COMMIT_MODIFIES_FILE,3,PR:335918 -> COMMIT:adc9092582503ef136344e5d017aa68b3c10c944 -> FILE:src/vs/platform/agentHost/node/copilot/copilotAgent.ts -> COMMIT:5c9dfa58416aba4b89276b1215745f063cedaa79
PR,335918,COMMIT,b42d8cbe9e12f460cec83cc40af5e3d82a4d484d,INDIRECT,COMMIT_MODIFIES_FILE,3,PR:335918 -> COMMIT:adc9092582503ef136344e5d017aa68b3c10c944 -> FILE:src/vs/platform/agentHost/node/copilot/copilotAgent.ts -> COMMIT:b42d8cbe9e12f460cec83cc40af5e3d82a4d484d
PR,335918,COMMIT,6b0ee04b37cf2a632c461f96e4c26682e069d6fa,INDIRECT,COMMIT_MODIFIES_FILE,3,PR:335918 -> COMMIT:adc9092582503ef136344e5d017aa68b3c10c944 -> FILE:src/vs/platform/agentHost/node/copilot/copilotAgent.ts -> COMMIT:6b0ee04b37cf2a632c461f96e4c26682e069d6fa
PR,335918,COMMIT,8701b96ab395fefbb287994911df40bcf4da1339,INDIRECT,COMMIT_MODIFIES_FILE,3,PR:335918 -> COMMIT:adc9092582503ef136344e5d017aa68b3c10c944 -> FILE:src/vs/platform/agentHost/node/copilot/copilotAgent.ts -> COMMIT:8701b96ab395fefbb287994911df40bcf4da1339
PR,335918,COMMIT,b7d2750b65953f0d06a1129635e122cd63396c15,INDIRECT,COMMIT_MODIFIES_FILE,3,PR:335918 -> COMMIT:adc9092582503ef136344e5d017aa68b3c10c944 -> FILE:src/vs/platform/agentHost/node/copilot/copilotAgent.ts -> COMMIT:b7d2750b65953f0d06a1129635e122cd63396c15
PR,335918,COMMIT,ce1f98089f401fc0ce70285e0c15a1fe7dcb47f9,INDIRECT,COMMIT_MODIFIES_FILE,3,PR:335918 -> COMMIT:adc9092582503ef136344e5d017aa68b3c10c944 -> FILE:src/vs/platform/agentHost/node/copilot/copilotAgent.ts -> COMMIT:ce1f98089f401fc0ce70285e0c15a1fe7dcb47f9
PR,335918,COMMIT,d509f8eec48936275dd2a9ccf684a884a7a8af49,INDIRECT,COMMIT_MODIFIES_FILE,3,PR:335918 -> COMMIT:adc9092582503ef136344e5d017aa68b3c10c944 -> FILE:src/vs/platform/agentHost/node/copilot/copilotAgent.ts -> COMMIT:d509f8eec48936275dd2a9ccf684a884a7a8af49
PR,335918,COMMIT,8907fad95d2d641e029cbd6f841776257f737ce1,INDIRECT,COMMIT_MODIFIES_FILE,3,PR:335918 -> COMMIT:adc9092582503ef136344e5d017aa68b3c10c944 -> FILE:src/vs/platform/agentHost/node/copilot/copilotAgent.ts -> COMMIT:8907fad95d2d641e029cbd6f841776257f737ce1
PR,335918,COMMIT,dc2cff6d1544a764d231f26ded5ecd74852c12aa,INDIRECT,COMMIT_MODIFIES_FILE,3,PR:335918 -> COMMIT:adc9092582503ef136344e5d017aa68b3c10c944 -> FILE:src/vs/platform/agentHost/node/copilot/copilotAgent.ts -> COMMIT:dc2cff6d1544a764d231f26ded5ecd74852c12aa
PR,335918,COMMIT,781301258be2b5b8e42953fb5618b25b336d2254,INDIRECT,COMMIT_MODIFIES_FILE,3,PR:335918 -> COMMIT:adc9092582503ef136344e5d017aa68b3c10c944 -> FILE:src/vs/platform/agentHost/node/copilot/copilotAgent.ts -> COMMIT:781301258be2b5b8e42953fb5618b25b336d2254
PR,335918,COMMIT,50391581dc579fa1398fe9768746d88f1ec4a134,INDIRECT,COMMIT_MODIFIES_FILE,3,PR:335918 -> COMMIT:adc9092582503ef136344e5d017aa68b3c10c944 -> FILE:src/vs/platform/agentHost/node/copilot/copilotAgent.ts -> COMMIT:50391581dc579fa1398fe9768746d88f1ec4a134
PR,335918,COMMIT,f4e1c5186f5378ae9e0c02f55b696de0ba70d401,INDIRECT,COMMIT_MODIFIES_FILE,3,PR:335918 -> COMMIT:adc9092582503ef136344e5d017aa68b3c10c944 -> FILE:src/vs/platform/agentHost/node/copilot/copilotAgent.ts -> COMMIT:f4e1c5186f5378ae9e0c02f55b696de0ba70d401
PR,335918,COMMIT,24b1ebc0122b439fc9dab3b377e1c623bdc715df,INDIRECT,COMMIT_MODIFIES_FILE,3,PR:335918 -> COMMIT:adc9092582503ef136344e5d017aa68b3c10c944 -> FILE:src/vs/platform/agentHost/node/copilot/copilotAgent.ts -> COMMIT:24b1ebc0122b439fc9dab3b377e1c623bdc715df
PR,335918,COMMIT,9037086628b2e94e6076cd28c221bbcd6aa6fd2e,INDIRECT,COMMIT_MODIFIES_FILE,3,PR:335918 -> COMMIT:adc9092582503ef136344e5d017aa68b3c10c944 -> FILE:src/vs/platform/agentHost/node/copilot/copilotAgent.ts -> COMMIT:9037086628b2e94e6076cd28c221bbcd6aa6fd2e
PR,335918,COMMIT,02e50a1397b0ef0e5036bdfb066504eada394f86,INDIRECT,COMMIT_MODIFIES_FILE,3,PR:335918 -> COMMIT:adc9092582503ef136344e5d017aa68b3c10c944 -> FILE:src/vs/platform/agentHost/node/copilot/copilotAgent.ts -> COMMIT:02e50a1397b0ef0e5036bdfb066504eada394f86
PR,335918,COMMIT,69a660e0ac7bf4a79c63e1d337d64d27cf006eb9,INDIRECT,COMMIT_MODIFIES_FILE,3,PR:335918 -> COMMIT:adc9092582503ef136344e5d017aa68b3c10c944 -> FILE:src/vs/platform/agentHost/node/copilot/copilotAgent.ts -> COMMIT:69a660e0ac7bf4a79c63e1d337d64d27cf006eb9
PR,335918,COMMIT,9e69bd2a12331e55e16ab8be569fb8afa6d3564a,INDIRECT,COMMIT_MODIFIES_FILE,3,PR:335918 -> COMMIT:adc9092582503ef136344e5d017aa68b3c10c944 -> FILE:src/vs/platform/agentHost/node/copilot/copilotAgent.ts -> COMMIT:9e69bd2a12331e55e16ab8be569fb8afa6d3564a
PR,335918,COMMIT,bf3a23a7f9c92f6b5fe640d3507aadea654a03fa,INDIRECT,COMMIT_MODIFIES_FILE,3,PR:335918 -> COMMIT:adc9092582503ef136344e5d017aa68b3c10c944 -> FILE:src/vs/platform/agentHost/node/copilot/copilotAgent.ts -> COMMIT:bf3a23a7f9c92f6b5fe640d3507aadea654a03fa
PR,335918,COMMIT,c53f651ef7eaf965ac7589d66fac1590918a7b2c,INDIRECT,COMMIT_MODIFIES_FILE,3,PR:335918 -> COMMIT:adc9092582503ef136344e5d017aa68b3c10c944 -> FILE:src/vs/platform/agentHost/node/copilot/copilotAgent.ts -> COMMIT:c53f651ef7eaf965ac7589d66fac1590918a7b2c
PR,335918,COMMIT,b24e000ef50fbb1028c6a073b2f34066d93b7168,INDIRECT,COMMIT_MODIFIES_FILE,3,PR:335918 -> COMMIT:adc9092582503ef136344e5d017aa68b3c10c944 -> FILE:src/vs/platform/agentHost/node/copilot/copilotAgent.ts -> COMMIT:b24e000ef50fbb1028c6a073b2f34066d93b7168
PR,335918,COMMIT,1b4c62954c94c582ff6f642ba36536086a4bd8ce,INDIRECT,COMMIT_MODIFIES_FILE,3,PR:335918 -> COMMIT:adc9092582503ef136344e5d017aa68b3c10c944 -> FILE:src/vs/platform/agentHost/node/copilot/copilotAgent.ts -> COMMIT:1b4c62954c94c582ff6f642ba36536086a4bd8ce
PR,335918,COMMIT,d670771df1e9b539c456362b707dea81161aa840,INDIRECT,COMMIT_MODIFIES_FILE,3,PR:335918 -> COMMIT:adc9092582503ef136344e5d017aa68b3c10c944 -> FILE:src/vs/platform/agentHost/node/copilot/copilotAgent.ts -> COMMIT:d670771df1e9b539c456362b707dea81161aa840
PR,335918,COMMIT,aae1d21e0c2424827b9835d9c0c7a11369e51635,INDIRECT,COMMIT_MODIFIES_FILE,3,PR:335918 -> COMMIT:adc9092582503ef136344e5d017aa68b3c10c944 -> FILE:src/vs/platform/agentHost/node/copilot/copilotAgent.ts -> COMMIT:aae1d21e0c2424827b9835d9c0c7a11369e51635
PR,335918,COMMIT,aa8be2679232341d91e61288cd24f2e860369933,INDIRECT,COMMIT_MODIFIES_FILE,3,PR:335918 -> COMMIT:adc9092582503ef136344e5d017aa68b3c10c944 -> FILE:src/vs/platform/agentHost/node/copilot/copilotAgent.ts -> COMMIT:aa8be2679232341d91e61288cd24f2e860369933
PR,335918,COMMIT,e81cc64f5b478249617da3ac6a4aace3eb21226f,INDIRECT,COMMIT_MODIFIES_FILE,3,PR:335918 -> COMMIT:adc9092582503ef136344e5d017aa68b3c10c944 -> FILE:src/vs/platform/agentHost/node/copilot/copilotAgent.ts -> COMMIT:e81cc64f5b478249617da3ac6a4aace3eb21226f
PR,335918,COMMIT,7f93c1ee0d42adb53c8821f59d881aa7a57012fa,INDIRECT,COMMIT_MODIFIES_FILE,3,PR:335918 -> COMMIT:adc9092582503ef136344e5d017aa68b3c10c944 -> FILE:src/vs/platform/agentHost/node/copilot/copilotAgent.ts -> COMMIT:7f93c1ee0d42adb53c8821f59d881aa7a57012fa
PR,335918,COMMIT,9d8c27662df300f31b7d40d1d8a582587fe2eb16,INDIRECT,COMMIT_MODIFIES_FILE,3,PR:335918 -> COMMIT:adc9092582503ef136344e5d017aa68b3c10c944 -> FILE:src/vs/platform/agentHost/node/copilot/copilotAgent.ts -> COMMIT:9d8c27662df300f31b7d40d1d8a582587fe2eb16
PR,335918,COMMIT,739ebda2c69da3d0352bd1ed45433549b12218d6,INDIRECT,COMMIT_MODIFIES_FILE,3,PR:335918 -> COMMIT:adc9092582503ef136344e5d017aa68b3c10c944 -> FILE:src/vs/platform/agentHost/node/copilot/copilotAgent.ts -> COMMIT:739ebda2c69da3d0352bd1ed45433549b12218d6
PR,335918,COMMIT,025a3fbbe405c494b78fd7412f4986a19b0c3047,INDIRECT,COMMIT_MODIFIES_FILE,3,PR:335918 -> COMMIT:adc9092582503ef136344e5d017aa68b3c10c944 -> FILE:src/vs/platform/agentHost/node/copilot/copilotAgent.ts -> COMMIT:025a3fbbe405c494b78fd7412f4986a19b0c3047
PR,335918,COMMIT,25f4b33abe3515b6a600a772cfe9ef36d6cda029,INDIRECT,COMMIT_MODIFIES_FILE,3,PR:335918 -> COMMIT:adc9092582503ef136344e5d017aa68b3c10c944 -> FILE:src/vs/platform/agentHost/node/copilot/copilotAgent.ts -> COMMIT:25f4b33abe3515b6a600a772cfe9ef36d6cda029
PR,335918,COMMIT,eadb3fa5d42b5bb7e71524660bf1f5225f35dab1,INDIRECT,COMMIT_MODIFIES_FILE,3,PR:335918 -> COMMIT:adc9092582503ef136344e5d017aa68b3c10c944 -> FILE:src/vs/platform/agentHost/node/copilot/copilotAgent.ts -> COMMIT:eadb3fa5d42b5bb7e71524660bf1f5225f35dab1
PR,335918,COMMIT,6e291843485d8ee66d54ea2c985a6558b6a42599,INDIRECT,COMMIT_MODIFIES_FILE,3,PR:335918 -> COMMIT:adc9092582503ef136344e5d017aa68b3c10c944 -> FILE:src/vs/platform/agentHost/node/copilot/copilotAgent.ts -> COMMIT:6e291843485d8ee66d54ea2c985a6558b6a42599
PR,335918,COMMIT,393ccc6d96e9724a2f684eb6181f7360e9f5d71f,INDIRECT,COMMIT_MODIFIES_FILE,3,PR:335918 -> COMMIT:adc9092582503ef136344e5d017aa68b3c10c944 -> FILE:src/vs/platform/agentHost/node/copilot/copilotAgent.ts -> COMMIT:393ccc6d96e9724a2f684eb6181f7360e9f5d71f
PR,335918,COMMIT,db988b889f706bce0c6d5cf11676de5b38738a61,INDIRECT,COMMIT_MODIFIES_FILE,3,PR:335918 -> COMMIT:adc9092582503ef136344e5d017aa68b3c10c944 -> FILE:src/vs/platform/agentHost/node/copilot/copilotAgent.ts -> COMMIT:db988b889f706bce0c6d5cf11676de5b38738a61
PR,335918,COMMIT,e52ceee5bd6fa8b9f9d33449dd0d2f529b7d9ac5,INDIRECT,COMMIT_MODIFIES_FILE,3,PR:335918 -> COMMIT:adc9092582503ef136344e5d017aa68b3c10c944 -> FILE:src/vs/platform/agentHost/node/copilot/copilotAgent.ts -> COMMIT:e52ceee5bd6fa8b9f9d33449dd0d2f529b7d9ac5
PR,335918,COMMIT,4e8e6dfc384c2ff21f7304693b0162e05b609a44,INDIRECT,COMMIT_MODIFIES_FILE,3,PR:335918 -> COMMIT:adc9092582503ef136344e5d017aa68b3c10c944 -> FILE:src/vs/platform/agentHost/node/copilot/copilotAgent.ts -> COMMIT:4e8e6dfc384c2ff21f7304693b0162e05b609a44
PR,335918,COMMIT,477ae8cd46fd7706184503cc8e135c25412ed0f8,INDIRECT,COMMIT_MODIFIES_FILE,3,PR:335918 -> COMMIT:adc9092582503ef136344e5d017aa68b3c10c944 -> FILE:src/vs/platform/agentHost/node/copilot/copilotAgent.ts -> COMMIT:477ae8cd46fd7706184503cc8e135c25412ed0f8
PR,335918,COMMIT,ba55fa3580a194ee718b2035d12381100c4ac1fb,INDIRECT,COMMIT_MODIFIES_FILE,3,PR:335918 -> COMMIT:adc9092582503ef136344e5d017aa68b3c10c944 -> FILE:src/vs/platform/agentHost/node/copilot/copilotAgent.ts -> COMMIT:ba55fa3580a194ee718b2035d12381100c4ac1fb
PR,335918,COMMIT,f6962aeaf568af1190cec4381d03431cc7f03e06,INDIRECT,COMMIT_MODIFIES_FILE,3,PR:335918 -> COMMIT:adc9092582503ef136344e5d017aa68b3c10c944 -> FILE:src/vs/platform/agentHost/node/copilot/copilotAgent.ts -> COMMIT:f6962aeaf568af1190cec4381d03431cc7f03e06
PR,335918,COMMIT,667e7370e70174c779f4214053b705f785055225,INDIRECT,COMMIT_MODIFIES_FILE,3,PR:335918 -> COMMIT:adc9092582503ef136344e5d017aa68b3c10c944 -> FILE:src/vs/platform/agentHost/node/copilot/copilotAgent.ts -> COMMIT:667e7370e70174c779f4214053b705f785055225
PR,335918,COMMIT,217bf674477c2e0e2d411a7b357c06b26f7b1ee2,INDIRECT,COMMIT_MODIFIES_FILE,3,PR:335918 -> COMMIT:adc9092582503ef136344e5d017aa68b3c10c944 -> FILE:src/vs/platform/agentHost/node/copilot/copilotAgent.ts -> COMMIT:217bf674477c2e0e2d411a7b357c06b26f7b1ee2
PR,335918,COMMIT,347bcf023bd171fda56f28e93d4efeb040f54c7b,INDIRECT,COMMIT_MODIFIES_FILE,3,PR:335918 -> COMMIT:adc9092582503ef136344e5d017aa68b3c10c944 -> FILE:src/vs/platform/agentHost/node/copilot/copilotAgent.ts -> COMMIT:347bcf023bd171fda56f28e93d4efeb040f54c7b
PR,335918,COMMIT,6054dc7a5454d749dad039a7371c46f7c8767352,INDIRECT,COMMIT_MODIFIES_FILE,3,PR:335918 -> COMMIT:adc9092582503ef136344e5d017aa68b3c10c944 -> FILE:src/vs/platform/agentHost/node/copilot/copilotAgent.ts -> COMMIT:6054dc7a5454d749dad039a7371c46f7c8767352
PR,335918,COMMIT,3c00fc5b47f22c16ab1bd4563f354d8ae0bce50c,INDIRECT,COMMIT_MODIFIES_FILE,3,PR:335918 -> COMMIT:adc9092582503ef136344e5d017aa68b3c10c944 -> FILE:src/vs/platform/agentHost/node/copilot/copilotAgent.ts -> COMMIT:3c00fc5b47f22c16ab1bd4563f354d8ae0bce50c
PR,335918,COMMIT,fcc986aaacf58264d2d08dc56719d55159fa93f6,INDIRECT,COMMIT_MODIFIES_FILE,3,PR:335918 -> COMMIT:adc9092582503ef136344e5d017aa68b3c10c944 -> FILE:src/vs/platform/agentHost/node/copilot/copilotAgent.ts -> COMMIT:fcc986aaacf58264d2d08dc56719d55159fa93f6
PR,335918,COMMIT,20c827c17436d0b62a1e57a67bea330caeb84acd,INDIRECT,COMMIT_MODIFIES_FILE,3,PR:335918 -> COMMIT:adc9092582503ef136344e5d017aa68b3c10c944 -> FILE:src/vs/platform/agentHost/node/copilot/copilotAgent.ts -> COMMIT:20c827c17436d0b62a1e57a67bea330caeb84acd
PR,335918,COMMIT,bb4ad8b6115067036e064f4179d62b2754fc04d0,INDIRECT,COMMIT_MODIFIES_FILE,3,PR:335918 -> COMMIT:adc9092582503ef136344e5d017aa68b3c10c944 -> FILE:src/vs/platform/agentHost/node/copilot/copilotAgent.ts -> COMMIT:bb4ad8b6115067036e064f4179d62b2754fc04d0
PR,335918,COMMIT,8979f99d7fef6b2eed104e1f0d858480f1b858d4,INDIRECT,COMMIT_MODIFIES_FILE,3,PR:335918 -> COMMIT:adc9092582503ef136344e5d017aa68b3c10c944 -> FILE:src/vs/platform/agentHost/node/copilot/copilotAgent.ts -> COMMIT:8979f99d7fef6b2eed104e1f0d858480f1b858d4
PR,335918,COMMIT,cb6ef7f8ebcf020191ad6502e803db541da2469d,INDIRECT,COMMIT_MODIFIES_FILE,3,PR:335918 -> COMMIT:adc9092582503ef136344e5d017aa68b3c10c944 -> FILE:src/vs/platform/agentHost/node/copilot/copilotAgent.ts -> COMMIT:cb6ef7f8ebcf020191ad6502e803db541da2469d
PR,335918,COMMIT,2c332c30c6cf2e29131760c2288f63c5098c6457,INDIRECT,COMMIT_MODIFIES_FILE,3,PR:335918 -> COMMIT:adc9092582503ef136344e5d017aa68b3c10c944 -> FILE:src/vs/platform/agentHost/node/copilot/copilotAgent.ts -> COMMIT:2c332c30c6cf2e29131760c2288f63c5098c6457
PR,335918,COMMIT,e736fe99aa16ab0d0bc63287e7b4c8fafd2cc691,INDIRECT,COMMIT_MODIFIES_FILE,3,PR:335918 -> COMMIT:adc9092582503ef136344e5d017aa68b3c10c944 -> FILE:src/vs/platform/agentHost/node/copilot/copilotAgent.ts -> COMMIT:e736fe99aa16ab0d0bc63287e7b4c8fafd2cc691
PR,335918,COMMIT,bd35f09e1b937ab9e5f40e60eec13f89d6041e7a,INDIRECT,COMMIT_MODIFIES_FILE,3,PR:335918 -> COMMIT:adc9092582503ef136344e5d017aa68b3c10c944 -> FILE:src/vs/platform/agentHost/node/copilot/copilotAgent.ts -> COMMIT:bd35f09e1b937ab9e5f40e60eec13f89d6041e7a
PR,335918,COMMIT,486ba4d306718d7e6358d1ddce6b7f92cd3b59c5,INDIRECT,COMMIT_MODIFIES_FILE,3,PR:335918 -> COMMIT:adc9092582503ef136344e5d017aa68b3c10c944 -> FILE:src/vs/platform/agentHost/node/copilot/copilotAgent.ts -> COMMIT:486ba4d306718d7e6358d1ddce6b7f92cd3b59c5
PR,335918,COMMIT,39bf877db0a04f574d6cbca18397e1f256e87a5f,INDIRECT,COMMIT_MODIFIES_FILE,3,PR:335918 -> COMMIT:adc9092582503ef136344e5d017aa68b3c10c944 -> FILE:src/vs/platform/agentHost/node/copilot/copilotAgent.ts -> COMMIT:39bf877db0a04f574d6cbca18397e1f256e87a5f
PR,335918,COMMIT,a2fa818f3b6cc83055c4a2707e2e3ebe55485835,INDIRECT,COMMIT_MODIFIES_FILE,3,PR:335918 -> COMMIT:adc9092582503ef136344e5d017aa68b3c10c944 -> FILE:src/vs/platform/agentHost/node/copilot/copilotAgent.ts -> COMMIT:a2fa818f3b6cc83055c4a2707e2e3ebe55485835
PR,335918,COMMIT,00fb59c5255863a9220c7bdfc8e47cfefe48b5f5,INDIRECT,COMMIT_MODIFIES_FILE,3,PR:335918 -> COMMIT:adc9092582503ef136344e5d017aa68b3c10c944 -> FILE:src/vs/platform/agentHost/node/copilot/copilotAgent.ts -> COMMIT:00fb59c5255863a9220c7bdfc8e47cfefe48b5f5
PR,335918,COMMIT,8216b0564ea213116a9184121def96f6196d77c6,INDIRECT,COMMIT_MODIFIES_FILE,3,PR:335918 -> COMMIT:adc9092582503ef136344e5d017aa68b3c10c944 -> FILE:src/vs/platform/agentHost/node/copilot/copilotAgent.ts -> COMMIT:8216b0564ea213116a9184121def96f6196d77c6
PR,335918,COMMIT,0d2a9d2432c08cc8c58d30c0c05e2b8aff78d7fd,INDIRECT,COMMIT_MODIFIES_FILE,3,PR:335918 -> COMMIT:adc9092582503ef136344e5d017aa68b3c10c944 -> FILE:src/vs/platform/agentHost/node/copilot/copilotAgent.ts -> COMMIT:0d2a9d2432c08cc8c58d30c0c05e2b8aff78d7fd
PR,335918,COMMIT,9e38223ad9fc7cd088bc0a997a59386eb6870492,INDIRECT,COMMIT_MODIFIES_FILE,3,PR:335918 -> COMMIT:adc9092582503ef136344e5d017aa68b3c10c944 -> FILE:src/vs/platform/agentHost/node/copilot/copilotAgent.ts -> COMMIT:9e38223ad9fc7cd088bc0a997a59386eb6870492
PR,335918,COMMIT,54ed44f5a92608c362fb6b23520765352ea8c041,INDIRECT,COMMIT_MODIFIES_FILE,3,PR:335918 -> COMMIT:adc9092582503ef136344e5d017aa68b3c10c944 -> FILE:src/vs/platform/agentHost/node/copilot/copilotAgent.ts -> COMMIT:54ed44f5a92608c362fb6b23520765352ea8c041
PR,335918,COMMIT,19ef2efd842821b3d28efa1325a020f65030c019,INDIRECT,COMMIT_MODIFIES_FILE,3,PR:335918 -> COMMIT:adc9092582503ef136344e5d017aa68b3c10c944 -> FILE:src/vs/platform/agentHost/node/copilot/copilotAgent.ts -> COMMIT:19ef2efd842821b3d28efa1325a020f65030c019
PR,335918,COMMIT,32a7472051039903ac4e33ead535b62ed102cef5,INDIRECT,COMMIT_MODIFIES_FILE,3,PR:335918 -> COMMIT:adc9092582503ef136344e5d017aa68b3c10c944 -> FILE:src/vs/platform/agentHost/node/copilot/copilotAgent.ts -> COMMIT:32a7472051039903ac4e33ead535b62ed102cef5
PR,335918,COMMIT,2b59fff604de7b57f644c8d80649547941243dc1,INDIRECT,COMMIT_MODIFIES_FILE,3,PR:335918 -> COMMIT:adc9092582503ef136344e5d017aa68b3c10c944 -> FILE:src/vs/platform/agentHost/node/copilot/copilotAgent.ts -> COMMIT:2b59fff604de7b57f644c8d80649547941243dc1
PR,335918,COMMIT,15c60767b81cc8e9195c93f27b359875428cce77,INDIRECT,COMMIT_MODIFIES_FILE,3,PR:335918 -> COMMIT:adc9092582503ef136344e5d017aa68b3c10c944 -> FILE:src/vs/platform/agentHost/node/copilot/copilotAgent.ts -> COMMIT:15c60767b81cc8e9195c93f27b359875428cce77
PR,335918,COMMIT,9cb39bf9ffc32754b96ff5dc043fbae41869dae4,INDIRECT,COMMIT_MODIFIES_FILE,3,PR:335918 -> COMMIT:adc9092582503ef136344e5d017aa68b3c10c944 -> FILE:src/vs/platform/agentHost/node/copilot/copilotAgent.ts -> COMMIT:9cb39bf9ffc32754b96ff5dc043fbae41869dae4
PR,335918,COMMIT,f1130cc44c2b731cd9bedbdd39916c2301f9ee8c,INDIRECT,COMMIT_MODIFIES_FILE,3,PR:335918 -> COMMIT:adc9092582503ef136344e5d017aa68b3c10c944 -> FILE:src/vs/platform/agentHost/node/copilot/copilotAgent.ts -> COMMIT:f1130cc44c2b731cd9bedbdd39916c2301f9ee8c
PR,335918,COMMIT,907d903f4ae0f51ada0bceb01685dc80e1f8180b,INDIRECT,COMMIT_MODIFIES_FILE,3,PR:335918 -> COMMIT:adc9092582503ef136344e5d017aa68b3c10c944 -> FILE:src/vs/platform/agentHost/node/copilot/copilotAgent.ts -> COMMIT:907d903f4ae0f51ada0bceb01685dc80e1f8180b
PR,335918,COMMIT,97a92c63d3a57296216a69c6ff36d51425692d5a,INDIRECT,COMMIT_MODIFIES_FILE,3,PR:335918 -> COMMIT:adc9092582503ef136344e5d017aa68b3c10c944 -> FILE:src/vs/platform/agentHost/node/copilot/copilotAgent.ts -> COMMIT:97a92c63d3a57296216a69c6ff36d51425692d5a
PR,335918,COMMIT,1c0f2e14719fb424eade831768c83c3533cf398c,INDIRECT,COMMIT_MODIFIES_FILE,3,PR:335918 -> COMMIT:adc9092582503ef136344e5d017aa68b3c10c944 -> FILE:src/vs/platform/agentHost/node/copilot/copilotAgent.ts -> COMMIT:1c0f2e14719fb424eade831768c83c3533cf398c
PR,335918,COMMIT,0484ba7ef179db547dd7757818d682e5a655b0ba,INDIRECT,COMMIT_MODIFIES_FILE,3,PR:335918 -> COMMIT:adc9092582503ef136344e5d017aa68b3c10c944 -> FILE:src/vs/platform/agentHost/node/copilot/copilotAgent.ts -> COMMIT:0484ba7ef179db547dd7757818d682e5a655b0ba
PR,335918,COMMIT,795c7bd250364abd90e5509f07ec6e0e00750710,INDIRECT,COMMIT_MODIFIES_FILE,3,PR:335918 -> COMMIT:adc9092582503ef136344e5d017aa68b3c10c944 -> FILE:src/vs/platform/agentHost/node/copilot/copilotAgent.ts -> COMMIT:795c7bd250364abd90e5509f07ec6e0e00750710
PR,335918,COMMIT,bac5f46beddfbbef96b55199d4df25ec21040f1d,INDIRECT,COMMIT_MODIFIES_FILE,3,PR:335918 -> COMMIT:adc9092582503ef136344e5d017aa68b3c10c944 -> FILE:src/vs/platform/agentHost/node/copilot/copilotAgent.ts -> COMMIT:bac5f46beddfbbef96b55199d4df25ec21040f1d
PR,335918,COMMIT,d3a53254ff946589e79677ba3117a7adb9d6491d,INDIRECT,COMMIT_MODIFIES_FILE,3,PR:335918 -> COMMIT:adc9092582503ef136344e5d017aa68b3c10c944 -> FILE:src/vs/platform/agentHost/node/copilot/copilotAgent.ts -> COMMIT:d3a53254ff946589e79677ba3117a7adb9d6491d
PR,335918,COMMIT,a50c0c71d418914c68465c93789baf370344f52d,INDIRECT,COMMIT_MODIFIES_FILE,3,PR:335918 -> COMMIT:adc9092582503ef136344e5d017aa68b3c10c944 -> FILE:src/vs/platform/agentHost/node/copilot/copilotAgent.ts -> COMMIT:a50c0c71d418914c68465c93789baf370344f52d
PR,335918,COMMIT,69dfe7983a6dedd3816a1522926b61fd304a6104,INDIRECT,COMMIT_MODIFIES_FILE,3,PR:335918 -> COMMIT:adc9092582503ef136344e5d017aa68b3c10c944 -> FILE:src/vs/platform/agentHost/node/copilot/copilotAgent.ts -> COMMIT:69dfe7983a6dedd3816a1522926b61fd304a6104
PR,335918,COMMIT,de2bb2398f8a86ae7f66d36303a2d781bee1c5fb,INDIRECT,COMMIT_MODIFIES_FILE,3,PR:335918 -> COMMIT:adc9092582503ef136344e5d017aa68b3c10c944 -> FILE:src/vs/platform/agentHost/node/copilot/copilotAgent.ts -> COMMIT:de2bb2398f8a86ae7f66d36303a2d781bee1c5fb
PR,335918,COMMIT,291e9f98eba3eca62dc0ef43f7fe644018ba273c,INDIRECT,COMMIT_MODIFIES_FILE,3,PR:335918 -> COMMIT:adc9092582503ef136344e5d017aa68b3c10c944 -> FILE:src/vs/platform/agentHost/node/copilot/copilotAgent.ts -> COMMIT:291e9f98eba3eca62dc0ef43f7fe644018ba273c
PR,335918,COMMIT,bccccfb1c1a79f0e08f6391e805dd1089860bd5c,INDIRECT,COMMIT_MODIFIES_FILE,3,PR:335918 -> COMMIT:adc9092582503ef136344e5d017aa68b3c10c944 -> FILE:src/vs/platform/agentHost/node/copilot/copilotAgent.ts -> COMMIT:bccccfb1c1a79f0e08f6391e805dd1089860bd5c
PR,335918,COMMIT,76423510e398152ec5014a1d30319877d7592b39,INDIRECT,COMMIT_MODIFIES_FILE,3,PR:335918 -> COMMIT:adc9092582503ef136344e5d017aa68b3c10c944 -> FILE:src/vs/platform/agentHost/node/copilot/copilotAgent.ts -> COMMIT:76423510e398152ec5014a1d30319877d7592b39
PR,335918,COMMIT,f94c244ac0c1775ee0e6875a78c8822d41998cd8,INDIRECT,COMMIT_MODIFIES_FILE,3,PR:335918 -> COMMIT:adc9092582503ef136344e5d017aa68b3c10c944 -> FILE:src/vs/platform/agentHost/node/copilot/copilotAgent.ts -> COMMIT:f94c244ac0c1775ee0e6875a78c8822d41998cd8
PR,335918,COMMIT,d6fa44b7705833d7782c0091f4b44fb3fc0f1127,INDIRECT,COMMIT_MODIFIES_FILE,3,PR:335918 -> COMMIT:adc9092582503ef136344e5d017aa68b3c10c944 -> FILE:src/vs/platform/agentHost/node/copilot/copilotAgent.ts -> COMMIT:d6fa44b7705833d7782c0091f4b44fb3fc0f1127
PR,335918,COMMIT,f6590a0446e5e9aaa1663ab425ba93a47418716c,INDIRECT,COMMIT_MODIFIES_FILE,3,PR:335918 -> COMMIT:adc9092582503ef136344e5d017aa68b3c10c944 -> FILE:src/vs/platform/agentHost/node/copilot/copilotAgent.ts -> COMMIT:f6590a0446e5e9aaa1663ab425ba93a47418716c
PR,335918,COMMIT,ebca323330e4d3d5558eff706559e9db50ff06d6,INDIRECT,COMMIT_MODIFIES_FILE,3,PR:335918 -> COMMIT:adc9092582503ef136344e5d017aa68b3c10c944 -> FILE:src/vs/platform/agentHost/node/copilot/copilotAgent.ts -> COMMIT:ebca323330e4d3d5558eff706559e9db50ff06d6
PR,335918,COMMIT,7f2bdac5c9b004074c843c4da6d7440b3de626d8,INDIRECT,COMMIT_MODIFIES_FILE,3,PR:335918 -> COMMIT:adc9092582503ef136344e5d017aa68b3c10c944 -> FILE:src/vs/platform/agentHost/node/copilot/copilotAgent.ts -> COMMIT:7f2bdac5c9b004074c843c4da6d7440b3de626d8
PR,335918,COMMIT,2f6ee039d1525b4fd6eea28b6d23815522e66c3f,INDIRECT,COMMIT_MODIFIES_FILE,3,PR:335918 -> COMMIT:adc9092582503ef136344e5d017aa68b3c10c944 -> FILE:src/vs/platform/agentHost/node/copilot/copilotAgent.ts -> COMMIT:2f6ee039d1525b4fd6eea28b6d23815522e66c3f
PR,335918,COMMIT,d0aa2218a571e7f90b6ceda8b99e89e7481774c5,INDIRECT,COMMIT_MODIFIES_FILE,3,PR:335918 -> COMMIT:adc9092582503ef136344e5d017aa68b3c10c944 -> FILE:src/vs/platform/agentHost/node/copilot/copilotAgent.ts -> COMMIT:d0aa2218a571e7f90b6ceda8b99e89e7481774c5
PR,335918,COMMIT,c3f35bbefc419d45db2021fbd590d43da9d3beef,INDIRECT,COMMIT_MODIFIES_FILE,3,PR:335918 -> COMMIT:adc9092582503ef136344e5d017aa68b3c10c944 -> FILE:src/vs/platform/agentHost/node/copilot/copilotAgent.ts -> COMMIT:c3f35bbefc419d45db2021fbd590d43da9d3beef
PR,335918,COMMIT,5ef066ab5a6b8b07706d0ccc0aba655d4b0baf0c,INDIRECT,COMMIT_MODIFIES_FILE,3,PR:335918 -> COMMIT:adc9092582503ef136344e5d017aa68b3c10c944 -> FILE:src/vs/platform/agentHost/node/copilot/copilotAgent.ts -> COMMIT:5ef066ab5a6b8b07706d0ccc0aba655d4b0baf0c
PR,335918,COMMIT,61af0659cd26d5ecdbb2651aef30a91f086cfd24,INDIRECT,COMMIT_MODIFIES_FILE,3,PR:335918 -> COMMIT:adc9092582503ef136344e5d017aa68b3c10c944 -> FILE:src/vs/platform/agentHost/node/copilot/copilotAgent.ts -> COMMIT:61af0659cd26d5ecdbb2651aef30a91f086cfd24
PR,335918,COMMIT,d60ac4ab1e03de2145756dd5e8816e278422016f,INDIRECT,COMMIT_MODIFIES_FILE,3,PR:335918 -> COMMIT:adc9092582503ef136344e5d017aa68b3c10c944 -> FILE:src/vs/platform/agentHost/node/copilot/copilotAgent.ts -> COMMIT:d60ac4ab1e03de2145756dd5e8816e278422016f
PR,335918,COMMIT,206d873bc0d3192e54ff93a3a52636d424372c6c,INDIRECT,COMMIT_MODIFIES_FILE,3,PR:335918 -> COMMIT:adc9092582503ef136344e5d017aa68b3c10c944 -> FILE:src/vs/platform/agentHost/node/copilot/copilotAgent.ts -> COMMIT:206d873bc0d3192e54ff93a3a52636d424372c6c
PR,335918,COMMIT,4c898ce2bbc6590a66e5e7ba45985572e290769d,INDIRECT,COMMIT_MODIFIES_FILE,3,PR:335918 -> COMMIT:adc9092582503ef136344e5d017aa68b3c10c944 -> FILE:src/vs/platform/agentHost/node/copilot/copilotAgent.ts -> COMMIT:4c898ce2bbc6590a66e5e7ba45985572e290769d
PR,335918,COMMIT,da8113d605e22691f08f660f98536b891e1e873a,INDIRECT,COMMIT_MODIFIES_FILE,3,PR:335918 -> COMMIT:adc9092582503ef136344e5d017aa68b3c10c944 -> FILE:src/vs/platform/agentHost/node/copilot/copilotAgent.ts -> COMMIT:da8113d605e22691f08f660f98536b891e1e873a
PR,335918,COMMIT,3b84b9340af2804086738045b29a582a69965eef,INDIRECT,COMMIT_MODIFIES_FILE,3,PR:335918 -> COMMIT:adc9092582503ef136344e5d017aa68b3c10c944 -> FILE:src/vs/platform/agentHost/node/copilot/copilotAgent.ts -> COMMIT:3b84b9340af2804086738045b29a582a69965eef
PR,335918,COMMIT,c29a440b98021980da58b8719fee85b7bdc760b1,INDIRECT,COMMIT_MODIFIES_FILE,3,PR:335918 -> COMMIT:adc9092582503ef136344e5d017aa68b3c10c944 -> FILE:src/vs/platform/agentHost/node/copilot/copilotAgent.ts -> COMMIT:c29a440b98021980da58b8719fee85b7bdc760b1
PR,335918,COMMIT,eb2c9d5d83dbb426a3cc7c7f901af6f5cb7d2dc9,INDIRECT,COMMIT_MODIFIES_FILE,3,PR:335918 -> COMMIT:adc9092582503ef136344e5d017aa68b3c10c944 -> FILE:src/vs/platform/agentHost/node/copilot/copilotAgent.ts -> COMMIT:eb2c9d5d83dbb426a3cc7c7f901af6f5cb7d2dc9
PR,335918,COMMIT,6328b71013f17a20d775a3edfd9cc22e93c731f9,INDIRECT,COMMIT_MODIFIES_FILE,3,PR:335918 -> COMMIT:adc9092582503ef136344e5d017aa68b3c10c944 -> FILE:src/vs/platform/agentHost/node/copilot/copilotAgent.ts -> COMMIT:6328b71013f17a20d775a3edfd9cc22e93c731f9
PR,335918,COMMIT,2e390be6675495942acc8762cb2d58529279f742,INDIRECT,COMMIT_MODIFIES_FILE,3,PR:335918 -> COMMIT:adc9092582503ef136344e5d017aa68b3c10c944 -> FILE:src/vs/platform/agentHost/node/copilot/copilotAgent.ts -> COMMIT:2e390be6675495942acc8762cb2d58529279f742
PR,335918,COMMIT,d6e9c56d98828b0a6527b5252ed5d855727d3c75,INDIRECT,COMMIT_MODIFIES_FILE,3,PR:335918 -> COMMIT:adc9092582503ef136344e5d017aa68b3c10c944 -> FILE:src/vs/platform/agentHost/node/copilot/copilotAgent.ts -> COMMIT:d6e9c56d98828b0a6527b5252ed5d855727d3c75
PR,335918,COMMIT,5f4c13056dd7403f93b3be3f1af1e26d383433be,INDIRECT,COMMIT_MODIFIES_FILE,3,PR:335918 -> COMMIT:adc9092582503ef136344e5d017aa68b3c10c944 -> FILE:src/vs/platform/agentHost/node/copilot/copilotAgent.ts -> COMMIT:5f4c13056dd7403f93b3be3f1af1e26d383433be
PR,335918,COMMIT,27fbe7c07a3b9d463d88de1b115c3e46d5122408,INDIRECT,COMMIT_MODIFIES_FILE,3,PR:335918 -> COMMIT:adc9092582503ef136344e5d017aa68b3c10c944 -> FILE:src/vs/platform/agentHost/node/copilot/copilotAgent.ts -> COMMIT:27fbe7c07a3b9d463d88de1b115c3e46d5122408
PR,335918,COMMIT,9734f1bd6b6b0d716de0539c23676a62a114dfe4,INDIRECT,COMMIT_MODIFIES_FILE,3,PR:335918 -> COMMIT:adc9092582503ef136344e5d017aa68b3c10c944 -> FILE:src/vs/platform/agentHost/node/copilot/copilotAgent.ts -> COMMIT:9734f1bd6b6b0d716de0539c23676a62a114dfe4
PR,335918,COMMIT,6069425a796687333a443720dee12aa9a0fc4777,INDIRECT,COMMIT_MODIFIES_FILE,3,PR:335918 -> COMMIT:adc9092582503ef136344e5d017aa68b3c10c944 -> FILE:src/vs/platform/agentHost/node/copilot/copilotAgent.ts -> COMMIT:6069425a796687333a443720dee12aa9a0fc4777
PR,335918,COMMIT,d53a2283418726379f1bc28fadee9a1eae90c574,INDIRECT,COMMIT_MODIFIES_FILE,3,PR:335918 -> COMMIT:adc9092582503ef136344e5d017aa68b3c10c944 -> FILE:src/vs/platform/agentHost/node/copilot/copilotAgent.ts -> COMMIT:d53a2283418726379f1bc28fadee9a1eae90c574
PR,335918,COMMIT,b72be77527829e17b94b4617912e0baf2fd2922f,INDIRECT,COMMIT_MODIFIES_FILE,3,PR:335918 -> COMMIT:adc9092582503ef136344e5d017aa68b3c10c944 -> FILE:src/vs/platform/agentHost/node/copilot/copilotAgent.ts -> COMMIT:b72be77527829e17b94b4617912e0baf2fd2922f
PR,335918,COMMIT,dda99803649a29800cab7d03eb80ab15e2bd38b0,INDIRECT,COMMIT_MODIFIES_FILE,3,PR:335918 -> COMMIT:adc9092582503ef136344e5d017aa68b3c10c944 -> FILE:src/vs/platform/agentHost/node/copilot/copilotAgent.ts -> COMMIT:dda99803649a29800cab7d03eb80ab15e2bd38b0
PR,335918,COMMIT,c6d507fa67b6742a290a0395fcc7c851012a0718,INDIRECT,COMMIT_MODIFIES_FILE,3,PR:335918 -> COMMIT:adc9092582503ef136344e5d017aa68b3c10c944 -> FILE:src/vs/platform/agentHost/node/copilot/copilotAgent.ts -> COMMIT:c6d507fa67b6742a290a0395fcc7c851012a0718
PR,335918,COMMIT,ccbcdc3fb95b8cfe5fbe3314d96aa11c06dfef7f,INDIRECT,COMMIT_MODIFIES_FILE,3,PR:335918 -> COMMIT:adc9092582503ef136344e5d017aa68b3c10c944 -> FILE:src/vs/platform/agentHost/node/copilot/copilotAgent.ts -> COMMIT:ccbcdc3fb95b8cfe5fbe3314d96aa11c06dfef7f
PR,335918,COMMIT,7e6cd0e6564fe0a2ac40429ff406cc2b7886a215,INDIRECT,COMMIT_MODIFIES_FILE,3,PR:335918 -> COMMIT:adc9092582503ef136344e5d017aa68b3c10c944 -> FILE:src/vs/platform/agentHost/node/copilot/copilotAgent.ts -> COMMIT:7e6cd0e6564fe0a2ac40429ff406cc2b7886a215
PR,335918,COMMIT,21d1aeadb932c11f89e8a30cceb3e98dcb0c58db,INDIRECT,COMMIT_MODIFIES_FILE,3,PR:335918 -> COMMIT:adc9092582503ef136344e5d017aa68b3c10c944 -> FILE:src/vs/platform/agentHost/node/copilot/copilotAgent.ts -> COMMIT:21d1aeadb932c11f89e8a30cceb3e98dcb0c58db
PR,335918,COMMIT,4d6e1fa659376ebd4be692e9a6710ad57eb7e30f,INDIRECT,COMMIT_MODIFIES_FILE,3,PR:335918 -> COMMIT:adc9092582503ef136344e5d017aa68b3c10c944 -> FILE:src/vs/platform/agentHost/node/copilot/copilotAgent.ts -> COMMIT:4d6e1fa659376ebd4be692e9a6710ad57eb7e30f
PR,335918,COMMIT,5547d9728af72bc84b04add1cbd480a6bb69cada,INDIRECT,COMMIT_MODIFIES_FILE,3,PR:335918 -> COMMIT:adc9092582503ef136344e5d017aa68b3c10c944 -> FILE:src/vs/platform/agentHost/node/copilot/copilotAgent.ts -> COMMIT:5547d9728af72bc84b04add1cbd480a6bb69cada
PR,335918,COMMIT,74704a725e13057bf14d2f1364cfca8654429da3,INDIRECT,COMMIT_MODIFIES_FILE,3,PR:335918 -> COMMIT:adc9092582503ef136344e5d017aa68b3c10c944 -> FILE:src/vs/platform/agentHost/node/copilot/copilotAgent.ts -> COMMIT:74704a725e13057bf14d2f1364cfca8654429da3
PR,335918,COMMIT,d000184dfe38f556ba9530088c87fb780b26a16f,INDIRECT,COMMIT_MODIFIES_FILE,3,PR:335918 -> COMMIT:adc9092582503ef136344e5d017aa68b3c10c944 -> FILE:src/vs/platform/agentHost/node/copilot/copilotAgent.ts -> COMMIT:d000184dfe38f556ba9530088c87fb780b26a16f
PR,335918,COMMIT,086005b8507701d7b893a5f4fa76080c9c96020a,INDIRECT,COMMIT_MODIFIES_FILE,3,PR:335918 -> COMMIT:adc9092582503ef136344e5d017aa68b3c10c944 -> FILE:src/vs/platform/agentHost/node/copilot/copilotAgent.ts -> COMMIT:086005b8507701d7b893a5f4fa76080c9c96020a
PR,335918,COMMIT,030d5aca276e9728b59445def3dd318c614dcde6,INDIRECT,COMMIT_MODIFIES_FILE,3,PR:335918 -> COMMIT:adc9092582503ef136344e5d017aa68b3c10c944 -> FILE:src/vs/platform/agentHost/node/copilot/copilotAgent.ts -> COMMIT:030d5aca276e9728b59445def3dd318c614dcde6
PR,335918,COMMIT,4079c68388d2f137ea4ff94a98057f3640958990,INDIRECT,COMMIT_MODIFIES_FILE,3,PR:335918 -> COMMIT:adc9092582503ef136344e5d017aa68b3c10c944 -> FILE:src/vs/platform/agentHost/node/copilot/copilotAgent.ts -> COMMIT:4079c68388d2f137ea4ff94a98057f3640958990
PR,335918,COMMIT,d5a0b0c5ce0d010b93b05fe7a4de6f99d7d13635,INDIRECT,COMMIT_MODIFIES_FILE,3,PR:335918 -> COMMIT:adc9092582503ef136344e5d017aa68b3c10c944 -> FILE:src/vs/platform/agentHost/node/copilot/copilotAgent.ts -> COMMIT:d5a0b0c5ce0d010b93b05fe7a4de6f99d7d13635
PR,335918,COMMIT,94e4d1a3a630fed002050d47e6f0d5f65e51da5e,INDIRECT,COMMIT_MODIFIES_FILE,3,PR:335918 -> COMMIT:adc9092582503ef136344e5d017aa68b3c10c944 -> FILE:src/vs/platform/agentHost/node/copilot/copilotAgent.ts -> COMMIT:94e4d1a3a630fed002050d47e6f0d5f65e51da5e
PR,335918,COMMIT,22fadfa8786a943f18d5ad34df6d146a125b40b4,INDIRECT,COMMIT_MODIFIES_FILE,3,PR:335918 -> COMMIT:adc9092582503ef136344e5d017aa68b3c10c944 -> FILE:src/vs/platform/agentHost/node/copilot/copilotAgent.ts -> COMMIT:22fadfa8786a943f18d5ad34df6d146a125b40b4
PR,335918,COMMIT,2a1c0be22c900dc14bb3de4067a4c545c2f9c7ca,INDIRECT,COMMIT_MODIFIES_FILE,3,PR:335918 -> COMMIT:adc9092582503ef136344e5d017aa68b3c10c944 -> FILE:src/vs/platform/agentHost/node/copilot/copilotAgent.ts -> COMMIT:2a1c0be22c900dc14bb3de4067a4c545c2f9c7ca
PR,335918,COMMIT,39bc9d64a0bcdf96f5999010fa13ec0b77649a1b,INDIRECT,COMMIT_MODIFIES_FILE,3,PR:335918 -> COMMIT:adc9092582503ef136344e5d017aa68b3c10c944 -> FILE:src/vs/platform/agentHost/node/copilot/copilotAgent.ts -> COMMIT:39bc9d64a0bcdf96f5999010fa13ec0b77649a1b
PR,335918,COMMIT,9677757af08ce9aca1b8207c7431d8763915b141,INDIRECT,COMMIT_MODIFIES_FILE,3,PR:335918 -> COMMIT:adc9092582503ef136344e5d017aa68b3c10c944 -> FILE:src/vs/platform/agentHost/node/copilot/copilotAgent.ts -> COMMIT:9677757af08ce9aca1b8207c7431d8763915b141
PR,335918,COMMIT,7d42a1071ab4df21cfcc59dfadf62cfd8d493279,INDIRECT,COMMIT_MODIFIES_FILE,3,PR:335918 -> COMMIT:adc9092582503ef136344e5d017aa68b3c10c944 -> FILE:src/vs/platform/agentHost/node/copilot/copilotAgent.ts -> COMMIT:7d42a1071ab4df21cfcc59dfadf62cfd8d493279
PR,335918,COMMIT,d2c28652238f4e2fae1a447f0325f0465702f653,INDIRECT,COMMIT_MODIFIES_FILE,3,PR:335918 -> COMMIT:adc9092582503ef136344e5d017aa68b3c10c944 -> FILE:src/vs/platform/agentHost/node/copilot/copilotAgent.ts -> COMMIT:d2c28652238f4e2fae1a447f0325f0465702f653
PR,335918,COMMIT,0f95a73f9bbd6c2440a3360bf7a634b8e83cd090,INDIRECT,COMMIT_MODIFIES_FILE,3,PR:335918 -> COMMIT:adc9092582503ef136344e5d017aa68b3c10c944 -> FILE:src/vs/platform/agentHost/node/copilot/copilotAgent.ts -> COMMIT:0f95a73f9bbd6c2440a3360bf7a634b8e83cd090
PR,335918,COMMIT,f00dfc5adab24142403219f6706bfe86cd94842e,INDIRECT,COMMIT_MODIFIES_FILE,3,PR:335918 -> COMMIT:adc9092582503ef136344e5d017aa68b3c10c944 -> FILE:src/vs/platform/agentHost/node/copilot/copilotAgent.ts -> COMMIT:f00dfc5adab24142403219f6706bfe86cd94842e
PR,335918,COMMIT,48946fcdaa4b7d896bc9b1abad53e47128607bcd,INDIRECT,COMMIT_MODIFIES_FILE,3,PR:335918 -> COMMIT:adc9092582503ef136344e5d017aa68b3c10c944 -> FILE:src/vs/platform/agentHost/node/copilot/copilotAgent.ts -> COMMIT:48946fcdaa4b7d896bc9b1abad53e47128607bcd
PR,335918,COMMIT,72fe46048efe400fae3056d44ef9bb399b715366,INDIRECT,COMMIT_MODIFIES_FILE,3,PR:335918 -> COMMIT:adc9092582503ef136344e5d017aa68b3c10c944 -> FILE:src/vs/platform/agentHost/node/copilot/copilotAgent.ts -> COMMIT:72fe46048efe400fae3056d44ef9bb399b715366
PR,335918,COMMIT,e37f4ab2531509a06ced4669009008a5e29e4106,INDIRECT,COMMIT_MODIFIES_FILE,3,PR:335918 -> COMMIT:adc9092582503ef136344e5d017aa68b3c10c944 -> FILE:src/vs/platform/agentHost/node/copilot/copilotAgent.ts -> COMMIT:e37f4ab2531509a06ced4669009008a5e29e4106
PR,335918,COMMIT,a5cae8705d6f1b1c2ea4de1c4ebcaef0b83f3a51,INDIRECT,COMMIT_MODIFIES_FILE,3,PR:335918 -> COMMIT:adc9092582503ef136344e5d017aa68b3c10c944 -> FILE:src/vs/platform/agentHost/node/copilot/copilotAgent.ts -> COMMIT:a5cae8705d6f1b1c2ea4de1c4ebcaef0b83f3a51
PR,335918,COMMIT,a02521db25c789f9c94ddaa827438ce2be9fc5a9,INDIRECT,COMMIT_MODIFIES_FILE,3,PR:335918 -> COMMIT:adc9092582503ef136344e5d017aa68b3c10c944 -> FILE:src/vs/platform/agentHost/node/copilot/copilotAgent.ts -> COMMIT:a02521db25c789f9c94ddaa827438ce2be9fc5a9
PR,335918,COMMIT,9dbfb633b4d23e5d80d4f783a988eeb40feff4b3,INDIRECT,COMMIT_MODIFIES_FILE,3,PR:335918 -> COMMIT:adc9092582503ef136344e5d017aa68b3c10c944 -> FILE:src/vs/platform/agentHost/node/copilot/copilotAgent.ts -> COMMIT:9dbfb633b4d23e5d80d4f783a988eeb40feff4b3
PR,335918,COMMIT,f6089d52021778116906ddf54effdc01056e5e4a,INDIRECT,COMMIT_MODIFIES_FILE,3,PR:335918 -> COMMIT:adc9092582503ef136344e5d017aa68b3c10c944 -> FILE:src/vs/platform/agentHost/node/copilot/copilotAgent.ts -> COMMIT:f6089d52021778116906ddf54effdc01056e5e4a
PR,335918,COMMIT,cc831e97f8e080780109d96d2bc9caeb48b2410e,INDIRECT,COMMIT_MODIFIES_FILE,3,PR:335918 -> COMMIT:adc9092582503ef136344e5d017aa68b3c10c944 -> FILE:src/vs/platform/agentHost/node/copilot/copilotAgent.ts -> COMMIT:cc831e97f8e080780109d96d2bc9caeb48b2410e
PR,335918,COMMIT,117341f3fe4936b713114a1c18bf2aa85ed3b32f,INDIRECT,COMMIT_MODIFIES_FILE,3,PR:335918 -> COMMIT:adc9092582503ef136344e5d017aa68b3c10c944 -> FILE:src/vs/platform/agentHost/node/copilot/copilotAgent.ts -> COMMIT:117341f3fe4936b713114a1c18bf2aa85ed3b32f
PR,335918,COMMIT,b337c7e947561c6ddc91c0b99fa90dae1f2639bd,INDIRECT,COMMIT_MODIFIES_FILE,3,PR:335918 -> COMMIT:adc9092582503ef136344e5d017aa68b3c10c944 -> FILE:src/vs/platform/agentHost/node/copilot/copilotAgent.ts -> COMMIT:b337c7e947561c6ddc91c0b99fa90dae1f2639bd
PR,335918,COMMIT,245f4859995dbdd0ed844913a6902839840d93de,INDIRECT,COMMIT_MODIFIES_FILE,3,PR:335918 -> COMMIT:adc9092582503ef136344e5d017aa68b3c10c944 -> FILE:src/vs/platform/agentHost/node/copilot/copilotAgent.ts -> COMMIT:245f4859995dbdd0ed844913a6902839840d93de
PR,335918,COMMIT,939414e688fffe46ba1d1c65ca6a8a7db08c59e8,INDIRECT,COMMIT_MODIFIES_FILE,3,PR:335918 -> COMMIT:adc9092582503ef136344e5d017aa68b3c10c944 -> FILE:src/vs/platform/agentHost/node/copilot/copilotAgent.ts -> COMMIT:939414e688fffe46ba1d1c65ca6a8a7db08c59e8
PR,335918,COMMIT,5107382b1fc7de88a7394d0632c4f3796959de23,INDIRECT,COMMIT_MODIFIES_FILE,3,PR:335918 -> COMMIT:adc9092582503ef136344e5d017aa68b3c10c944 -> FILE:src/vs/platform/agentHost/node/copilot/copilotAgent.ts -> COMMIT:5107382b1fc7de88a7394d0632c4f3796959de23
PR,335918,COMMIT,9080b0cb8bcd198ced180704a970bedb1a4098eb,INDIRECT,COMMIT_MODIFIES_FILE,3,PR:335918 -> COMMIT:adc9092582503ef136344e5d017aa68b3c10c944 -> FILE:src/vs/platform/agentHost/node/copilot/copilotAgent.ts -> COMMIT:9080b0cb8bcd198ced180704a970bedb1a4098eb
PR,335918,COMMIT,d10cd995d692994ea50fe40c777fdb7680e54e3d,INDIRECT,COMMIT_MODIFIES_FILE,3,PR:335918 -> COMMIT:adc9092582503ef136344e5d017aa68b3c10c944 -> FILE:src/vs/platform/agentHost/node/copilot/copilotAgent.ts -> COMMIT:d10cd995d692994ea50fe40c777fdb7680e54e3d
PR,335918,COMMIT,a4d576ebed9fac2e48f3e2639ca43ccc1237f5f2,INDIRECT,COMMIT_MODIFIES_FILE,3,PR:335918 -> COMMIT:adc9092582503ef136344e5d017aa68b3c10c944 -> FILE:src/vs/platform/agentHost/node/copilot/copilotAgent.ts -> COMMIT:a4d576ebed9fac2e48f3e2639ca43ccc1237f5f2
PR,335918,COMMIT,6f6cdbb03cedb746e55bd27b4b76448606451904,INDIRECT,COMMIT_MODIFIES_FILE,3,PR:335918 -> COMMIT:adc9092582503ef136344e5d017aa68b3c10c944 -> FILE:src/vs/platform/agentHost/node/copilot/copilotAgent.ts -> COMMIT:6f6cdbb03cedb746e55bd27b4b76448606451904
PR,335918,COMMIT,0a3fb73d6a0a5add1ac35d8bd9665769e63718b2,INDIRECT,COMMIT_MODIFIES_FILE,3,PR:335918 -> COMMIT:adc9092582503ef136344e5d017aa68b3c10c944 -> FILE:src/vs/platform/agentHost/node/copilot/copilotAgent.ts -> COMMIT:0a3fb73d6a0a5add1ac35d8bd9665769e63718b2
PR,335918,COMMIT,2eb46dbc95fe94170efc62cffb40937a2f7cf0a1,INDIRECT,COMMIT_MODIFIES_FILE,3,PR:335918 -> COMMIT:adc9092582503ef136344e5d017aa68b3c10c944 -> FILE:src/vs/platform/agentHost/node/copilot/copilotAgent.ts -> COMMIT:2eb46dbc95fe94170efc62cffb40937a2f7cf0a1
PR,335918,COMMIT,e4b203df398fd03b9fb6022816e17de339ccbec6,INDIRECT,COMMIT_MODIFIES_FILE,3,PR:335918 -> COMMIT:adc9092582503ef136344e5d017aa68b3c10c944 -> FILE:src/vs/platform/agentHost/node/copilot/copilotAgent.ts -> COMMIT:e4b203df398fd03b9fb6022816e17de339ccbec6
PR,335918,COMMIT,94f357345e143a99955402913614137b3b8fd9a3,INDIRECT,COMMIT_MODIFIES_FILE,3,PR:335918 -> COMMIT:adc9092582503ef136344e5d017aa68b3c10c944 -> FILE:src/vs/platform/agentHost/node/copilot/copilotAgent.ts -> COMMIT:94f357345e143a99955402913614137b3b8fd9a3
PR,335918,COMMIT,b2a11c2a5e932e96506d1ab9d6df2e647e823468,INDIRECT,COMMIT_MODIFIES_FILE,3,PR:335918 -> COMMIT:adc9092582503ef136344e5d017aa68b3c10c944 -> FILE:src/vs/platform/agentHost/node/copilot/copilotAgent.ts -> COMMIT:b2a11c2a5e932e96506d1ab9d6df2e647e823468
PR,335918,COMMIT,ca9508b890897ee65837fbecbb480582c73f4c73,INDIRECT,COMMIT_MODIFIES_FILE,3,PR:335918 -> COMMIT:adc9092582503ef136344e5d017aa68b3c10c944 -> FILE:src/vs/platform/agentHost/node/copilot/copilotAgent.ts -> COMMIT:ca9508b890897ee65837fbecbb480582c73f4c73
PR,335918,COMMIT,bdc73db19a1a456607ecc834ef05ec14465f1a87,INDIRECT,COMMIT_MODIFIES_FILE,3,PR:335918 -> COMMIT:adc9092582503ef136344e5d017aa68b3c10c944 -> FILE:src/vs/platform/agentHost/node/copilot/copilotAgent.ts -> COMMIT:bdc73db19a1a456607ecc834ef05ec14465f1a87
PR,335918,COMMIT,d1e686990646b9ccbd96d262280b4aeec339646b,INDIRECT,COMMIT_MODIFIES_FILE,3,PR:335918 -> COMMIT:adc9092582503ef136344e5d017aa68b3c10c944 -> FILE:src/vs/platform/agentHost/node/copilot/copilotAgent.ts -> COMMIT:d1e686990646b9ccbd96d262280b4aeec339646b
PR,335918,COMMIT,d7bc39e15f8978cf99757f34ef055dbb7bd0cf8d,INDIRECT,COMMIT_MODIFIES_FILE,3,PR:335918 -> COMMIT:adc9092582503ef136344e5d017aa68b3c10c944 -> FILE:src/vs/platform/agentHost/node/copilot/copilotAgent.ts -> COMMIT:d7bc39e15f8978cf99757f34ef055dbb7bd0cf8d
PR,335918,COMMIT,c32207b46abf971568ce939c08ee850fdb3c2dcc,INDIRECT,COMMIT_MODIFIES_FILE,3,PR:335918 -> COMMIT:adc9092582503ef136344e5d017aa68b3c10c944 -> FILE:src/vs/platform/agentHost/node/copilot/copilotAgent.ts -> COMMIT:c32207b46abf971568ce939c08ee850fdb3c2dcc
PR,335918,COMMIT,b5c7e5483c063b76e6c740ccf43638238c1f24d8,INDIRECT,COMMIT_MODIFIES_FILE,3,PR:335918 -> COMMIT:adc9092582503ef136344e5d017aa68b3c10c944 -> FILE:src/vs/platform/agentHost/node/copilot/copilotAgent.ts -> COMMIT:b5c7e5483c063b76e6c740ccf43638238c1f24d8
PR,335918,COMMIT,79d6f826cf474703470dc8200e78ff8919fb5497,INDIRECT,COMMIT_MODIFIES_FILE,3,PR:335918 -> COMMIT:adc9092582503ef136344e5d017aa68b3c10c944 -> FILE:src/vs/platform/agentHost/node/copilot/copilotAgent.ts -> COMMIT:79d6f826cf474703470dc8200e78ff8919fb5497
PR,335918,COMMIT,c3108c7ffb139839c15e8fc8be10ad7922bc9c7d,INDIRECT,COMMIT_MODIFIES_FILE,3,PR:335918 -> COMMIT:adc9092582503ef136344e5d017aa68b3c10c944 -> FILE:src/vs/platform/agentHost/node/copilot/copilotAgent.ts -> COMMIT:c3108c7ffb139839c15e8fc8be10ad7922bc9c7d
PR,335918,COMMIT,c771d99c008f63858ed54377ee508095aa4829e2,INDIRECT,COMMIT_MODIFIES_FILE,3,PR:335918 -> COMMIT:adc9092582503ef136344e5d017aa68b3c10c944 -> FILE:src/vs/platform/agentHost/node/copilot/copilotAgent.ts -> COMMIT:c771d99c008f63858ed54377ee508095aa4829e2
PR,335918,COMMIT,b311d4120437320087152a6121311faf4208035e,INDIRECT,COMMIT_MODIFIES_FILE,3,PR:335918 -> COMMIT:adc9092582503ef136344e5d017aa68b3c10c944 -> FILE:src/vs/platform/agentHost/node/copilot/copilotAgent.ts -> COMMIT:b311d4120437320087152a6121311faf4208035e
PR,335918,COMMIT,45f94f5667420c48c5a807041751ac303ff94599,INDIRECT,COMMIT_MODIFIES_FILE,3,PR:335918 -> COMMIT:adc9092582503ef136344e5d017aa68b3c10c944 -> FILE:src/vs/platform/agentHost/node/copilot/copilotAgent.ts -> COMMIT:45f94f5667420c48c5a807041751ac303ff94599
PR,335918,COMMIT,7967a8101ec9324621ab430615ddd81fc496892e,INDIRECT,COMMIT_MODIFIES_FILE,3,PR:335918 -> COMMIT:adc9092582503ef136344e5d017aa68b3c10c944 -> FILE:src/vs/platform/agentHost/node/copilot/copilotAgent.ts -> COMMIT:7967a8101ec9324621ab430615ddd81fc496892e
PR,335918,COMMIT,bd3fc5bd6b878d92b59c4299f9554be2a67b5c9e,INDIRECT,COMMIT_MODIFIES_FILE,3,PR:335918 -> COMMIT:adc9092582503ef136344e5d017aa68b3c10c944 -> FILE:src/vs/platform/agentHost/node/copilot/copilotAgent.ts -> COMMIT:bd3fc5bd6b878d92b59c4299f9554be2a67b5c9e
PR,335918,COMMIT,1c6589f1f4bb3b2c82b15988d0200ab4617ebbec,INDIRECT,COMMIT_MODIFIES_FILE,3,PR:335918 -> COMMIT:adc9092582503ef136344e5d017aa68b3c10c944 -> FILE:src/vs/platform/agentHost/node/copilot/copilotAgent.ts -> COMMIT:1c6589f1f4bb3b2c82b15988d0200ab4617ebbec
PR,335918,COMMIT,6f1fa0a21dddfe019072af78c010985f1530a4bc,INDIRECT,COMMIT_MODIFIES_FILE,3,PR:335918 -> COMMIT:adc9092582503ef136344e5d017aa68b3c10c944 -> FILE:src/vs/platform/agentHost/node/copilot/copilotAgent.ts -> COMMIT:6f1fa0a21dddfe019072af78c010985f1530a4bc
PR,335918,COMMIT,bb8d70da3cbea3a9bed411403d95a136e69e9983,INDIRECT,COMMIT_MODIFIES_FILE,3,PR:335918 -> COMMIT:adc9092582503ef136344e5d017aa68b3c10c944 -> FILE:src/vs/platform/agentHost/node/copilot/copilotAgent.ts -> COMMIT:bb8d70da3cbea3a9bed411403d95a136e69e9983
PR,335918,COMMIT,0d25b1fdcf8c02af7893198f98734c11c7ecb51c,INDIRECT,COMMIT_MODIFIES_FILE,3,PR:335918 -> COMMIT:adc9092582503ef136344e5d017aa68b3c10c944 -> FILE:src/vs/platform/agentHost/node/copilot/copilotAgent.ts -> COMMIT:0d25b1fdcf8c02af7893198f98734c11c7ecb51c
PR,335918,COMMIT,8a732f41a09eb1cad0f5a8befa433cff25b7f6fb,INDIRECT,COMMIT_MODIFIES_FILE,3,PR:335918 -> COMMIT:adc9092582503ef136344e5d017aa68b3c10c944 -> FILE:src/vs/platform/agentHost/node/copilot/copilotAgent.ts -> COMMIT:8a732f41a09eb1cad0f5a8befa433cff25b7f6fb
PR,335918,COMMIT,a2ec83732d984bfe841e23795b76d80c0a0aeac4,INDIRECT,COMMIT_MODIFIES_FILE,3,PR:335918 -> COMMIT:adc9092582503ef136344e5d017aa68b3c10c944 -> FILE:src/vs/platform/agentHost/node/copilot/copilotAgent.ts -> COMMIT:a2ec83732d984bfe841e23795b76d80c0a0aeac4
PR,335918,COMMIT,7e0a684edd5d3a63768303be1afce8560d64fd04,INDIRECT,COMMIT_MODIFIES_FILE,3,PR:335918 -> COMMIT:adc9092582503ef136344e5d017aa68b3c10c944 -> FILE:src/vs/platform/agentHost/node/copilot/copilotAgent.ts -> COMMIT:7e0a684edd5d3a63768303be1afce8560d64fd04
PR,335918,COMMIT,526dd3a884d64651bf501ae17d9d8319d55fe710,INDIRECT,COMMIT_MODIFIES_FILE,3,PR:335918 -> COMMIT:adc9092582503ef136344e5d017aa68b3c10c944 -> FILE:src/vs/platform/agentHost/node/copilot/copilotAgent.ts -> COMMIT:526dd3a884d64651bf501ae17d9d8319d55fe710
PR,335918,COMMIT,8ad0807d06edf101e96fd175f517b17a58f5d1a4,INDIRECT,COMMIT_MODIFIES_FILE,3,PR:335918 -> COMMIT:adc9092582503ef136344e5d017aa68b3c10c944 -> FILE:src/vs/platform/agentHost/node/copilot/copilotAgent.ts -> COMMIT:8ad0807d06edf101e96fd175f517b17a58f5d1a4
PR,335918,COMMIT,671a1184e29f44c422a18b9f083adbd9273ea958,INDIRECT,COMMIT_MODIFIES_FILE,3,PR:335918 -> COMMIT:adc9092582503ef136344e5d017aa68b3c10c944 -> FILE:src/vs/platform/agentHost/node/copilot/copilotAgent.ts -> COMMIT:671a1184e29f44c422a18b9f083adbd9273ea958
PR,335918,COMMIT,5228cb885a1fa58192915305e61636b6a36936f3,INDIRECT,COMMIT_MODIFIES_FILE,3,PR:335918 -> COMMIT:adc9092582503ef136344e5d017aa68b3c10c944 -> FILE:src/vs/platform/agentHost/node/copilot/copilotAgent.ts -> COMMIT:5228cb885a1fa58192915305e61636b6a36936f3
PR,335918,COMMIT,77151d5bee23fe0a9659cab361830c76e518a022,INDIRECT,COMMIT_MODIFIES_FILE,3,PR:335918 -> COMMIT:adc9092582503ef136344e5d017aa68b3c10c944 -> FILE:src/vs/platform/agentHost/node/copilot/copilotAgent.ts -> COMMIT:77151d5bee23fe0a9659cab361830c76e518a022
PR,335918,COMMIT,0dff311ad32456b9fab9bd655d5fb52ea52161b0,INDIRECT,COMMIT_MODIFIES_FILE,3,PR:335918 -> COMMIT:adc9092582503ef136344e5d017aa68b3c10c944 -> FILE:src/vs/platform/agentHost/node/copilot/copilotAgent.ts -> COMMIT:0dff311ad32456b9fab9bd655d5fb52ea52161b0
PR,335918,COMMIT,446d544a370c9978443a531ebe91f069f3dffb33,INDIRECT,COMMIT_MODIFIES_FILE,3,PR:335918 -> COMMIT:adc9092582503ef136344e5d017aa68b3c10c944 -> FILE:src/vs/platform/agentHost/node/copilot/copilotAgent.ts -> COMMIT:446d544a370c9978443a531ebe91f069f3dffb33
PR,335918,COMMIT,af6d5e47b406ce4886c7226715d2b0adabc2b0fc,INDIRECT,COMMIT_MODIFIES_FILE,3,PR:335918 -> COMMIT:adc9092582503ef136344e5d017aa68b3c10c944 -> FILE:src/vs/platform/agentHost/node/copilot/copilotAgent.ts -> COMMIT:af6d5e47b406ce4886c7226715d2b0adabc2b0fc
PR,335918,COMMIT,b5d1fc402c45968d883494e12ddb717470374257,INDIRECT,COMMIT_MODIFIES_FILE,3,PR:335918 -> COMMIT:adc9092582503ef136344e5d017aa68b3c10c944 -> FILE:src/vs/platform/agentHost/node/copilot/copilotAgent.ts -> COMMIT:b5d1fc402c45968d883494e12ddb717470374257
PR,335918,COMMIT,ac06bb9c2f36d60eb5d3490fbcaedab235350382,INDIRECT,COMMIT_MODIFIES_FILE,3,PR:335918 -> COMMIT:adc9092582503ef136344e5d017aa68b3c10c944 -> FILE:src/vs/platform/agentHost/node/copilot/copilotAgent.ts -> COMMIT:ac06bb9c2f36d60eb5d3490fbcaedab235350382
PR,335918,COMMIT,d9e89ae5923c775b6feb7b0ee5a354dcc5c40663,INDIRECT,COMMIT_MODIFIES_FILE,3,PR:335918 -> COMMIT:adc9092582503ef136344e5d017aa68b3c10c944 -> FILE:src/vs/platform/agentHost/node/copilot/copilotAgent.ts -> COMMIT:d9e89ae5923c775b6feb7b0ee5a354dcc5c40663
PR,335918,COMMIT,29a3e6fd96349af07b5c577e0e55606d37485c34,INDIRECT,COMMIT_MODIFIES_FILE,3,PR:335918 -> COMMIT:adc9092582503ef136344e5d017aa68b3c10c944 -> FILE:src/vs/platform/agentHost/node/copilot/copilotAgent.ts -> COMMIT:29a3e6fd96349af07b5c577e0e55606d37485c34
PR,335918,COMMIT,c8e6c01afaee5f8f52338a91150075fd2353c7d6,INDIRECT,COMMIT_MODIFIES_FILE,3,PR:335918 -> COMMIT:adc9092582503ef136344e5d017aa68b3c10c944 -> FILE:src/vs/platform/agentHost/node/copilot/copilotAgent.ts -> COMMIT:c8e6c01afaee5f8f52338a91150075fd2353c7d6
PR,335918,COMMIT,5cc8da4dd5ca459a55b8ca650bad2a75dd6f6f37,INDIRECT,COMMIT_MODIFIES_FILE,3,PR:335918 -> COMMIT:adc9092582503ef136344e5d017aa68b3c10c944 -> FILE:src/vs/platform/agentHost/node/copilot/copilotAgent.ts -> COMMIT:5cc8da4dd5ca459a55b8ca650bad2a75dd6f6f37
PR,335918,COMMIT,15fe16ed9d7a3350a39da215da87fb189d418057,INDIRECT,COMMIT_MODIFIES_FILE,3,PR:335918 -> COMMIT:adc9092582503ef136344e5d017aa68b3c10c944 -> FILE:src/vs/platform/agentHost/node/copilot/copilotAgent.ts -> COMMIT:15fe16ed9d7a3350a39da215da87fb189d418057
PR,335918,COMMIT,810e5c4651460b36908a328fe6ee1bf5d42e0973,INDIRECT,COMMIT_MODIFIES_FILE,3,PR:335918 -> COMMIT:adc9092582503ef136344e5d017aa68b3c10c944 -> FILE:src/vs/platform/agentHost/node/copilot/copilotAgent.ts -> COMMIT:810e5c4651460b36908a328fe6ee1bf5d42e0973
PR,335918,COMMIT,7d838a275dba987826a86658873ca1e9f584838e,INDIRECT,COMMIT_MODIFIES_FILE,3,PR:335918 -> COMMIT:adc9092582503ef136344e5d017aa68b3c10c944 -> FILE:src/vs/platform/agentHost/node/copilot/copilotAgent.ts -> COMMIT:7d838a275dba987826a86658873ca1e9f584838e
PR,335918,COMMIT,0a748cda2d87520961e5557730c234f02034f444,INDIRECT,COMMIT_MODIFIES_FILE,3,PR:335918 -> COMMIT:adc9092582503ef136344e5d017aa68b3c10c944 -> FILE:src/vs/platform/agentHost/node/copilot/copilotAgent.ts -> COMMIT:0a748cda2d87520961e5557730c234f02034f444
PR,335918,COMMIT,0c9894a5638f6437f39e86c51c5d3b572f430f94,INDIRECT,COMMIT_MODIFIES_FILE,3,PR:335918 -> COMMIT:adc9092582503ef136344e5d017aa68b3c10c944 -> FILE:src/vs/platform/agentHost/node/copilot/copilotAgent.ts -> COMMIT:0c9894a5638f6437f39e86c51c5d3b572f430f94
PR,335918,COMMIT,188361956832adbb92171e439574aec6dd08098f,INDIRECT,COMMIT_MODIFIES_FILE,3,PR:335918 -> COMMIT:adc9092582503ef136344e5d017aa68b3c10c944 -> FILE:src/vs/platform/agentHost/node/copilot/copilotAgent.ts -> COMMIT:188361956832adbb92171e439574aec6dd08098f
PR,335918,COMMIT,063e944db4013ef423736b6ccd223a30bdd10519,INDIRECT,COMMIT_MODIFIES_FILE,3,PR:335918 -> COMMIT:adc9092582503ef136344e5d017aa68b3c10c944 -> FILE:src/vs/platform/agentHost/node/copilot/copilotAgent.ts -> COMMIT:063e944db4013ef423736b6ccd223a30bdd10519
PR,335918,COMMIT,155c7de4507cc41ec8160b5bd09d43f359330012,INDIRECT,COMMIT_MODIFIES_FILE,3,PR:335918 -> COMMIT:adc9092582503ef136344e5d017aa68b3c10c944 -> FILE:src/vs/platform/agentHost/node/copilot/copilotAgent.ts -> COMMIT:155c7de4507cc41ec8160b5bd09d43f359330012
PR,335918,COMMIT,4aa9b1b8bcd0f625579a687ef1cbceb978327dcf,INDIRECT,COMMIT_MODIFIES_FILE,3,PR:335918 -> COMMIT:adc9092582503ef136344e5d017aa68b3c10c944 -> FILE:src/vs/platform/agentHost/node/copilot/copilotAgent.ts -> COMMIT:4aa9b1b8bcd0f625579a687ef1cbceb978327dcf
PR,335918,COMMIT,1a890763e9e8ecabb1efff90911d3606922b7f59,INDIRECT,COMMIT_MODIFIES_FILE,3,PR:335918 -> COMMIT:adc9092582503ef136344e5d017aa68b3c10c944 -> FILE:src/vs/platform/agentHost/node/copilot/copilotAgent.ts -> COMMIT:1a890763e9e8ecabb1efff90911d3606922b7f59
PR,335918,COMMIT,b6e613a10338499863622196c4079be39c3bf220,INDIRECT,COMMIT_MODIFIES_FILE,3,PR:335918 -> COMMIT:adc9092582503ef136344e5d017aa68b3c10c944 -> FILE:src/vs/platform/agentHost/node/copilot/copilotAgent.ts -> COMMIT:b6e613a10338499863622196c4079be39c3bf220
PR,335918,COMMIT,6305ed31b92fd1d35750fd42f43426e61cb2fd40,INDIRECT,COMMIT_MODIFIES_FILE,3,PR:335918 -> COMMIT:adc9092582503ef136344e5d017aa68b3c10c944 -> FILE:src/vs/platform/agentHost/node/copilot/copilotAgent.ts -> COMMIT:6305ed31b92fd1d35750fd42f43426e61cb2fd40
PR,335918,COMMIT,2450b348691df1ccb67ee29e6b9a89637cb7ddac,INDIRECT,COMMIT_MODIFIES_FILE,3,PR:335918 -> COMMIT:adc9092582503ef136344e5d017aa68b3c10c944 -> FILE:src/vs/platform/agentHost/node/copilot/copilotAgent.ts -> COMMIT:2450b348691df1ccb67ee29e6b9a89637cb7ddac
PR,335918,COMMIT,d44cc2d6d1648a30eb5bcc6f0a3462235a254fbe,INDIRECT,COMMIT_MODIFIES_FILE,3,PR:335918 -> COMMIT:adc9092582503ef136344e5d017aa68b3c10c944 -> FILE:src/vs/platform/agentHost/node/copilot/copilotAgent.ts -> COMMIT:d44cc2d6d1648a30eb5bcc6f0a3462235a254fbe
PR,335918,COMMIT,ca65d0d5038a3319c7f36a3a004b04b77e014ddc,INDIRECT,COMMIT_MODIFIES_FILE,3,PR:335918 -> COMMIT:adc9092582503ef136344e5d017aa68b3c10c944 -> FILE:src/vs/platform/agentHost/node/copilot/copilotAgent.ts -> COMMIT:ca65d0d5038a3319c7f36a3a004b04b77e014ddc
PR,335918,COMMIT,49f951200ada47626629902eeac1b4ac7ae13868,INDIRECT,COMMIT_MODIFIES_FILE,3,PR:335918 -> COMMIT:adc9092582503ef136344e5d017aa68b3c10c944 -> FILE:src/vs/platform/agentHost/node/copilot/copilotAgent.ts -> COMMIT:49f951200ada47626629902eeac1b4ac7ae13868
PR,335918,COMMIT,78e3467a167f7b72c90ce372f137b76bce3445cd,INDIRECT,COMMIT_MODIFIES_FILE,3,PR:335918 -> COMMIT:adc9092582503ef136344e5d017aa68b3c10c944 -> FILE:src/vs/platform/agentHost/node/copilot/copilotAgent.ts -> COMMIT:78e3467a167f7b72c90ce372f137b76bce3445cd
PR,335918,COMMIT,100e6a36804b006a05d9468a5a80831209f05541,INDIRECT,COMMIT_MODIFIES_FILE,3,PR:335918 -> COMMIT:adc9092582503ef136344e5d017aa68b3c10c944 -> FILE:src/vs/platform/agentHost/node/copilot/copilotAgent.ts -> COMMIT:100e6a36804b006a05d9468a5a80831209f05541
PR,335918,COMMIT,252176592ea689563cbb84be4c09b2592605e8e7,INDIRECT,COMMIT_MODIFIES_FILE,3,PR:335918 -> COMMIT:adc9092582503ef136344e5d017aa68b3c10c944 -> FILE:src/vs/platform/agentHost/node/copilot/copilotAgent.ts -> COMMIT:252176592ea689563cbb84be4c09b2592605e8e7
PR,335918,COMMIT,163be43d669cd4467d1c6098021d34614ee7d596,INDIRECT,COMMIT_MODIFIES_FILE,3,PR:335918 -> COMMIT:adc9092582503ef136344e5d017aa68b3c10c944 -> FILE:src/vs/platform/agentHost/node/copilot/copilotAgent.ts -> COMMIT:163be43d669cd4467d1c6098021d34614ee7d596
PR,335918,COMMIT,e26043e2a39daae0702956ab3192a86f54f63067,INDIRECT,COMMIT_MODIFIES_FILE,3,PR:335918 -> COMMIT:adc9092582503ef136344e5d017aa68b3c10c944 -> FILE:src/vs/platform/agentHost/node/copilot/copilotAgent.ts -> COMMIT:e26043e2a39daae0702956ab3192a86f54f63067
PR,335918,COMMIT,a7c0771cb29033e4bad63db8ecceb7cce6761212,INDIRECT,COMMIT_MODIFIES_FILE,3,PR:335918 -> COMMIT:adc9092582503ef136344e5d017aa68b3c10c944 -> FILE:src/vs/platform/agentHost/node/copilot/copilotAgent.ts -> COMMIT:a7c0771cb29033e4bad63db8ecceb7cce6761212
PR,335918,COMMIT,f376c4ad86d417425b2a37a1a2f1a63f2ec1703c,INDIRECT,COMMIT_MODIFIES_FILE,3,PR:335918 -> COMMIT:adc9092582503ef136344e5d017aa68b3c10c944 -> FILE:src/vs/platform/agentHost/node/copilot/copilotAgent.ts -> COMMIT:f376c4ad86d417425b2a37a1a2f1a63f2ec1703c
PR,335918,COMMIT,33fb806dfdb6cf7ffb5c45cf83d0b8f96e66875f,INDIRECT,COMMIT_MODIFIES_FILE,3,PR:335918 -> COMMIT:adc9092582503ef136344e5d017aa68b3c10c944 -> FILE:src/vs/platform/agentHost/node/copilot/copilotAgent.ts -> COMMIT:33fb806dfdb6cf7ffb5c45cf83d0b8f96e66875f
PR,335918,COMMIT,23ff4d32451c81921e2564695be3f320c8630583,INDIRECT,COMMIT_MODIFIES_FILE,3,PR:335918 -> COMMIT:adc9092582503ef136344e5d017aa68b3c10c944 -> FILE:src/vs/platform/agentHost/node/copilot/copilotAgent.ts -> COMMIT:23ff4d32451c81921e2564695be3f320c8630583
PR,335918,COMMIT,57cf2591c3b14ff1e8f5f42e6ba446b24bd051f8,INDIRECT,COMMIT_MODIFIES_FILE,3,PR:335918 -> COMMIT:adc9092582503ef136344e5d017aa68b3c10c944 -> FILE:src/vs/platform/agentHost/node/copilot/copilotAgent.ts -> COMMIT:57cf2591c3b14ff1e8f5f42e6ba446b24bd051f8
PR,335918,COMMIT,94742b1b16ab74ebbd65838a424958bf9eb6f051,INDIRECT,COMMIT_MODIFIES_FILE,3,PR:335918 -> COMMIT:adc9092582503ef136344e5d017aa68b3c10c944 -> FILE:src/vs/platform/agentHost/node/copilot/copilotAgent.ts -> COMMIT:94742b1b16ab74ebbd65838a424958bf9eb6f051
PR,335918,COMMIT,da0f731d231aae5ad648e9f5ecdab2acef5130c7,INDIRECT,COMMIT_MODIFIES_FILE,3,PR:335918 -> COMMIT:adc9092582503ef136344e5d017aa68b3c10c944 -> FILE:src/vs/platform/agentHost/node/copilot/copilotAgent.ts -> COMMIT:da0f731d231aae5ad648e9f5ecdab2acef5130c7
PR,335918,COMMIT,9c8743b67225af14e4621e76970c817afb6e9bcf,INDIRECT,COMMIT_MODIFIES_FILE,3,PR:335918 -> COMMIT:adc9092582503ef136344e5d017aa68b3c10c944 -> FILE:src/vs/platform/agentHost/node/copilot/copilotAgent.ts -> COMMIT:9c8743b67225af14e4621e76970c817afb6e9bcf
PR,335918,COMMIT,02d29e19502fef0dd38bf495a2af0e7549f427ca,INDIRECT,COMMIT_MODIFIES_FILE,3,PR:335918 -> COMMIT:adc9092582503ef136344e5d017aa68b3c10c944 -> FILE:src/vs/platform/agentHost/node/copilot/copilotAgent.ts -> COMMIT:02d29e19502fef0dd38bf495a2af0e7549f427ca
PR,335918,COMMIT,2818d8eb365c4546b7aa45000c519b24e9c74106,INDIRECT,COMMIT_MODIFIES_FILE,3,PR:335918 -> COMMIT:adc9092582503ef136344e5d017aa68b3c10c944 -> FILE:src/vs/platform/agentHost/node/copilot/copilotAgent.ts -> COMMIT:2818d8eb365c4546b7aa45000c519b24e9c74106
PR,335918,COMMIT,2ca8c4dc56c71d16513424beee1733d3cba95a29,INDIRECT,COMMIT_MODIFIES_FILE,3,PR:335918 -> COMMIT:adc9092582503ef136344e5d017aa68b3c10c944 -> FILE:src/vs/platform/agentHost/node/copilot/copilotAgent.ts -> COMMIT:2ca8c4dc56c71d16513424beee1733d3cba95a29
PR,335918,COMMIT,68e4bad2d8df6759f5758e67144481c108d1bbb9,INDIRECT,COMMIT_MODIFIES_FILE,3,PR:335918 -> COMMIT:adc9092582503ef136344e5d017aa68b3c10c944 -> FILE:src/vs/platform/agentHost/node/copilot/copilotAgent.ts -> COMMIT:68e4bad2d8df6759f5758e67144481c108d1bbb9
PR,335918,COMMIT,bffd8c67130f859870af150ad089112d26c14ca7,INDIRECT,COMMIT_MODIFIES_FILE,3,PR:335918 -> COMMIT:adc9092582503ef136344e5d017aa68b3c10c944 -> FILE:src/vs/platform/agentHost/node/copilot/copilotAgent.ts -> COMMIT:bffd8c67130f859870af150ad089112d26c14ca7
PR,335918,COMMIT,ee45714aee1f096e9e260ca5d7bb748ed87b2dd7,INDIRECT,COMMIT_MODIFIES_FILE,3,PR:335918 -> COMMIT:adc9092582503ef136344e5d017aa68b3c10c944 -> FILE:src/vs/platform/agentHost/node/copilot/copilotAgent.ts -> COMMIT:ee45714aee1f096e9e260ca5d7bb748ed87b2dd7
PR,335918,COMMIT,7c7bf4d77c6f1315bad39084fe30c55dbee24549,INDIRECT,COMMIT_MODIFIES_FILE,3,PR:335918 -> COMMIT:adc9092582503ef136344e5d017aa68b3c10c944 -> FILE:src/vs/platform/agentHost/node/copilot/copilotAgent.ts -> COMMIT:7c7bf4d77c6f1315bad39084fe30c55dbee24549
PR,335918,COMMIT,9772fcd3796d39dc75b60c8347a26d075cb84ef6,INDIRECT,COMMIT_MODIFIES_FILE,3,PR:335918 -> COMMIT:adc9092582503ef136344e5d017aa68b3c10c944 -> FILE:src/vs/platform/agentHost/node/copilot/copilotAgent.ts -> COMMIT:9772fcd3796d39dc75b60c8347a26d075cb84ef6
PR,335918,COMMIT,5595e0ba61b53c3e99971ab4adfdf287e6ec1730,INDIRECT,COMMIT_MODIFIES_FILE,3,PR:335918 -> COMMIT:adc9092582503ef136344e5d017aa68b3c10c944 -> FILE:src/vs/platform/agentHost/node/copilot/copilotAgent.ts -> COMMIT:5595e0ba61b53c3e99971ab4adfdf287e6ec1730
PR,335918,COMMIT,cb23b1b5bd15c2e35d91da5dd1032937fc71435a,INDIRECT,COMMIT_MODIFIES_FILE,3,PR:335918 -> COMMIT:adc9092582503ef136344e5d017aa68b3c10c944 -> FILE:src/vs/platform/agentHost/node/copilot/copilotAgent.ts -> COMMIT:cb23b1b5bd15c2e35d91da5dd1032937fc71435a
PR,335918,COMMIT,f7e563901b90fd1680a46f3fd756001bd9df2a86,INDIRECT,COMMIT_MODIFIES_FILE,3,PR:335918 -> COMMIT:adc9092582503ef136344e5d017aa68b3c10c944 -> FILE:src/vs/platform/agentHost/node/copilot/copilotAgent.ts -> COMMIT:f7e563901b90fd1680a46f3fd756001bd9df2a86
PR,335918,COMMIT,af368886aef0afe13c57ceeaf8d893845b8849f9,INDIRECT,COMMIT_MODIFIES_FILE,3,PR:335918 -> COMMIT:adc9092582503ef136344e5d017aa68b3c10c944 -> FILE:src/vs/platform/agentHost/node/copilot/copilotAgent.ts -> COMMIT:af368886aef0afe13c57ceeaf8d893845b8849f9
PR,335918,COMMIT,b3d45f0c1d1f6dbfe8e6fbc87bddd3944a0dd453,INDIRECT,COMMIT_MODIFIES_FILE,3,PR:335918 -> COMMIT:adc9092582503ef136344e5d017aa68b3c10c944 -> FILE:src/vs/platform/agentHost/node/copilot/copilotAgent.ts -> COMMIT:b3d45f0c1d1f6dbfe8e6fbc87bddd3944a0dd453
PR,335918,COMMIT,2d8ae13ecf0e29e0351712b2763343b079b0b736,INDIRECT,COMMIT_MODIFIES_FILE,3,PR:335918 -> COMMIT:adc9092582503ef136344e5d017aa68b3c10c944 -> FILE:src/vs/platform/agentHost/node/copilot/copilotAgent.ts -> COMMIT:2d8ae13ecf0e29e0351712b2763343b079b0b736
PR,335918,COMMIT,ea025ead2475bdff9cef82e7a8f5cdd37c2fe8a9,INDIRECT,COMMIT_MODIFIES_FILE,3,PR:335918 -> COMMIT:adc9092582503ef136344e5d017aa68b3c10c944 -> FILE:src/vs/platform/agentHost/node/copilot/copilotAgent.ts -> COMMIT:ea025ead2475bdff9cef82e7a8f5cdd37c2fe8a9
PR,335918,COMMIT,1c41c58374bf0c85a70c7d0784ef5ff24c5669d3,INDIRECT,COMMIT_MODIFIES_FILE,3,PR:335918 -> COMMIT:adc9092582503ef136344e5d017aa68b3c10c944 -> FILE:src/vs/platform/agentHost/node/copilot/copilotAgent.ts -> COMMIT:1c41c58374bf0c85a70c7d0784ef5ff24c5669d3
PR,335918,COMMIT,9dc62c67a151d32a25a9a9b87b005fca0a64c6f2,INDIRECT,COMMIT_MODIFIES_FILE,3,PR:335918 -> COMMIT:adc9092582503ef136344e5d017aa68b3c10c944 -> FILE:src/vs/platform/agentHost/node/copilot/copilotAgent.ts -> COMMIT:9dc62c67a151d32a25a9a9b87b005fca0a64c6f2
PR,335918,COMMIT,ae3d9d766688415f38a81c01749a00626cf4025c,INDIRECT,COMMIT_MODIFIES_FILE,3,PR:335918 -> COMMIT:adc9092582503ef136344e5d017aa68b3c10c944 -> FILE:src/vs/platform/agentHost/node/copilot/copilotAgent.ts -> COMMIT:ae3d9d766688415f38a81c01749a00626cf4025c
PR,335918,COMMIT,4f48974eb06851791ae37ed2641729a2007c7749,INDIRECT,COMMIT_MODIFIES_FILE,3,PR:335918 -> COMMIT:adc9092582503ef136344e5d017aa68b3c10c944 -> FILE:src/vs/platform/agentHost/node/copilot/copilotAgent.ts -> COMMIT:4f48974eb06851791ae37ed2641729a2007c7749
PR,335918,COMMIT,70e9748ec952482c87d9799976347231914ce323,INDIRECT,COMMIT_MODIFIES_FILE,3,PR:335918 -> COMMIT:adc9092582503ef136344e5d017aa68b3c10c944 -> FILE:src/vs/platform/agentHost/node/copilot/copilotAgent.ts -> COMMIT:70e9748ec952482c87d9799976347231914ce323
PR,335918,COMMIT,b5878816c52522dbe002f3e46da57c0442400954,INDIRECT,COMMIT_MODIFIES_FILE,3,PR:335918 -> COMMIT:adc9092582503ef136344e5d017aa68b3c10c944 -> FILE:src/vs/platform/agentHost/node/copilot/copilotAgent.ts -> COMMIT:b5878816c52522dbe002f3e46da57c0442400954
PR,335918,COMMIT,c014b5294134df0a48e2ef18b0f5de16d6002841,INDIRECT,COMMIT_MODIFIES_FILE,3,PR:335918 -> COMMIT:adc9092582503ef136344e5d017aa68b3c10c944 -> FILE:src/vs/platform/agentHost/node/copilot/copilotAgent.ts -> COMMIT:c014b5294134df0a48e2ef18b0f5de16d6002841
PR,335918,COMMIT,92ca7f0bb148c9c9e5808c992b28e9340969c1ce,INDIRECT,COMMIT_MODIFIES_FILE,3,PR:335918 -> COMMIT:adc9092582503ef136344e5d017aa68b3c10c944 -> FILE:src/vs/platform/agentHost/node/copilot/copilotAgent.ts -> COMMIT:92ca7f0bb148c9c9e5808c992b28e9340969c1ce
PR,335918,COMMIT,bede01f74085ead15bcfea62b92cadbefcea4e91,INDIRECT,COMMIT_MODIFIES_FILE,3,PR:335918 -> COMMIT:adc9092582503ef136344e5d017aa68b3c10c944 -> FILE:src/vs/platform/agentHost/node/copilot/copilotAgent.ts -> COMMIT:bede01f74085ead15bcfea62b92cadbefcea4e91
PR,335918,COMMIT,7f63fa58a3848c9ad18624408d488d6dc090a694,INDIRECT,COMMIT_MODIFIES_FILE,3,PR:335918 -> COMMIT:adc9092582503ef136344e5d017aa68b3c10c944 -> FILE:src/vs/platform/agentHost/node/copilot/copilotAgent.ts -> COMMIT:7f63fa58a3848c9ad18624408d488d6dc090a694
PR,335918,COMMIT,01119f5ad67b3e14cbb5252ba73356b1b4c1b703,INDIRECT,COMMIT_MODIFIES_FILE,3,PR:335918 -> COMMIT:adc9092582503ef136344e5d017aa68b3c10c944 -> FILE:src/vs/platform/agentHost/node/copilot/copilotAgent.ts -> COMMIT:01119f5ad67b3e14cbb5252ba73356b1b4c1b703
PR,335918,COMMIT,258cb81533e1946c9f4881b15e36c85352d24345,INDIRECT,COMMIT_MODIFIES_FILE,3,PR:335918 -> COMMIT:adc9092582503ef136344e5d017aa68b3c10c944 -> FILE:src/vs/platform/agentHost/node/copilot/copilotAgent.ts -> COMMIT:258cb81533e1946c9f4881b15e36c85352d24345
PR,335918,COMMIT,2950fd2be0c1eecbb3fec918eb7712c81f3960d4,INDIRECT,COMMIT_MODIFIES_FILE,3,PR:335918 -> COMMIT:adc9092582503ef136344e5d017aa68b3c10c944 -> FILE:src/vs/platform/agentHost/node/copilot/copilotAgent.ts -> COMMIT:2950fd2be0c1eecbb3fec918eb7712c81f3960d4
PR,335918,COMMIT,f1774859996cb91d05392e32094e90bc7cf35f9a,INDIRECT,COMMIT_MODIFIES_FILE,3,PR:335918 -> COMMIT:adc9092582503ef136344e5d017aa68b3c10c944 -> FILE:src/vs/platform/agentHost/node/copilot/copilotAgent.ts -> COMMIT:f1774859996cb91d05392e32094e90bc7cf35f9a
PR,335918,COMMIT,4dabf36fd47eb9423e91f265fd2baf7e2021603d,INDIRECT,COMMIT_MODIFIES_FILE,3,PR:335918 -> COMMIT:adc9092582503ef136344e5d017aa68b3c10c944 -> FILE:src/vs/platform/agentHost/node/copilot/copilotAgent.ts -> COMMIT:4dabf36fd47eb9423e91f265fd2baf7e2021603d
PR,335918,COMMIT,3d3c0fa0fb4d8ee077f4d59b0469034633d776ca,INDIRECT,COMMIT_MODIFIES_FILE,3,PR:335918 -> COMMIT:adc9092582503ef136344e5d017aa68b3c10c944 -> FILE:src/vs/platform/agentHost/node/copilot/copilotAgent.ts -> COMMIT:3d3c0fa0fb4d8ee077f4d59b0469034633d776ca
PR,335918,COMMIT,012b1ad497b73e44d9cc00c11a5f24e74c53f64f,INDIRECT,COMMIT_MODIFIES_FILE,3,PR:335918 -> COMMIT:adc9092582503ef136344e5d017aa68b3c10c944 -> FILE:src/vs/platform/agentHost/node/copilot/copilotAgent.ts -> COMMIT:012b1ad497b73e44d9cc00c11a5f24e74c53f64f
PR,335918,COMMIT,11ed43687b710048c15db228093ef8245a20b955,INDIRECT,COMMIT_MODIFIES_FILE,3,PR:335918 -> COMMIT:adc9092582503ef136344e5d017aa68b3c10c944 -> FILE:src/vs/platform/agentHost/node/copilot/copilotAgent.ts -> COMMIT:11ed43687b710048c15db228093ef8245a20b955
PR,335918,COMMIT,bdd70006e3843e981425cacbd50d2e1c64df5cb6,INDIRECT,COMMIT_MODIFIES_FILE,3,PR:335918 -> COMMIT:adc9092582503ef136344e5d017aa68b3c10c944 -> FILE:src/vs/platform/agentHost/node/copilot/copilotAgent.ts -> COMMIT:bdd70006e3843e981425cacbd50d2e1c64df5cb6
PR,335918,COMMIT,d60bb0258c96614c8a9ce62562e01857c59b68a6,INDIRECT,COMMIT_MODIFIES_FILE,3,PR:335918 -> COMMIT:adc9092582503ef136344e5d017aa68b3c10c944 -> FILE:src/vs/platform/agentHost/node/copilot/copilotAgent.ts -> COMMIT:d60bb0258c96614c8a9ce62562e01857c59b68a6
PR,335918,COMMIT,36e6eb95b0b912bcd4e14a98a9a23580298b69f6,INDIRECT,COMMIT_MODIFIES_FILE,3,PR:335918 -> COMMIT:adc9092582503ef136344e5d017aa68b3c10c944 -> FILE:src/vs/platform/agentHost/node/copilot/copilotAgent.ts -> COMMIT:36e6eb95b0b912bcd4e14a98a9a23580298b69f6
PR,335918,COMMIT,d39b576d888fc2224d999b688806e1a17565da0e,INDIRECT,COMMIT_MODIFIES_FILE,3,PR:335918 -> COMMIT:adc9092582503ef136344e5d017aa68b3c10c944 -> FILE:src/vs/platform/agentHost/node/copilot/copilotAgent.ts -> COMMIT:d39b576d888fc2224d999b688806e1a17565da0e
PR,335918,COMMIT,afabd6ce527b8a7e106eaed26bce04b176b22f6f,INDIRECT,COMMIT_MODIFIES_FILE,3,PR:335918 -> COMMIT:adc9092582503ef136344e5d017aa68b3c10c944 -> FILE:src/vs/platform/agentHost/node/copilot/copilotAgent.ts -> COMMIT:afabd6ce527b8a7e106eaed26bce04b176b22f6f
PR,335918,COMMIT,b8e5d4474cc0027b997a00fcc9c41ccc33d97107,INDIRECT,COMMIT_MODIFIES_FILE,3,PR:335918 -> COMMIT:adc9092582503ef136344e5d017aa68b3c10c944 -> FILE:src/vs/platform/agentHost/node/copilot/copilotAgent.ts -> COMMIT:b8e5d4474cc0027b997a00fcc9c41ccc33d97107
PR,335918,COMMIT,1e57c4797fcb3c515640725e2a9d5b6fd5747ace,INDIRECT,COMMIT_MODIFIES_FILE,3,PR:335918 -> COMMIT:adc9092582503ef136344e5d017aa68b3c10c944 -> FILE:src/vs/platform/agentHost/node/copilot/copilotAgent.ts -> COMMIT:1e57c4797fcb3c515640725e2a9d5b6fd5747ace
PR,335918,COMMIT,3f2941ce2e678a8e16a5274befd0d8d0e69b2a2a,INDIRECT,COMMIT_MODIFIES_FILE,3,PR:335918 -> COMMIT:adc9092582503ef136344e5d017aa68b3c10c944 -> FILE:src/vs/platform/agentHost/node/copilot/copilotAgent.ts -> COMMIT:3f2941ce2e678a8e16a5274befd0d8d0e69b2a2a
PR,335918,COMMIT,b1065836d5c6c9002fcf209aace9407b730ca36e,INDIRECT,COMMIT_MODIFIES_FILE,3,PR:335918 -> COMMIT:adc9092582503ef136344e5d017aa68b3c10c944 -> FILE:src/vs/platform/agentHost/node/copilot/copilotAgent.ts -> COMMIT:b1065836d5c6c9002fcf209aace9407b730ca36e
PR,335918,COMMIT,7549f15a37cafd9354d7b552ce8b35585efe64e7,INDIRECT,COMMIT_MODIFIES_FILE,3,PR:335918 -> COMMIT:adc9092582503ef136344e5d017aa68b3c10c944 -> FILE:src/vs/platform/agentHost/node/copilot/copilotAgent.ts -> COMMIT:7549f15a37cafd9354d7b552ce8b35585efe64e7
PR,335918,COMMIT,aac270f1fb6b79995c49ae4d77ca4182b7d12050,INDIRECT,COMMIT_MODIFIES_FILE,3,PR:335918 -> COMMIT:adc9092582503ef136344e5d017aa68b3c10c944 -> FILE:src/vs/platform/agentHost/node/copilot/copilotAgent.ts -> COMMIT:aac270f1fb6b79995c49ae4d77ca4182b7d12050
PR,335918,COMMIT,c5aac30225c486737136c02a6d27345a8d00adc6,INDIRECT,COMMIT_MODIFIES_FILE,3,PR:335918 -> COMMIT:adc9092582503ef136344e5d017aa68b3c10c944 -> FILE:src/vs/platform/agentHost/node/copilot/copilotAgent.ts -> COMMIT:c5aac30225c486737136c02a6d27345a8d00adc6
PR,335918,COMMIT,db64e0a10ca438422be5b6f9339c60f39d8ad778,INDIRECT,COMMIT_MODIFIES_FILE,3,PR:335918 -> COMMIT:adc9092582503ef136344e5d017aa68b3c10c944 -> FILE:src/vs/platform/agentHost/node/copilot/copilotAgent.ts -> COMMIT:db64e0a10ca438422be5b6f9339c60f39d8ad778
PR,335918,COMMIT,04e7175f6ed13e9f7b936ed399249e4fba6affca,INDIRECT,COMMIT_MODIFIES_FILE,3,PR:335918 -> COMMIT:adc9092582503ef136344e5d017aa68b3c10c944 -> FILE:src/vs/platform/agentHost/node/copilot/copilotAgent.ts -> COMMIT:04e7175f6ed13e9f7b936ed399249e4fba6affca
PR,335918,COMMIT,9ea9ffe0f7706b65694cfd1aab3e43fb048ffb3d,INDIRECT,COMMIT_MODIFIES_FILE,3,PR:335918 -> COMMIT:adc9092582503ef136344e5d017aa68b3c10c944 -> FILE:src/vs/platform/agentHost/node/copilot/copilotAgent.ts -> COMMIT:9ea9ffe0f7706b65694cfd1aab3e43fb048ffb3d
PR,335918,COMMIT,1c0b522a65c145472902c9f7b16d047201455346,INDIRECT,COMMIT_MODIFIES_FILE,3,PR:335918 -> COMMIT:adc9092582503ef136344e5d017aa68b3c10c944 -> FILE:src/vs/platform/agentHost/node/copilot/copilotAgent.ts -> COMMIT:1c0b522a65c145472902c9f7b16d047201455346
PR,335918,COMMIT,23360df26dc6a655c486808c52c61bee5805ed62,INDIRECT,COMMIT_MODIFIES_FILE,3,PR:335918 -> COMMIT:adc9092582503ef136344e5d017aa68b3c10c944 -> FILE:src/vs/platform/agentHost/node/copilot/copilotAgent.ts -> COMMIT:23360df26dc6a655c486808c52c61bee5805ed62
PR,335918,COMMIT,3be066b610acc6fe00059b6915a6a25230430b22,INDIRECT,COMMIT_MODIFIES_FILE,3,PR:335918 -> COMMIT:adc9092582503ef136344e5d017aa68b3c10c944 -> FILE:src/vs/platform/agentHost/node/copilot/copilotAgent.ts -> COMMIT:3be066b610acc6fe00059b6915a6a25230430b22
PR,335918,COMMIT,0f9ba955773e22dba47da543c0320580875dd8b0,INDIRECT,COMMIT_MODIFIES_FILE,3,PR:335918 -> COMMIT:adc9092582503ef136344e5d017aa68b3c10c944 -> FILE:src/vs/platform/agentHost/node/copilot/copilotAgent.ts -> COMMIT:0f9ba955773e22dba47da543c0320580875dd8b0
PR,335918,COMMIT,16f90095a5451d06cbcae6c0f66b30759e07d5ed,INDIRECT,COMMIT_MODIFIES_FILE,3,PR:335918 -> COMMIT:adc9092582503ef136344e5d017aa68b3c10c944 -> FILE:src/vs/platform/agentHost/node/copilot/copilotAgent.ts -> COMMIT:16f90095a5451d06cbcae6c0f66b30759e07d5ed
PR,335918,COMMIT,3cc9fc162aede351809f76ede418f56ac3490f71,INDIRECT,COMMIT_MODIFIES_FILE,3,PR:335918 -> COMMIT:adc9092582503ef136344e5d017aa68b3c10c944 -> FILE:src/vs/platform/agentHost/node/copilot/copilotAgent.ts -> COMMIT:3cc9fc162aede351809f76ede418f56ac3490f71
PR,335918,COMMIT,d22d542dc1281748bf0fb2e210ea38a9b8026e7e,INDIRECT,COMMIT_MODIFIES_FILE,3,PR:335918 -> COMMIT:adc9092582503ef136344e5d017aa68b3c10c944 -> FILE:src/vs/platform/agentHost/node/copilot/copilotAgent.ts -> COMMIT:d22d542dc1281748bf0fb2e210ea38a9b8026e7e
PR,335918,COMMIT,11e49f9e02fe06834c4c476bbc109f1163113627,INDIRECT,COMMIT_MODIFIES_FILE,3,PR:335918 -> COMMIT:adc9092582503ef136344e5d017aa68b3c10c944 -> FILE:src/vs/platform/agentHost/node/copilot/copilotAgent.ts -> COMMIT:11e49f9e02fe06834c4c476bbc109f1163113627
PR,335918,COMMIT,b3f59d392ec00861986188eb485e752a5da0651f,INDIRECT,COMMIT_MODIFIES_FILE,3,PR:335918 -> COMMIT:adc9092582503ef136344e5d017aa68b3c10c944 -> FILE:src/vs/platform/agentHost/node/copilot/copilotAgent.ts -> COMMIT:b3f59d392ec00861986188eb485e752a5da0651f
PR,335918,COMMIT,e3b90005c131b77be155f2987cdf1d4b60b488be,INDIRECT,COMMIT_MODIFIES_FILE,3,PR:335918 -> COMMIT:adc9092582503ef136344e5d017aa68b3c10c944 -> FILE:src/vs/platform/agentHost/node/copilot/copilotAgent.ts -> COMMIT:e3b90005c131b77be155f2987cdf1d4b60b488be
PR,335918,COMMIT,3be89f9de942754d2e63f1b4d6468aa007c59acc,INDIRECT,COMMIT_MODIFIES_FILE,3,PR:335918 -> COMMIT:adc9092582503ef136344e5d017aa68b3c10c944 -> FILE:src/vs/platform/agentHost/node/copilot/copilotAgent.ts -> COMMIT:3be89f9de942754d2e63f1b4d6468aa007c59acc
PR,335918,COMMIT,f1cb21e29ff79c0ac28f3c61d7416c1b8aced606,INDIRECT,COMMIT_MODIFIES_FILE,3,PR:335918 -> COMMIT:adc9092582503ef136344e5d017aa68b3c10c944 -> FILE:src/vs/platform/agentHost/node/copilot/copilotAgent.ts -> COMMIT:f1cb21e29ff79c0ac28f3c61d7416c1b8aced606
PR,335918,COMMIT,ad8247506ba32930ef08e6ba3d2d843eff41aebc,INDIRECT,COMMIT_MODIFIES_FILE,3,PR:335918 -> COMMIT:adc9092582503ef136344e5d017aa68b3c10c944 -> FILE:src/vs/platform/agentHost/node/copilot/copilotAgent.ts -> COMMIT:ad8247506ba32930ef08e6ba3d2d843eff41aebc
PR,335918,COMMIT,2b2bd256efb48d4a7f38960b79087c8b3b277b27,INDIRECT,COMMIT_MODIFIES_FILE,3,PR:335918 -> COMMIT:adc9092582503ef136344e5d017aa68b3c10c944 -> FILE:src/vs/platform/agentHost/node/copilot/copilotAgent.ts -> COMMIT:2b2bd256efb48d4a7f38960b79087c8b3b277b27
PR,335918,COMMIT,4bf1a02815ca5094c2f010d99211fcf85f2d0a5b,INDIRECT,COMMIT_MODIFIES_FILE,3,PR:335918 -> COMMIT:adc9092582503ef136344e5d017aa68b3c10c944 -> FILE:src/vs/platform/agentHost/node/copilot/copilotAgent.ts -> COMMIT:4bf1a02815ca5094c2f010d99211fcf85f2d0a5b
PR,335918,COMMIT,2650fb9e0ccc1ca7599010cccc5c5d8437cf0e7b,INDIRECT,COMMIT_MODIFIES_FILE,3,PR:335918 -> COMMIT:adc9092582503ef136344e5d017aa68b3c10c944 -> FILE:src/vs/platform/agentHost/node/copilot/copilotAgent.ts -> COMMIT:2650fb9e0ccc1ca7599010cccc5c5d8437cf0e7b
PR,335918,COMMIT,44999ff2a1fe573be36f27be900916306e068988,INDIRECT,COMMIT_MODIFIES_FILE,3,PR:335918 -> COMMIT:adc9092582503ef136344e5d017aa68b3c10c944 -> FILE:src/vs/platform/agentHost/node/copilot/copilotAgent.ts -> COMMIT:44999ff2a1fe573be36f27be900916306e068988
PR,335918,COMMIT,9fed7fd4dcbe549ebc0dfe361caee4083620a380,INDIRECT,COMMIT_MODIFIES_FILE,3,PR:335918 -> COMMIT:adc9092582503ef136344e5d017aa68b3c10c944 -> FILE:src/vs/platform/agentHost/node/copilot/copilotAgent.ts -> COMMIT:9fed7fd4dcbe549ebc0dfe361caee4083620a380
PR,335918,COMMIT,517379761d36700fd32b3bffbbf7849ece5de0c2,INDIRECT,COMMIT_MODIFIES_FILE,3,PR:335918 -> COMMIT:adc9092582503ef136344e5d017aa68b3c10c944 -> FILE:src/vs/platform/agentHost/node/copilot/copilotAgent.ts -> COMMIT:517379761d36700fd32b3bffbbf7849ece5de0c2
PR,335918,COMMIT,e5ba51e733ada374a5fe061be96c38c4aa098c5a,INDIRECT,COMMIT_MODIFIES_FILE,3,PR:335918 -> COMMIT:adc9092582503ef136344e5d017aa68b3c10c944 -> FILE:src/vs/platform/agentHost/node/copilot/copilotAgent.ts -> COMMIT:e5ba51e733ada374a5fe061be96c38c4aa098c5a
PR,335918,COMMIT,9da8eda5bea9abe15efd52105acd316d63be8821,INDIRECT,COMMIT_MODIFIES_FILE,3,PR:335918 -> COMMIT:adc9092582503ef136344e5d017aa68b3c10c944 -> FILE:src/vs/platform/agentHost/node/copilot/copilotAgent.ts -> COMMIT:9da8eda5bea9abe15efd52105acd316d63be8821
PR,335918,COMMIT,e362189283ce74252072173fa4efebd4f698ee4b,INDIRECT,COMMIT_MODIFIES_FILE,3,PR:335918 -> COMMIT:adc9092582503ef136344e5d017aa68b3c10c944 -> FILE:src/vs/platform/agentHost/node/copilot/copilotAgent.ts -> COMMIT:e362189283ce74252072173fa4efebd4f698ee4b
PR,335918,COMMIT,889230d2716d59a97dd6f40e23f79cd2ed14d2b5,INDIRECT,COMMIT_MODIFIES_FILE,3,PR:335918 -> COMMIT:adc9092582503ef136344e5d017aa68b3c10c944 -> FILE:src/vs/platform/agentHost/node/copilot/copilotAgent.ts -> COMMIT:889230d2716d59a97dd6f40e23f79cd2ed14d2b5
PR,335918,COMMIT,b967f7a93a9118f20231f1a0cd9731c7d115a10b,INDIRECT,COMMIT_MODIFIES_FILE,3,PR:335918 -> COMMIT:adc9092582503ef136344e5d017aa68b3c10c944 -> FILE:src/vs/platform/agentHost/node/copilot/copilotAgent.ts -> COMMIT:b967f7a93a9118f20231f1a0cd9731c7d115a10b
PR,335918,COMMIT,6d2298fc9e03b013009c0bd357bf6bac1501beea,INDIRECT,COMMIT_MODIFIES_FILE,3,PR:335918 -> COMMIT:adc9092582503ef136344e5d017aa68b3c10c944 -> FILE:src/vs/platform/agentHost/node/copilot/copilotAgent.ts -> COMMIT:6d2298fc9e03b013009c0bd357bf6bac1501beea
PR,335918,COMMIT,fe9ef0277b8c95d99f8932e7ea7b15a9dfd96848,INDIRECT,COMMIT_MODIFIES_FILE,3,PR:335918 -> COMMIT:adc9092582503ef136344e5d017aa68b3c10c944 -> FILE:src/vs/platform/agentHost/node/copilot/copilotAgent.ts -> COMMIT:fe9ef0277b8c95d99f8932e7ea7b15a9dfd96848
PR,335918,COMMIT,8c0a4f5451af1c1514354515964763ad74369beb,INDIRECT,COMMIT_MODIFIES_FILE,3,PR:335918 -> COMMIT:adc9092582503ef136344e5d017aa68b3c10c944 -> FILE:src/vs/platform/agentHost/node/copilot/copilotAgent.ts -> COMMIT:8c0a4f5451af1c1514354515964763ad74369beb
PR,335918,COMMIT,7149c577baf0d136080f343ea9da4592a683296a,INDIRECT,COMMIT_MODIFIES_FILE,3,PR:335918 -> COMMIT:adc9092582503ef136344e5d017aa68b3c10c944 -> FILE:src/vs/platform/agentHost/node/copilot/copilotAgent.ts -> COMMIT:7149c577baf0d136080f343ea9da4592a683296a
PR,335918,COMMIT,27e3f76fea3f4388a9053423827aa6d96123b679,INDIRECT,COMMIT_MODIFIES_FILE,3,PR:335918 -> COMMIT:adc9092582503ef136344e5d017aa68b3c10c944 -> FILE:src/vs/platform/agentHost/node/copilot/copilotAgent.ts -> COMMIT:27e3f76fea3f4388a9053423827aa6d96123b679
PR,335918,COMMIT,9b1fdbbb449a2f6a633b6b353bdff7664ba0d58b,INDIRECT,COMMIT_MODIFIES_FILE,3,PR:335918 -> COMMIT:adc9092582503ef136344e5d017aa68b3c10c944 -> FILE:src/vs/platform/agentHost/node/copilot/copilotAgent.ts -> COMMIT:9b1fdbbb449a2f6a633b6b353bdff7664ba0d58b
PR,335918,COMMIT,2523be94020d8861c174afa8c484a5abd0dc3238,INDIRECT,COMMIT_MODIFIES_FILE,3,PR:335918 -> COMMIT:adc9092582503ef136344e5d017aa68b3c10c944 -> FILE:src/vs/platform/agentHost/node/copilot/copilotAgent.ts -> COMMIT:2523be94020d8861c174afa8c484a5abd0dc3238
PR,335918,COMMIT,61c7f6b4a2c0ba4fe8a55eaccfe1a880c85418f5,INDIRECT,COMMIT_MODIFIES_FILE,3,PR:335918 -> COMMIT:adc9092582503ef136344e5d017aa68b3c10c944 -> FILE:src/vs/platform/agentHost/node/copilot/copilotAgent.ts -> COMMIT:61c7f6b4a2c0ba4fe8a55eaccfe1a880c85418f5
PR,335918,COMMIT,d9ef9bded30391e146365dd81cba77f25ad264e3,INDIRECT,COMMIT_MODIFIES_FILE,3,PR:335918 -> COMMIT:adc9092582503ef136344e5d017aa68b3c10c944 -> FILE:src/vs/platform/agentHost/node/copilot/copilotAgent.ts -> COMMIT:d9ef9bded30391e146365dd81cba77f25ad264e3
PR,335918,COMMIT,16ba04311af37fbb1424a0049fc6f5b9341ff720,INDIRECT,COMMIT_MODIFIES_FILE,3,PR:335918 -> COMMIT:adc9092582503ef136344e5d017aa68b3c10c944 -> FILE:src/vs/platform/agentHost/node/copilot/copilotAgent.ts -> COMMIT:16ba04311af37fbb1424a0049fc6f5b9341ff720
PR,335918,COMMIT,6dd715233d44baa61cdbd3cfd14950cbb95f2522,INDIRECT,COMMIT_MODIFIES_FILE,3,PR:335918 -> COMMIT:adc9092582503ef136344e5d017aa68b3c10c944 -> FILE:src/vs/platform/agentHost/node/copilot/copilotAgent.ts -> COMMIT:6dd715233d44baa61cdbd3cfd14950cbb95f2522
PR,335918,COMMIT,56955a52ff6e216551b4c9f9a461fae2146567d0,INDIRECT,COMMIT_MODIFIES_FILE,3,PR:335918 -> COMMIT:adc9092582503ef136344e5d017aa68b3c10c944 -> FILE:src/vs/platform/agentHost/node/copilot/copilotAgent.ts -> COMMIT:56955a52ff6e216551b4c9f9a461fae2146567d0
PR,335918,COMMIT,2b6d4fb4544f6a81e34551f41b43699e90e039aa,INDIRECT,COMMIT_MODIFIES_FILE,3,PR:335918 -> COMMIT:adc9092582503ef136344e5d017aa68b3c10c944 -> FILE:src/vs/platform/agentHost/node/copilot/copilotAgent.ts -> COMMIT:2b6d4fb4544f6a81e34551f41b43699e90e039aa
PR,335918,COMMIT,0683320f1e528a5bbcb683fffc23000106bb36be,INDIRECT,COMMIT_MODIFIES_FILE,3,PR:335918 -> COMMIT:adc9092582503ef136344e5d017aa68b3c10c944 -> FILE:src/vs/platform/agentHost/node/copilot/copilotAgent.ts -> COMMIT:0683320f1e528a5bbcb683fffc23000106bb36be
PR,335918,COMMIT,eaadde6b7525902431c0bce17b8ced99e6668748,INDIRECT,COMMIT_MODIFIES_FILE,3,PR:335918 -> COMMIT:adc9092582503ef136344e5d017aa68b3c10c944 -> FILE:src/vs/platform/agentHost/node/copilot/copilotAgent.ts -> COMMIT:eaadde6b7525902431c0bce17b8ced99e6668748
PR,335918,COMMIT,750d14d932595ebe9257e6d92ccaec8231b04f15,INDIRECT,COMMIT_MODIFIES_FILE,3,PR:335918 -> COMMIT:adc9092582503ef136344e5d017aa68b3c10c944 -> FILE:src/vs/platform/agentHost/node/copilot/copilotAgent.ts -> COMMIT:750d14d932595ebe9257e6d92ccaec8231b04f15
PR,335918,COMMIT,7a86041eea74fc4adb38aff0e78892fffa290362,INDIRECT,COMMIT_MODIFIES_FILE,3,PR:335918 -> COMMIT:adc9092582503ef136344e5d017aa68b3c10c944 -> FILE:src/vs/platform/agentHost/node/copilot/copilotAgent.ts -> COMMIT:7a86041eea74fc4adb38aff0e78892fffa290362
PR,335918,COMMIT,b2307f537958ab7cf19f4d22e46393582678fb04,INDIRECT,COMMIT_MODIFIES_FILE,3,PR:335918 -> COMMIT:adc9092582503ef136344e5d017aa68b3c10c944 -> FILE:src/vs/platform/agentHost/node/copilot/copilotAgent.ts -> COMMIT:b2307f537958ab7cf19f4d22e46393582678fb04
PR,335918,COMMIT,c73b4147ebf1ce4bc0002f38664a45c08500feb7,INDIRECT,COMMIT_MODIFIES_FILE,3,PR:335918 -> COMMIT:adc9092582503ef136344e5d017aa68b3c10c944 -> FILE:src/vs/platform/agentHost/node/copilot/copilotAgent.ts -> COMMIT:c73b4147ebf1ce4bc0002f38664a45c08500feb7
PR,335918,COMMIT,c022559c68e8846c60fc37c67732ad52e6d8de2a,INDIRECT,COMMIT_MODIFIES_FILE,3,PR:335918 -> COMMIT:adc9092582503ef136344e5d017aa68b3c10c944 -> FILE:src/vs/platform/agentHost/node/copilot/copilotAgent.ts -> COMMIT:c022559c68e8846c60fc37c67732ad52e6d8de2a
PR,335918,COMMIT,5582f93694134fa164dadfc64cdd22cd19de139b,INDIRECT,COMMIT_MODIFIES_FILE,3,PR:335918 -> COMMIT:adc9092582503ef136344e5d017aa68b3c10c944 -> FILE:src/vs/platform/agentHost/node/copilot/copilotAgent.ts -> COMMIT:5582f93694134fa164dadfc64cdd22cd19de139b
PR,335918,COMMIT,0e07cd157f3d5a909b9e9ed01465106591bb264c,INDIRECT,COMMIT_MODIFIES_FILE,3,PR:335918 -> COMMIT:adc9092582503ef136344e5d017aa68b3c10c944 -> FILE:src/vs/platform/agentHost/node/copilot/copilotAgent.ts -> COMMIT:0e07cd157f3d5a909b9e9ed01465106591bb264c
PR,335918,COMMIT,2e16bc0c97f347e8713b927ea591c12b8bf71d10,INDIRECT,COMMIT_MODIFIES_FILE,3,PR:335918 -> COMMIT:adc9092582503ef136344e5d017aa68b3c10c944 -> FILE:src/vs/platform/agentHost/node/copilot/copilotAgent.ts -> COMMIT:2e16bc0c97f347e8713b927ea591c12b8bf71d10
PR,335918,COMMIT,b197d01b5d99145d8a83e2df14483d174ae1ccdd,INDIRECT,COMMIT_MODIFIES_FILE,3,PR:335918 -> COMMIT:adc9092582503ef136344e5d017aa68b3c10c944 -> FILE:src/vs/platform/agentHost/node/copilot/copilotAgent.ts -> COMMIT:b197d01b5d99145d8a83e2df14483d174ae1ccdd
PR,335918,COMMIT,5fde5d69bbc804c5edc17b938d52fcf081d95214,INDIRECT,COMMIT_MODIFIES_FILE,3,PR:335918 -> COMMIT:adc9092582503ef136344e5d017aa68b3c10c944 -> FILE:src/vs/platform/agentHost/node/copilot/copilotAgent.ts -> COMMIT:5fde5d69bbc804c5edc17b938d52fcf081d95214
PR,335918,COMMIT,c5158e9a7ca54aefe2eadb1dbcf61e55153de90a,INDIRECT,COMMIT_MODIFIES_FILE,3,PR:335918 -> COMMIT:adc9092582503ef136344e5d017aa68b3c10c944 -> FILE:src/vs/platform/agentHost/node/copilot/copilotAgent.ts -> COMMIT:c5158e9a7ca54aefe2eadb1dbcf61e55153de90a
PR,335918,COMMIT,8e4fb4dc581f0ae2fd02b7cfb4c896dcbddeab2b,INDIRECT,COMMIT_MODIFIES_FILE,3,PR:335918 -> COMMIT:adc9092582503ef136344e5d017aa68b3c10c944 -> FILE:src/vs/platform/agentHost/node/copilot/copilotAgent.ts -> COMMIT:8e4fb4dc581f0ae2fd02b7cfb4c896dcbddeab2b
PR,335918,COMMIT,f9b91f7e873a68e71b1b88f463435c5055a689fd,INDIRECT,COMMIT_MODIFIES_FILE,3,PR:335918 -> COMMIT:adc9092582503ef136344e5d017aa68b3c10c944 -> FILE:src/vs/platform/agentHost/node/copilot/copilotAgent.ts -> COMMIT:f9b91f7e873a68e71b1b88f463435c5055a689fd
PR,335918,COMMIT,94d9627c8a36463adbecdce210cd6db925e48a85,INDIRECT,COMMIT_MODIFIES_FILE,3,PR:335918 -> COMMIT:adc9092582503ef136344e5d017aa68b3c10c944 -> FILE:src/vs/platform/agentHost/node/copilot/copilotAgent.ts -> COMMIT:94d9627c8a36463adbecdce210cd6db925e48a85
PR,335918,COMMIT,25fb562ca1451a7810b915ecdcb821a962d17232,INDIRECT,COMMIT_MODIFIES_FILE,3,PR:335918 -> COMMIT:adc9092582503ef136344e5d017aa68b3c10c944 -> FILE:src/vs/platform/agentHost/node/copilot/copilotAgent.ts -> COMMIT:25fb562ca1451a7810b915ecdcb821a962d17232
PR,335918,COMMIT,5d7afba95594bdfcd7e12b1e871616a0840c945e,INDIRECT,COMMIT_MODIFIES_FILE,3,PR:335918 -> COMMIT:adc9092582503ef136344e5d017aa68b3c10c944 -> FILE:src/vs/platform/agentHost/node/copilot/copilotAgent.ts -> COMMIT:5d7afba95594bdfcd7e12b1e871616a0840c945e
PR,335918,COMMIT,cba7304de1fcc7b3a5b7d91ebb419ef300d249ed,INDIRECT,COMMIT_MODIFIES_FILE,3,PR:335918 -> COMMIT:adc9092582503ef136344e5d017aa68b3c10c944 -> FILE:src/vs/platform/agentHost/node/copilot/copilotAgent.ts -> COMMIT:cba7304de1fcc7b3a5b7d91ebb419ef300d249ed
PR,335918,COMMIT,716f8aff52cdedd4ff441ee484f27696bc0fc9f7,INDIRECT,COMMIT_MODIFIES_FILE,3,PR:335918 -> COMMIT:adc9092582503ef136344e5d017aa68b3c10c944 -> FILE:src/vs/platform/agentHost/node/copilot/copilotAgent.ts -> COMMIT:716f8aff52cdedd4ff441ee484f27696bc0fc9f7
PR,335918,COMMIT,2058c0e3eb715d283b94da89ecc53f6d8285ae28,INDIRECT,COMMIT_MODIFIES_FILE,3,PR:335918 -> COMMIT:adc9092582503ef136344e5d017aa68b3c10c944 -> FILE:src/vs/platform/agentHost/node/copilot/copilotAgent.ts -> COMMIT:2058c0e3eb715d283b94da89ecc53f6d8285ae28
PR,335918,COMMIT,7ca488f271dd949db952a3d6c5afef90fdae60f0,INDIRECT,COMMIT_MODIFIES_FILE,3,PR:335918 -> COMMIT:adc9092582503ef136344e5d017aa68b3c10c944 -> FILE:src/vs/platform/agentHost/node/copilot/copilotAgent.ts -> COMMIT:7ca488f271dd949db952a3d6c5afef90fdae60f0
PR,335918,COMMIT,b8b8b532f3802a65e9e468a05aa08b6b93eb94f4,INDIRECT,COMMIT_MODIFIES_FILE,3,PR:335918 -> COMMIT:adc9092582503ef136344e5d017aa68b3c10c944 -> FILE:src/vs/platform/agentHost/node/copilot/copilotAgent.ts -> COMMIT:b8b8b532f3802a65e9e468a05aa08b6b93eb94f4
PR,335918,COMMIT,5e71d51ffba6bd43e921d021b441d0f5a86098c4,INDIRECT,COMMIT_MODIFIES_FILE,3,PR:335918 -> COMMIT:adc9092582503ef136344e5d017aa68b3c10c944 -> FILE:src/vs/platform/agentHost/node/copilot/copilotAgent.ts -> COMMIT:5e71d51ffba6bd43e921d021b441d0f5a86098c4
PR,335918,COMMIT,40eafce2c21228ecd559ab36a70cee6101c5955b,INDIRECT,COMMIT_MODIFIES_FILE,3,PR:335918 -> COMMIT:adc9092582503ef136344e5d017aa68b3c10c944 -> FILE:src/vs/platform/agentHost/node/copilot/copilotAgent.ts -> COMMIT:40eafce2c21228ecd559ab36a70cee6101c5955b
PR,335918,COMMIT,6d9bc13896629ba58342d54ae89b7ca66974e89b,INDIRECT,COMMIT_MODIFIES_FILE,3,PR:335918 -> COMMIT:adc9092582503ef136344e5d017aa68b3c10c944 -> FILE:src/vs/platform/agentHost/node/copilot/copilotAgent.ts -> COMMIT:6d9bc13896629ba58342d54ae89b7ca66974e89b
PR,335918,COMMIT,0c4cd5b1af836ea4abbc5af4de82c12b15976dcf,INDIRECT,COMMIT_MODIFIES_FILE,3,PR:335918 -> COMMIT:adc9092582503ef136344e5d017aa68b3c10c944 -> FILE:src/vs/platform/agentHost/node/copilot/copilotAgent.ts -> COMMIT:0c4cd5b1af836ea4abbc5af4de82c12b15976dcf
PR,335918,COMMIT,91a30f68d7f118f3a3f5eba655d2e9cc8a7c00d5,INDIRECT,COMMIT_MODIFIES_FILE,3,PR:335918 -> COMMIT:adc9092582503ef136344e5d017aa68b3c10c944 -> FILE:src/vs/platform/agentHost/node/copilot/copilotAgent.ts -> COMMIT:91a30f68d7f118f3a3f5eba655d2e9cc8a7c00d5
PR,335918,COMMIT,323e62ed3d17acb27659e5abd3d21d07b83c3a68,INDIRECT,COMMIT_MODIFIES_FILE,3,PR:335918 -> COMMIT:adc9092582503ef136344e5d017aa68b3c10c944 -> FILE:src/vs/platform/agentHost/node/copilot/copilotAgent.ts -> COMMIT:323e62ed3d17acb27659e5abd3d21d07b83c3a68
PR,335918,COMMIT,73034136cad6d15e7639f5b7b6447b3cde4fcd79,INDIRECT,COMMIT_MODIFIES_FILE,3,PR:335918 -> COMMIT:adc9092582503ef136344e5d017aa68b3c10c944 -> FILE:src/vs/platform/agentHost/node/copilot/copilotAgent.ts -> COMMIT:73034136cad6d15e7639f5b7b6447b3cde4fcd79
PR,335918,COMMIT,4ddc855156592f9cbe39901e37160e230d83b6b7,INDIRECT,COMMIT_MODIFIES_FILE,3,PR:335918 -> COMMIT:adc9092582503ef136344e5d017aa68b3c10c944 -> FILE:src/vs/platform/agentHost/node/copilot/copilotAgent.ts -> COMMIT:4ddc855156592f9cbe39901e37160e230d83b6b7
PR,335918,COMMIT,16d964ae0772282fcc9c3733c27e4d9c90ceb726,INDIRECT,COMMIT_MODIFIES_FILE,3,PR:335918 -> COMMIT:adc9092582503ef136344e5d017aa68b3c10c944 -> FILE:src/vs/platform/agentHost/node/copilot/copilotAgent.ts -> COMMIT:16d964ae0772282fcc9c3733c27e4d9c90ceb726
PR,335918,COMMIT,097d8e0b03adc6eb3761f507b04cd771352fc469,INDIRECT,COMMIT_MODIFIES_FILE,3,PR:335918 -> COMMIT:adc9092582503ef136344e5d017aa68b3c10c944 -> FILE:src/vs/platform/agentHost/node/copilot/copilotAgent.ts -> COMMIT:097d8e0b03adc6eb3761f507b04cd771352fc469
PR,335918,COMMIT,f0687dd7619fe315b0a404c01d85002158d0493f,INDIRECT,COMMIT_MODIFIES_FILE,3,PR:335918 -> COMMIT:adc9092582503ef136344e5d017aa68b3c10c944 -> FILE:src/vs/platform/agentHost/node/copilot/copilotAgent.ts -> COMMIT:f0687dd7619fe315b0a404c01d85002158d0493f
PR,335918,COMMIT,3b02d663fedfff35a986ea4f781532f322e9811c,INDIRECT,COMMIT_MODIFIES_FILE,3,PR:335918 -> COMMIT:adc9092582503ef136344e5d017aa68b3c10c944 -> FILE:src/vs/platform/agentHost/node/copilot/copilotAgent.ts -> COMMIT:3b02d663fedfff35a986ea4f781532f322e9811c
PR,335918,COMMIT,0d2b8487f7edb3e86afcd42cac37fb885210e7c2,INDIRECT,COMMIT_MODIFIES_FILE,3,PR:335918 -> COMMIT:adc9092582503ef136344e5d017aa68b3c10c944 -> FILE:src/vs/platform/agentHost/node/copilot/copilotAgent.ts -> COMMIT:0d2b8487f7edb3e86afcd42cac37fb885210e7c2
PR,335918,COMMIT,ef955d91768ed600aafd3ba9f0214a646336192a,INDIRECT,COMMIT_MODIFIES_FILE,3,PR:335918 -> COMMIT:adc9092582503ef136344e5d017aa68b3c10c944 -> FILE:src/vs/platform/agentHost/node/copilot/copilotAgent.ts -> COMMIT:ef955d91768ed600aafd3ba9f0214a646336192a
PR,335918,COMMIT,419aca78698af91a839fd2f51b1721c5dfa906db,INDIRECT,COMMIT_MODIFIES_FILE,3,PR:335918 -> COMMIT:adc9092582503ef136344e5d017aa68b3c10c944 -> FILE:src/vs/platform/agentHost/node/copilot/copilotAgent.ts -> COMMIT:419aca78698af91a839fd2f51b1721c5dfa906db
PR,335918,COMMIT,7832c80d48c6668176751116c793dd47a8107b43,INDIRECT,COMMIT_MODIFIES_FILE,3,PR:335918 -> COMMIT:adc9092582503ef136344e5d017aa68b3c10c944 -> FILE:src/vs/platform/agentHost/node/copilot/copilotAgent.ts -> COMMIT:7832c80d48c6668176751116c793dd47a8107b43
PR,335918,COMMIT,3cfcfb8c8c5e4fc8cf0b05a007f3180fb8601e49,INDIRECT,COMMIT_MODIFIES_FILE,3,PR:335918 -> COMMIT:adc9092582503ef136344e5d017aa68b3c10c944 -> FILE:src/vs/platform/agentHost/node/copilot/copilotAgent.ts -> COMMIT:3cfcfb8c8c5e4fc8cf0b05a007f3180fb8601e49
PR,335918,COMMIT,bffe3fc3297a21e84920a6308ddce0c2a20371ab,INDIRECT,COMMIT_MODIFIES_FILE,3,PR:335918 -> COMMIT:adc9092582503ef136344e5d017aa68b3c10c944 -> FILE:src/vs/platform/agentHost/node/copilot/copilotAgent.ts -> COMMIT:bffe3fc3297a21e84920a6308ddce0c2a20371ab
PR,335918,COMMIT,6f5a54ae709c2355ca8c2a187bc4357bb8f38b57,INDIRECT,COMMIT_MODIFIES_FILE,3,PR:335918 -> COMMIT:adc9092582503ef136344e5d017aa68b3c10c944 -> FILE:src/vs/platform/agentHost/node/copilot/copilotAgent.ts -> COMMIT:6f5a54ae709c2355ca8c2a187bc4357bb8f38b57
PR,335918,COMMIT,2a698d5a6fba9ac1137ac88b6d4823caa1c45532,INDIRECT,COMMIT_MODIFIES_FILE,3,PR:335918 -> COMMIT:adc9092582503ef136344e5d017aa68b3c10c944 -> FILE:src/vs/platform/agentHost/node/copilot/copilotAgent.ts -> COMMIT:2a698d5a6fba9ac1137ac88b6d4823caa1c45532
PR,335918,COMMIT,b0b2a03d6b38065bb7b43b90e24a7ff1cdd43e21,INDIRECT,COMMIT_MODIFIES_FILE,3,PR:335918 -> COMMIT:adc9092582503ef136344e5d017aa68b3c10c944 -> FILE:src/vs/platform/agentHost/node/copilot/copilotAgent.ts -> COMMIT:b0b2a03d6b38065bb7b43b90e24a7ff1cdd43e21
PR,335918,COMMIT,7796f4ee84802bff8cf286ff2bae0eae8f44ebe5,INDIRECT,COMMIT_MODIFIES_FILE,3,PR:335918 -> COMMIT:adc9092582503ef136344e5d017aa68b3c10c944 -> FILE:src/vs/platform/agentHost/node/copilot/copilotAgent.ts -> COMMIT:7796f4ee84802bff8cf286ff2bae0eae8f44ebe5
PR,335918,COMMIT,3e832247346d216532ce2d93ca0fe034bc33f285,INDIRECT,COMMIT_MODIFIES_FILE,3,PR:335918 -> COMMIT:adc9092582503ef136344e5d017aa68b3c10c944 -> FILE:src/vs/platform/agentHost/node/copilot/copilotAgent.ts -> COMMIT:3e832247346d216532ce2d93ca0fe034bc33f285
PR,335918,COMMIT,f9f1f612f3c6c46a6f425a2f9f1f97c760fc5e46,INDIRECT,COMMIT_MODIFIES_FILE,3,PR:335918 -> COMMIT:adc9092582503ef136344e5d017aa68b3c10c944 -> FILE:src/vs/platform/agentHost/node/copilot/copilotAgent.ts -> COMMIT:f9f1f612f3c6c46a6f425a2f9f1f97c760fc5e46
PR,335918,COMMIT,98123273b6e2c4086e83998252eca8c20a8ea3e9,INDIRECT,COMMIT_MODIFIES_FILE,3,PR:335918 -> COMMIT:adc9092582503ef136344e5d017aa68b3c10c944 -> FILE:src/vs/platform/agentHost/node/copilot/copilotAgent.ts -> COMMIT:98123273b6e2c4086e83998252eca8c20a8ea3e9
PR,335918,COMMIT,89969be8b48aad05bb7fa71b9ea26176b50eba81,INDIRECT,COMMIT_MODIFIES_FILE,3,PR:335918 -> COMMIT:adc9092582503ef136344e5d017aa68b3c10c944 -> FILE:src/vs/platform/agentHost/node/copilot/copilotAgent.ts -> COMMIT:89969be8b48aad05bb7fa71b9ea26176b50eba81
PR,335918,COMMIT,ab2894d87d48fefefaae3d09ab9ee5de62d8141a,INDIRECT,COMMIT_MODIFIES_FILE,3,PR:335918 -> COMMIT:adc9092582503ef136344e5d017aa68b3c10c944 -> FILE:src/vs/platform/agentHost/node/copilot/copilotAgent.ts -> COMMIT:ab2894d87d48fefefaae3d09ab9ee5de62d8141a
PR,335918,COMMIT,03b51b54430e28eb1d6272e3033c3253a5c58aff,INDIRECT,COMMIT_MODIFIES_FILE,3,PR:335918 -> COMMIT:adc9092582503ef136344e5d017aa68b3c10c944 -> FILE:src/vs/platform/agentHost/node/copilot/copilotAgent.ts -> COMMIT:03b51b54430e28eb1d6272e3033c3253a5c58aff
PR,335918,COMMIT,0ae533901b5c04cec11d64c8b12abfa16211d135,INDIRECT,COMMIT_MODIFIES_FILE,3,PR:335918 -> COMMIT:adc9092582503ef136344e5d017aa68b3c10c944 -> FILE:src/vs/platform/agentHost/node/copilot/copilotAgent.ts -> COMMIT:0ae533901b5c04cec11d64c8b12abfa16211d135
PR,335918,COMMIT,14371e741ac07984cec9e5d8510c08da4ab807b5,INDIRECT,COMMIT_MODIFIES_FILE,3,PR:335918 -> COMMIT:adc9092582503ef136344e5d017aa68b3c10c944 -> FILE:src/vs/platform/agentHost/node/copilot/copilotAgent.ts -> COMMIT:14371e741ac07984cec9e5d8510c08da4ab807b5
PR,335918,COMMIT,6ee6c70ac9f336784cac3291742a354054f0f9fc,INDIRECT,COMMIT_MODIFIES_FILE,3,PR:335918 -> COMMIT:adc9092582503ef136344e5d017aa68b3c10c944 -> FILE:src/vs/platform/agentHost/node/copilot/copilotAgent.ts -> COMMIT:6ee6c70ac9f336784cac3291742a354054f0f9fc
PR,335918,COMMIT,3877556be8223385ec2aceff74366553a4ac1383,INDIRECT,COMMIT_MODIFIES_FILE,3,PR:335918 -> COMMIT:adc9092582503ef136344e5d017aa68b3c10c944 -> FILE:src/vs/platform/agentHost/node/copilot/copilotAgent.ts -> COMMIT:3877556be8223385ec2aceff74366553a4ac1383
PR,335918,COMMIT,3b983935512bc5a2d708c4affc01cc4fe2711878,INDIRECT,COMMIT_MODIFIES_FILE,3,PR:335918 -> COMMIT:adc9092582503ef136344e5d017aa68b3c10c944 -> FILE:src/vs/platform/agentHost/node/copilot/copilotAgent.ts -> COMMIT:3b983935512bc5a2d708c4affc01cc4fe2711878
PR,335918,COMMIT,13fdbe752caa2b64e4240f040ac841b17c15193d,INDIRECT,COMMIT_MODIFIES_FILE,3,PR:335918 -> COMMIT:adc9092582503ef136344e5d017aa68b3c10c944 -> FILE:src/vs/platform/agentHost/node/copilot/copilotAgent.ts -> COMMIT:13fdbe752caa2b64e4240f040ac841b17c15193d
PR,335918,COMMIT,08be79524fc134a9135e7e7d7798161331e01b48,INDIRECT,COMMIT_MODIFIES_FILE,3,PR:335918 -> COMMIT:adc9092582503ef136344e5d017aa68b3c10c944 -> FILE:src/vs/platform/agentHost/node/copilot/copilotAgent.ts -> COMMIT:08be79524fc134a9135e7e7d7798161331e01b48
PR,335918,COMMIT,0dbc606431e7a7b2a22771bde372ba8cd1a9bf18,INDIRECT,COMMIT_MODIFIES_FILE,3,PR:335918 -> COMMIT:adc9092582503ef136344e5d017aa68b3c10c944 -> FILE:src/vs/platform/agentHost/node/copilot/copilotAgent.ts -> COMMIT:0dbc606431e7a7b2a22771bde372ba8cd1a9bf18
PR,335918,COMMIT,04ef441c99798291ca60bb8e6420353fc21d63c5,INDIRECT,COMMIT_MODIFIES_FILE,3,PR:335918 -> COMMIT:adc9092582503ef136344e5d017aa68b3c10c944 -> FILE:src/vs/platform/agentHost/node/copilot/copilotAgent.ts -> COMMIT:04ef441c99798291ca60bb8e6420353fc21d63c5
PR,335918,COMMIT,95421c5d70376f260e197d523464574dd8433598,INDIRECT,COMMIT_MODIFIES_FILE,3,PR:335918 -> COMMIT:adc9092582503ef136344e5d017aa68b3c10c944 -> FILE:src/vs/platform/agentHost/node/copilot/copilotAgent.ts -> COMMIT:95421c5d70376f260e197d523464574dd8433598
PR,335918,COMMIT,b0fbcd5cd5491e6aa733153dab5ab860e74544cb,INDIRECT,COMMIT_MODIFIES_FILE,3,PR:335918 -> COMMIT:adc9092582503ef136344e5d017aa68b3c10c944 -> FILE:src/vs/platform/agentHost/node/copilot/copilotAgent.ts -> COMMIT:b0fbcd5cd5491e6aa733153dab5ab860e74544cb
PR,335918,COMMIT,9ab7d73cc382e13d24eb73c7a551730f3ff93d31,INDIRECT,COMMIT_MODIFIES_FILE,3,PR:335918 -> COMMIT:adc9092582503ef136344e5d017aa68b3c10c944 -> FILE:src/vs/platform/agentHost/node/copilot/copilotAgent.ts -> COMMIT:9ab7d73cc382e13d24eb73c7a551730f3ff93d31
PR,335918,COMMIT,ba552be838dd6e8b4e89afc718876d766edbb5d9,INDIRECT,COMMIT_MODIFIES_FILE,3,PR:335918 -> COMMIT:adc9092582503ef136344e5d017aa68b3c10c944 -> FILE:src/vs/platform/agentHost/node/copilot/copilotAgent.ts -> COMMIT:ba552be838dd6e8b4e89afc718876d766edbb5d9
PR,335918,COMMIT,adbcff1854be7997d855e1de6eb0dd3665cb7d4a,INDIRECT,COMMIT_MODIFIES_FILE,3,PR:335918 -> COMMIT:adc9092582503ef136344e5d017aa68b3c10c944 -> FILE:src/vs/platform/agentHost/node/copilot/copilotAgent.ts -> COMMIT:adbcff1854be7997d855e1de6eb0dd3665cb7d4a
PR,335918,COMMIT,65f55985e47eec9d2f2b35469e90bdbbdde9b134,INDIRECT,COMMIT_MODIFIES_FILE,3,PR:335918 -> COMMIT:adc9092582503ef136344e5d017aa68b3c10c944 -> FILE:src/vs/platform/agentHost/node/copilot/copilotAgent.ts -> COMMIT:65f55985e47eec9d2f2b35469e90bdbbdde9b134
PR,335918,COMMIT,ad7225e911f5518910881e535e1616f12b3e2a07,INDIRECT,COMMIT_MODIFIES_FILE,3,PR:335918 -> COMMIT:adc9092582503ef136344e5d017aa68b3c10c944 -> FILE:src/vs/platform/agentHost/node/copilot/copilotAgent.ts -> COMMIT:ad7225e911f5518910881e535e1616f12b3e2a07
PR,335918,COMMIT,d6c24a43ab94870cabc5eaa8fc4880d06c6b6e67,INDIRECT,COMMIT_MODIFIES_FILE,3,PR:335918 -> COMMIT:adc9092582503ef136344e5d017aa68b3c10c944 -> FILE:src/vs/platform/agentHost/node/copilot/copilotAgent.ts -> COMMIT:d6c24a43ab94870cabc5eaa8fc4880d06c6b6e67
PR,335918,COMMIT,ba45932e9aea9cdaf02fd212e7dd635ab4b116fd,INDIRECT,COMMIT_MODIFIES_FILE,3,PR:335918 -> COMMIT:adc9092582503ef136344e5d017aa68b3c10c944 -> FILE:src/vs/platform/agentHost/node/copilot/copilotAgent.ts -> COMMIT:ba45932e9aea9cdaf02fd212e7dd635ab4b116fd
PR,335918,COMMIT,61200703cd825920eb58fe8473b159a7199b6947,INDIRECT,COMMIT_MODIFIES_FILE,3,PR:335918 -> COMMIT:adc9092582503ef136344e5d017aa68b3c10c944 -> FILE:src/vs/platform/agentHost/node/copilot/copilotAgent.ts -> COMMIT:61200703cd825920eb58fe8473b159a7199b6947
PR,335918,COMMIT,fc4e395583a9cfe04302016ebe2216798ee63a2b,INDIRECT,COMMIT_MODIFIES_FILE,3,PR:335918 -> COMMIT:adc9092582503ef136344e5d017aa68b3c10c944 -> FILE:src/vs/platform/agentHost/node/copilot/copilotAgent.ts -> COMMIT:fc4e395583a9cfe04302016ebe2216798ee63a2b
PR,335918,COMMIT,8aa5b5334de99d0154cd5b22564bfea53b4f00cb,INDIRECT,COMMIT_MODIFIES_FILE,3,PR:335918 -> COMMIT:adc9092582503ef136344e5d017aa68b3c10c944 -> FILE:src/vs/platform/agentHost/node/copilot/copilotAgent.ts -> COMMIT:8aa5b5334de99d0154cd5b22564bfea53b4f00cb
PR,335918,COMMIT,4930f1b9a26ff797d9be1a3a7f648b0af354cbae,INDIRECT,COMMIT_MODIFIES_FILE,3,PR:335918 -> COMMIT:adc9092582503ef136344e5d017aa68b3c10c944 -> FILE:src/vs/platform/agentHost/node/copilot/copilotAgent.ts -> COMMIT:4930f1b9a26ff797d9be1a3a7f648b0af354cbae
PR,335918,COMMIT,21595409433ccb65a5bd7fb747a15db20c15c800,INDIRECT,COMMIT_MODIFIES_FILE,3,PR:335918 -> COMMIT:adc9092582503ef136344e5d017aa68b3c10c944 -> FILE:src/vs/platform/agentHost/node/copilot/copilotAgent.ts -> COMMIT:21595409433ccb65a5bd7fb747a15db20c15c800
PR,335918,COMMIT,2cde89c0a6e8d62db0b73562b10fef608c06e921,INDIRECT,COMMIT_MODIFIES_FILE,3,PR:335918 -> COMMIT:adc9092582503ef136344e5d017aa68b3c10c944 -> FILE:src/vs/platform/agentHost/node/copilot/copilotAgent.ts -> COMMIT:2cde89c0a6e8d62db0b73562b10fef608c06e921
PR,335918,COMMIT,74b7de9a0c42ba7b904e07d5d80709ade0b6039b,INDIRECT,COMMIT_MODIFIES_FILE,3,PR:335918 -> COMMIT:adc9092582503ef136344e5d017aa68b3c10c944 -> FILE:src/vs/platform/agentHost/node/copilot/copilotAgent.ts -> COMMIT:74b7de9a0c42ba7b904e07d5d80709ade0b6039b
PR,335918,COMMIT,9327e0c600036c37fbc6c79ef2a7894bbe92831e,INDIRECT,COMMIT_MODIFIES_FILE,3,PR:335918 -> COMMIT:adc9092582503ef136344e5d017aa68b3c10c944 -> FILE:src/vs/platform/agentHost/node/copilot/copilotAgent.ts -> COMMIT:9327e0c600036c37fbc6c79ef2a7894bbe92831e
PR,335918,COMMIT,60555101eeaf85146a45f3c761b4142c3894c03d,INDIRECT,COMMIT_MODIFIES_FILE,3,PR:335918 -> COMMIT:adc9092582503ef136344e5d017aa68b3c10c944 -> FILE:src/vs/platform/agentHost/node/copilot/copilotAgent.ts -> COMMIT:60555101eeaf85146a45f3c761b4142c3894c03d
PR,335918,COMMIT,2c879ec4b51d8addcfdc22578cafedb62c49bf14,INDIRECT,COMMIT_MODIFIES_FILE,3,PR:335918 -> COMMIT:adc9092582503ef136344e5d017aa68b3c10c944 -> FILE:src/vs/platform/agentHost/node/copilot/copilotAgent.ts -> COMMIT:2c879ec4b51d8addcfdc22578cafedb62c49bf14
PR,335918,COMMIT,4262f1bf518101723a89c025de72e51fa19ca1eb,INDIRECT,COMMIT_MODIFIES_FILE,3,PR:335918 -> COMMIT:adc9092582503ef136344e5d017aa68b3c10c944 -> FILE:src/vs/platform/agentHost/node/copilot/copilotAgent.ts -> COMMIT:4262f1bf518101723a89c025de72e51fa19ca1eb
PR,335918,COMMIT,856613ede04fb39fbca3f0ab3ccc600233c9a9eb,INDIRECT,COMMIT_MODIFIES_FILE,3,PR:335918 -> COMMIT:adc9092582503ef136344e5d017aa68b3c10c944 -> FILE:src/vs/platform/agentHost/node/copilot/copilotAgent.ts -> COMMIT:856613ede04fb39fbca3f0ab3ccc600233c9a9eb
PR,335918,COMMIT,678cbfa36ce39bf30b03b1bf4cb654579155e562,INDIRECT,COMMIT_MODIFIES_FILE,3,PR:335918 -> COMMIT:adc9092582503ef136344e5d017aa68b3c10c944 -> FILE:src/vs/platform/agentHost/node/copilot/copilotAgent.ts -> COMMIT:678cbfa36ce39bf30b03b1bf4cb654579155e562
PR,335918,COMMIT,1ee41bc43d597bd61eaa2c98bf361764fcfe2936,INDIRECT,COMMIT_MODIFIES_FILE,3,PR:335918 -> COMMIT:adc9092582503ef136344e5d017aa68b3c10c944 -> FILE:src/vs/platform/agentHost/node/copilot/copilotAgent.ts -> COMMIT:1ee41bc43d597bd61eaa2c98bf361764fcfe2936
PR,335918,COMMIT,42fccb22f8d2a8d2015f49a9b6ac5261c37300a2,INDIRECT,COMMIT_MODIFIES_FILE,3,PR:335918 -> COMMIT:adc9092582503ef136344e5d017aa68b3c10c944 -> FILE:src/vs/platform/agentHost/node/copilot/copilotAgent.ts -> COMMIT:42fccb22f8d2a8d2015f49a9b6ac5261c37300a2
PR,335918,COMMIT,dcd3af37d84c8070b8544d525306f926bff9a41d,INDIRECT,COMMIT_MODIFIES_FILE,3,PR:335918 -> COMMIT:adc9092582503ef136344e5d017aa68b3c10c944 -> FILE:src/vs/platform/agentHost/node/copilot/copilotAgent.ts -> COMMIT:dcd3af37d84c8070b8544d525306f926bff9a41d
PR,335918,COMMIT,6a1f4708c1990756af74917ba52dbccafc4467a0,INDIRECT,COMMIT_MODIFIES_FILE,3,PR:335918 -> COMMIT:adc9092582503ef136344e5d017aa68b3c10c944 -> FILE:src/vs/platform/agentHost/node/copilot/copilotAgent.ts -> COMMIT:6a1f4708c1990756af74917ba52dbccafc4467a0
PR,335918,COMMIT,b1db7363ca6d88a9096560b3e240aa839314bf90,INDIRECT,COMMIT_MODIFIES_FILE,3,PR:335918 -> COMMIT:adc9092582503ef136344e5d017aa68b3c10c944 -> FILE:src/vs/platform/agentHost/node/copilot/copilotAgent.ts -> COMMIT:b1db7363ca6d88a9096560b3e240aa839314bf90
PR,335918,COMMIT,5f2034f7ce56b99ad79c8d6db489f0fe6d88fbce,INDIRECT,COMMIT_MODIFIES_FILE,3,PR:335918 -> COMMIT:adc9092582503ef136344e5d017aa68b3c10c944 -> FILE:src/vs/platform/agentHost/node/copilot/copilotAgent.ts -> COMMIT:5f2034f7ce56b99ad79c8d6db489f0fe6d88fbce
PR,335918,COMMIT,5c1bd600d4f470172df39fd43c1338d9043d1efb,INDIRECT,COMMIT_MODIFIES_FILE,3,PR:335918 -> COMMIT:adc9092582503ef136344e5d017aa68b3c10c944 -> FILE:src/vs/platform/agentHost/node/copilot/copilotAgent.ts -> COMMIT:5c1bd600d4f470172df39fd43c1338d9043d1efb
PR,335918,COMMIT,e0fc97c6fa9da9f3e3dc7590a28ec1f844857f16,INDIRECT,COMMIT_MODIFIES_FILE,3,PR:335918 -> COMMIT:adc9092582503ef136344e5d017aa68b3c10c944 -> FILE:src/vs/platform/agentHost/node/copilot/copilotAgent.ts -> COMMIT:e0fc97c6fa9da9f3e3dc7590a28ec1f844857f16
PR,335918,COMMIT,ef613443673d144d0c3c57a012dc9e4d90d9ef31,INDIRECT,COMMIT_MODIFIES_FILE,3,PR:335918 -> COMMIT:adc9092582503ef136344e5d017aa68b3c10c944 -> FILE:src/vs/platform/agentHost/node/copilot/copilotAgent.ts -> COMMIT:ef613443673d144d0c3c57a012dc9e4d90d9ef31
PR,335918,COMMIT,4c48ff7cebe4201a8ecba0e1a87b52fdcb23a6f8,INDIRECT,COMMIT_MODIFIES_FILE,3,PR:335918 -> COMMIT:adc9092582503ef136344e5d017aa68b3c10c944 -> FILE:src/vs/platform/agentHost/node/copilot/copilotAgent.ts -> COMMIT:4c48ff7cebe4201a8ecba0e1a87b52fdcb23a6f8
PR,335918,COMMIT,fe9bed89c51591410f6059c891dfe39cdf4ced6d,INDIRECT,COMMIT_MODIFIES_FILE,3,PR:335918 -> COMMIT:adc9092582503ef136344e5d017aa68b3c10c944 -> FILE:src/vs/platform/agentHost/node/copilot/copilotAgent.ts -> COMMIT:fe9bed89c51591410f6059c891dfe39cdf4ced6d
PR,335918,COMMIT,f7cfea02c22e762f700ddd0c1e7aca7216bd8cd8,INDIRECT,COMMIT_MODIFIES_FILE,3,PR:335918 -> COMMIT:adc9092582503ef136344e5d017aa68b3c10c944 -> FILE:src/vs/platform/agentHost/node/copilot/copilotAgent.ts -> COMMIT:f7cfea02c22e762f700ddd0c1e7aca7216bd8cd8
PR,335918,COMMIT,b72fa03c82a1aa849d4892527912df12e416c20c,INDIRECT,COMMIT_MODIFIES_FILE,3,PR:335918 -> COMMIT:adc9092582503ef136344e5d017aa68b3c10c944 -> FILE:src/vs/platform/agentHost/node/copilot/copilotAgent.ts -> COMMIT:b72fa03c82a1aa849d4892527912df12e416c20c
PR,335918,COMMIT,6090615df06a212d9992d02d5a1f5d63ff4b879d,INDIRECT,COMMIT_MODIFIES_FILE,3,PR:335918 -> COMMIT:adc9092582503ef136344e5d017aa68b3c10c944 -> FILE:src/vs/platform/agentHost/node/copilot/copilotAgent.ts -> COMMIT:6090615df06a212d9992d02d5a1f5d63ff4b879d
PR,335918,COMMIT,4085f203dc8b487a36e0b02d9096d4320b6f387b,INDIRECT,COMMIT_MODIFIES_FILE,3,PR:335918 -> COMMIT:adc9092582503ef136344e5d017aa68b3c10c944 -> FILE:src/vs/platform/agentHost/node/copilot/copilotAgent.ts -> COMMIT:4085f203dc8b487a36e0b02d9096d4320b6f387b
PR,335918,COMMIT,7e5a1291e7cde394615e95a4cec44270965b25c5,INDIRECT,COMMIT_MODIFIES_FILE,3,PR:335918 -> COMMIT:adc9092582503ef136344e5d017aa68b3c10c944 -> FILE:src/vs/platform/agentHost/node/copilot/copilotAgent.ts -> COMMIT:7e5a1291e7cde394615e95a4cec44270965b25c5
PR,335918,COMMIT,148334dee3586cd8f3c7a92e05d58bae9302ed09,INDIRECT,COMMIT_MODIFIES_FILE,3,PR:335918 -> COMMIT:adc9092582503ef136344e5d017aa68b3c10c944 -> FILE:src/vs/platform/agentHost/node/copilot/copilotAgent.ts -> COMMIT:148334dee3586cd8f3c7a92e05d58bae9302ed09
PR,335918,COMMIT,a2946798f335b1b93ca7c67d3f383b5dfccd09ba,INDIRECT,COMMIT_MODIFIES_FILE,3,PR:335918 -> COMMIT:adc9092582503ef136344e5d017aa68b3c10c944 -> FILE:src/vs/platform/agentHost/node/copilot/copilotAgent.ts -> COMMIT:a2946798f335b1b93ca7c67d3f383b5dfccd09ba
PR,335918,COMMIT,8bafdc453bd5814f7a8c4eec023838450483f366,INDIRECT,COMMIT_MODIFIES_FILE,3,PR:335918 -> COMMIT:adc9092582503ef136344e5d017aa68b3c10c944 -> FILE:src/vs/platform/agentHost/node/copilot/copilotAgent.ts -> COMMIT:8bafdc453bd5814f7a8c4eec023838450483f366
PR,335918,COMMIT,3dbf01cd61c2c7e16592024778297e31f4900acc,INDIRECT,COMMIT_MODIFIES_FILE,3,PR:335918 -> COMMIT:adc9092582503ef136344e5d017aa68b3c10c944 -> FILE:src/vs/platform/agentHost/node/copilot/copilotAgent.ts -> COMMIT:3dbf01cd61c2c7e16592024778297e31f4900acc
PR,335918,COMMIT,ccfabc6f9ac224cb2ec5cb4cd9e395cc637e72ff,INDIRECT,COMMIT_MODIFIES_FILE,3,PR:335918 -> COMMIT:adc9092582503ef136344e5d017aa68b3c10c944 -> FILE:src/vs/platform/agentHost/node/copilot/copilotAgent.ts -> COMMIT:ccfabc6f9ac224cb2ec5cb4cd9e395cc637e72ff
PR,335918,COMMIT,f5e1dbf5d2174ec694d9cf7f0d667a1b76b661e3,INDIRECT,COMMIT_MODIFIES_FILE,3,PR:335918 -> COMMIT:adc9092582503ef136344e5d017aa68b3c10c944 -> FILE:src/vs/platform/agentHost/node/copilot/copilotAgent.ts -> COMMIT:f5e1dbf5d2174ec694d9cf7f0d667a1b76b661e3
PR,335918,COMMIT,d9b247b66334a9f05d7dab4eaa902b7520a0483f,INDIRECT,COMMIT_MODIFIES_FILE,3,PR:335918 -> COMMIT:adc9092582503ef136344e5d017aa68b3c10c944 -> FILE:src/vs/platform/agentHost/node/copilot/copilotAgent.ts -> COMMIT:d9b247b66334a9f05d7dab4eaa902b7520a0483f
PR,335918,COMMIT,1c3d4ecbb287494a86b70f6c5180c0a62dc8b45e,INDIRECT,COMMIT_MODIFIES_FILE,3,PR:335918 -> COMMIT:adc9092582503ef136344e5d017aa68b3c10c944 -> FILE:src/vs/platform/agentHost/node/copilot/copilotAgent.ts -> COMMIT:1c3d4ecbb287494a86b70f6c5180c0a62dc8b45e
PR,335918,COMMIT,a95ec6b824c870562eb1dbcb6dcba49f9996d851,INDIRECT,COMMIT_MODIFIES_FILE,3,PR:335918 -> COMMIT:adc9092582503ef136344e5d017aa68b3c10c944 -> FILE:src/vs/platform/agentHost/node/copilot/copilotAgent.ts -> COMMIT:a95ec6b824c870562eb1dbcb6dcba49f9996d851
PR,335918,COMMIT,fe9c2c12fb0a381225baf4e549bffe9d8eed131e,INDIRECT,COMMIT_MODIFIES_FILE,3,PR:335918 -> COMMIT:adc9092582503ef136344e5d017aa68b3c10c944 -> FILE:src/vs/platform/agentHost/node/copilot/copilotAgent.ts -> COMMIT:fe9c2c12fb0a381225baf4e549bffe9d8eed131e
PR,335918,COMMIT,1a16593bf18ee9d9fb6d4bebd53f694d5a0d380e,INDIRECT,COMMIT_MODIFIES_FILE,3,PR:335918 -> COMMIT:adc9092582503ef136344e5d017aa68b3c10c944 -> FILE:src/vs/platform/agentHost/node/copilot/copilotAgent.ts -> COMMIT:1a16593bf18ee9d9fb6d4bebd53f694d5a0d380e
PR,335918,COMMIT,5efe91e02dcec8cdfb7c5fd8398d745f4fe5c376,INDIRECT,COMMIT_MODIFIES_FILE,3,PR:335918 -> COMMIT:adc9092582503ef136344e5d017aa68b3c10c944 -> FILE:src/vs/platform/agentHost/node/copilot/copilotAgent.ts -> COMMIT:5efe91e02dcec8cdfb7c5fd8398d745f4fe5c376
PR,335918,COMMIT,3c713592c5e21732b8bfea1baeaa501aa47b8e03,INDIRECT,COMMIT_MODIFIES_FILE,3,PR:335918 -> COMMIT:adc9092582503ef136344e5d017aa68b3c10c944 -> FILE:src/vs/platform/agentHost/node/copilot/copilotAgent.ts -> COMMIT:3c713592c5e21732b8bfea1baeaa501aa47b8e03
PR,335918,COMMIT,75ad81795a045006202d42084420e21d1ca79213,INDIRECT,COMMIT_MODIFIES_FILE,3,PR:335918 -> COMMIT:adc9092582503ef136344e5d017aa68b3c10c944 -> FILE:src/vs/platform/agentHost/node/copilot/copilotAgent.ts -> COMMIT:75ad81795a045006202d42084420e21d1ca79213
PR,335918,COMMIT,df6e07632650b8ecb8e1df67f7b02cf2ce677bb0,INDIRECT,COMMIT_MODIFIES_FILE,3,PR:335918 -> COMMIT:adc9092582503ef136344e5d017aa68b3c10c944 -> FILE:src/vs/platform/agentHost/node/copilot/copilotAgent.ts -> COMMIT:df6e07632650b8ecb8e1df67f7b02cf2ce677bb0
PR,335918,COMMIT,430b93aff82955d0f6a32d20748c8e44e0b86e2e,INDIRECT,COMMIT_MODIFIES_FILE,3,PR:335918 -> COMMIT:adc9092582503ef136344e5d017aa68b3c10c944 -> FILE:src/vs/platform/agentHost/node/copilot/copilotAgent.ts -> COMMIT:430b93aff82955d0f6a32d20748c8e44e0b86e2e
PR,335918,COMMIT,bef74d68f45bc24033c3a3e8f7576b5a6e53f6df,INDIRECT,COMMIT_MODIFIES_FILE,3,PR:335918 -> COMMIT:adc9092582503ef136344e5d017aa68b3c10c944 -> FILE:src/vs/platform/agentHost/node/copilot/copilotAgent.ts -> COMMIT:bef74d68f45bc24033c3a3e8f7576b5a6e53f6df
PR,335918,COMMIT,66affd0ca491727962e5e0def841ab1ecef6227d,INDIRECT,COMMIT_MODIFIES_FILE,3,PR:335918 -> COMMIT:adc9092582503ef136344e5d017aa68b3c10c944 -> FILE:src/vs/platform/agentHost/node/copilot/copilotAgent.ts -> COMMIT:66affd0ca491727962e5e0def841ab1ecef6227d
PR,335918,COMMIT,9a50a8726babe70687537e8a36b48a5e034ea077,INDIRECT,COMMIT_MODIFIES_FILE,3,PR:335918 -> COMMIT:adc9092582503ef136344e5d017aa68b3c10c944 -> FILE:src/vs/platform/agentHost/node/copilot/copilotAgent.ts -> COMMIT:9a50a8726babe70687537e8a36b48a5e034ea077
PR,335918,COMMIT,3ca55943578b1126943a9ba00c26da791aacac81,INDIRECT,COMMIT_MODIFIES_FILE,3,PR:335918 -> COMMIT:adc9092582503ef136344e5d017aa68b3c10c944 -> FILE:src/vs/platform/agentHost/node/copilot/copilotAgent.ts -> COMMIT:3ca55943578b1126943a9ba00c26da791aacac81
PR,335918,COMMIT,35d3684064ce917ddf131364c1ed506503743866,INDIRECT,COMMIT_MODIFIES_FILE,3,PR:335918 -> COMMIT:adc9092582503ef136344e5d017aa68b3c10c944 -> FILE:src/vs/platform/agentHost/node/copilot/copilotAgent.ts -> COMMIT:35d3684064ce917ddf131364c1ed506503743866
PR,335918,COMMIT,7b54abd6ac81196b6224aedc9aefc25e6bc6b578,INDIRECT,COMMIT_MODIFIES_FILE,3,PR:335918 -> COMMIT:adc9092582503ef136344e5d017aa68b3c10c944 -> FILE:src/vs/platform/agentHost/node/copilot/copilotAgent.ts -> COMMIT:7b54abd6ac81196b6224aedc9aefc25e6bc6b578
PR,335918,COMMIT,d131d628dda2e7bb5bb9e66377b445be2e5c3828,INDIRECT,COMMIT_MODIFIES_FILE,3,PR:335918 -> COMMIT:adc9092582503ef136344e5d017aa68b3c10c944 -> FILE:src/vs/platform/agentHost/node/copilot/copilotAgent.ts -> COMMIT:d131d628dda2e7bb5bb9e66377b445be2e5c3828
PR,335918,COMMIT,3697685a5d658b4929b1149c88d26688610826b3,INDIRECT,COMMIT_MODIFIES_FILE,3,PR:335918 -> COMMIT:adc9092582503ef136344e5d017aa68b3c10c944 -> FILE:src/vs/platform/agentHost/node/copilot/copilotAgent.ts -> COMMIT:3697685a5d658b4929b1149c88d26688610826b3
PR,335918,COMMIT,caf3ce263a807c492e5eb38bedd65b2cb028eb5d,INDIRECT,COMMIT_MODIFIES_FILE,3,PR:335918 -> COMMIT:adc9092582503ef136344e5d017aa68b3c10c944 -> FILE:src/vs/platform/agentHost/node/copilot/copilotAgent.ts -> COMMIT:caf3ce263a807c492e5eb38bedd65b2cb028eb5d
PR,335918,COMMIT,dbd19cc14c0c670f0c0cbfdfe45bbc1f506d1624,INDIRECT,COMMIT_MODIFIES_FILE,3,PR:335918 -> COMMIT:adc9092582503ef136344e5d017aa68b3c10c944 -> FILE:src/vs/platform/agentHost/node/copilot/copilotAgent.ts -> COMMIT:dbd19cc14c0c670f0c0cbfdfe45bbc1f506d1624
PR,335918,COMMIT,61607f16738c1a204bedb40c74b82a227708b4ac,INDIRECT,COMMIT_MODIFIES_FILE,3,PR:335918 -> COMMIT:adc9092582503ef136344e5d017aa68b3c10c944 -> FILE:src/vs/platform/agentHost/node/copilot/copilotAgent.ts -> COMMIT:61607f16738c1a204bedb40c74b82a227708b4ac
PR,335918,COMMIT,e4e251ca54999da8c71b585d1bc0b250cc36f0ea,INDIRECT,COMMIT_MODIFIES_FILE,3,PR:335918 -> COMMIT:adc9092582503ef136344e5d017aa68b3c10c944 -> FILE:src/vs/platform/agentHost/node/copilot/copilotAgent.ts -> COMMIT:e4e251ca54999da8c71b585d1bc0b250cc36f0ea
PR,335918,COMMIT,67056e8353bf22d135819c3ef673e0c8d171c34b,INDIRECT,COMMIT_MODIFIES_FILE,3,PR:335918 -> COMMIT:adc9092582503ef136344e5d017aa68b3c10c944 -> FILE:src/vs/platform/agentHost/node/copilot/copilotAgent.ts -> COMMIT:67056e8353bf22d135819c3ef673e0c8d171c34b
PR,335918,COMMIT,ae6af460531de31daf61457efca38f1f44d06980,INDIRECT,COMMIT_MODIFIES_FILE,3,PR:335918 -> COMMIT:adc9092582503ef136344e5d017aa68b3c10c944 -> FILE:src/vs/platform/agentHost/node/copilot/copilotAgent.ts -> COMMIT:ae6af460531de31daf61457efca38f1f44d06980
PR,335918,COMMIT,154f3cbce94321322f1a88d1505110c5a78ea7e0,INDIRECT,COMMIT_MODIFIES_FILE,3,PR:335918 -> COMMIT:adc9092582503ef136344e5d017aa68b3c10c944 -> FILE:src/vs/platform/agentHost/node/copilot/copilotAgent.ts -> COMMIT:154f3cbce94321322f1a88d1505110c5a78ea7e0
PR,335918,COMMIT,06523541e4fcd13af0849563e22facfbb80139b3,INDIRECT,COMMIT_MODIFIES_FILE,3,PR:335918 -> COMMIT:adc9092582503ef136344e5d017aa68b3c10c944 -> FILE:src/vs/platform/agentHost/node/copilot/copilotAgent.ts -> COMMIT:06523541e4fcd13af0849563e22facfbb80139b3
PR,335918,COMMIT,1fabffe718bcc8f47a8560b5be0cf3e8d33f9e4f,INDIRECT,COMMIT_MODIFIES_FILE,3,PR:335918 -> COMMIT:adc9092582503ef136344e5d017aa68b3c10c944 -> FILE:src/vs/platform/agentHost/node/copilot/copilotAgent.ts -> COMMIT:1fabffe718bcc8f47a8560b5be0cf3e8d33f9e4f
PR,335918,COMMIT,3623f02c1bb417e6805fc65c5e137d83522ecee2,INDIRECT,COMMIT_MODIFIES_FILE,3,PR:335918 -> COMMIT:adc9092582503ef136344e5d017aa68b3c10c944 -> FILE:src/vs/platform/agentHost/node/copilot/copilotAgent.ts -> COMMIT:3623f02c1bb417e6805fc65c5e137d83522ecee2
PR,335918,COMMIT,63b2d9ef3b59b3e84d39a4a287ff9329e003da96,INDIRECT,COMMIT_MODIFIES_FILE,3,PR:335918 -> COMMIT:adc9092582503ef136344e5d017aa68b3c10c944 -> FILE:src/vs/platform/agentHost/node/copilot/copilotAgent.ts -> COMMIT:63b2d9ef3b59b3e84d39a4a287ff9329e003da96
PR,335918,COMMIT,0ea61f19ba65075140174f895ef8b15d27bcb4bf,INDIRECT,COMMIT_MODIFIES_FILE,3,PR:335918 -> COMMIT:adc9092582503ef136344e5d017aa68b3c10c944 -> FILE:src/vs/platform/agentHost/node/copilot/copilotAgent.ts -> COMMIT:0ea61f19ba65075140174f895ef8b15d27bcb4bf
PR,335918,COMMIT,b516dd450098a95505ed37db2d7d6da0b847e1c6,INDIRECT,COMMIT_MODIFIES_FILE,3,PR:335918 -> COMMIT:adc9092582503ef136344e5d017aa68b3c10c944 -> FILE:src/vs/platform/agentHost/node/copilot/copilotAgent.ts -> COMMIT:b516dd450098a95505ed37db2d7d6da0b847e1c6
PR,335918,COMMIT,5040bf3009a6a62f25002496540d29a684e67362,INDIRECT,COMMIT_MODIFIES_FILE,3,PR:335918 -> COMMIT:adc9092582503ef136344e5d017aa68b3c10c944 -> FILE:src/vs/platform/agentHost/node/copilot/copilotAgent.ts -> COMMIT:5040bf3009a6a62f25002496540d29a684e67362
PR,335918,COMMIT,4ccfcaa5dc5177a7a3b2504080244c19f1fbe1f5,INDIRECT,COMMIT_MODIFIES_FILE,3,PR:335918 -> COMMIT:adc9092582503ef136344e5d017aa68b3c10c944 -> FILE:src/vs/platform/agentHost/node/copilot/copilotAgent.ts -> COMMIT:4ccfcaa5dc5177a7a3b2504080244c19f1fbe1f5
PR,335918,COMMIT,796ff2ee15bb8ec70870b61ca569e5dced55f4c9,INDIRECT,COMMIT_MODIFIES_FILE,3,PR:335918 -> COMMIT:adc9092582503ef136344e5d017aa68b3c10c944 -> FILE:src/vs/platform/agentHost/node/copilot/copilotAgent.ts -> COMMIT:796ff2ee15bb8ec70870b61ca569e5dced55f4c9
PR,335918,COMMIT,42f6bb4598f445997dc0cc9941f364a8911bddf3,INDIRECT,COMMIT_MODIFIES_FILE,3,PR:335918 -> COMMIT:adc9092582503ef136344e5d017aa68b3c10c944 -> FILE:src/vs/platform/agentHost/node/copilot/copilotAgent.ts -> COMMIT:42f6bb4598f445997dc0cc9941f364a8911bddf3
PR,335918,COMMIT,f9f0ddd1c17d58ad4e5be46ac5fd9dc6cca0e179,INDIRECT,COMMIT_MODIFIES_FILE,3,PR:335918 -> COMMIT:adc9092582503ef136344e5d017aa68b3c10c944 -> FILE:src/vs/platform/agentHost/node/copilot/copilotAgent.ts -> COMMIT:f9f0ddd1c17d58ad4e5be46ac5fd9dc6cca0e179
PR,335918,COMMIT,528dcb0a312f4667dceb541d99ff449cf118ae2f,INDIRECT,COMMIT_MODIFIES_FILE,3,PR:335918 -> COMMIT:adc9092582503ef136344e5d017aa68b3c10c944 -> FILE:src/vs/platform/agentHost/node/copilot/copilotAgent.ts -> COMMIT:528dcb0a312f4667dceb541d99ff449cf118ae2f
PR,335918,COMMIT,fcdaef1ea2ba7d993d11d1b7389b44cb5e6e6c32,INDIRECT,COMMIT_MODIFIES_FILE,3,PR:335918 -> COMMIT:adc9092582503ef136344e5d017aa68b3c10c944 -> FILE:src/vs/platform/agentHost/node/copilot/copilotAgent.ts -> COMMIT:fcdaef1ea2ba7d993d11d1b7389b44cb5e6e6c32
PR,335918,COMMIT,28665b4bf05fffa234a05b09c5ea1d196e9a52ae,INDIRECT,COMMIT_MODIFIES_FILE,3,PR:335918 -> COMMIT:adc9092582503ef136344e5d017aa68b3c10c944 -> FILE:src/vs/platform/agentHost/node/copilot/copilotAgent.ts -> COMMIT:28665b4bf05fffa234a05b09c5ea1d196e9a52ae
PR,335918,COMMIT,ead87c38cf44c34525f2bc5a287fb863ef7b2fd5,INDIRECT,COMMIT_MODIFIES_FILE,3,PR:335918 -> COMMIT:adc9092582503ef136344e5d017aa68b3c10c944 -> FILE:src/vs/platform/agentHost/node/copilot/copilotAgent.ts -> COMMIT:ead87c38cf44c34525f2bc5a287fb863ef7b2fd5
PR,335918,COMMIT,7136fdc68b20f45551caa4053a28fc4d3c1e57ac,INDIRECT,COMMIT_MODIFIES_FILE,3,PR:335918 -> COMMIT:adc9092582503ef136344e5d017aa68b3c10c944 -> FILE:src/vs/platform/agentHost/node/copilot/copilotAgent.ts -> COMMIT:7136fdc68b20f45551caa4053a28fc4d3c1e57ac
PR,335918,COMMIT,30c525cee4972dbce121a72ab8368b4b8a52ea1b,INDIRECT,COMMIT_MODIFIES_FILE,3,PR:335918 -> COMMIT:adc9092582503ef136344e5d017aa68b3c10c944 -> FILE:src/vs/platform/agentHost/node/copilot/copilotAgent.ts -> COMMIT:30c525cee4972dbce121a72ab8368b4b8a52ea1b
PR,335918,COMMIT,adcb3ae0e8fe780a1096d7edc720199725c3dfe4,INDIRECT,COMMIT_MODIFIES_FILE,3,PR:335918 -> COMMIT:adc9092582503ef136344e5d017aa68b3c10c944 -> FILE:src/vs/platform/agentHost/node/copilot/copilotAgent.ts -> COMMIT:adcb3ae0e8fe780a1096d7edc720199725c3dfe4
PR,335918,COMMIT,c44fd19e26945295239c02c7401ab6ed101ababb,INDIRECT,COMMIT_MODIFIES_FILE,3,PR:335918 -> COMMIT:adc9092582503ef136344e5d017aa68b3c10c944 -> FILE:src/vs/platform/agentHost/node/copilot/copilotAgent.ts -> COMMIT:c44fd19e26945295239c02c7401ab6ed101ababb
PR,335918,COMMIT,e2c8b91799c5bf19409ae5588df5925c6697f90e,INDIRECT,COMMIT_MODIFIES_FILE,3,PR:335918 -> COMMIT:adc9092582503ef136344e5d017aa68b3c10c944 -> FILE:src/vs/platform/agentHost/node/copilot/copilotAgent.ts -> COMMIT:e2c8b91799c5bf19409ae5588df5925c6697f90e
PR,335918,COMMIT,bee26a9adc3c84167f9b5d95d2f4a78ee32fa504,INDIRECT,COMMIT_MODIFIES_FILE,3,PR:335918 -> COMMIT:adc9092582503ef136344e5d017aa68b3c10c944 -> FILE:src/vs/platform/agentHost/node/copilot/copilotAgent.ts -> COMMIT:bee26a9adc3c84167f9b5d95d2f4a78ee32fa504
PR,335918,COMMIT,da83099a46256f1be5eba047b6ee59a0f2280ccc,INDIRECT,COMMIT_MODIFIES_FILE,3,PR:335918 -> COMMIT:adc9092582503ef136344e5d017aa68b3c10c944 -> FILE:src/vs/platform/agentHost/node/copilot/copilotAgent.ts -> COMMIT:da83099a46256f1be5eba047b6ee59a0f2280ccc
PR,335918,COMMIT,60cc5f3764d44f7ecbf21350e33d4dea813f987c,INDIRECT,COMMIT_MODIFIES_FILE,3,PR:335918 -> COMMIT:adc9092582503ef136344e5d017aa68b3c10c944 -> FILE:src/vs/platform/agentHost/node/copilot/copilotAgent.ts -> COMMIT:60cc5f3764d44f7ecbf21350e33d4dea813f987c
PR,335918,COMMIT,20caf8d4f0da99e9ac3ed39ac4d403b6e781dfa2,INDIRECT,COMMIT_MODIFIES_FILE,3,PR:335918 -> COMMIT:adc9092582503ef136344e5d017aa68b3c10c944 -> FILE:src/vs/platform/agentHost/node/copilot/copilotAgent.ts -> COMMIT:20caf8d4f0da99e9ac3ed39ac4d403b6e781dfa2
PR,335918,COMMIT,6e0aa7b66609c36b61ae7688db1e13288e9ea61b,INDIRECT,COMMIT_MODIFIES_FILE,3,PR:335918 -> COMMIT:adc9092582503ef136344e5d017aa68b3c10c944 -> FILE:src/vs/platform/agentHost/node/copilot/copilotAgent.ts -> COMMIT:6e0aa7b66609c36b61ae7688db1e13288e9ea61b
PR,335918,COMMIT,d76f87a85b44e70ac7bfeb5f8b5c52481d03eaa2,INDIRECT,COMMIT_MODIFIES_FILE,3,PR:335918 -> COMMIT:adc9092582503ef136344e5d017aa68b3c10c944 -> FILE:src/vs/platform/agentHost/node/copilot/copilotAgent.ts -> COMMIT:d76f87a85b44e70ac7bfeb5f8b5c52481d03eaa2
PR,335918,COMMIT,90322c85d3f08ddfd9601b3b7c550a335371da5f,INDIRECT,COMMIT_MODIFIES_FILE,3,PR:335918 -> COMMIT:adc9092582503ef136344e5d017aa68b3c10c944 -> FILE:src/vs/platform/agentHost/node/copilot/copilotAgent.ts -> COMMIT:90322c85d3f08ddfd9601b3b7c550a335371da5f
PR,335918,COMMIT,a1b2aa9a1566bea9f77d55d28781f9a898b139cd,INDIRECT,COMMIT_MODIFIES_FILE,3,PR:335918 -> COMMIT:adc9092582503ef136344e5d017aa68b3c10c944 -> FILE:src/vs/platform/agentHost/node/copilot/copilotAgent.ts -> COMMIT:a1b2aa9a1566bea9f77d55d28781f9a898b139cd
PR,335918,COMMIT,d7afda2354b08f75be62709d8023093bed02951d,INDIRECT,COMMIT_MODIFIES_FILE,3,PR:335918 -> COMMIT:adc9092582503ef136344e5d017aa68b3c10c944 -> FILE:src/vs/platform/agentHost/node/copilot/copilotAgent.ts -> COMMIT:d7afda2354b08f75be62709d8023093bed02951d
PR,335918,COMMIT,b4961923bc5fb55092bf61a57f5acc3f535b89c9,INDIRECT,COMMIT_MODIFIES_FILE,3,PR:335918 -> COMMIT:adc9092582503ef136344e5d017aa68b3c10c944 -> FILE:src/vs/platform/agentHost/node/copilot/copilotAgent.ts -> COMMIT:b4961923bc5fb55092bf61a57f5acc3f535b89c9
PR,335918,COMMIT,4a940750a0b6187b8496af59f6bfe8878f4b551f,INDIRECT,COMMIT_MODIFIES_FILE,3,PR:335918 -> COMMIT:adc9092582503ef136344e5d017aa68b3c10c944 -> FILE:src/vs/platform/agentHost/node/copilot/copilotAgent.ts -> COMMIT:4a940750a0b6187b8496af59f6bfe8878f4b551f
PR,335918,COMMIT,5d41618870a3ae0748b3142ff321d7ebb6e33422,INDIRECT,COMMIT_MODIFIES_FILE,3,PR:335918 -> COMMIT:adc9092582503ef136344e5d017aa68b3c10c944 -> FILE:src/vs/platform/agentHost/node/copilot/copilotAgent.ts -> COMMIT:5d41618870a3ae0748b3142ff321d7ebb6e33422
PR,335918,COMMIT,dda1258b46122f873141db01b9af12f9c4de2bdb,INDIRECT,COMMIT_MODIFIES_FILE,3,PR:335918 -> COMMIT:adc9092582503ef136344e5d017aa68b3c10c944 -> FILE:src/vs/platform/agentHost/node/copilot/copilotAgent.ts -> COMMIT:dda1258b46122f873141db01b9af12f9c4de2bdb
PR,335918,COMMIT,3b871bf63fc9c2e19121dea720aec7b29f8b23d9,INDIRECT,COMMIT_MODIFIES_FILE,3,PR:335918 -> COMMIT:adc9092582503ef136344e5d017aa68b3c10c944 -> FILE:src/vs/platform/agentHost/node/copilot/copilotAgent.ts -> COMMIT:3b871bf63fc9c2e19121dea720aec7b29f8b23d9
PR,335918,COMMIT,d86e87b673ea670377051d7555d8884ac07babe3,INDIRECT,COMMIT_MODIFIES_FILE,3,PR:335918 -> COMMIT:adc9092582503ef136344e5d017aa68b3c10c944 -> FILE:src/vs/platform/agentHost/node/copilot/copilotAgent.ts -> COMMIT:d86e87b673ea670377051d7555d8884ac07babe3
PR,335918,COMMIT,1582532b155576e0467f80e253c6dfd4365c9d85,INDIRECT,COMMIT_MODIFIES_FILE,3,PR:335918 -> COMMIT:adc9092582503ef136344e5d017aa68b3c10c944 -> FILE:src/vs/platform/agentHost/node/copilot/copilotAgent.ts -> COMMIT:1582532b155576e0467f80e253c6dfd4365c9d85
PR,335918,COMMIT,976dea5e0c3334cffb9929bf0cb55694ed4f44a4,INDIRECT,COMMIT_MODIFIES_FILE,3,PR:335918 -> COMMIT:adc9092582503ef136344e5d017aa68b3c10c944 -> FILE:src/vs/platform/agentHost/node/copilot/copilotAgent.ts -> COMMIT:976dea5e0c3334cffb9929bf0cb55694ed4f44a4
PR,335918,COMMIT,85075d84cd6656d98620ffb7a8530f8b9c6496a6,INDIRECT,COMMIT_MODIFIES_FILE,3,PR:335918 -> COMMIT:adc9092582503ef136344e5d017aa68b3c10c944 -> FILE:src/vs/platform/agentHost/node/copilot/copilotAgent.ts -> COMMIT:85075d84cd6656d98620ffb7a8530f8b9c6496a6
PR,335918,COMMIT,25d25d9bd0b1ccf4f37987d34358d9e006ecf1ee,INDIRECT,COMMIT_MODIFIES_FILE,3,PR:335918 -> COMMIT:adc9092582503ef136344e5d017aa68b3c10c944 -> FILE:src/vs/platform/agentHost/node/copilot/copilotAgent.ts -> COMMIT:25d25d9bd0b1ccf4f37987d34358d9e006ecf1ee
PR,335918,COMMIT,9e60c5bfbcb4d7445cbbdae226b86a294bd578a4,INDIRECT,COMMIT_MODIFIES_FILE,3,PR:335918 -> COMMIT:adc9092582503ef136344e5d017aa68b3c10c944 -> FILE:src/vs/platform/agentHost/node/copilot/copilotAgent.ts -> COMMIT:9e60c5bfbcb4d7445cbbdae226b86a294bd578a4
PR,335918,COMMIT,a8bd9153400cc1ae73b3af91f29bb5c9030d7f17,INDIRECT,COMMIT_MODIFIES_FILE,3,PR:335918 -> COMMIT:adc9092582503ef136344e5d017aa68b3c10c944 -> FILE:src/vs/platform/agentHost/node/copilot/copilotAgent.ts -> COMMIT:a8bd9153400cc1ae73b3af91f29bb5c9030d7f17
PR,335918,COMMIT,3e5141a41bada377d4c0ed272452926aa16e062a,INDIRECT,COMMIT_MODIFIES_FILE,3,PR:335918 -> COMMIT:adc9092582503ef136344e5d017aa68b3c10c944 -> FILE:src/vs/platform/agentHost/node/copilot/copilotAgent.ts -> COMMIT:3e5141a41bada377d4c0ed272452926aa16e062a
PR,335918,COMMIT,c293fe882fff67a88083e85b7cd3eed0041c5676,INDIRECT,COMMIT_MODIFIES_FILE,3,PR:335918 -> COMMIT:adc9092582503ef136344e5d017aa68b3c10c944 -> FILE:src/vs/platform/agentHost/node/copilot/copilotAgent.ts -> COMMIT:c293fe882fff67a88083e85b7cd3eed0041c5676
PR,335918,COMMIT,26c9da338a53d5238a7cf1b98e700f85f7ee9b6c,INDIRECT,COMMIT_MODIFIES_FILE,3,PR:335918 -> COMMIT:adc9092582503ef136344e5d017aa68b3c10c944 -> FILE:src/vs/platform/agentHost/node/copilot/copilotAgent.ts -> COMMIT:26c9da338a53d5238a7cf1b98e700f85f7ee9b6c
PR,335918,COMMIT,30b675c458fdc43b49c59a04928d0127362cb13c,INDIRECT,COMMIT_MODIFIES_FILE,3,PR:335918 -> COMMIT:adc9092582503ef136344e5d017aa68b3c10c944 -> FILE:src/vs/platform/agentHost/node/copilot/copilotAgent.ts -> COMMIT:30b675c458fdc43b49c59a04928d0127362cb13c
PR,335918,COMMIT,ce5e6197c73c97989e1761d7a280dfdce885cc55,INDIRECT,COMMIT_MODIFIES_FILE,3,PR:335918 -> COMMIT:adc9092582503ef136344e5d017aa68b3c10c944 -> FILE:src/vs/platform/agentHost/node/copilot/copilotAgent.ts -> COMMIT:ce5e6197c73c97989e1761d7a280dfdce885cc55
PR,335918,COMMIT,b45736e85cc621e9f7ae022859681a69917150e6,INDIRECT,COMMIT_MODIFIES_FILE,3,PR:335918 -> COMMIT:adc9092582503ef136344e5d017aa68b3c10c944 -> FILE:src/vs/platform/agentHost/node/copilot/copilotAgent.ts -> COMMIT:b45736e85cc621e9f7ae022859681a69917150e6
PR,335918,COMMIT,43ed32c1c365a07483e5e62339e64c6da185752e,INDIRECT,COMMIT_MODIFIES_FILE,3,PR:335918 -> COMMIT:adc9092582503ef136344e5d017aa68b3c10c944 -> FILE:src/vs/platform/agentHost/node/copilot/copilotAgent.ts -> COMMIT:43ed32c1c365a07483e5e62339e64c6da185752e
PR,335918,COMMIT,4421e8a635e4121b29c6b44a51e5098add6ed643,INDIRECT,COMMIT_MODIFIES_FILE,3,PR:335918 -> COMMIT:adc9092582503ef136344e5d017aa68b3c10c944 -> FILE:src/vs/platform/agentHost/node/copilot/copilotAgent.ts -> COMMIT:4421e8a635e4121b29c6b44a51e5098add6ed643
PR,335918,COMMIT,cf4d3aaa06378d79acf685ce1ec1457fd8f43346,INDIRECT,COMMIT_MODIFIES_FILE,3,PR:335918 -> COMMIT:adc9092582503ef136344e5d017aa68b3c10c944 -> FILE:src/vs/platform/agentHost/node/copilot/copilotAgent.ts -> COMMIT:cf4d3aaa06378d79acf685ce1ec1457fd8f43346
PR,335918,COMMIT,8032f8a3f33b7a4fb0b45a69f81190b01c3fcbc0,INDIRECT,COMMIT_MODIFIES_FILE,3,PR:335918 -> COMMIT:adc9092582503ef136344e5d017aa68b3c10c944 -> FILE:src/vs/platform/agentHost/node/copilot/copilotAgent.ts -> COMMIT:8032f8a3f33b7a4fb0b45a69f81190b01c3fcbc0
PR,335918,COMMIT,3087db52b0ed5b3b40a793ec2be9af9440fd670c,INDIRECT,COMMIT_MODIFIES_FILE,3,PR:335918 -> COMMIT:adc9092582503ef136344e5d017aa68b3c10c944 -> FILE:src/vs/platform/agentHost/node/copilot/copilotAgent.ts -> COMMIT:3087db52b0ed5b3b40a793ec2be9af9440fd670c
PR,335918,COMMIT,fb083c1d2133fec11b53557e506b5607ad60c066,INDIRECT,COMMIT_MODIFIES_FILE,3,PR:335918 -> COMMIT:adc9092582503ef136344e5d017aa68b3c10c944 -> FILE:src/vs/platform/agentHost/node/copilot/copilotAgent.ts -> COMMIT:fb083c1d2133fec11b53557e506b5607ad60c066
PR,335918,COMMIT,c7e7ce95af28be967c25aec2ad90f58ac046c224,INDIRECT,COMMIT_MODIFIES_FILE,3,PR:335918 -> COMMIT:adc9092582503ef136344e5d017aa68b3c10c944 -> FILE:src/vs/platform/agentHost/node/copilot/copilotAgent.ts -> COMMIT:c7e7ce95af28be967c25aec2ad90f58ac046c224
PR,335918,COMMIT,5b9301bcd9969032e6dc1ea0a45e99f70ce77124,INDIRECT,COMMIT_MODIFIES_FILE,3,PR:335918 -> COMMIT:adc9092582503ef136344e5d017aa68b3c10c944 -> FILE:src/vs/platform/agentHost/node/copilot/copilotAgent.ts -> COMMIT:5b9301bcd9969032e6dc1ea0a45e99f70ce77124
PR,335918,COMMIT,b0d2905b87ca6ebc076abe99ee6251cf5b83a600,INDIRECT,COMMIT_MODIFIES_FILE,3,PR:335918 -> COMMIT:adc9092582503ef136344e5d017aa68b3c10c944 -> FILE:src/vs/platform/agentHost/node/copilot/copilotAgent.ts -> COMMIT:b0d2905b87ca6ebc076abe99ee6251cf5b83a600
PR,335918,COMMIT,0068f98865f89e34badfd7d6712ab88b92298c3e,INDIRECT,COMMIT_MODIFIES_FILE,3,PR:335918 -> COMMIT:adc9092582503ef136344e5d017aa68b3c10c944 -> FILE:src/vs/platform/agentHost/node/copilot/copilotAgent.ts -> COMMIT:0068f98865f89e34badfd7d6712ab88b92298c3e
PR,335918,COMMIT,56136155eba1e15f219a8a204b0607e23a7bb862,INDIRECT,COMMIT_MODIFIES_FILE,3,PR:335918 -> COMMIT:adc9092582503ef136344e5d017aa68b3c10c944 -> FILE:src/vs/platform/agentHost/node/copilot/copilotAgent.ts -> COMMIT:56136155eba1e15f219a8a204b0607e23a7bb862
PR,335918,COMMIT,cd3a7e7a0175884a5efec22150a3ede866c2bbb7,INDIRECT,COMMIT_MODIFIES_FILE,3,PR:335918 -> COMMIT:adc9092582503ef136344e5d017aa68b3c10c944 -> FILE:src/vs/platform/agentHost/node/copilot/copilotAgent.ts -> COMMIT:cd3a7e7a0175884a5efec22150a3ede866c2bbb7
PR,335918,COMMIT,738eb381864beb8c9dbf57bfef142d52bfbac5c2,INDIRECT,COMMIT_MODIFIES_FILE,3,PR:335918 -> COMMIT:adc9092582503ef136344e5d017aa68b3c10c944 -> FILE:src/vs/platform/agentHost/node/copilot/copilotAgent.ts -> COMMIT:738eb381864beb8c9dbf57bfef142d52bfbac5c2
PR,335918,COMMIT,7a8523bfddc45ed63dce66af5294b97705f0ca8c,INDIRECT,COMMIT_MODIFIES_FILE,3,PR:335918 -> COMMIT:adc9092582503ef136344e5d017aa68b3c10c944 -> FILE:src/vs/platform/agentHost/node/copilot/copilotAgent.ts -> COMMIT:7a8523bfddc45ed63dce66af5294b97705f0ca8c
PR,335918,COMMIT,335ed86647a2abc274d16147d3c337c52ecf0dbe,INDIRECT,COMMIT_MODIFIES_FILE,3,PR:335918 -> COMMIT:adc9092582503ef136344e5d017aa68b3c10c944 -> FILE:src/vs/platform/agentHost/node/copilot/copilotAgent.ts -> COMMIT:335ed86647a2abc274d16147d3c337c52ecf0dbe
PR,335918,COMMIT,13f5d622b7919139f52a8555c7d42855ab712c6f,INDIRECT,COMMIT_MODIFIES_FILE,3,PR:335918 -> COMMIT:adc9092582503ef136344e5d017aa68b3c10c944 -> FILE:src/vs/platform/agentHost/node/copilot/copilotAgent.ts -> COMMIT:13f5d622b7919139f52a8555c7d42855ab712c6f
PR,335918,COMMIT,fac8ed52c0a32a0d60885de5bc05d0cec3fcb3b7,INDIRECT,COMMIT_MODIFIES_FILE,3,PR:335918 -> COMMIT:adc9092582503ef136344e5d017aa68b3c10c944 -> FILE:src/vs/platform/agentHost/node/copilot/copilotAgent.ts -> COMMIT:fac8ed52c0a32a0d60885de5bc05d0cec3fcb3b7
PR,335918,COMMIT,fbf6ac1c9445068d562a86a623e2310057e3d4c1,INDIRECT,COMMIT_MODIFIES_FILE,3,PR:335918 -> COMMIT:adc9092582503ef136344e5d017aa68b3c10c944 -> FILE:src/vs/platform/agentHost/node/copilot/copilotAgent.ts -> COMMIT:fbf6ac1c9445068d562a86a623e2310057e3d4c1
PR,335918,COMMIT,db460dee7ec2f07e34119eb909fec7510941152b,INDIRECT,COMMIT_MODIFIES_FILE,3,PR:335918 -> COMMIT:adc9092582503ef136344e5d017aa68b3c10c944 -> FILE:src/vs/platform/agentHost/node/copilot/copilotAgent.ts -> COMMIT:db460dee7ec2f07e34119eb909fec7510941152b
PR,335918,COMMIT,7b9bed8b16bd99bf723fdfad7615a4a0cac104a6,INDIRECT,COMMIT_MODIFIES_FILE,3,PR:335918 -> COMMIT:adc9092582503ef136344e5d017aa68b3c10c944 -> FILE:src/vs/platform/agentHost/node/copilot/copilotAgent.ts -> COMMIT:7b9bed8b16bd99bf723fdfad7615a4a0cac104a6
PR,335918,COMMIT,9a2e26a33ce5498ffbda3ea61f4302c355534007,INDIRECT,COMMIT_MODIFIES_FILE,3,PR:335918 -> COMMIT:adc9092582503ef136344e5d017aa68b3c10c944 -> FILE:src/vs/platform/agentHost/node/copilot/copilotAgent.ts -> COMMIT:9a2e26a33ce5498ffbda3ea61f4302c355534007
PR,335918,COMMIT,41c3f40293b19f29aab70b815adc8cef791a7700,INDIRECT,COMMIT_MODIFIES_FILE,3,PR:335918 -> COMMIT:adc9092582503ef136344e5d017aa68b3c10c944 -> FILE:src/vs/platform/agentHost/node/copilot/copilotAgent.ts -> COMMIT:41c3f40293b19f29aab70b815adc8cef791a7700
PR,335918,COMMIT,51de74870e03ac3768dd4a9ab98918d0048dacb9,INDIRECT,COMMIT_MODIFIES_FILE,3,PR:335918 -> COMMIT:adc9092582503ef136344e5d017aa68b3c10c944 -> FILE:src/vs/platform/agentHost/node/copilot/copilotAgent.ts -> COMMIT:51de74870e03ac3768dd4a9ab98918d0048dacb9
PR,335918,COMMIT,445843b3bfb45912f945dc88ab0893e2f1ef9b7e,INDIRECT,COMMIT_MODIFIES_FILE,3,PR:335918 -> COMMIT:adc9092582503ef136344e5d017aa68b3c10c944 -> FILE:src/vs/platform/agentHost/node/copilot/copilotAgent.ts -> COMMIT:445843b3bfb45912f945dc88ab0893e2f1ef9b7e
PR,335918,COMMIT,706e8b3d3130d2525707616cb61f4b08426bb864,INDIRECT,COMMIT_MODIFIES_FILE,3,PR:335918 -> COMMIT:adc9092582503ef136344e5d017aa68b3c10c944 -> FILE:src/vs/platform/agentHost/node/copilot/copilotAgent.ts -> COMMIT:706e8b3d3130d2525707616cb61f4b08426bb864
PR,335918,COMMIT,f94fd115c11f05e44448c0a9d129d548917f7fd7,INDIRECT,COMMIT_MODIFIES_FILE,3,PR:335918 -> COMMIT:adc9092582503ef136344e5d017aa68b3c10c944 -> FILE:src/vs/platform/agentHost/node/copilot/copilotAgent.ts -> COMMIT:f94fd115c11f05e44448c0a9d129d548917f7fd7
PR,335918,COMMIT,8d18e7dac0c2e9fe27482117dfe931b6417da6e7,INDIRECT,COMMIT_MODIFIES_FILE,3,PR:335918 -> COMMIT:adc9092582503ef136344e5d017aa68b3c10c944 -> FILE:src/vs/platform/agentHost/node/copilot/copilotAgent.ts -> COMMIT:8d18e7dac0c2e9fe27482117dfe931b6417da6e7
PR,335918,COMMIT,541082fa9cef751d3af0372d973652b083d9e979,INDIRECT,COMMIT_MODIFIES_FILE,3,PR:335918 -> COMMIT:adc9092582503ef136344e5d017aa68b3c10c944 -> FILE:src/vs/platform/agentHost/node/copilot/copilotAgent.ts -> COMMIT:541082fa9cef751d3af0372d973652b083d9e979
PR,335918,COMMIT,71a17603cf7c8a8fe165e4c4cd2e73ff6b81f58e,INDIRECT,COMMIT_MODIFIES_FILE,3,PR:335918 -> COMMIT:adc9092582503ef136344e5d017aa68b3c10c944 -> FILE:src/vs/platform/agentHost/node/copilot/copilotAgent.ts -> COMMIT:71a17603cf7c8a8fe165e4c4cd2e73ff6b81f58e
PR,335918,COMMIT,236ac6300a27ff5fe28792bc00c1ece66f351f89,INDIRECT,COMMIT_MODIFIES_FILE,3,PR:335918 -> COMMIT:adc9092582503ef136344e5d017aa68b3c10c944 -> FILE:src/vs/platform/agentHost/node/copilot/copilotAgent.ts -> COMMIT:236ac6300a27ff5fe28792bc00c1ece66f351f89
PR,335918,COMMIT,47b7b4f8c5e932f91cc26b191b2943eaca961476,INDIRECT,COMMIT_MODIFIES_FILE,3,PR:335918 -> COMMIT:adc9092582503ef136344e5d017aa68b3c10c944 -> FILE:src/vs/platform/agentHost/node/copilot/copilotAgent.ts -> COMMIT:47b7b4f8c5e932f91cc26b191b2943eaca961476
PR,335918,COMMIT,94bf3b3a11373b0f1d9ead1041c685a593f5cce4,INDIRECT,COMMIT_MODIFIES_FILE,3,PR:335918 -> COMMIT:adc9092582503ef136344e5d017aa68b3c10c944 -> FILE:src/vs/platform/agentHost/node/copilot/copilotAgent.ts -> COMMIT:94bf3b3a11373b0f1d9ead1041c685a593f5cce4
PR,335918,COMMIT,e9b7ef2fb13543ba97920b74218a7ab6018b002a,INDIRECT,COMMIT_MODIFIES_FILE,3,PR:335918 -> COMMIT:adc9092582503ef136344e5d017aa68b3c10c944 -> FILE:src/vs/platform/agentHost/node/copilot/copilotAgent.ts -> COMMIT:e9b7ef2fb13543ba97920b74218a7ab6018b002a
PR,335918,COMMIT,4ee55137eaaa82b17030b1fdf194641f9b7d7586,INDIRECT,COMMIT_MODIFIES_FILE,3,PR:335918 -> COMMIT:adc9092582503ef136344e5d017aa68b3c10c944 -> FILE:src/vs/platform/agentHost/node/copilot/copilotAgent.ts -> COMMIT:4ee55137eaaa82b17030b1fdf194641f9b7d7586
PR,335918,COMMIT,3e21b7138823eb41e15f849794e0e53446ce4cd2,INDIRECT,COMMIT_MODIFIES_FILE,3,PR:335918 -> COMMIT:adc9092582503ef136344e5d017aa68b3c10c944 -> FILE:src/vs/platform/agentHost/node/copilot/copilotAgent.ts -> COMMIT:3e21b7138823eb41e15f849794e0e53446ce4cd2
PR,335918,COMMIT,4c6d49b5a3b28eeee7c493bbdad723e1c9e97405,INDIRECT,COMMIT_MODIFIES_FILE,3,PR:335918 -> COMMIT:adc9092582503ef136344e5d017aa68b3c10c944 -> FILE:src/vs/platform/agentHost/node/copilot/copilotAgent.ts -> COMMIT:4c6d49b5a3b28eeee7c493bbdad723e1c9e97405
PR,335918,COMMIT,effe8dde89e2e837fc75c45141474b05eabbf087,INDIRECT,COMMIT_MODIFIES_FILE,3,PR:335918 -> COMMIT:adc9092582503ef136344e5d017aa68b3c10c944 -> FILE:src/vs/platform/agentHost/node/copilot/copilotAgent.ts -> COMMIT:effe8dde89e2e837fc75c45141474b05eabbf087
PR,335918,COMMIT,dbd444c018d515bb957513e8e5c1816291d79000,INDIRECT,COMMIT_MODIFIES_FILE,3,PR:335918 -> COMMIT:adc9092582503ef136344e5d017aa68b3c10c944 -> FILE:src/vs/platform/agentHost/node/copilot/copilotAgent.ts -> COMMIT:dbd444c018d515bb957513e8e5c1816291d79000
PR,335918,COMMIT,d6cb841a15298e45c53dfd8e9f95e6093e547d93,INDIRECT,COMMIT_MODIFIES_FILE,3,PR:335918 -> COMMIT:adc9092582503ef136344e5d017aa68b3c10c944 -> FILE:src/vs/platform/agentHost/node/copilot/copilotAgent.ts -> COMMIT:d6cb841a15298e45c53dfd8e9f95e6093e547d93
PR,335918,COMMIT,2a574ff866d70a8c1a43004b429d90e1659b4d19,INDIRECT,COMMIT_MODIFIES_FILE,3,PR:335918 -> COMMIT:adc9092582503ef136344e5d017aa68b3c10c944 -> FILE:src/vs/platform/agentHost/node/copilot/copilotAgent.ts -> COMMIT:2a574ff866d70a8c1a43004b429d90e1659b4d19
PR,335918,COMMIT,86bd7bb25be7635c1d315476f9e7f4493adf2402,INDIRECT,COMMIT_MODIFIES_FILE,3,PR:335918 -> COMMIT:adc9092582503ef136344e5d017aa68b3c10c944 -> FILE:src/vs/platform/agentHost/node/copilot/copilotAgent.ts -> COMMIT:86bd7bb25be7635c1d315476f9e7f4493adf2402
PR,335918,COMMIT,5a60a3ee366bf39d45013694e4198974acf8bd58,INDIRECT,COMMIT_MODIFIES_FILE,3,PR:335918 -> COMMIT:adc9092582503ef136344e5d017aa68b3c10c944 -> FILE:src/vs/platform/agentHost/node/copilot/copilotAgent.ts -> COMMIT:5a60a3ee366bf39d45013694e4198974acf8bd58
PR,335918,COMMIT,e95e56aa9fd64b90c3f25e3f69053856bae775c4,INDIRECT,COMMIT_MODIFIES_FILE,3,PR:335918 -> COMMIT:adc9092582503ef136344e5d017aa68b3c10c944 -> FILE:src/vs/platform/agentHost/node/copilot/copilotAgent.ts -> COMMIT:e95e56aa9fd64b90c3f25e3f69053856bae775c4
PR,335918,COMMIT,cc3c3c265b9f05f336763ab5efda94b3a34ae25b,INDIRECT,COMMIT_MODIFIES_FILE,3,PR:335918 -> COMMIT:adc9092582503ef136344e5d017aa68b3c10c944 -> FILE:src/vs/platform/agentHost/node/copilot/copilotAgent.ts -> COMMIT:cc3c3c265b9f05f336763ab5efda94b3a34ae25b
PR,335918,COMMIT,409236e0bf7109530a76847f398995b7c18c5d35,INDIRECT,COMMIT_MODIFIES_FILE,3,PR:335918 -> COMMIT:adc9092582503ef136344e5d017aa68b3c10c944 -> FILE:src/vs/platform/agentHost/node/copilot/copilotAgent.ts -> COMMIT:409236e0bf7109530a76847f398995b7c18c5d35
PR,335918,COMMIT,01230893d55a5b69ca4eb2a597924c7b45da13e8,INDIRECT,COMMIT_MODIFIES_FILE,3,PR:335918 -> COMMIT:adc9092582503ef136344e5d017aa68b3c10c944 -> FILE:src/vs/platform/agentHost/node/copilot/copilotAgent.ts -> COMMIT:01230893d55a5b69ca4eb2a597924c7b45da13e8
PR,335918,COMMIT,a466f2bcc4e1740cf8ad88a16279c82aeb8692b2,INDIRECT,COMMIT_MODIFIES_FILE,3,PR:335918 -> COMMIT:adc9092582503ef136344e5d017aa68b3c10c944 -> FILE:src/vs/platform/agentHost/node/copilot/copilotAgent.ts -> COMMIT:a466f2bcc4e1740cf8ad88a16279c82aeb8692b2
PR,335918,COMMIT,21ef192fd11b5249c7713d7260bf9f8419087622,INDIRECT,COMMIT_MODIFIES_FILE,3,PR:335918 -> COMMIT:adc9092582503ef136344e5d017aa68b3c10c944 -> FILE:src/vs/platform/agentHost/node/copilot/copilotAgent.ts -> COMMIT:21ef192fd11b5249c7713d7260bf9f8419087622
PR,335918,COMMIT,9786136329d087fa14dabd2f402f7fe44c0e63f1,INDIRECT,COMMIT_MODIFIES_FILE,3,PR:335918 -> COMMIT:adc9092582503ef136344e5d017aa68b3c10c944 -> FILE:src/vs/platform/agentHost/node/copilot/copilotAgent.ts -> COMMIT:9786136329d087fa14dabd2f402f7fe44c0e63f1
PR,335918,COMMIT,c129dbd6418668876b9fa8253eb73176794df3f7,INDIRECT,COMMIT_MODIFIES_FILE,3,PR:335918 -> COMMIT:adc9092582503ef136344e5d017aa68b3c10c944 -> FILE:src/vs/platform/agentHost/node/copilot/copilotAgent.ts -> COMMIT:c129dbd6418668876b9fa8253eb73176794df3f7
PR,335918,COMMIT,6feb0fc703630fa2f69b1b09395367b47eef09f0,INDIRECT,COMMIT_MODIFIES_FILE,3,PR:335918 -> COMMIT:adc9092582503ef136344e5d017aa68b3c10c944 -> FILE:src/vs/platform/agentHost/node/copilot/copilotAgent.ts -> COMMIT:6feb0fc703630fa2f69b1b09395367b47eef09f0
PR,335918,COMMIT,cf0480dca643c13743a05457765cbc822eb25a2f,INDIRECT,COMMIT_MODIFIES_FILE,3,PR:335918 -> COMMIT:adc9092582503ef136344e5d017aa68b3c10c944 -> FILE:src/vs/platform/agentHost/node/copilot/copilotAgent.ts -> COMMIT:cf0480dca643c13743a05457765cbc822eb25a2f
PR,335918,COMMIT,9a3715eb3f8fe61d849d3e9edc18f8cc926a3e25,INDIRECT,COMMIT_MODIFIES_FILE,3,PR:335918 -> COMMIT:adc9092582503ef136344e5d017aa68b3c10c944 -> FILE:src/vs/platform/agentHost/node/copilot/copilotAgent.ts -> COMMIT:9a3715eb3f8fe61d849d3e9edc18f8cc926a3e25
PR,335918,COMMIT,96ed80fe8f3428b9bbdc5308f53ae3ecc7ff8a7d,INDIRECT,COMMIT_MODIFIES_FILE,3,PR:335918 -> COMMIT:adc9092582503ef136344e5d017aa68b3c10c944 -> FILE:src/vs/platform/agentHost/node/copilot/copilotAgent.ts -> COMMIT:96ed80fe8f3428b9bbdc5308f53ae3ecc7ff8a7d
PR,335918,COMMIT,6d801a283c8194258753d71e1d070dd259abfdd0,INDIRECT,COMMIT_MODIFIES_FILE,3,PR:335918 -> COMMIT:adc9092582503ef136344e5d017aa68b3c10c944 -> FILE:src/vs/platform/agentHost/node/copilot/copilotAgent.ts -> COMMIT:6d801a283c8194258753d71e1d070dd259abfdd0
PR,335918,COMMIT,8d0457c8caec9f3a4efa6e48c92c3ad9c8f478fc,INDIRECT,COMMIT_MODIFIES_FILE,3,PR:335918 -> COMMIT:adc9092582503ef136344e5d017aa68b3c10c944 -> FILE:src/vs/platform/agentHost/node/copilot/copilotAgent.ts -> COMMIT:8d0457c8caec9f3a4efa6e48c92c3ad9c8f478fc
PR,335918,COMMIT,be650027f98d535b501339baca421cf64c6898fd,INDIRECT,COMMIT_MODIFIES_FILE,3,PR:335918 -> COMMIT:adc9092582503ef136344e5d017aa68b3c10c944 -> FILE:src/vs/platform/agentHost/node/copilot/copilotAgent.ts -> COMMIT:be650027f98d535b501339baca421cf64c6898fd
PR,335918,COMMIT,f54d0d9c0b688e5abc8c083385b61239d8223017,INDIRECT,COMMIT_MODIFIES_FILE,3,PR:335918 -> COMMIT:adc9092582503ef136344e5d017aa68b3c10c944 -> FILE:src/vs/platform/agentHost/node/copilot/copilotAgent.ts -> COMMIT:f54d0d9c0b688e5abc8c083385b61239d8223017
PR,335918,COMMIT,f963e99920666d2eb9dfc1bd32f1a64cdb0e581e,INDIRECT,COMMIT_MODIFIES_FILE,3,PR:335918 -> COMMIT:adc9092582503ef136344e5d017aa68b3c10c944 -> FILE:src/vs/platform/agentHost/node/copilot/copilotAgent.ts -> COMMIT:f963e99920666d2eb9dfc1bd32f1a64cdb0e581e
PR,335918,COMMIT,5b9d660c0919388f9cc5cfdf8d2df9cf7c593802,INDIRECT,COMMIT_MODIFIES_FILE,3,PR:335918 -> COMMIT:adc9092582503ef136344e5d017aa68b3c10c944 -> FILE:src/vs/platform/agentHost/node/copilot/copilotAgent.ts -> COMMIT:5b9d660c0919388f9cc5cfdf8d2df9cf7c593802
PR,335918,COMMIT,7acd585982ae553b3e0e9d6f648d081a2a8a95bc,INDIRECT,COMMIT_MODIFIES_FILE,3,PR:335918 -> COMMIT:adc9092582503ef136344e5d017aa68b3c10c944 -> FILE:src/vs/platform/agentHost/node/copilot/copilotAgent.ts -> COMMIT:7acd585982ae553b3e0e9d6f648d081a2a8a95bc
PR,335918,COMMIT,cb028191e5e3d871f6f1a41a268ef744e16561ff,INDIRECT,COMMIT_MODIFIES_FILE,3,PR:335918 -> COMMIT:adc9092582503ef136344e5d017aa68b3c10c944 -> FILE:src/vs/platform/agentHost/node/copilot/copilotAgent.ts -> COMMIT:cb028191e5e3d871f6f1a41a268ef744e16561ff
PR,335918,COMMIT,4c738835bd5e9cdc8b67d1fc5ccef40373398a72,INDIRECT,COMMIT_MODIFIES_FILE,3,PR:335918 -> COMMIT:adc9092582503ef136344e5d017aa68b3c10c944 -> FILE:src/vs/platform/agentHost/node/copilot/copilotAgent.ts -> COMMIT:4c738835bd5e9cdc8b67d1fc5ccef40373398a72
PR,335918,COMMIT,b981ee9e04a6d762f633460b9f59a1bb96b29aef,INDIRECT,COMMIT_MODIFIES_FILE,3,PR:335918 -> COMMIT:adc9092582503ef136344e5d017aa68b3c10c944 -> FILE:src/vs/platform/agentHost/node/copilot/copilotAgent.ts -> COMMIT:b981ee9e04a6d762f633460b9f59a1bb96b29aef
PR,335918,COMMIT,4bccb5e521631617a5bac3e4986aa299eb66615c,INDIRECT,COMMIT_MODIFIES_FILE,3,PR:335918 -> COMMIT:adc9092582503ef136344e5d017aa68b3c10c944 -> FILE:src/vs/platform/agentHost/node/copilot/copilotAgent.ts -> COMMIT:4bccb5e521631617a5bac3e4986aa299eb66615c
PR,335918,COMMIT,5932e4d93fea7c5806eed499c9336ebce07bdabb,INDIRECT,COMMIT_MODIFIES_FILE,3,PR:335918 -> COMMIT:adc9092582503ef136344e5d017aa68b3c10c944 -> FILE:src/vs/platform/agentHost/node/copilot/copilotAgent.ts -> COMMIT:5932e4d93fea7c5806eed499c9336ebce07bdabb
PR,335918,COMMIT,2c5846f7717132d61ce4f40c032b33b63ef6f192,INDIRECT,COMMIT_MODIFIES_FILE,3,PR:335918 -> COMMIT:adc9092582503ef136344e5d017aa68b3c10c944 -> FILE:src/vs/platform/agentHost/node/copilot/copilotAgent.ts -> COMMIT:2c5846f7717132d61ce4f40c032b33b63ef6f192
PR,335918,COMMIT,ca133afbf4dae24389fc401f1a85733eab2b77e8,INDIRECT,COMMIT_MODIFIES_FILE,3,PR:335918 -> COMMIT:adc9092582503ef136344e5d017aa68b3c10c944 -> FILE:src/vs/platform/agentHost/node/copilot/copilotAgent.ts -> COMMIT:ca133afbf4dae24389fc401f1a85733eab2b77e8
PR,335918,COMMIT,798d6eec2f72951907d88a7ac814ef312914344e,INDIRECT,COMMIT_MODIFIES_FILE,3,PR:335918 -> COMMIT:adc9092582503ef136344e5d017aa68b3c10c944 -> FILE:src/vs/platform/agentHost/node/copilot/copilotAgent.ts -> COMMIT:798d6eec2f72951907d88a7ac814ef312914344e
PR,335918,COMMIT,ff034a8bea85184a5b4504bc2e256c1e4efcc464,INDIRECT,COMMIT_MODIFIES_FILE,3,PR:335918 -> COMMIT:adc9092582503ef136344e5d017aa68b3c10c944 -> FILE:src/vs/platform/agentHost/node/copilot/copilotAgent.ts -> COMMIT:ff034a8bea85184a5b4504bc2e256c1e4efcc464
PR,335918,COMMIT,8f3da193fee167c5f5990b33c5e8d70f51f765a6,INDIRECT,COMMIT_MODIFIES_FILE,3,PR:335918 -> COMMIT:adc9092582503ef136344e5d017aa68b3c10c944 -> FILE:src/vs/platform/agentHost/node/copilot/copilotAgent.ts -> COMMIT:8f3da193fee167c5f5990b33c5e8d70f51f765a6
PR,335918,COMMIT,1a1c884fd1c4515548bf987a688a31a4b39aaba3,INDIRECT,COMMIT_MODIFIES_FILE,3,PR:335918 -> COMMIT:adc9092582503ef136344e5d017aa68b3c10c944 -> FILE:src/vs/platform/agentHost/node/copilot/copilotAgent.ts -> COMMIT:1a1c884fd1c4515548bf987a688a31a4b39aaba3
PR,335918,COMMIT,b0e0a8de6fed566cdbf2a972f304f5714629a45f,INDIRECT,COMMIT_MODIFIES_FILE,3,PR:335918 -> COMMIT:adc9092582503ef136344e5d017aa68b3c10c944 -> FILE:src/vs/platform/agentHost/node/copilot/copilotAgent.ts -> COMMIT:b0e0a8de6fed566cdbf2a972f304f5714629a45f
PR,335918,COMMIT,0193f6577c8adfb77c6df6edf49a4fcf4b8f521c,INDIRECT,COMMIT_MODIFIES_FILE,3,PR:335918 -> COMMIT:adc9092582503ef136344e5d017aa68b3c10c944 -> FILE:src/vs/platform/agentHost/node/copilot/copilotAgent.ts -> COMMIT:0193f6577c8adfb77c6df6edf49a4fcf4b8f521c
PR,335918,COMMIT,89c71bdee5cb8ce2ed9552bb87b850cbf1c9dd53,INDIRECT,COMMIT_MODIFIES_FILE,3,PR:335918 -> COMMIT:adc9092582503ef136344e5d017aa68b3c10c944 -> FILE:src/vs/platform/agentHost/node/copilot/copilotAgent.ts -> COMMIT:89c71bdee5cb8ce2ed9552bb87b850cbf1c9dd53
PR,335918,COMMIT,f0a8714c7339949dd1701d5651bcb10246d56ad3,INDIRECT,COMMIT_MODIFIES_FILE,3,PR:335918 -> COMMIT:adc9092582503ef136344e5d017aa68b3c10c944 -> FILE:src/vs/platform/agentHost/node/copilot/copilotAgent.ts -> COMMIT:f0a8714c7339949dd1701d5651bcb10246d56ad3
PR,335918,COMMIT,602780fb3050bd4d8ffb752ae9fe827bd5fbb6b4,INDIRECT,COMMIT_MODIFIES_FILE,3,PR:335918 -> COMMIT:adc9092582503ef136344e5d017aa68b3c10c944 -> FILE:src/vs/platform/agentHost/node/copilot/copilotAgent.ts -> COMMIT:602780fb3050bd4d8ffb752ae9fe827bd5fbb6b4
PR,335918,COMMIT,5c4c8dda68cbc00e1ea86517b9f6039640b84f97,INDIRECT,COMMIT_MODIFIES_FILE,3,PR:335918 -> COMMIT:adc9092582503ef136344e5d017aa68b3c10c944 -> FILE:src/vs/platform/agentHost/node/copilot/copilotAgent.ts -> COMMIT:5c4c8dda68cbc00e1ea86517b9f6039640b84f97
PR,335918,COMMIT,6ce2d3434af0ae0322f2b25d534fe91b865687a2,INDIRECT,COMMIT_MODIFIES_FILE,3,PR:335918 -> COMMIT:adc9092582503ef136344e5d017aa68b3c10c944 -> FILE:src/vs/platform/agentHost/node/copilot/copilotAgent.ts -> COMMIT:6ce2d3434af0ae0322f2b25d534fe91b865687a2
PR,335918,COMMIT,ff1d72e37d33ce6d910794779431897616712d30,INDIRECT,COMMIT_MODIFIES_FILE,3,PR:335918 -> COMMIT:adc9092582503ef136344e5d017aa68b3c10c944 -> FILE:src/vs/platform/agentHost/node/copilot/copilotAgent.ts -> COMMIT:ff1d72e37d33ce6d910794779431897616712d30
PR,335918,COMMIT,034101b4de2605089da17feae13762ebd42535d9,INDIRECT,COMMIT_MODIFIES_FILE,3,PR:335918 -> COMMIT:adc9092582503ef136344e5d017aa68b3c10c944 -> FILE:src/vs/platform/agentHost/node/copilot/copilotAgent.ts -> COMMIT:034101b4de2605089da17feae13762ebd42535d9
PR,335918,COMMIT,4f5e58df8ec4462e55177e1cc5c43dee5dbce240,INDIRECT,COMMIT_MODIFIES_FILE,3,PR:335918 -> COMMIT:adc9092582503ef136344e5d017aa68b3c10c944 -> FILE:src/vs/platform/agentHost/node/copilot/copilotAgent.ts -> COMMIT:4f5e58df8ec4462e55177e1cc5c43dee5dbce240
PR,335918,COMMIT,a2c1577ee531627aa62d7fb976e57fa2ed013996,INDIRECT,COMMIT_MODIFIES_FILE,3,PR:335918 -> COMMIT:adc9092582503ef136344e5d017aa68b3c10c944 -> FILE:src/vs/platform/agentHost/node/copilot/copilotAgent.ts -> COMMIT:a2c1577ee531627aa62d7fb976e57fa2ed013996
PR,335918,COMMIT,e7839b45530bef14a81a0e7b3c8c510014fdc504,INDIRECT,COMMIT_MODIFIES_FILE,3,PR:335918 -> COMMIT:adc9092582503ef136344e5d017aa68b3c10c944 -> FILE:src/vs/platform/agentHost/node/copilot/copilotAgent.ts -> COMMIT:e7839b45530bef14a81a0e7b3c8c510014fdc504
PR,335918,COMMIT,172c3f92e9d9052b6927d040b4c6030c4409d4e7,INDIRECT,COMMIT_MODIFIES_FILE,3,PR:335918 -> COMMIT:adc9092582503ef136344e5d017aa68b3c10c944 -> FILE:src/vs/platform/agentHost/node/copilot/copilotAgent.ts -> COMMIT:172c3f92e9d9052b6927d040b4c6030c4409d4e7
PR,335918,COMMIT,a4790ea116704d918b48d191ee0424ea8927c47d,INDIRECT,COMMIT_MODIFIES_FILE,3,PR:335918 -> COMMIT:adc9092582503ef136344e5d017aa68b3c10c944 -> FILE:src/vs/platform/agentHost/node/copilot/copilotAgent.ts -> COMMIT:a4790ea116704d918b48d191ee0424ea8927c47d
PR,335918,COMMIT,e9b409863b4a5e64a4aefef0fab8826847bc15a7,INDIRECT,COMMIT_MODIFIES_FILE,3,PR:335918 -> COMMIT:adc9092582503ef136344e5d017aa68b3c10c944 -> FILE:src/vs/platform/agentHost/node/copilot/copilotAgent.ts -> COMMIT:e9b409863b4a5e64a4aefef0fab8826847bc15a7
PR,335918,COMMIT,6a5274609f1513177ddf6997279e2bbbbb50fdc9,INDIRECT,COMMIT_MODIFIES_FILE,3,PR:335918 -> COMMIT:adc9092582503ef136344e5d017aa68b3c10c944 -> FILE:src/vs/platform/agentHost/node/copilot/copilotAgent.ts -> COMMIT:6a5274609f1513177ddf6997279e2bbbbb50fdc9
PR,335918,COMMIT,d7fd75efc7f116aed242a54f2d21a1c99eb05ff6,INDIRECT,COMMIT_MODIFIES_FILE,3,PR:335918 -> COMMIT:adc9092582503ef136344e5d017aa68b3c10c944 -> FILE:src/vs/platform/agentHost/node/copilot/copilotAgent.ts -> COMMIT:d7fd75efc7f116aed242a54f2d21a1c99eb05ff6
PR,335918,COMMIT,ecdc1e4dbe4fff9b1c8877598589922e4f2f04ff,INDIRECT,COMMIT_MODIFIES_FILE,3,PR:335918 -> COMMIT:adc9092582503ef136344e5d017aa68b3c10c944 -> FILE:src/vs/platform/agentHost/node/copilot/copilotAgent.ts -> COMMIT:ecdc1e4dbe4fff9b1c8877598589922e4f2f04ff
PR,335918,COMMIT,36bc8f3fa11719a9cfddc42ad3b4ec33c61c3610,INDIRECT,COMMIT_MODIFIES_FILE,3,PR:335918 -> COMMIT:adc9092582503ef136344e5d017aa68b3c10c944 -> FILE:src/vs/platform/agentHost/node/copilot/copilotAgent.ts -> COMMIT:36bc8f3fa11719a9cfddc42ad3b4ec33c61c3610
PR,335918,COMMIT,b8e47a2f237d92c2ffefdde319e26dfdfda16a21,INDIRECT,COMMIT_MODIFIES_FILE,3,PR:335918 -> COMMIT:adc9092582503ef136344e5d017aa68b3c10c944 -> FILE:src/vs/platform/agentHost/node/copilot/copilotAgent.ts -> COMMIT:b8e47a2f237d92c2ffefdde319e26dfdfda16a21
PR,335918,COMMIT,2776485b57c4b28e888aa0ce8a65efbc6e02df75,INDIRECT,COMMIT_MODIFIES_FILE,3,PR:335918 -> COMMIT:adc9092582503ef136344e5d017aa68b3c10c944 -> FILE:src/vs/platform/agentHost/node/copilot/copilotAgent.ts -> COMMIT:2776485b57c4b28e888aa0ce8a65efbc6e02df75
PR,335918,COMMIT,7ca6f0932bf54192b66dfdbc4c93f129cb8a6cdb,INDIRECT,COMMIT_MODIFIES_FILE,3,PR:335918 -> COMMIT:adc9092582503ef136344e5d017aa68b3c10c944 -> FILE:src/vs/platform/agentHost/node/copilot/copilotAgent.ts -> COMMIT:7ca6f0932bf54192b66dfdbc4c93f129cb8a6cdb
PR,335918,COMMIT,8b1fbeca6e8d4b7bc8bc85e2781ab70183fccd1a,INDIRECT,COMMIT_MODIFIES_FILE,3,PR:335918 -> COMMIT:adc9092582503ef136344e5d017aa68b3c10c944 -> FILE:src/vs/platform/agentHost/node/copilot/copilotAgent.ts -> COMMIT:8b1fbeca6e8d4b7bc8bc85e2781ab70183fccd1a
PR,335918,COMMIT,af8b26cd9cffbc18e3c6b6892dfc3b1c0f475810,INDIRECT,COMMIT_MODIFIES_FILE,3,PR:335918 -> COMMIT:adc9092582503ef136344e5d017aa68b3c10c944 -> FILE:src/vs/platform/agentHost/node/copilot/copilotAgent.ts -> COMMIT:af8b26cd9cffbc18e3c6b6892dfc3b1c0f475810
PR,335918,COMMIT,3a467d5b233dd8c93ccc970d65d40f43bc424489,INDIRECT,COMMIT_MODIFIES_FILE,3,PR:335918 -> COMMIT:adc9092582503ef136344e5d017aa68b3c10c944 -> FILE:src/vs/platform/agentHost/node/copilot/copilotAgent.ts -> COMMIT:3a467d5b233dd8c93ccc970d65d40f43bc424489
PR,335918,COMMIT,f8c1c45e1211294b167df05cf66358f27a99a436,INDIRECT,COMMIT_MODIFIES_FILE,3,PR:335918 -> COMMIT:adc9092582503ef136344e5d017aa68b3c10c944 -> FILE:src/vs/platform/agentHost/node/copilot/copilotAgent.ts -> COMMIT:f8c1c45e1211294b167df05cf66358f27a99a436
PR,335918,COMMIT,601061236c5ddf8c1bbe70f0e3dae774aad4a3ac,INDIRECT,COMMIT_MODIFIES_FILE,3,PR:335918 -> COMMIT:adc9092582503ef136344e5d017aa68b3c10c944 -> FILE:src/vs/platform/agentHost/node/copilot/copilotAgent.ts -> COMMIT:601061236c5ddf8c1bbe70f0e3dae774aad4a3ac
PR,335918,COMMIT,ee74a5a8d1047b33186453f62436193cc54fe7eb,INDIRECT,COMMIT_MODIFIES_FILE,3,PR:335918 -> COMMIT:adc9092582503ef136344e5d017aa68b3c10c944 -> FILE:src/vs/platform/agentHost/node/copilot/copilotAgent.ts -> COMMIT:ee74a5a8d1047b33186453f62436193cc54fe7eb
PR,335918,COMMIT,7ecfc124095301d92a3db8de163c7f6635e19694,INDIRECT,COMMIT_MODIFIES_FILE,3,PR:335918 -> COMMIT:adc9092582503ef136344e5d017aa68b3c10c944 -> FILE:src/vs/platform/agentHost/node/copilot/copilotAgent.ts -> COMMIT:7ecfc124095301d92a3db8de163c7f6635e19694
PR,335918,COMMIT,377d4b9de996610b0c3c3018ea54fb3b3a5e9d99,INDIRECT,COMMIT_MODIFIES_FILE,3,PR:335918 -> COMMIT:adc9092582503ef136344e5d017aa68b3c10c944 -> FILE:src/vs/platform/agentHost/node/copilot/copilotAgent.ts -> COMMIT:377d4b9de996610b0c3c3018ea54fb3b3a5e9d99
PR,335918,COMMIT,59a13df0932641982377f43e9ed5f5c93c45af2b,INDIRECT,COMMIT_MODIFIES_FILE,3,PR:335918 -> COMMIT:adc9092582503ef136344e5d017aa68b3c10c944 -> FILE:src/vs/platform/agentHost/node/copilot/copilotAgent.ts -> COMMIT:59a13df0932641982377f43e9ed5f5c93c45af2b
PR,335918,COMMIT,04ea852f1e7e6be2e1e38b8d860614b74d9d2697,INDIRECT,COMMIT_MODIFIES_FILE,3,PR:335918 -> COMMIT:adc9092582503ef136344e5d017aa68b3c10c944 -> FILE:src/vs/platform/agentHost/node/copilot/copilotAgent.ts -> COMMIT:04ea852f1e7e6be2e1e38b8d860614b74d9d2697
PR,335918,COMMIT,5bdbfca107848e7f441de59cd517769dbe37c2f6,INDIRECT,COMMIT_MODIFIES_FILE,3,PR:335918 -> COMMIT:adc9092582503ef136344e5d017aa68b3c10c944 -> FILE:src/vs/platform/agentHost/node/copilot/copilotAgent.ts -> COMMIT:5bdbfca107848e7f441de59cd517769dbe37c2f6
PR,335918,COMMIT,47de25d15cd7e2be7143a66226050f3a6dc40129,INDIRECT,COMMIT_MODIFIES_FILE,3,PR:335918 -> COMMIT:adc9092582503ef136344e5d017aa68b3c10c944 -> FILE:src/vs/platform/agentHost/node/copilot/copilotAgent.ts -> COMMIT:47de25d15cd7e2be7143a66226050f3a6dc40129
PR,335918,COMMIT,ce869333f86c990b8010bc26ea65f31c3e68903c,INDIRECT,COMMIT_MODIFIES_FILE,3,PR:335918 -> COMMIT:adc9092582503ef136344e5d017aa68b3c10c944 -> FILE:src/vs/platform/agentHost/node/copilot/copilotAgent.ts -> COMMIT:ce869333f86c990b8010bc26ea65f31c3e68903c
PR,335918,COMMIT,b483990dfbca91a3ff2bf2d968f0e043ffc1f2a0,INDIRECT,COMMIT_MODIFIES_FILE,3,PR:335918 -> COMMIT:adc9092582503ef136344e5d017aa68b3c10c944 -> FILE:src/vs/platform/agentHost/node/copilot/copilotAgent.ts -> COMMIT:b483990dfbca91a3ff2bf2d968f0e043ffc1f2a0
PR,335918,COMMIT,d9db3e4d45e42930ed1c3e65c3578da206e201a1,INDIRECT,COMMIT_MODIFIES_FILE,3,PR:335918 -> COMMIT:adc9092582503ef136344e5d017aa68b3c10c944 -> FILE:src/vs/platform/agentHost/node/copilot/copilotAgent.ts -> COMMIT:d9db3e4d45e42930ed1c3e65c3578da206e201a1
PR,335918,COMMIT,d5d9fb64d583c9a9a9bcc9c029560366903aed3f,INDIRECT,COMMIT_MODIFIES_FILE,3,PR:335918 -> COMMIT:adc9092582503ef136344e5d017aa68b3c10c944 -> FILE:src/vs/platform/agentHost/node/copilot/copilotAgent.ts -> COMMIT:d5d9fb64d583c9a9a9bcc9c029560366903aed3f
PR,335918,COMMIT,9c51584cb2d4b95c8bf681caf7da1585194cc453,INDIRECT,COMMIT_MODIFIES_FILE,3,PR:335918 -> COMMIT:adc9092582503ef136344e5d017aa68b3c10c944 -> FILE:src/vs/platform/agentHost/node/copilot/copilotAgent.ts -> COMMIT:9c51584cb2d4b95c8bf681caf7da1585194cc453
PR,335918,COMMIT,0c36a38a351d9abb637b812fbb7dd63621999ad3,INDIRECT,COMMIT_MODIFIES_FILE,3,PR:335918 -> COMMIT:adc9092582503ef136344e5d017aa68b3c10c944 -> FILE:src/vs/platform/agentHost/node/copilot/copilotAgent.ts -> COMMIT:0c36a38a351d9abb637b812fbb7dd63621999ad3
PR,335918,COMMIT,a460a2b8bb890be841ef1b7722f6b6bbdc279408,INDIRECT,COMMIT_MODIFIES_FILE,3,PR:335918 -> COMMIT:adc9092582503ef136344e5d017aa68b3c10c944 -> FILE:src/vs/platform/agentHost/node/copilot/copilotAgent.ts -> COMMIT:a460a2b8bb890be841ef1b7722f6b6bbdc279408
PR,335918,COMMIT,0bffe2b092aef8687af11f2b52eca18dcc517fc7,INDIRECT,COMMIT_MODIFIES_FILE,3,PR:335918 -> COMMIT:adc9092582503ef136344e5d017aa68b3c10c944 -> FILE:src/vs/platform/agentHost/node/copilot/copilotAgent.ts -> COMMIT:0bffe2b092aef8687af11f2b52eca18dcc517fc7
PR,335918,COMMIT,08179c160eabcab8b4eff77e8489d131b95f8ae0,INDIRECT,COMMIT_MODIFIES_FILE,3,PR:335918 -> COMMIT:adc9092582503ef136344e5d017aa68b3c10c944 -> FILE:src/vs/platform/agentHost/node/copilot/copilotAgent.ts -> COMMIT:08179c160eabcab8b4eff77e8489d131b95f8ae0
PR,335918,COMMIT,b9cdc5716efb518227bacc6a52be04d6496a9253,INDIRECT,COMMIT_MODIFIES_FILE,3,PR:335918 -> COMMIT:adc9092582503ef136344e5d017aa68b3c10c944 -> FILE:src/vs/platform/agentHost/node/copilot/copilotAgent.ts -> COMMIT:b9cdc5716efb518227bacc6a52be04d6496a9253
PR,335918,COMMIT,eaa687717806789eb8e76c9b7af545f8f56e5e6b,INDIRECT,COMMIT_MODIFIES_FILE,3,PR:335918 -> COMMIT:adc9092582503ef136344e5d017aa68b3c10c944 -> FILE:src/vs/platform/agentHost/node/copilot/copilotAgent.ts -> COMMIT:eaa687717806789eb8e76c9b7af545f8f56e5e6b
PR,335918,COMMIT,13c0293722f94f6bee5f26c51cb16137a33a5afc,INDIRECT,COMMIT_MODIFIES_FILE,3,PR:335918 -> COMMIT:adc9092582503ef136344e5d017aa68b3c10c944 -> FILE:src/vs/platform/agentHost/node/copilot/copilotAgent.ts -> COMMIT:13c0293722f94f6bee5f26c51cb16137a33a5afc
PR,335918,COMMIT,7dc7379262de45d8634fdae82d9e6de4bfa35f71,INDIRECT,COMMIT_MODIFIES_FILE,3,PR:335918 -> COMMIT:adc9092582503ef136344e5d017aa68b3c10c944 -> FILE:src/vs/platform/agentHost/node/copilot/copilotAgent.ts -> COMMIT:7dc7379262de45d8634fdae82d9e6de4bfa35f71
PR,335918,COMMIT,4ee640c4b16739be1ef07b39192db002d1bcf9da,INDIRECT,COMMIT_MODIFIES_FILE,3,PR:335918 -> COMMIT:adc9092582503ef136344e5d017aa68b3c10c944 -> FILE:src/vs/platform/agentHost/node/copilot/copilotAgent.ts -> COMMIT:4ee640c4b16739be1ef07b39192db002d1bcf9da
PR,335918,COMMIT,9065d38f9d59de713b7f2f3f888b7d505908683c,INDIRECT,COMMIT_MODIFIES_FILE,3,PR:335918 -> COMMIT:adc9092582503ef136344e5d017aa68b3c10c944 -> FILE:src/vs/platform/agentHost/node/copilot/copilotAgent.ts -> COMMIT:9065d38f9d59de713b7f2f3f888b7d505908683c
PR,335918,COMMIT,2c0fbbf2f21b5364bdc1b8aad50446d03a15256d,INDIRECT,COMMIT_MODIFIES_FILE,3,PR:335918 -> COMMIT:adc9092582503ef136344e5d017aa68b3c10c944 -> FILE:src/vs/platform/agentHost/node/copilot/copilotAgent.ts -> COMMIT:2c0fbbf2f21b5364bdc1b8aad50446d03a15256d
PR,335918,COMMIT,be925635d0f429ea1c5ca8abaf375b1dd939e1ba,INDIRECT,COMMIT_MODIFIES_FILE,3,PR:335918 -> COMMIT:adc9092582503ef136344e5d017aa68b3c10c944 -> FILE:src/vs/platform/agentHost/node/copilot/copilotAgent.ts -> COMMIT:be925635d0f429ea1c5ca8abaf375b1dd939e1ba
PR,335918,COMMIT,a9125ca0adfc38a9fecb57b676f9c87d45902a42,INDIRECT,COMMIT_MODIFIES_FILE,3,PR:335918 -> COMMIT:adc9092582503ef136344e5d017aa68b3c10c944 -> FILE:src/vs/platform/agentHost/node/copilot/copilotAgent.ts -> COMMIT:a9125ca0adfc38a9fecb57b676f9c87d45902a42
PR,335918,COMMIT,5bb7a577b618bc88e2bfdf703a5bf1e2929ab67c,INDIRECT,COMMIT_MODIFIES_FILE,3,PR:335918 -> COMMIT:adc9092582503ef136344e5d017aa68b3c10c944 -> FILE:src/vs/platform/agentHost/node/copilot/copilotAgent.ts -> COMMIT:5bb7a577b618bc88e2bfdf703a5bf1e2929ab67c
PR,335918,COMMIT,60f27263f51f50a5293926f4a9548a6d289568d5,INDIRECT,COMMIT_MODIFIES_FILE,3,PR:335918 -> COMMIT:adc9092582503ef136344e5d017aa68b3c10c944 -> FILE:src/vs/platform/agentHost/node/copilot/copilotAgent.ts -> COMMIT:60f27263f51f50a5293926f4a9548a6d289568d5
PR,335918,COMMIT,387dac1c7023264820a5a49645d27fad489d2619,INDIRECT,COMMIT_MODIFIES_FILE,3,PR:335918 -> COMMIT:adc9092582503ef136344e5d017aa68b3c10c944 -> FILE:src/vs/platform/agentHost/node/copilot/copilotAgent.ts -> COMMIT:387dac1c7023264820a5a49645d27fad489d2619
PR,335918,COMMIT,3d716b9b895ff839d2980d04c72225b6bfbb7ec0,INDIRECT,COMMIT_MODIFIES_FILE,3,PR:335918 -> COMMIT:adc9092582503ef136344e5d017aa68b3c10c944 -> FILE:src/vs/platform/agentHost/node/copilot/copilotAgent.ts -> COMMIT:3d716b9b895ff839d2980d04c72225b6bfbb7ec0
PR,335918,COMMIT,72396dcaee5df9cbac0108d496b58acb375cac7a,INDIRECT,COMMIT_MODIFIES_FILE,3,PR:335918 -> COMMIT:adc9092582503ef136344e5d017aa68b3c10c944 -> FILE:src/vs/platform/agentHost/node/copilot/copilotAgent.ts -> COMMIT:72396dcaee5df9cbac0108d496b58acb375cac7a
PR,335918,COMMIT,0365a04d8d0b5a8148d35aac6a8f06badfe1e66a,INDIRECT,COMMIT_MODIFIES_FILE,3,PR:335918 -> COMMIT:adc9092582503ef136344e5d017aa68b3c10c944 -> FILE:src/vs/platform/agentHost/node/copilot/copilotAgent.ts -> COMMIT:0365a04d8d0b5a8148d35aac6a8f06badfe1e66a
PR,335918,COMMIT,6927dc2fa6ae0459bff900e32f2061a3e20267f2,INDIRECT,COMMIT_MODIFIES_FILE,3,PR:335918 -> COMMIT:adc9092582503ef136344e5d017aa68b3c10c944 -> FILE:src/vs/platform/agentHost/node/copilot/copilotAgent.ts -> COMMIT:6927dc2fa6ae0459bff900e32f2061a3e20267f2
PR,335918,COMMIT,7fd3fe6d0991e85fd4abfaaf403c0d7adb9d947b,INDIRECT,COMMIT_MODIFIES_FILE,3,PR:335918 -> COMMIT:adc9092582503ef136344e5d017aa68b3c10c944 -> FILE:src/vs/platform/agentHost/node/copilot/copilotAgent.ts -> COMMIT:7fd3fe6d0991e85fd4abfaaf403c0d7adb9d947b
PR,335918,COMMIT,46655c2a564a4cf67dcb27bf9ac4205787e02a98,INDIRECT,COMMIT_MODIFIES_FILE,3,PR:335918 -> COMMIT:adc9092582503ef136344e5d017aa68b3c10c944 -> FILE:src/vs/platform/agentHost/node/copilot/copilotAgent.ts -> COMMIT:46655c2a564a4cf67dcb27bf9ac4205787e02a98
PR,335918,COMMIT,45be5a7b051c12415b92eb87e8c57a5c5c4136f3,INDIRECT,COMMIT_MODIFIES_FILE,3,PR:335918 -> COMMIT:adc9092582503ef136344e5d017aa68b3c10c944 -> FILE:src/vs/platform/agentHost/node/copilot/copilotAgent.ts -> COMMIT:45be5a7b051c12415b92eb87e8c57a5c5c4136f3
PR,335918,COMMIT,2c9e152f2d72ac845a3efb4c415f20f8ba474cc6,INDIRECT,COMMIT_MODIFIES_FILE,3,PR:335918 -> COMMIT:adc9092582503ef136344e5d017aa68b3c10c944 -> FILE:src/vs/platform/agentHost/node/copilot/copilotAgent.ts -> COMMIT:2c9e152f2d72ac845a3efb4c415f20f8ba474cc6
PR,335918,COMMIT,dca323ac2a30dfeb0fc3fab8f6b38c7bed950fbb,INDIRECT,COMMIT_MODIFIES_FILE,3,PR:335918 -> COMMIT:adc9092582503ef136344e5d017aa68b3c10c944 -> FILE:src/vs/platform/agentHost/node/copilot/copilotAgent.ts -> COMMIT:dca323ac2a30dfeb0fc3fab8f6b38c7bed950fbb
PR,335918,COMMIT,be442cee0cfd62a979adad99f0190377698864ea,INDIRECT,COMMIT_MODIFIES_FILE,3,PR:335918 -> COMMIT:adc9092582503ef136344e5d017aa68b3c10c944 -> FILE:src/vs/platform/agentHost/node/copilot/copilotAgent.ts -> COMMIT:be442cee0cfd62a979adad99f0190377698864ea
PR,335918,COMMIT,30a237ddee0bd0d486d4bb93e9dfab71f69d9042,INDIRECT,COMMIT_MODIFIES_FILE,3,PR:335918 -> COMMIT:adc9092582503ef136344e5d017aa68b3c10c944 -> FILE:src/vs/platform/agentHost/node/copilot/copilotAgent.ts -> COMMIT:30a237ddee0bd0d486d4bb93e9dfab71f69d9042
PR,335918,COMMIT,5950a2f5764d45766a71e3603aa88ca57ccc84a1,INDIRECT,COMMIT_MODIFIES_FILE,3,PR:335918 -> COMMIT:adc9092582503ef136344e5d017aa68b3c10c944 -> FILE:src/vs/platform/agentHost/node/copilot/copilotAgent.ts -> COMMIT:5950a2f5764d45766a71e3603aa88ca57ccc84a1
PR,335918,COMMIT,bbd1d2da2c750fbdc0914d5686e433472f6cd74d,INDIRECT,COMMIT_MODIFIES_FILE,3,PR:335918 -> COMMIT:adc9092582503ef136344e5d017aa68b3c10c944 -> FILE:src/vs/platform/agentHost/node/copilot/copilotAgent.ts -> COMMIT:bbd1d2da2c750fbdc0914d5686e433472f6cd74d
PR,335918,COMMIT,694e6e681a2f941ea61b4331aa9eb26a1c5d2ed8,INDIRECT,COMMIT_MODIFIES_FILE,3,PR:335918 -> COMMIT:adc9092582503ef136344e5d017aa68b3c10c944 -> FILE:src/vs/platform/agentHost/node/copilot/copilotAgent.ts -> COMMIT:694e6e681a2f941ea61b4331aa9eb26a1c5d2ed8
PR,335918,COMMIT,799b6daa4f09fba90c09990876ad31d92b7ce975,INDIRECT,COMMIT_MODIFIES_FILE,3,PR:335918 -> COMMIT:adc9092582503ef136344e5d017aa68b3c10c944 -> FILE:src/vs/platform/agentHost/node/copilot/copilotAgent.ts -> COMMIT:799b6daa4f09fba90c09990876ad31d92b7ce975
PR,335918,COMMIT,f88177108a63407bba824d87eba45e7353d32833,INDIRECT,COMMIT_MODIFIES_FILE,3,PR:335918 -> COMMIT:adc9092582503ef136344e5d017aa68b3c10c944 -> FILE:src/vs/platform/agentHost/node/copilot/copilotAgent.ts -> COMMIT:f88177108a63407bba824d87eba45e7353d32833
PR,335918,COMMIT,04b37859ea9c091cea8445e74e6708284a33903d,INDIRECT,COMMIT_MODIFIES_FILE,3,PR:335918 -> COMMIT:adc9092582503ef136344e5d017aa68b3c10c944 -> FILE:src/vs/platform/agentHost/node/copilot/copilotAgent.ts -> COMMIT:04b37859ea9c091cea8445e74e6708284a33903d
PR,335918,COMMIT,cef813e1b13114bdd63be923720e090436be48dc,INDIRECT,COMMIT_MODIFIES_FILE,3,PR:335918 -> COMMIT:adc9092582503ef136344e5d017aa68b3c10c944 -> FILE:src/vs/platform/agentHost/node/copilot/copilotAgent.ts -> COMMIT:cef813e1b13114bdd63be923720e090436be48dc
PR,335918,COMMIT,e6babb923c00983941703ffe9d5111d9cf33d42e,INDIRECT,COMMIT_MODIFIES_FILE,3,PR:335918 -> COMMIT:adc9092582503ef136344e5d017aa68b3c10c944 -> FILE:src/vs/platform/agentHost/node/copilot/copilotAgent.ts -> COMMIT:e6babb923c00983941703ffe9d5111d9cf33d42e
PR,335918,COMMIT,2bcf8ee14508a8e21b7f5d2ab18a436a890a3b39,INDIRECT,COMMIT_MODIFIES_FILE,3,PR:335918 -> COMMIT:adc9092582503ef136344e5d017aa68b3c10c944 -> FILE:src/vs/platform/agentHost/node/copilot/copilotAgent.ts -> COMMIT:2bcf8ee14508a8e21b7f5d2ab18a436a890a3b39
PR,335918,COMMIT,49afc745c5ce6fcd57b1cec161d63f0c2b7da035,INDIRECT,COMMIT_MODIFIES_FILE,3,PR:335918 -> COMMIT:adc9092582503ef136344e5d017aa68b3c10c944 -> FILE:src/vs/platform/agentHost/node/copilot/copilotAgent.ts -> COMMIT:49afc745c5ce6fcd57b1cec161d63f0c2b7da035
PR,335918,COMMIT,ef1af597c72c987e5ca3cb772ac5f3a6b49af173,INDIRECT,COMMIT_MODIFIES_FILE,3,PR:335918 -> COMMIT:adc9092582503ef136344e5d017aa68b3c10c944 -> FILE:src/vs/platform/agentHost/node/copilot/copilotAgent.ts -> COMMIT:ef1af597c72c987e5ca3cb772ac5f3a6b49af173
PR,335918,COMMIT,940d8e47eb65d4aac7104feace5e1fab0d58334c,INDIRECT,COMMIT_MODIFIES_FILE,3,PR:335918 -> COMMIT:adc9092582503ef136344e5d017aa68b3c10c944 -> FILE:src/vs/platform/agentHost/node/copilot/copilotAgent.ts -> COMMIT:940d8e47eb65d4aac7104feace5e1fab0d58334c
PR,335918,COMMIT,4e276573f94e5640ec356ac20243512923b8c485,INDIRECT,COMMIT_MODIFIES_FILE,3,PR:335918 -> COMMIT:adc9092582503ef136344e5d017aa68b3c10c944 -> FILE:src/vs/platform/agentHost/node/copilot/copilotAgent.ts -> COMMIT:4e276573f94e5640ec356ac20243512923b8c485
PR,335918,COMMIT,9658372e3e029c679224f2969c55e0ecfd575b7c,INDIRECT,COMMIT_MODIFIES_FILE,3,PR:335918 -> COMMIT:adc9092582503ef136344e5d017aa68b3c10c944 -> FILE:src/vs/platform/agentHost/node/copilot/copilotAgent.ts -> COMMIT:9658372e3e029c679224f2969c55e0ecfd575b7c
PR,335918,COMMIT,4530b629bd9908576fe8c603e224339f1afdbef3,INDIRECT,COMMIT_MODIFIES_FILE,3,PR:335918 -> COMMIT:adc9092582503ef136344e5d017aa68b3c10c944 -> FILE:src/vs/platform/agentHost/node/copilot/copilotAgent.ts -> COMMIT:4530b629bd9908576fe8c603e224339f1afdbef3
PR,335918,COMMIT,dda606475b18bdf79dbbeed1a29e7fad65cfc36f,INDIRECT,COMMIT_MODIFIES_FILE,3,PR:335918 -> COMMIT:adc9092582503ef136344e5d017aa68b3c10c944 -> FILE:src/vs/platform/agentHost/node/copilot/copilotAgent.ts -> COMMIT:dda606475b18bdf79dbbeed1a29e7fad65cfc36f
PR,335918,COMMIT,d50e412b1525709fe49afa2cee5914d1eb8fc2ba,INDIRECT,COMMIT_MODIFIES_FILE,3,PR:335918 -> COMMIT:adc9092582503ef136344e5d017aa68b3c10c944 -> FILE:src/vs/platform/agentHost/node/copilot/copilotAgent.ts -> COMMIT:d50e412b1525709fe49afa2cee5914d1eb8fc2ba
PR,335918,COMMIT,70bea2e06eb0f9ee7a1087b928dfd196e5416548,INDIRECT,COMMIT_MODIFIES_FILE,3,PR:335918 -> COMMIT:adc9092582503ef136344e5d017aa68b3c10c944 -> FILE:src/vs/platform/agentHost/node/copilot/copilotAgent.ts -> COMMIT:70bea2e06eb0f9ee7a1087b928dfd196e5416548
PR,335918,COMMIT,0ce5df4e806753b1482832f99230ccf47aaa6779,INDIRECT,COMMIT_MODIFIES_FILE,3,PR:335918 -> COMMIT:adc9092582503ef136344e5d017aa68b3c10c944 -> FILE:src/vs/platform/agentHost/node/copilot/copilotAgent.ts -> COMMIT:0ce5df4e806753b1482832f99230ccf47aaa6779
PR,335918,COMMIT,ed3e7b6d5f519d0d6f26baef70fa13e89cad30d8,INDIRECT,COMMIT_MODIFIES_FILE,3,PR:335918 -> COMMIT:adc9092582503ef136344e5d017aa68b3c10c944 -> FILE:src/vs/platform/agentHost/node/copilot/copilotAgent.ts -> COMMIT:ed3e7b6d5f519d0d6f26baef70fa13e89cad30d8
PR,335918,COMMIT,636c4d263a2776db1b3a38f0036c1608b10884f6,INDIRECT,COMMIT_MODIFIES_FILE,3,PR:335918 -> COMMIT:adc9092582503ef136344e5d017aa68b3c10c944 -> FILE:src/vs/platform/agentHost/node/copilot/copilotAgent.ts -> COMMIT:636c4d263a2776db1b3a38f0036c1608b10884f6
PR,335918,COMMIT,93d40e3c8c18d0f155b3588c8398d97db22bc058,INDIRECT,COMMIT_MODIFIES_FILE,3,PR:335918 -> COMMIT:adc9092582503ef136344e5d017aa68b3c10c944 -> FILE:src/vs/platform/agentHost/node/copilot/copilotAgent.ts -> COMMIT:93d40e3c8c18d0f155b3588c8398d97db22bc058
PR,335918,COMMIT,1481c72c78f4dde48ff33042bf634cf236f674d8,INDIRECT,COMMIT_MODIFIES_FILE,3,PR:335918 -> COMMIT:adc9092582503ef136344e5d017aa68b3c10c944 -> FILE:src/vs/platform/agentHost/node/copilot/copilotAgent.ts -> COMMIT:1481c72c78f4dde48ff33042bf634cf236f674d8
PR,335918,COMMIT,7982a2f32b6c1d2f89afced569720c8f11cffd2a,INDIRECT,COMMIT_MODIFIES_FILE,3,PR:335918 -> COMMIT:adc9092582503ef136344e5d017aa68b3c10c944 -> FILE:src/vs/platform/agentHost/node/copilot/copilotAgent.ts -> COMMIT:7982a2f32b6c1d2f89afced569720c8f11cffd2a
PR,335918,COMMIT,fdbe6457ebdc452fcf143a9eed01762ae03d85a2,INDIRECT,COMMIT_MODIFIES_FILE,3,PR:335918 -> COMMIT:adc9092582503ef136344e5d017aa68b3c10c944 -> FILE:src/vs/platform/agentHost/node/copilot/copilotAgent.ts -> COMMIT:fdbe6457ebdc452fcf143a9eed01762ae03d85a2
PR,335918,COMMIT,34a3598b4131c7a2cd833e06a78e018ebea4a625,INDIRECT,COMMIT_MODIFIES_FILE,3,PR:335918 -> COMMIT:adc9092582503ef136344e5d017aa68b3c10c944 -> FILE:src/vs/platform/agentHost/node/copilot/copilotAgent.ts -> COMMIT:34a3598b4131c7a2cd833e06a78e018ebea4a625
PR,335918,COMMIT,c64218542c203eaa740d8355fa9bfc0bf6bde7b7,INDIRECT,COMMIT_MODIFIES_FILE,3,PR:335918 -> COMMIT:adc9092582503ef136344e5d017aa68b3c10c944 -> FILE:src/vs/platform/agentHost/node/copilot/copilotAgent.ts -> COMMIT:c64218542c203eaa740d8355fa9bfc0bf6bde7b7
PR,335918,COMMIT,e278e878659040f38c21d2df502f7b58a065f3e4,INDIRECT,COMMIT_MODIFIES_FILE,3,PR:335918 -> COMMIT:adc9092582503ef136344e5d017aa68b3c10c944 -> FILE:src/vs/platform/agentHost/node/copilot/copilotAgent.ts -> COMMIT:e278e878659040f38c21d2df502f7b58a065f3e4
PR,335918,COMMIT,b7dd1ba79817c2f9bf30f8e8f5543100a12adaa5,INDIRECT,COMMIT_MODIFIES_FILE,3,PR:335918 -> COMMIT:adc9092582503ef136344e5d017aa68b3c10c944 -> FILE:src/vs/platform/agentHost/node/copilot/copilotAgent.ts -> COMMIT:b7dd1ba79817c2f9bf30f8e8f5543100a12adaa5
PR,335918,COMMIT,12325d4d0a5a2c3633cb71a24cb8e92a1a075ffe,INDIRECT,COMMIT_MODIFIES_FILE,3,PR:335918 -> COMMIT:adc9092582503ef136344e5d017aa68b3c10c944 -> FILE:src/vs/platform/agentHost/node/copilot/copilotAgent.ts -> COMMIT:12325d4d0a5a2c3633cb71a24cb8e92a1a075ffe
PR,335918,COMMIT,18e6426f29fb518eec901ae059a8c176f48e546e,INDIRECT,COMMIT_MODIFIES_FILE,3,PR:335918 -> COMMIT:adc9092582503ef136344e5d017aa68b3c10c944 -> FILE:src/vs/platform/agentHost/node/copilot/copilotAgent.ts -> COMMIT:18e6426f29fb518eec901ae059a8c176f48e546e
PR,335918,COMMIT,6d3825b9bb5fa5889100ab1a62ffa7af01f5f796,INDIRECT,COMMIT_MODIFIES_FILE,3,PR:335918 -> COMMIT:adc9092582503ef136344e5d017aa68b3c10c944 -> FILE:src/vs/platform/agentHost/node/copilot/copilotAgent.ts -> COMMIT:6d3825b9bb5fa5889100ab1a62ffa7af01f5f796
PR,335918,COMMIT,4a222c501ce84904e13eb792a5d182be79324fe8,INDIRECT,COMMIT_MODIFIES_FILE,3,PR:335918 -> COMMIT:adc9092582503ef136344e5d017aa68b3c10c944 -> FILE:src/vs/platform/agentHost/node/copilot/copilotAgent.ts -> COMMIT:4a222c501ce84904e13eb792a5d182be79324fe8
PR,335918,COMMIT,73e002e9d7fe8714013c4cece5811765c4ded476,INDIRECT,COMMIT_MODIFIES_FILE,3,PR:335918 -> COMMIT:adc9092582503ef136344e5d017aa68b3c10c944 -> FILE:src/vs/platform/agentHost/node/copilot/copilotAgent.ts -> COMMIT:73e002e9d7fe8714013c4cece5811765c4ded476
PR,335918,COMMIT,e89e0dad9fefa768d46dff2b01b5f6ff64f93de0,INDIRECT,COMMIT_MODIFIES_FILE,3,PR:335918 -> COMMIT:adc9092582503ef136344e5d017aa68b3c10c944 -> FILE:src/vs/platform/agentHost/node/copilot/copilotAgent.ts -> COMMIT:e89e0dad9fefa768d46dff2b01b5f6ff64f93de0
PR,335918,COMMIT,4183cba4587cee1d38f864d8626f3155a66aff76,INDIRECT,COMMIT_MODIFIES_FILE,3,PR:335918 -> COMMIT:adc9092582503ef136344e5d017aa68b3c10c944 -> FILE:src/vs/platform/agentHost/node/copilot/copilotAgent.ts -> COMMIT:4183cba4587cee1d38f864d8626f3155a66aff76
PR,335918,COMMIT,1618fe34f4de1b3c105ff7458163a06992cd624a,INDIRECT,COMMIT_MODIFIES_FILE,3,PR:335918 -> COMMIT:adc9092582503ef136344e5d017aa68b3c10c944 -> FILE:src/vs/platform/agentHost/node/copilot/copilotAgent.ts -> COMMIT:1618fe34f4de1b3c105ff7458163a06992cd624a
PR,335918,COMMIT,5f72593dc7a013423599a9189277709dd51a8987,INDIRECT,COMMIT_MODIFIES_FILE,3,PR:335918 -> COMMIT:adc9092582503ef136344e5d017aa68b3c10c944 -> FILE:src/vs/platform/agentHost/node/copilot/copilotAgent.ts -> COMMIT:5f72593dc7a013423599a9189277709dd51a8987
PR,335918,COMMIT,c8e5ecccab82972a7747cbb3b8ace3d79b2761c8,INDIRECT,COMMIT_MODIFIES_FILE,3,PR:335918 -> COMMIT:adc9092582503ef136344e5d017aa68b3c10c944 -> FILE:src/vs/platform/agentHost/node/copilot/copilotAgent.ts -> COMMIT:c8e5ecccab82972a7747cbb3b8ace3d79b2761c8
PR,335918,COMMIT,45e56a2531a9aa9ba9ee89d06719d0c3c67b94c6,INDIRECT,COMMIT_MODIFIES_FILE,3,PR:335918 -> COMMIT:adc9092582503ef136344e5d017aa68b3c10c944 -> FILE:src/vs/platform/agentHost/node/copilot/copilotAgent.ts -> COMMIT:45e56a2531a9aa9ba9ee89d06719d0c3c67b94c6
PR,335918,COMMIT,53fd75b62e1590a8f9a065528ae58e10084c5054,INDIRECT,COMMIT_MODIFIES_FILE,3,PR:335918 -> COMMIT:adc9092582503ef136344e5d017aa68b3c10c944 -> FILE:src/vs/platform/agentHost/node/copilot/copilotAgent.ts -> COMMIT:53fd75b62e1590a8f9a065528ae58e10084c5054
PR,335918,COMMIT,efc4b7b0fa13d4573e67799f36e4a0e2229677c2,INDIRECT,COMMIT_MODIFIES_FILE,3,PR:335918 -> COMMIT:adc9092582503ef136344e5d017aa68b3c10c944 -> FILE:src/vs/platform/agentHost/node/copilot/copilotAgent.ts -> COMMIT:efc4b7b0fa13d4573e67799f36e4a0e2229677c2
PR,335918,COMMIT,c4b13ce69166950be9f5f777fed7f5687d198665,INDIRECT,COMMIT_MODIFIES_FILE,3,PR:335918 -> COMMIT:adc9092582503ef136344e5d017aa68b3c10c944 -> FILE:src/vs/platform/agentHost/node/copilot/copilotAgent.ts -> COMMIT:c4b13ce69166950be9f5f777fed7f5687d198665
PR,335918,COMMIT,89ad453ac7aee2f3788f662620bc540731b93529,INDIRECT,COMMIT_MODIFIES_FILE,3,PR:335918 -> COMMIT:adc9092582503ef136344e5d017aa68b3c10c944 -> FILE:src/vs/platform/agentHost/node/copilot/copilotAgent.ts -> COMMIT:89ad453ac7aee2f3788f662620bc540731b93529
PR,335918,COMMIT,0e6f9a158c20b7f5e35d8a2198aad4994c4ad3af,INDIRECT,COMMIT_MODIFIES_FILE,3,PR:335918 -> COMMIT:adc9092582503ef136344e5d017aa68b3c10c944 -> FILE:src/vs/platform/agentHost/node/copilot/copilotAgent.ts -> COMMIT:0e6f9a158c20b7f5e35d8a2198aad4994c4ad3af
PR,335918,COMMIT,4ebd2d783299627c48fced24a653ff8169eab8c3,INDIRECT,COMMIT_MODIFIES_FILE,3,PR:335918 -> COMMIT:adc9092582503ef136344e5d017aa68b3c10c944 -> FILE:src/vs/platform/agentHost/node/copilot/copilotAgent.ts -> COMMIT:4ebd2d783299627c48fced24a653ff8169eab8c3
PR,335918,COMMIT,de05ec2e7fb625635d3ca72a5df02a1770dd3ddd,INDIRECT,COMMIT_MODIFIES_FILE,3,PR:335918 -> COMMIT:adc9092582503ef136344e5d017aa68b3c10c944 -> FILE:src/vs/platform/agentHost/node/copilot/copilotAgent.ts -> COMMIT:de05ec2e7fb625635d3ca72a5df02a1770dd3ddd
PR,335918,COMMIT,6d9f6d6b7457815d7af1b7a802954d967c51d6a1,INDIRECT,COMMIT_MODIFIES_FILE,3,PR:335918 -> COMMIT:adc9092582503ef136344e5d017aa68b3c10c944 -> FILE:src/vs/platform/agentHost/node/copilot/copilotAgent.ts -> COMMIT:6d9f6d6b7457815d7af1b7a802954d967c51d6a1
PR,335918,COMMIT,d0d9e149c575c69f840768674a0a10cb97ff1030,INDIRECT,COMMIT_MODIFIES_FILE,3,PR:335918 -> COMMIT:adc9092582503ef136344e5d017aa68b3c10c944 -> FILE:src/vs/platform/agentHost/node/copilot/copilotAgent.ts -> COMMIT:d0d9e149c575c69f840768674a0a10cb97ff1030
PR,335918,COMMIT,5ee6ef6d9035e842ade337261b20d5d1c4926051,INDIRECT,COMMIT_MODIFIES_FILE,3,PR:335918 -> COMMIT:adc9092582503ef136344e5d017aa68b3c10c944 -> FILE:src/vs/platform/agentHost/node/copilot/copilotAgent.ts -> COMMIT:5ee6ef6d9035e842ade337261b20d5d1c4926051
PR,335918,COMMIT,2a2c18249625c3a7180045b236483af07f419cc9,INDIRECT,COMMIT_MODIFIES_FILE,3,PR:335918 -> COMMIT:adc9092582503ef136344e5d017aa68b3c10c944 -> FILE:src/vs/platform/agentHost/node/copilot/copilotAgent.ts -> COMMIT:2a2c18249625c3a7180045b236483af07f419cc9
PR,335918,COMMIT,a1f6d63c9b1ccbfc4dcac3053034747d9a0a2c52,INDIRECT,COMMIT_MODIFIES_FILE,3,PR:335918 -> COMMIT:adc9092582503ef136344e5d017aa68b3c10c944 -> FILE:src/vs/platform/agentHost/node/copilot/copilotAgent.ts -> COMMIT:a1f6d63c9b1ccbfc4dcac3053034747d9a0a2c52
PR,335918,COMMIT,94c653371de69b32d74b0612891d8ac6307e38bc,INDIRECT,COMMIT_MODIFIES_FILE,3,PR:335918 -> COMMIT:adc9092582503ef136344e5d017aa68b3c10c944 -> FILE:src/vs/platform/agentHost/node/copilot/copilotAgent.ts -> COMMIT:94c653371de69b32d74b0612891d8ac6307e38bc
PR,335918,COMMIT,d4dff48ed1080b67e67e245d42da8567628ec64b,INDIRECT,COMMIT_MODIFIES_FILE,3,PR:335918 -> COMMIT:adc9092582503ef136344e5d017aa68b3c10c944 -> FILE:src/vs/platform/agentHost/node/copilot/copilotAgent.ts -> COMMIT:d4dff48ed1080b67e67e245d42da8567628ec64b
PR,335918,COMMIT,dad3fa0681d0a5e13197ff9feccc6b7aeb35973c,INDIRECT,COMMIT_MODIFIES_FILE,3,PR:335918 -> COMMIT:adc9092582503ef136344e5d017aa68b3c10c944 -> FILE:src/vs/platform/agentHost/node/copilot/copilotAgent.ts -> COMMIT:dad3fa0681d0a5e13197ff9feccc6b7aeb35973c
PR,335918,COMMIT,0e3ad76d48cfda039c0308653c12d87a68d50d19,INDIRECT,COMMIT_MODIFIES_FILE,3,PR:335918 -> COMMIT:adc9092582503ef136344e5d017aa68b3c10c944 -> FILE:src/vs/platform/agentHost/node/copilot/copilotAgent.ts -> COMMIT:0e3ad76d48cfda039c0308653c12d87a68d50d19
PR,335918,COMMIT,401f5243593deda4ccadf166bc1ff54ed39f9b12,INDIRECT,COMMIT_MODIFIES_FILE,3,PR:335918 -> COMMIT:adc9092582503ef136344e5d017aa68b3c10c944 -> FILE:src/vs/platform/agentHost/node/copilot/copilotAgent.ts -> COMMIT:401f5243593deda4ccadf166bc1ff54ed39f9b12
PR,335918,COMMIT,6b6f6c8f67976e2ccb8a53706c4f1bf3f47f74b5,INDIRECT,COMMIT_MODIFIES_FILE,3,PR:335918 -> COMMIT:adc9092582503ef136344e5d017aa68b3c10c944 -> FILE:src/vs/platform/agentHost/node/copilot/copilotAgent.ts -> COMMIT:6b6f6c8f67976e2ccb8a53706c4f1bf3f47f74b5
PR,335918,COMMIT,15098159074374b679208e80dc0646a3b343901d,INDIRECT,COMMIT_MODIFIES_FILE,3,PR:335918 -> COMMIT:adc9092582503ef136344e5d017aa68b3c10c944 -> FILE:src/vs/platform/agentHost/node/copilot/copilotAgent.ts -> COMMIT:15098159074374b679208e80dc0646a3b343901d
PR,335918,COMMIT,bba96e4a703c3e99a9f738d423f8dc876811ab38,INDIRECT,COMMIT_MODIFIES_FILE,3,PR:335918 -> COMMIT:adc9092582503ef136344e5d017aa68b3c10c944 -> FILE:src/vs/platform/agentHost/node/copilot/copilotAgent.ts -> COMMIT:bba96e4a703c3e99a9f738d423f8dc876811ab38
PR,335918,COMMIT,79140075129130a9abd528a108876489d9eaafff,INDIRECT,COMMIT_MODIFIES_FILE,3,PR:335918 -> COMMIT:adc9092582503ef136344e5d017aa68b3c10c944 -> FILE:src/vs/platform/agentHost/node/copilot/copilotAgent.ts -> COMMIT:79140075129130a9abd528a108876489d9eaafff
PR,335918,COMMIT,c8a3e8cf5bc1c0515815170ee7ec1e4825f1a0b3,INDIRECT,COMMIT_MODIFIES_FILE,3,PR:335918 -> COMMIT:adc9092582503ef136344e5d017aa68b3c10c944 -> FILE:src/vs/platform/agentHost/node/copilot/copilotAgent.ts -> COMMIT:c8a3e8cf5bc1c0515815170ee7ec1e4825f1a0b3
PR,335918,COMMIT,0e19835124a1f7d12462967f31fb736c6cf3922e,INDIRECT,COMMIT_MODIFIES_FILE,3,PR:335918 -> COMMIT:adc9092582503ef136344e5d017aa68b3c10c944 -> FILE:src/vs/platform/agentHost/node/copilot/copilotAgent.ts -> COMMIT:0e19835124a1f7d12462967f31fb736c6cf3922e
PR,335918,COMMIT,e5310ccc32fe719fb0a54472e8a1405f764b04e8,INDIRECT,COMMIT_MODIFIES_FILE,3,PR:335918 -> COMMIT:adc9092582503ef136344e5d017aa68b3c10c944 -> FILE:src/vs/platform/agentHost/node/copilot/copilotAgent.ts -> COMMIT:e5310ccc32fe719fb0a54472e8a1405f764b04e8
PR,335918,COMMIT,30359238b6e79f2a43c08c3fd5de7e9ab602ad43,INDIRECT,COMMIT_MODIFIES_FILE,3,PR:335918 -> COMMIT:adc9092582503ef136344e5d017aa68b3c10c944 -> FILE:src/vs/platform/agentHost/node/copilot/copilotAgent.ts -> COMMIT:30359238b6e79f2a43c08c3fd5de7e9ab602ad43
PR,335918,COMMIT,a1b22228b6d5a84d433efc56f36d6af19111416f,INDIRECT,COMMIT_MODIFIES_FILE,3,PR:335918 -> COMMIT:adc9092582503ef136344e5d017aa68b3c10c944 -> FILE:src/vs/platform/agentHost/node/copilot/copilotAgent.ts -> COMMIT:a1b22228b6d5a84d433efc56f36d6af19111416f
PR,335918,COMMIT,d740deb7ebe2ec00f04063e01aef77b872207af9,INDIRECT,COMMIT_MODIFIES_FILE,3,PR:335918 -> COMMIT:adc9092582503ef136344e5d017aa68b3c10c944 -> FILE:src/vs/platform/agentHost/node/copilot/copilotAgent.ts -> COMMIT:d740deb7ebe2ec00f04063e01aef77b872207af9
PR,335918,COMMIT,e01037aed0925aec44e775ad3c0d1c4fbf2f8616,INDIRECT,COMMIT_MODIFIES_FILE,3,PR:335918 -> COMMIT:adc9092582503ef136344e5d017aa68b3c10c944 -> FILE:src/vs/platform/agentHost/node/copilot/copilotAgent.ts -> COMMIT:e01037aed0925aec44e775ad3c0d1c4fbf2f8616
PR,335918,COMMIT,4b7e1689290d31e34efde8117dc74bff14160a63,INDIRECT,COMMIT_MODIFIES_FILE,3,PR:335918 -> COMMIT:adc9092582503ef136344e5d017aa68b3c10c944 -> FILE:src/vs/platform/agentHost/node/copilot/copilotAgent.ts -> COMMIT:4b7e1689290d31e34efde8117dc74bff14160a63
PR,335918,COMMIT,592147a19c21d54107d04e9cd91d1822fba4e977,INDIRECT,COMMIT_MODIFIES_FILE,3,PR:335918 -> COMMIT:adc9092582503ef136344e5d017aa68b3c10c944 -> FILE:src/vs/platform/agentHost/node/copilot/copilotAgent.ts -> COMMIT:592147a19c21d54107d04e9cd91d1822fba4e977
PR,335918,COMMIT,c00fedf2e975f704eb8f08824d398cd1139fd971,INDIRECT,COMMIT_MODIFIES_FILE,3,PR:335918 -> COMMIT:adc9092582503ef136344e5d017aa68b3c10c944 -> FILE:src/vs/platform/agentHost/node/copilot/copilotAgent.ts -> COMMIT:c00fedf2e975f704eb8f08824d398cd1139fd971
PR,335918,COMMIT,43575d01a42e61ac5484bb47bf8a97fc014d17fa,INDIRECT,COMMIT_MODIFIES_FILE,3,PR:335918 -> COMMIT:adc9092582503ef136344e5d017aa68b3c10c944 -> FILE:src/vs/platform/agentHost/node/copilot/copilotAgent.ts -> COMMIT:43575d01a42e61ac5484bb47bf8a97fc014d17fa
PR,335918,COMMIT,d2485131f06a1aa512fb666b1359725d13d4e8a6,INDIRECT,COMMIT_MODIFIES_FILE,3,PR:335918 -> COMMIT:adc9092582503ef136344e5d017aa68b3c10c944 -> FILE:src/vs/platform/agentHost/node/copilot/copilotAgent.ts -> COMMIT:d2485131f06a1aa512fb666b1359725d13d4e8a6
PR,335918,COMMIT,d0bada6ccf5b0eb7f8f3bc370faa7a94f5b9cdad,INDIRECT,COMMIT_MODIFIES_FILE,3,PR:335918 -> COMMIT:adc9092582503ef136344e5d017aa68b3c10c944 -> FILE:src/vs/platform/agentHost/node/copilot/copilotAgent.ts -> COMMIT:d0bada6ccf5b0eb7f8f3bc370faa7a94f5b9cdad
PR,335918,COMMIT,af31d7e2e5c22d6e54c95f4e625a45a514798b41,INDIRECT,COMMIT_MODIFIES_FILE,3,PR:335918 -> COMMIT:adc9092582503ef136344e5d017aa68b3c10c944 -> FILE:src/vs/platform/agentHost/node/copilot/copilotAgent.ts -> COMMIT:af31d7e2e5c22d6e54c95f4e625a45a514798b41
PR,335918,COMMIT,9890f1211cfc7cb7a8f17887cf63aa41ded0574a,INDIRECT,COMMIT_MODIFIES_FILE,3,PR:335918 -> COMMIT:adc9092582503ef136344e5d017aa68b3c10c944 -> FILE:src/vs/platform/agentHost/node/copilot/copilotAgent.ts -> COMMIT:9890f1211cfc7cb7a8f17887cf63aa41ded0574a
PR,335918,COMMIT,298292d3d91ad671d499d59bd68e80ce58c67ff1,INDIRECT,COMMIT_MODIFIES_FILE,3,PR:335918 -> COMMIT:adc9092582503ef136344e5d017aa68b3c10c944 -> FILE:src/vs/platform/agentHost/node/copilot/copilotAgent.ts -> COMMIT:298292d3d91ad671d499d59bd68e80ce58c67ff1
PR,335918,COMMIT,94e577157354fc63c5b3d0297985790a9be8725d,INDIRECT,COMMIT_MODIFIES_FILE,3,PR:335918 -> COMMIT:adc9092582503ef136344e5d017aa68b3c10c944 -> FILE:src/vs/platform/agentHost/node/copilot/copilotAgent.ts -> COMMIT:94e577157354fc63c5b3d0297985790a9be8725d
PR,335918,COMMIT,c87fee3024ec7eae23a9fc6ceece88a625a180b7,INDIRECT,COMMIT_MODIFIES_FILE,3,PR:335918 -> COMMIT:adc9092582503ef136344e5d017aa68b3c10c944 -> FILE:src/vs/platform/agentHost/node/copilot/copilotAgent.ts -> COMMIT:c87fee3024ec7eae23a9fc6ceece88a625a180b7
PR,335918,COMMIT,b88990e0ed51165ce7e59e4fedd9592959a12875,INDIRECT,COMMIT_MODIFIES_FILE,3,PR:335918 -> COMMIT:adc9092582503ef136344e5d017aa68b3c10c944 -> FILE:src/vs/platform/agentHost/node/copilot/copilotAgent.ts -> COMMIT:b88990e0ed51165ce7e59e4fedd9592959a12875
PR,335918,COMMIT,31586772bc0f49db97822fde6c94f10052cf0d51,INDIRECT,COMMIT_MODIFIES_FILE,3,PR:335918 -> COMMIT:adc9092582503ef136344e5d017aa68b3c10c944 -> FILE:src/vs/platform/agentHost/node/copilot/copilotAgent.ts -> COMMIT:31586772bc0f49db97822fde6c94f10052cf0d51
PR,335918,COMMIT,4c591ecc279af33c4a6980f7484630234e6574c1,INDIRECT,COMMIT_MODIFIES_FILE,3,PR:335918 -> COMMIT:adc9092582503ef136344e5d017aa68b3c10c944 -> FILE:src/vs/platform/agentHost/node/copilot/copilotAgent.ts -> COMMIT:4c591ecc279af33c4a6980f7484630234e6574c1
PR,335918,COMMIT,4d9a30cbce660afbeaba8cc42f9014ce0b68054e,INDIRECT,COMMIT_MODIFIES_FILE,3,PR:335918 -> COMMIT:adc9092582503ef136344e5d017aa68b3c10c944 -> FILE:src/vs/platform/agentHost/node/copilot/copilotAgent.ts -> COMMIT:4d9a30cbce660afbeaba8cc42f9014ce0b68054e
PR,335918,COMMIT,c94fbfe4f1ee13a98dda43752e48d2ac129261cf,INDIRECT,COMMIT_MODIFIES_FILE,3,PR:335918 -> COMMIT:adc9092582503ef136344e5d017aa68b3c10c944 -> FILE:src/vs/platform/agentHost/node/copilot/copilotAgent.ts -> COMMIT:c94fbfe4f1ee13a98dda43752e48d2ac129261cf
PR,335918,COMMIT,cec6906460e1c1047fbd2b9c1111670c47799a5e,INDIRECT,COMMIT_MODIFIES_FILE,3,PR:335918 -> COMMIT:adc9092582503ef136344e5d017aa68b3c10c944 -> FILE:src/vs/platform/agentHost/node/copilot/copilotAgent.ts -> COMMIT:cec6906460e1c1047fbd2b9c1111670c47799a5e
PR,335918,COMMIT,1f958c8ac7f8506120251f1b2ff6f9769121c28d,INDIRECT,COMMIT_MODIFIES_FILE,3,PR:335918 -> COMMIT:adc9092582503ef136344e5d017aa68b3c10c944 -> FILE:src/vs/platform/agentHost/node/copilot/copilotAgent.ts -> COMMIT:1f958c8ac7f8506120251f1b2ff6f9769121c28d
PR,335918,COMMIT,e0ff05f8aa7f4eafcb4f464b2a5e010cf1413c40,INDIRECT,COMMIT_MODIFIES_FILE,3,PR:335918 -> COMMIT:adc9092582503ef136344e5d017aa68b3c10c944 -> FILE:src/vs/platform/agentHost/node/copilot/copilotAgent.ts -> COMMIT:e0ff05f8aa7f4eafcb4f464b2a5e010cf1413c40
PR,335918,COMMIT,67e6a478b11241d70fb2a34d51b6616a90f958ef,INDIRECT,COMMIT_MODIFIES_FILE,3,PR:335918 -> COMMIT:adc9092582503ef136344e5d017aa68b3c10c944 -> FILE:src/vs/platform/agentHost/node/copilot/copilotAgent.ts -> COMMIT:67e6a478b11241d70fb2a34d51b6616a90f958ef
PR,335918,COMMIT,5ab23402a87049540f565ddd9d174448dd31229e,INDIRECT,COMMIT_MODIFIES_FILE,3,PR:335918 -> COMMIT:adc9092582503ef136344e5d017aa68b3c10c944 -> FILE:src/vs/platform/agentHost/node/copilot/copilotAgent.ts -> COMMIT:5ab23402a87049540f565ddd9d174448dd31229e
PR,335918,COMMIT,fb1d3094f22c207d653b6f1828c8bda07afa0732,INDIRECT,COMMIT_MODIFIES_FILE,3,PR:335918 -> COMMIT:adc9092582503ef136344e5d017aa68b3c10c944 -> FILE:src/vs/platform/agentHost/node/copilot/copilotAgent.ts -> COMMIT:fb1d3094f22c207d653b6f1828c8bda07afa0732
PR,335918,COMMIT,d0e03b8de5105aedf7c56b658180390a4e6aaa9f,INDIRECT,COMMIT_MODIFIES_FILE,3,PR:335918 -> COMMIT:adc9092582503ef136344e5d017aa68b3c10c944 -> FILE:src/vs/platform/agentHost/node/copilot/copilotAgent.ts -> COMMIT:d0e03b8de5105aedf7c56b658180390a4e6aaa9f
PR,335918,COMMIT,a1acba6369c021b7eb2865bb7575b48d8c268467,INDIRECT,COMMIT_MODIFIES_FILE,3,PR:335918 -> COMMIT:adc9092582503ef136344e5d017aa68b3c10c944 -> FILE:src/vs/platform/agentHost/node/copilot/copilotAgent.ts -> COMMIT:a1acba6369c021b7eb2865bb7575b48d8c268467
PR,335918,COMMIT,ba5562ed9fd5f06aec4470c6d08adf78f0892e21,INDIRECT,COMMIT_MODIFIES_FILE,3,PR:335918 -> COMMIT:adc9092582503ef136344e5d017aa68b3c10c944 -> FILE:src/vs/platform/agentHost/node/copilot/copilotAgent.ts -> COMMIT:ba5562ed9fd5f06aec4470c6d08adf78f0892e21
PR,335918,COMMIT,feb81993d52d9676a35f51431dd50d449d75b341,INDIRECT,COMMIT_MODIFIES_FILE,3,PR:335918 -> COMMIT:adc9092582503ef136344e5d017aa68b3c10c944 -> FILE:src/vs/platform/agentHost/node/copilot/copilotAgent.ts -> COMMIT:feb81993d52d9676a35f51431dd50d449d75b341
PR,335918,COMMIT,abd1cfe165553d15ddf5d37956b29d837f26ccf5,INDIRECT,COMMIT_MODIFIES_FILE,3,PR:335918 -> COMMIT:adc9092582503ef136344e5d017aa68b3c10c944 -> FILE:src/vs/platform/agentHost/node/copilot/copilotAgent.ts -> COMMIT:abd1cfe165553d15ddf5d37956b29d837f26ccf5
PR,335918,COMMIT,ce57e17dc66c82b77dd05a3fc31e2deb9514c5dd,INDIRECT,COMMIT_MODIFIES_FILE,3,PR:335918 -> COMMIT:adc9092582503ef136344e5d017aa68b3c10c944 -> FILE:src/vs/platform/agentHost/node/copilot/copilotAgent.ts -> COMMIT:ce57e17dc66c82b77dd05a3fc31e2deb9514c5dd
PR,335918,COMMIT,f9ad6bb2aa20b91f50ed9a1f0a159c8d41dcfa44,INDIRECT,COMMIT_MODIFIES_FILE,3,PR:335918 -> COMMIT:adc9092582503ef136344e5d017aa68b3c10c944 -> FILE:src/vs/platform/agentHost/node/copilot/copilotAgent.ts -> COMMIT:f9ad6bb2aa20b91f50ed9a1f0a159c8d41dcfa44
PR,335918,COMMIT,f7dbb7e642a11a716f1920a6366cfe362791e865,INDIRECT,COMMIT_MODIFIES_FILE,3,PR:335918 -> COMMIT:adc9092582503ef136344e5d017aa68b3c10c944 -> FILE:src/vs/platform/agentHost/node/copilot/copilotAgent.ts -> COMMIT:f7dbb7e642a11a716f1920a6366cfe362791e865
PR,335918,COMMIT,64c13671b9ef726516997fb87d13bd3ecb7bcce3,INDIRECT,COMMIT_MODIFIES_FILE,3,PR:335918 -> COMMIT:adc9092582503ef136344e5d017aa68b3c10c944 -> FILE:src/vs/platform/agentHost/node/copilot/copilotAgent.ts -> COMMIT:64c13671b9ef726516997fb87d13bd3ecb7bcce3
PR,335918,COMMIT,e322bbe6b9e390dea2171484e66f6bab2c690805,INDIRECT,COMMIT_MODIFIES_FILE,3,PR:335918 -> COMMIT:adc9092582503ef136344e5d017aa68b3c10c944 -> FILE:src/vs/platform/agentHost/node/copilot/copilotAgent.ts -> COMMIT:e322bbe6b9e390dea2171484e66f6bab2c690805
PR,335918,COMMIT,c720f5d71505c2e8582f02b24268adf66a53c9de,INDIRECT,COMMIT_MODIFIES_FILE,3,PR:335918 -> COMMIT:adc9092582503ef136344e5d017aa68b3c10c944 -> FILE:src/vs/platform/agentHost/node/copilot/copilotAgent.ts -> COMMIT:c720f5d71505c2e8582f02b24268adf66a53c9de
PR,335918,COMMIT,5ea07f3dcc76d6409166dd1dac4801b6d28ea783,INDIRECT,COMMIT_MODIFIES_FILE,3,PR:335918 -> COMMIT:adc9092582503ef136344e5d017aa68b3c10c944 -> FILE:src/vs/platform/agentHost/node/copilot/copilotAgent.ts -> COMMIT:5ea07f3dcc76d6409166dd1dac4801b6d28ea783
PR,335918,COMMIT,26422e0203452fac44aa07744b7ce2682f57de72,INDIRECT,COMMIT_MODIFIES_FILE,3,PR:335918 -> COMMIT:adc9092582503ef136344e5d017aa68b3c10c944 -> FILE:src/vs/platform/agentHost/node/copilot/copilotAgent.ts -> COMMIT:26422e0203452fac44aa07744b7ce2682f57de72
PR,335918,COMMIT,80c9191f9b9fccf011ed927aeb58b97591066aa8,INDIRECT,COMMIT_MODIFIES_FILE,3,PR:335918 -> COMMIT:adc9092582503ef136344e5d017aa68b3c10c944 -> FILE:src/vs/platform/agentHost/node/copilot/copilotAgent.ts -> COMMIT:80c9191f9b9fccf011ed927aeb58b97591066aa8
PR,335918,COMMIT,2c8fa36020d8216c6a5d139910e82f27699f6659,INDIRECT,COMMIT_MODIFIES_FILE,3,PR:335918 -> COMMIT:adc9092582503ef136344e5d017aa68b3c10c944 -> FILE:src/vs/platform/agentHost/node/copilot/copilotAgent.ts -> COMMIT:2c8fa36020d8216c6a5d139910e82f27699f6659
PR,335918,COMMIT,3fac645fbdb55112ffee3415dd2daee6dd485957,INDIRECT,COMMIT_MODIFIES_FILE,3,PR:335918 -> COMMIT:adc9092582503ef136344e5d017aa68b3c10c944 -> FILE:src/vs/platform/agentHost/node/copilot/copilotAgent.ts -> COMMIT:3fac645fbdb55112ffee3415dd2daee6dd485957
PR,335918,COMMIT,a6a2dfcee07ccbaa34049c1a319b3d7719ad2c4b,INDIRECT,COMMIT_MODIFIES_FILE,3,PR:335918 -> COMMIT:adc9092582503ef136344e5d017aa68b3c10c944 -> FILE:src/vs/platform/agentHost/node/copilot/copilotAgent.ts -> COMMIT:a6a2dfcee07ccbaa34049c1a319b3d7719ad2c4b
PR,335918,COMMIT,20ff4cf1dd67932ec4998095d97f460ccc0f6649,INDIRECT,COMMIT_MODIFIES_FILE,3,PR:335918 -> COMMIT:adc9092582503ef136344e5d017aa68b3c10c944 -> FILE:src/vs/platform/agentHost/node/copilot/copilotAgent.ts -> COMMIT:20ff4cf1dd67932ec4998095d97f460ccc0f6649
PR,335918,COMMIT,c14d461d42c9f8e3893a4ec5239ecf30e058b50a,INDIRECT,COMMIT_MODIFIES_FILE,3,PR:335918 -> COMMIT:adc9092582503ef136344e5d017aa68b3c10c944 -> FILE:src/vs/platform/agentHost/node/copilot/copilotAgent.ts -> COMMIT:c14d461d42c9f8e3893a4ec5239ecf30e058b50a
PR,335918,COMMIT,4fc70499d7f89133c639840d5a6e36ca303574c3,INDIRECT,COMMIT_MODIFIES_FILE,3,PR:335918 -> COMMIT:adc9092582503ef136344e5d017aa68b3c10c944 -> FILE:src/vs/platform/agentHost/node/copilot/copilotAgent.ts -> COMMIT:4fc70499d7f89133c639840d5a6e36ca303574c3
PR,335918,COMMIT,c7313ff2eb04cf7047ed4274859dfc6e142997e2,INDIRECT,COMMIT_MODIFIES_FILE,3,PR:335918 -> COMMIT:adc9092582503ef136344e5d017aa68b3c10c944 -> FILE:src/vs/platform/agentHost/node/copilot/copilotAgent.ts -> COMMIT:c7313ff2eb04cf7047ed4274859dfc6e142997e2
PR,335918,COMMIT,af12f743e85747e0755a1b9ff692ff841c3a94b0,INDIRECT,COMMIT_MODIFIES_FILE,3,PR:335918 -> COMMIT:adc9092582503ef136344e5d017aa68b3c10c944 -> FILE:src/vs/platform/agentHost/node/copilot/copilotAgent.ts -> COMMIT:af12f743e85747e0755a1b9ff692ff841c3a94b0
PR,335918,COMMIT,c6219c2a45b424f0c646caf98c001fbb4bf6176f,INDIRECT,COMMIT_MODIFIES_FILE,3,PR:335918 -> COMMIT:adc9092582503ef136344e5d017aa68b3c10c944 -> FILE:src/vs/platform/agentHost/node/copilot/copilotAgent.ts -> COMMIT:c6219c2a45b424f0c646caf98c001fbb4bf6176f
PR,335918,COMMIT,5291f45ee7cb54056658ed7df4d9fe54c1360b6b,INDIRECT,COMMIT_MODIFIES_FILE,3,PR:335918 -> COMMIT:adc9092582503ef136344e5d017aa68b3c10c944 -> FILE:src/vs/platform/agentHost/node/copilot/copilotAgent.ts -> COMMIT:5291f45ee7cb54056658ed7df4d9fe54c1360b6b
PR,335918,COMMIT,84116f1817e84dbfa7789e2f860f3237bdea09f2,INDIRECT,COMMIT_MODIFIES_FILE,3,PR:335918 -> COMMIT:adc9092582503ef136344e5d017aa68b3c10c944 -> FILE:src/vs/platform/agentHost/node/copilot/copilotAgent.ts -> COMMIT:84116f1817e84dbfa7789e2f860f3237bdea09f2
PR,335918,COMMIT,e3c76601d869f381436bbb42b48821257b33f39c,INDIRECT,COMMIT_MODIFIES_FILE,3,PR:335918 -> COMMIT:adc9092582503ef136344e5d017aa68b3c10c944 -> FILE:src/vs/platform/agentHost/node/copilot/copilotAgent.ts -> COMMIT:e3c76601d869f381436bbb42b48821257b33f39c
PR,335918,COMMIT,a099bfd1c402a85766a830d545b8e3d5a2ffe0fa,INDIRECT,COMMIT_MODIFIES_FILE,3,PR:335918 -> COMMIT:adc9092582503ef136344e5d017aa68b3c10c944 -> FILE:src/vs/platform/agentHost/node/copilot/copilotAgent.ts -> COMMIT:a099bfd1c402a85766a830d545b8e3d5a2ffe0fa
PR,335918,COMMIT,de26e0a93db757cabfcd89fd41b9d4da3073198a,INDIRECT,COMMIT_MODIFIES_FILE,3,PR:335918 -> COMMIT:adc9092582503ef136344e5d017aa68b3c10c944 -> FILE:src/vs/platform/agentHost/node/copilot/copilotAgent.ts -> COMMIT:de26e0a93db757cabfcd89fd41b9d4da3073198a
PR,335918,COMMIT,eec0b39612d0c4ffd4a4e4dca1dd32ff4af8ff45,INDIRECT,COMMIT_MODIFIES_FILE,3,PR:335918 -> COMMIT:adc9092582503ef136344e5d017aa68b3c10c944 -> FILE:src/vs/platform/agentHost/node/copilot/copilotAgent.ts -> COMMIT:eec0b39612d0c4ffd4a4e4dca1dd32ff4af8ff45
PR,335918,COMMIT,1dbfe4c10ce06106168d4e681bbea2412a5e8292,INDIRECT,COMMIT_MODIFIES_FILE,3,PR:335918 -> COMMIT:adc9092582503ef136344e5d017aa68b3c10c944 -> FILE:src/vs/platform/agentHost/node/copilot/copilotAgent.ts -> COMMIT:1dbfe4c10ce06106168d4e681bbea2412a5e8292
PR,335918,COMMIT,85481c7b15a310eb0c8ad166ae53c5ca8ba9c787,INDIRECT,COMMIT_MODIFIES_FILE,3,PR:335918 -> COMMIT:adc9092582503ef136344e5d017aa68b3c10c944 -> FILE:src/vs/platform/agentHost/node/copilot/copilotAgent.ts -> COMMIT:85481c7b15a310eb0c8ad166ae53c5ca8ba9c787
PR,335918,COMMIT,eaaae526e488e7d538823ea4a02dabac6e899a49,INDIRECT,COMMIT_MODIFIES_FILE,3,PR:335918 -> COMMIT:adc9092582503ef136344e5d017aa68b3c10c944 -> FILE:src/vs/platform/agentHost/node/copilot/copilotAgent.ts -> COMMIT:eaaae526e488e7d538823ea4a02dabac6e899a49
PR,335918,COMMIT,9eccf71ffd7d691b28d951374c70f36e4060016a,INDIRECT,COMMIT_MODIFIES_FILE,3,PR:335918 -> COMMIT:adc9092582503ef136344e5d017aa68b3c10c944 -> FILE:src/vs/platform/agentHost/node/copilot/copilotAgent.ts -> COMMIT:9eccf71ffd7d691b28d951374c70f36e4060016a
PR,335918,COMMIT,51b3208b1c8d6b07e82d919db986b6c9cf3e39d9,INDIRECT,COMMIT_MODIFIES_FILE,3,PR:335918 -> COMMIT:adc9092582503ef136344e5d017aa68b3c10c944 -> FILE:src/vs/platform/agentHost/node/copilot/copilotAgent.ts -> COMMIT:51b3208b1c8d6b07e82d919db986b6c9cf3e39d9
PR,335918,COMMIT,0f27332e1d4cf89e4de498b1452fb50bc1f3f2e7,INDIRECT,COMMIT_MODIFIES_FILE,3,PR:335918 -> COMMIT:adc9092582503ef136344e5d017aa68b3c10c944 -> FILE:src/vs/platform/agentHost/node/copilot/copilotAgent.ts -> COMMIT:0f27332e1d4cf89e4de498b1452fb50bc1f3f2e7
PR,335918,COMMIT,aaf13218e617fbf5ff49cebca4acf2547a63bb08,INDIRECT,COMMIT_MODIFIES_FILE,3,PR:335918 -> COMMIT:adc9092582503ef136344e5d017aa68b3c10c944 -> FILE:src/vs/platform/agentHost/node/copilot/copilotAgent.ts -> COMMIT:aaf13218e617fbf5ff49cebca4acf2547a63bb08
PR,335918,COMMIT,e11330be6d49a789ea78ac69700bb4297677c109,INDIRECT,COMMIT_MODIFIES_FILE,3,PR:335918 -> COMMIT:adc9092582503ef136344e5d017aa68b3c10c944 -> FILE:src/vs/platform/agentHost/node/copilot/copilotAgent.ts -> COMMIT:e11330be6d49a789ea78ac69700bb4297677c109
PR,335918,COMMIT,3f757c5863d7aa980f266087797817655d7b79e2,INDIRECT,COMMIT_MODIFIES_FILE,3,PR:335918 -> COMMIT:adc9092582503ef136344e5d017aa68b3c10c944 -> FILE:src/vs/platform/agentHost/node/copilot/copilotAgent.ts -> COMMIT:3f757c5863d7aa980f266087797817655d7b79e2
PR,335918,COMMIT,68b7396f288165e04770380e07e341b8919b59e9,INDIRECT,COMMIT_MODIFIES_FILE,3,PR:335918 -> COMMIT:adc9092582503ef136344e5d017aa68b3c10c944 -> FILE:src/vs/platform/agentHost/node/copilot/copilotAgent.ts -> COMMIT:68b7396f288165e04770380e07e341b8919b59e9
PR,335918,COMMIT,33c25fcff202a29460295aa16fe0dab53027a3ee,INDIRECT,COMMIT_MODIFIES_FILE,3,PR:335918 -> COMMIT:adc9092582503ef136344e5d017aa68b3c10c944 -> FILE:src/vs/platform/agentHost/node/copilot/copilotAgent.ts -> COMMIT:33c25fcff202a29460295aa16fe0dab53027a3ee
PR,335918,COMMIT,9a2de725738291087045ae48def732954e72b0fb,INDIRECT,COMMIT_MODIFIES_FILE,3,PR:335918 -> COMMIT:adc9092582503ef136344e5d017aa68b3c10c944 -> FILE:src/vs/platform/agentHost/node/copilot/copilotAgent.ts -> COMMIT:9a2de725738291087045ae48def732954e72b0fb
PR,335918,COMMIT,10283245e547b7a237f62f00ea06c5f9126133b0,INDIRECT,COMMIT_MODIFIES_FILE,3,PR:335918 -> COMMIT:adc9092582503ef136344e5d017aa68b3c10c944 -> FILE:src/vs/platform/agentHost/node/copilot/copilotAgent.ts -> COMMIT:10283245e547b7a237f62f00ea06c5f9126133b0
PR,335918,COMMIT,5802ade6bd4c3a3f5a0b38be9426e693c9453f12,INDIRECT,COMMIT_MODIFIES_FILE,3,PR:335918 -> COMMIT:adc9092582503ef136344e5d017aa68b3c10c944 -> FILE:src/vs/platform/agentHost/node/copilot/copilotAgent.ts -> COMMIT:5802ade6bd4c3a3f5a0b38be9426e693c9453f12
PR,335918,COMMIT,c91d157fc477c438c35d007dc0f27b841ee7b5ef,INDIRECT,COMMIT_MODIFIES_FILE,3,PR:335918 -> COMMIT:adc9092582503ef136344e5d017aa68b3c10c944 -> FILE:src/vs/platform/agentHost/node/copilot/copilotAgent.ts -> COMMIT:c91d157fc477c438c35d007dc0f27b841ee7b5ef
PR,335918,COMMIT,b49397115a06588821bb313ac8dde7969fdb6748,INDIRECT,COMMIT_MODIFIES_FILE,3,PR:335918 -> COMMIT:adc9092582503ef136344e5d017aa68b3c10c944 -> FILE:src/vs/platform/agentHost/node/copilot/copilotAgent.ts -> COMMIT:b49397115a06588821bb313ac8dde7969fdb6748
PR,335918,COMMIT,f38bebef2a9cd36d99678d797fb5b55ffe94af89,INDIRECT,COMMIT_MODIFIES_FILE,3,PR:335918 -> COMMIT:adc9092582503ef136344e5d017aa68b3c10c944 -> FILE:src/vs/platform/agentHost/node/copilot/copilotAgent.ts -> COMMIT:f38bebef2a9cd36d99678d797fb5b55ffe94af89
PR,335918,COMMIT,c72f7b007557c1e707450bfd5b7ef1872cdfac8b,INDIRECT,COMMIT_MODIFIES_FILE,3,PR:335918 -> COMMIT:adc9092582503ef136344e5d017aa68b3c10c944 -> FILE:src/vs/platform/agentHost/node/copilot/copilotAgent.ts -> COMMIT:c72f7b007557c1e707450bfd5b7ef1872cdfac8b
PR,335918,COMMIT,bb7ca06741ed226cdc066fea6011951013e9c88b,INDIRECT,COMMIT_MODIFIES_FILE,3,PR:335918 -> COMMIT:adc9092582503ef136344e5d017aa68b3c10c944 -> FILE:src/vs/platform/agentHost/node/copilot/copilotAgent.ts -> COMMIT:bb7ca06741ed226cdc066fea6011951013e9c88b
PR,335918,COMMIT,525c9ef1ad60125c98b489830d88798b5adca2c6,INDIRECT,COMMIT_MODIFIES_FILE,3,PR:335918 -> COMMIT:adc9092582503ef136344e5d017aa68b3c10c944 -> FILE:src/vs/platform/agentHost/node/copilot/copilotAgent.ts -> COMMIT:525c9ef1ad60125c98b489830d88798b5adca2c6
PR,335918,COMMIT,3699f0a38a455745a72692d480799934cb9c06c1,INDIRECT,COMMIT_MODIFIES_FILE,3,PR:335918 -> COMMIT:adc9092582503ef136344e5d017aa68b3c10c944 -> FILE:src/vs/platform/agentHost/node/copilot/copilotAgent.ts -> COMMIT:3699f0a38a455745a72692d480799934cb9c06c1
PR,335918,COMMIT,969b4c2efbd8cdb36bee77f3994fdd845a32b4d1,INDIRECT,COMMIT_MODIFIES_FILE,3,PR:335918 -> COMMIT:adc9092582503ef136344e5d017aa68b3c10c944 -> FILE:src/vs/platform/agentHost/node/copilot/copilotAgent.ts -> COMMIT:969b4c2efbd8cdb36bee77f3994fdd845a32b4d1
PR,335918,COMMIT,6be134c3818b5670fb92c182c82bdaf5187a463c,INDIRECT,COMMIT_MODIFIES_FILE,3,PR:335918 -> COMMIT:adc9092582503ef136344e5d017aa68b3c10c944 -> FILE:src/vs/platform/agentHost/node/copilot/copilotAgent.ts -> COMMIT:6be134c3818b5670fb92c182c82bdaf5187a463c
PR,335918,COMMIT,5ee86377e54e2750e043b48e6c4b8166e53843c7,INDIRECT,COMMIT_MODIFIES_FILE,3,PR:335918 -> COMMIT:adc9092582503ef136344e5d017aa68b3c10c944 -> FILE:src/vs/platform/agentHost/node/copilot/copilotAgent.ts -> COMMIT:5ee86377e54e2750e043b48e6c4b8166e53843c7
PR,335918,COMMIT,19686912b6f9f6ddffece4eabe5d74de4a2a6ff2,INDIRECT,COMMIT_MODIFIES_FILE,3,PR:335918 -> COMMIT:adc9092582503ef136344e5d017aa68b3c10c944 -> FILE:src/vs/platform/agentHost/node/copilot/copilotAgent.ts -> COMMIT:19686912b6f9f6ddffece4eabe5d74de4a2a6ff2
PR,335918,COMMIT,48579de4431c68424a26b179952f3baf01a10bde,INDIRECT,COMMIT_MODIFIES_FILE,3,PR:335918 -> COMMIT:adc9092582503ef136344e5d017aa68b3c10c944 -> FILE:src/vs/platform/agentHost/node/copilot/copilotAgent.ts -> COMMIT:48579de4431c68424a26b179952f3baf01a10bde
PR,335918,COMMIT,2dd2109e0575fbb1a17408cc5618f698a71db44b,INDIRECT,COMMIT_MODIFIES_FILE,3,PR:335918 -> COMMIT:adc9092582503ef136344e5d017aa68b3c10c944 -> FILE:src/vs/platform/agentHost/node/copilot/copilotAgent.ts -> COMMIT:2dd2109e0575fbb1a17408cc5618f698a71db44b
PR,335918,COMMIT,5876df6bb739e4652e004b0d9962cc95871f4061,INDIRECT,COMMIT_MODIFIES_FILE,3,PR:335918 -> COMMIT:adc9092582503ef136344e5d017aa68b3c10c944 -> FILE:src/vs/platform/agentHost/node/copilot/copilotAgent.ts -> COMMIT:5876df6bb739e4652e004b0d9962cc95871f4061
PR,335918,COMMIT,3ea8dfa29885988a662de15883c09d4e5adb6efb,INDIRECT,COMMIT_MODIFIES_FILE,3,PR:335918 -> COMMIT:adc9092582503ef136344e5d017aa68b3c10c944 -> FILE:src/vs/platform/agentHost/node/copilot/copilotAgent.ts -> COMMIT:3ea8dfa29885988a662de15883c09d4e5adb6efb
PR,335918,COMMIT,6c2541ff16f083219d7d535708a895add8ec8b8e,INDIRECT,COMMIT_MODIFIES_FILE,3,PR:335918 -> COMMIT:adc9092582503ef136344e5d017aa68b3c10c944 -> FILE:src/vs/platform/agentHost/node/copilot/copilotAgent.ts -> COMMIT:6c2541ff16f083219d7d535708a895add8ec8b8e
PR,335918,COMMIT,11d08c01cdbacb962e7384c5e5f0bdf1c661d57a,INDIRECT,COMMIT_MODIFIES_FILE,3,PR:335918 -> COMMIT:adc9092582503ef136344e5d017aa68b3c10c944 -> FILE:src/vs/platform/agentHost/node/copilot/copilotAgent.ts -> COMMIT:11d08c01cdbacb962e7384c5e5f0bdf1c661d57a
PR,335918,COMMIT,166939ed283927fe5b150204136c6c552a79e7df,INDIRECT,COMMIT_MODIFIES_FILE,3,PR:335918 -> COMMIT:adc9092582503ef136344e5d017aa68b3c10c944 -> FILE:src/vs/platform/agentHost/node/copilot/copilotAgent.ts -> COMMIT:166939ed283927fe5b150204136c6c552a79e7df
PR,335918,COMMIT,7bec40388dbffe5bc5673e0f6e2656c45fc5fa74,INDIRECT,COMMIT_MODIFIES_FILE,3,PR:335918 -> COMMIT:adc9092582503ef136344e5d017aa68b3c10c944 -> FILE:src/vs/platform/agentHost/node/copilot/copilotAgent.ts -> COMMIT:7bec40388dbffe5bc5673e0f6e2656c45fc5fa74
PR,335918,COMMIT,d6b82524fc821168dc8fd3553388957dd3485c88,INDIRECT,COMMIT_MODIFIES_FILE,3,PR:335918 -> COMMIT:adc9092582503ef136344e5d017aa68b3c10c944 -> FILE:src/vs/platform/agentHost/node/copilot/copilotAgent.ts -> COMMIT:d6b82524fc821168dc8fd3553388957dd3485c88
PR,335918,COMMIT,bf899cd9c495198c9a6342ea35f2490d87c4eb6e,INDIRECT,COMMIT_MODIFIES_FILE,3,PR:335918 -> COMMIT:adc9092582503ef136344e5d017aa68b3c10c944 -> FILE:src/vs/platform/agentHost/node/copilot/copilotAgent.ts -> COMMIT:bf899cd9c495198c9a6342ea35f2490d87c4eb6e
PR,335918,COMMIT,1d54d193ea2899f5f6e7d045f59069f551c118a8,INDIRECT,COMMIT_MODIFIES_FILE,3,PR:335918 -> COMMIT:adc9092582503ef136344e5d017aa68b3c10c944 -> FILE:src/vs/platform/agentHost/node/copilot/copilotAgent.ts -> COMMIT:1d54d193ea2899f5f6e7d045f59069f551c118a8
PR,335918,COMMIT,a99500ba1300f7ecf6fc2ae32ea37b4f7f4a709a,INDIRECT,COMMIT_MODIFIES_FILE,3,PR:335918 -> COMMIT:adc9092582503ef136344e5d017aa68b3c10c944 -> FILE:src/vs/platform/agentHost/node/copilot/copilotAgent.ts -> COMMIT:a99500ba1300f7ecf6fc2ae32ea37b4f7f4a709a
PR,335918,COMMIT,cc896927fa782c6f379ea68dfb816deb622658b3,INDIRECT,COMMIT_MODIFIES_FILE,3,PR:335918 -> COMMIT:adc9092582503ef136344e5d017aa68b3c10c944 -> FILE:src/vs/platform/agentHost/node/copilot/copilotAgent.ts -> COMMIT:cc896927fa782c6f379ea68dfb816deb622658b3
PR,335918,COMMIT,9ec5eef29c2030463158451bee5d31059ca855a3,INDIRECT,COMMIT_MODIFIES_FILE,3,PR:335918 -> COMMIT:adc9092582503ef136344e5d017aa68b3c10c944 -> FILE:src/vs/platform/agentHost/node/copilot/copilotAgent.ts -> COMMIT:9ec5eef29c2030463158451bee5d31059ca855a3
PR,335918,COMMIT,29be9bb8b3dba1db550f435ea2003016e558a2a5,INDIRECT,COMMIT_MODIFIES_FILE,3,PR:335918 -> COMMIT:adc9092582503ef136344e5d017aa68b3c10c944 -> FILE:src/vs/platform/agentHost/node/copilot/copilotAgent.ts -> COMMIT:29be9bb8b3dba1db550f435ea2003016e558a2a5
PR,335918,COMMIT,60175e071093914f79ec242140e14e6d817e20bc,INDIRECT,COMMIT_MODIFIES_FILE,3,PR:335918 -> COMMIT:adc9092582503ef136344e5d017aa68b3c10c944 -> FILE:src/vs/platform/agentHost/node/copilot/copilotAgent.ts -> COMMIT:60175e071093914f79ec242140e14e6d817e20bc
PR,335918,COMMIT,ae15452b7c2173268ba299c6e4fc819adf544f12,INDIRECT,COMMIT_MODIFIES_FILE,3,PR:335918 -> COMMIT:adc9092582503ef136344e5d017aa68b3c10c944 -> FILE:src/vs/platform/agentHost/node/copilot/copilotAgent.ts -> COMMIT:ae15452b7c2173268ba299c6e4fc819adf544f12
PR,335918,COMMIT,9ded00c10abbf049bc40a90f52f38734e45f2567,INDIRECT,COMMIT_MODIFIES_FILE,3,PR:335918 -> COMMIT:adc9092582503ef136344e5d017aa68b3c10c944 -> FILE:src/vs/platform/agentHost/node/copilot/copilotAgent.ts -> COMMIT:9ded00c10abbf049bc40a90f52f38734e45f2567
PR,335918,COMMIT,657360062a0da40a873049a81a0aa81d27174688,INDIRECT,COMMIT_MODIFIES_FILE,3,PR:335918 -> COMMIT:adc9092582503ef136344e5d017aa68b3c10c944 -> FILE:src/vs/platform/agentHost/node/copilot/copilotAgent.ts -> COMMIT:657360062a0da40a873049a81a0aa81d27174688
PR,335918,COMMIT,4095d14d4331847174875adb200de9e64d5dd1e4,INDIRECT,COMMIT_MODIFIES_FILE,3,PR:335918 -> COMMIT:adc9092582503ef136344e5d017aa68b3c10c944 -> FILE:src/vs/platform/agentHost/node/copilot/copilotAgent.ts -> COMMIT:4095d14d4331847174875adb200de9e64d5dd1e4
PR,335918,COMMIT,e3184b7aa02b4146dd44469bb3ccb464c2f36251,INDIRECT,COMMIT_MODIFIES_FILE,3,PR:335918 -> COMMIT:adc9092582503ef136344e5d017aa68b3c10c944 -> FILE:src/vs/platform/agentHost/node/copilot/copilotAgent.ts -> COMMIT:e3184b7aa02b4146dd44469bb3ccb464c2f36251
PR,335918,COMMIT,360ad81b292188cdcaa0fb9a855613fa33c02485,INDIRECT,COMMIT_MODIFIES_FILE,3,PR:335918 -> COMMIT:adc9092582503ef136344e5d017aa68b3c10c944 -> FILE:src/vs/platform/agentHost/node/copilot/copilotAgent.ts -> COMMIT:360ad81b292188cdcaa0fb9a855613fa33c02485
PR,335918,COMMIT,7087a35be1e99065128749a7ad307a2a41972bfb,INDIRECT,COMMIT_MODIFIES_FILE,3,PR:335918 -> COMMIT:adc9092582503ef136344e5d017aa68b3c10c944 -> FILE:src/vs/platform/agentHost/node/copilot/copilotAgent.ts -> COMMIT:7087a35be1e99065128749a7ad307a2a41972bfb
PR,335918,COMMIT,84fe2095ed23938a79fc281b19ce9555a68ccd1b,INDIRECT,COMMIT_MODIFIES_FILE,3,PR:335918 -> COMMIT:adc9092582503ef136344e5d017aa68b3c10c944 -> FILE:src/vs/platform/agentHost/node/copilot/copilotAgent.ts -> COMMIT:84fe2095ed23938a79fc281b19ce9555a68ccd1b
PR,335918,COMMIT,8b4fb99e294110cec3332e431cf7e132791a5dbc,INDIRECT,COMMIT_MODIFIES_FILE,3,PR:335918 -> COMMIT:adc9092582503ef136344e5d017aa68b3c10c944 -> FILE:src/vs/platform/agentHost/node/copilot/copilotAgent.ts -> COMMIT:8b4fb99e294110cec3332e431cf7e132791a5dbc
PR,335918,COMMIT,d713f904fa69df8d44f80c8c4da4f4adc6fc422b,INDIRECT,COMMIT_MODIFIES_FILE,3,PR:335918 -> COMMIT:adc9092582503ef136344e5d017aa68b3c10c944 -> FILE:src/vs/platform/agentHost/node/copilot/copilotAgent.ts -> COMMIT:d713f904fa69df8d44f80c8c4da4f4adc6fc422b
PR,335918,COMMIT,9a56da3ce171390c87c207e060ed2285ace631fc,INDIRECT,COMMIT_MODIFIES_FILE,3,PR:335918 -> COMMIT:adc9092582503ef136344e5d017aa68b3c10c944 -> FILE:src/vs/platform/agentHost/node/copilot/copilotAgent.ts -> COMMIT:9a56da3ce171390c87c207e060ed2285ace631fc
PR,335918,COMMIT,33eb23cab1e0d950e2a4c68afd78226e3b5b53ad,INDIRECT,COMMIT_MODIFIES_FILE,3,PR:335918 -> COMMIT:adc9092582503ef136344e5d017aa68b3c10c944 -> FILE:src/vs/platform/agentHost/node/copilot/copilotAgent.ts -> COMMIT:33eb23cab1e0d950e2a4c68afd78226e3b5b53ad
PR,335918,COMMIT,4789abe51e9c2af054fa51b37b621607d827fe47,INDIRECT,COMMIT_MODIFIES_FILE,3,PR:335918 -> COMMIT:adc9092582503ef136344e5d017aa68b3c10c944 -> FILE:src/vs/platform/agentHost/node/copilot/copilotAgent.ts -> COMMIT:4789abe51e9c2af054fa51b37b621607d827fe47
PR,335918,COMMIT,cac3fa89c8cd3bf54514d138facfa9eb46815737,INDIRECT,COMMIT_MODIFIES_FILE,3,PR:335918 -> COMMIT:adc9092582503ef136344e5d017aa68b3c10c944 -> FILE:src/vs/platform/agentHost/node/copilot/copilotAgent.ts -> COMMIT:cac3fa89c8cd3bf54514d138facfa9eb46815737
PR,335918,COMMIT,60fce7128a00b2e911a230cdee61028913177c55,INDIRECT,COMMIT_MODIFIES_FILE,3,PR:335918 -> COMMIT:adc9092582503ef136344e5d017aa68b3c10c944 -> FILE:src/vs/platform/agentHost/node/copilot/copilotAgent.ts -> COMMIT:60fce7128a00b2e911a230cdee61028913177c55
PR,335918,COMMIT,6b99fef80e192d971f10fba69e3ab92c63b55a02,INDIRECT,COMMIT_MODIFIES_FILE,3,PR:335918 -> COMMIT:adc9092582503ef136344e5d017aa68b3c10c944 -> FILE:src/vs/platform/agentHost/node/copilot/copilotAgent.ts -> COMMIT:6b99fef80e192d971f10fba69e3ab92c63b55a02
PR,335918,COMMIT,744c395704db9890aba543566b3ba6d4b7dffb87,INDIRECT,COMMIT_MODIFIES_FILE,3,PR:335918 -> COMMIT:adc9092582503ef136344e5d017aa68b3c10c944 -> FILE:src/vs/platform/agentHost/node/copilot/copilotAgent.ts -> COMMIT:744c395704db9890aba543566b3ba6d4b7dffb87
PR,335918,COMMIT,f0141c3b128b8d5cfe91b51fe802b9e42140e298,INDIRECT,COMMIT_MODIFIES_FILE,3,PR:335918 -> COMMIT:adc9092582503ef136344e5d017aa68b3c10c944 -> FILE:src/vs/platform/agentHost/node/copilot/copilotAgent.ts -> COMMIT:f0141c3b128b8d5cfe91b51fe802b9e42140e298
PR,335918,COMMIT,f041bf21d161b455f33d5835267855dac2517bfa,INDIRECT,COMMIT_MODIFIES_FILE,3,PR:335918 -> COMMIT:adc9092582503ef136344e5d017aa68b3c10c944 -> FILE:src/vs/platform/agentHost/node/copilot/copilotAgent.ts -> COMMIT:f041bf21d161b455f33d5835267855dac2517bfa
PR,335918,COMMIT,d84b2551a43f2fd5fa34dc90b3a4a004b189844f,INDIRECT,COMMIT_MODIFIES_FILE,3,PR:335918 -> COMMIT:adc9092582503ef136344e5d017aa68b3c10c944 -> FILE:src/vs/platform/agentHost/node/copilot/copilotAgent.ts -> COMMIT:d84b2551a43f2fd5fa34dc90b3a4a004b189844f
PR,335918,COMMIT,524e36cb1c99eb1c419354b3c737090a696598e2,INDIRECT,COMMIT_MODIFIES_FILE,3,PR:335918 -> COMMIT:adc9092582503ef136344e5d017aa68b3c10c944 -> FILE:src/vs/platform/agentHost/node/copilot/copilotAgent.ts -> COMMIT:524e36cb1c99eb1c419354b3c737090a696598e2
PR,335918,COMMIT,da09d857d10a4bd8e7de0a39c8917b664ed4ed12,INDIRECT,COMMIT_MODIFIES_FILE,3,PR:335918 -> COMMIT:adc9092582503ef136344e5d017aa68b3c10c944 -> FILE:src/vs/platform/agentHost/node/copilot/copilotAgent.ts -> COMMIT:da09d857d10a4bd8e7de0a39c8917b664ed4ed12
PR,335918,COMMIT,c9abeed2beb316da7e69f7d50eab670244df9c54,INDIRECT,COMMIT_MODIFIES_FILE,3,PR:335918 -> COMMIT:adc9092582503ef136344e5d017aa68b3c10c944 -> FILE:src/vs/platform/agentHost/node/copilot/copilotAgent.ts -> COMMIT:c9abeed2beb316da7e69f7d50eab670244df9c54
PR,335918,COMMIT,af310ddecff1055470977bc9bcdda1a9ae7d974f,INDIRECT,COMMIT_MODIFIES_FILE,3,PR:335918 -> COMMIT:adc9092582503ef136344e5d017aa68b3c10c944 -> FILE:src/vs/platform/agentHost/node/copilot/copilotAgent.ts -> COMMIT:af310ddecff1055470977bc9bcdda1a9ae7d974f
PR,335918,COMMIT,88dca49e573bc5709797b445d9da57b515a57cfa,INDIRECT,COMMIT_MODIFIES_FILE,3,PR:335918 -> COMMIT:adc9092582503ef136344e5d017aa68b3c10c944 -> FILE:src/vs/platform/agentHost/node/copilot/copilotAgent.ts -> COMMIT:88dca49e573bc5709797b445d9da57b515a57cfa
PR,335918,COMMIT,a21d8a61b7a89f593fcef462fd643cfc413483a9,INDIRECT,COMMIT_MODIFIES_FILE,3,PR:335918 -> COMMIT:adc9092582503ef136344e5d017aa68b3c10c944 -> FILE:src/vs/platform/agentHost/node/copilot/copilotAgent.ts -> COMMIT:a21d8a61b7a89f593fcef462fd643cfc413483a9
PR,335918,COMMIT,2ed0c4784241f8eeadecf3c440584f36935dfe21,INDIRECT,COMMIT_MODIFIES_FILE,3,PR:335918 -> COMMIT:adc9092582503ef136344e5d017aa68b3c10c944 -> FILE:src/vs/platform/agentHost/node/copilot/copilotAgent.ts -> COMMIT:2ed0c4784241f8eeadecf3c440584f36935dfe21
PR,335918,COMMIT,86a2c4bf88aef6e548fd161b4488ab00b13aa5d9,INDIRECT,COMMIT_MODIFIES_FILE,3,PR:335918 -> COMMIT:adc9092582503ef136344e5d017aa68b3c10c944 -> FILE:src/vs/platform/agentHost/node/copilot/copilotAgent.ts -> COMMIT:86a2c4bf88aef6e548fd161b4488ab00b13aa5d9
PR,335918,COMMIT,717e0493afd89aa0ed5d9376dc704f2d6e3c6470,INDIRECT,COMMIT_MODIFIES_FILE,3,PR:335918 -> COMMIT:adc9092582503ef136344e5d017aa68b3c10c944 -> FILE:src/vs/platform/agentHost/node/copilot/copilotAgent.ts -> COMMIT:717e0493afd89aa0ed5d9376dc704f2d6e3c6470
PR,335918,COMMIT,d4430d32213fe134bbb2fea3e82a0e21358f16cd,INDIRECT,COMMIT_MODIFIES_FILE,3,PR:335918 -> COMMIT:adc9092582503ef136344e5d017aa68b3c10c944 -> FILE:src/vs/platform/agentHost/node/copilot/copilotAgent.ts -> COMMIT:d4430d32213fe134bbb2fea3e82a0e21358f16cd
PR,335918,COMMIT,c57c19c8239880e53aee24381587236c14f99fbc,INDIRECT,COMMIT_MODIFIES_FILE,3,PR:335918 -> COMMIT:adc9092582503ef136344e5d017aa68b3c10c944 -> FILE:src/vs/platform/agentHost/node/copilot/copilotAgent.ts -> COMMIT:c57c19c8239880e53aee24381587236c14f99fbc
PR,335918,COMMIT,9fae7f91d225bb5f50ba38dd17e11ee6ddfa690c,INDIRECT,COMMIT_MODIFIES_FILE,3,PR:335918 -> COMMIT:adc9092582503ef136344e5d017aa68b3c10c944 -> FILE:src/vs/platform/agentHost/node/copilot/copilotAgent.ts -> COMMIT:9fae7f91d225bb5f50ba38dd17e11ee6ddfa690c
PR,335918,COMMIT,48e14b23b4960fec4528e7ad3b1b07d82d0ea308,INDIRECT,COMMIT_MODIFIES_FILE,3,PR:335918 -> COMMIT:adc9092582503ef136344e5d017aa68b3c10c944 -> FILE:src/vs/platform/agentHost/node/copilot/copilotAgent.ts -> COMMIT:48e14b23b4960fec4528e7ad3b1b07d82d0ea308
PR,335918,COMMIT,54e22bcc9ceb2cf22d69e46326bac5e7b84dab8b,INDIRECT,COMMIT_MODIFIES_FILE,3,PR:335918 -> COMMIT:adc9092582503ef136344e5d017aa68b3c10c944 -> FILE:src/vs/platform/agentHost/node/copilot/copilotAgent.ts -> COMMIT:54e22bcc9ceb2cf22d69e46326bac5e7b84dab8b
PR,335918,COMMIT,3fe9349e7d6c0ed0677435365348bff1ad890d85,INDIRECT,COMMIT_MODIFIES_FILE,3,PR:335918 -> COMMIT:adc9092582503ef136344e5d017aa68b3c10c944 -> FILE:src/vs/platform/agentHost/node/copilot/copilotAgent.ts -> COMMIT:3fe9349e7d6c0ed0677435365348bff1ad890d85
PR,335918,COMMIT,2ec400535eb8a4f5ae9d18995fc2ffb7896505b0,INDIRECT,COMMIT_MODIFIES_FILE,3,PR:335918 -> COMMIT:adc9092582503ef136344e5d017aa68b3c10c944 -> FILE:src/vs/platform/agentHost/node/copilot/copilotAgent.ts -> COMMIT:2ec400535eb8a4f5ae9d18995fc2ffb7896505b0
PR,335918,COMMIT,7efe350dbba005d54ca2641e9f69922b85cbc61f,INDIRECT,COMMIT_MODIFIES_FILE,3,PR:335918 -> COMMIT:adc9092582503ef136344e5d017aa68b3c10c944 -> FILE:src/vs/platform/agentHost/node/copilot/copilotAgent.ts -> COMMIT:7efe350dbba005d54ca2641e9f69922b85cbc61f
PR,335918,COMMIT,6a7697a1f6d06310fa477014aa8838e54fe2e365,INDIRECT,COMMIT_MODIFIES_FILE,3,PR:335918 -> COMMIT:adc9092582503ef136344e5d017aa68b3c10c944 -> FILE:src/vs/platform/agentHost/node/copilot/copilotAgent.ts -> COMMIT:6a7697a1f6d06310fa477014aa8838e54fe2e365
PR,335918,COMMIT,d1221f8d721e4a35b3be9c12b848bb087ef6701a,INDIRECT,COMMIT_MODIFIES_FILE,3,PR:335918 -> COMMIT:adc9092582503ef136344e5d017aa68b3c10c944 -> FILE:src/vs/platform/agentHost/node/copilot/copilotAgent.ts -> COMMIT:d1221f8d721e4a35b3be9c12b848bb087ef6701a
PR,335918,COMMIT,ff926c30ace886f6644eae8a2b3f44a0a9179aa1,INDIRECT,COMMIT_MODIFIES_FILE,3,PR:335918 -> COMMIT:adc9092582503ef136344e5d017aa68b3c10c944 -> FILE:src/vs/platform/agentHost/node/copilot/copilotAgent.ts -> COMMIT:ff926c30ace886f6644eae8a2b3f44a0a9179aa1
PR,335918,COMMIT,dbdb0ef28451d3172d8abb5be586ff1fc73246ef,INDIRECT,COMMIT_MODIFIES_FILE,3,PR:335918 -> COMMIT:adc9092582503ef136344e5d017aa68b3c10c944 -> FILE:src/vs/platform/agentHost/node/copilot/copilotAgent.ts -> COMMIT:dbdb0ef28451d3172d8abb5be586ff1fc73246ef
PR,335918,COMMIT,fe9a74ec5e33d58061dda70d491d8ada18ea7b1f,INDIRECT,COMMIT_MODIFIES_FILE,3,PR:335918 -> COMMIT:adc9092582503ef136344e5d017aa68b3c10c944 -> FILE:src/vs/platform/agentHost/node/copilot/copilotAgent.ts -> COMMIT:fe9a74ec5e33d58061dda70d491d8ada18ea7b1f
PR,335918,COMMIT,372933fb0d1a909f5e2a4730291d2c84e7299749,INDIRECT,COMMIT_MODIFIES_FILE,3,PR:335918 -> COMMIT:adc9092582503ef136344e5d017aa68b3c10c944 -> FILE:src/vs/platform/agentHost/node/copilot/copilotAgent.ts -> COMMIT:372933fb0d1a909f5e2a4730291d2c84e7299749
PR,335918,COMMIT,aaf0c98bb6436df87f1d5abe636f5b988ad77c83,INDIRECT,COMMIT_MODIFIES_FILE,3,PR:335918 -> COMMIT:adc9092582503ef136344e5d017aa68b3c10c944 -> FILE:src/vs/platform/agentHost/node/copilot/copilotAgent.ts -> COMMIT:aaf0c98bb6436df87f1d5abe636f5b988ad77c83
PR,335918,COMMIT,d29b9f7f65e82b4b64a79f9717e1635d2936757b,INDIRECT,COMMIT_MODIFIES_FILE,3,PR:335918 -> COMMIT:adc9092582503ef136344e5d017aa68b3c10c944 -> FILE:src/vs/platform/agentHost/node/copilot/copilotAgent.ts -> COMMIT:d29b9f7f65e82b4b64a79f9717e1635d2936757b
PR,335918,COMMIT,df0db4346c9a396be8c18f2953e1823042f3902d,INDIRECT,COMMIT_MODIFIES_FILE,3,PR:335918 -> COMMIT:adc9092582503ef136344e5d017aa68b3c10c944 -> FILE:src/vs/platform/agentHost/node/copilot/copilotAgent.ts -> COMMIT:df0db4346c9a396be8c18f2953e1823042f3902d
PR,335918,COMMIT,48cf67b4cdf736eba2046697ddbe9501cb397a11,INDIRECT,COMMIT_MODIFIES_FILE,3,PR:335918 -> COMMIT:adc9092582503ef136344e5d017aa68b3c10c944 -> FILE:src/vs/platform/agentHost/node/copilot/copilotAgent.ts -> COMMIT:48cf67b4cdf736eba2046697ddbe9501cb397a11
PR,335918,COMMIT,864b626612692fccf48c0ff66c904fc050e0a888,INDIRECT,COMMIT_MODIFIES_FILE,3,PR:335918 -> COMMIT:adc9092582503ef136344e5d017aa68b3c10c944 -> FILE:src/vs/platform/agentHost/node/copilot/copilotAgent.ts -> COMMIT:864b626612692fccf48c0ff66c904fc050e0a888
PR,335918,COMMIT,0fbe631f90af5ac66c4b108b56e48e8f2a67f799,INDIRECT,COMMIT_MODIFIES_FILE,3,PR:335918 -> COMMIT:adc9092582503ef136344e5d017aa68b3c10c944 -> FILE:src/vs/platform/agentHost/node/copilot/copilotAgent.ts -> COMMIT:0fbe631f90af5ac66c4b108b56e48e8f2a67f799
PR,335918,COMMIT,344d2313474cf6bea92f782969ac42b3ed2964b1,INDIRECT,COMMIT_MODIFIES_FILE,3,PR:335918 -> COMMIT:adc9092582503ef136344e5d017aa68b3c10c944 -> FILE:src/vs/platform/agentHost/node/copilot/copilotAgent.ts -> COMMIT:344d2313474cf6bea92f782969ac42b3ed2964b1
PR,335918,COMMIT,b750f8b86190bb7b9797045e7d1c56f93bff2e6f,INDIRECT,COMMIT_MODIFIES_FILE,3,PR:335918 -> COMMIT:adc9092582503ef136344e5d017aa68b3c10c944 -> FILE:src/vs/platform/agentHost/node/copilot/copilotAgent.ts -> COMMIT:b750f8b86190bb7b9797045e7d1c56f93bff2e6f
PR,335918,COMMIT,f37533147acd2df1098c7c4a82da359735f80819,INDIRECT,COMMIT_MODIFIES_FILE,3,PR:335918 -> COMMIT:adc9092582503ef136344e5d017aa68b3c10c944 -> FILE:src/vs/platform/agentHost/node/copilot/copilotAgent.ts -> COMMIT:f37533147acd2df1098c7c4a82da359735f80819
PR,335918,COMMIT,404b5642892ee492f9102b6cdc63e0293992442d,INDIRECT,COMMIT_MODIFIES_FILE,3,PR:335918 -> COMMIT:adc9092582503ef136344e5d017aa68b3c10c944 -> FILE:src/vs/platform/agentHost/node/copilot/copilotAgent.ts -> COMMIT:404b5642892ee492f9102b6cdc63e0293992442d
PR,335918,COMMIT,e0984ff6cd2611d5e1d565393069668e5867407a,INDIRECT,COMMIT_MODIFIES_FILE,3,PR:335918 -> COMMIT:adc9092582503ef136344e5d017aa68b3c10c944 -> FILE:src/vs/platform/agentHost/node/copilot/copilotAgent.ts -> COMMIT:e0984ff6cd2611d5e1d565393069668e5867407a
PR,335918,COMMIT,4d8d6aef14ad9e6f74d8d3d24dc0657d14aa34f7,INDIRECT,COMMIT_MODIFIES_FILE,3,PR:335918 -> COMMIT:adc9092582503ef136344e5d017aa68b3c10c944 -> FILE:src/vs/platform/agentHost/node/copilot/copilotAgent.ts -> COMMIT:4d8d6aef14ad9e6f74d8d3d24dc0657d14aa34f7
PR,335918,COMMIT,9d8873809de7a174e9337f28d941585ec16309fd,INDIRECT,COMMIT_MODIFIES_FILE,3,PR:335918 -> COMMIT:adc9092582503ef136344e5d017aa68b3c10c944 -> FILE:src/vs/platform/agentHost/node/copilot/copilotAgent.ts -> COMMIT:9d8873809de7a174e9337f28d941585ec16309fd
PR,335918,COMMIT,4afedcc1a648b11fc45854a042782e784eb36935,INDIRECT,COMMIT_MODIFIES_FILE,3,PR:335918 -> COMMIT:adc9092582503ef136344e5d017aa68b3c10c944 -> FILE:src/vs/platform/agentHost/node/copilot/copilotAgent.ts -> COMMIT:4afedcc1a648b11fc45854a042782e784eb36935
PR,335918,COMMIT,da45a963dc395b05dcfb94081e36d601aa8ee032,INDIRECT,COMMIT_MODIFIES_FILE,3,PR:335918 -> COMMIT:adc9092582503ef136344e5d017aa68b3c10c944 -> FILE:src/vs/platform/agentHost/node/copilot/copilotAgent.ts -> COMMIT:da45a963dc395b05dcfb94081e36d601aa8ee032
PR,335918,COMMIT,a4a4ef9fe3dcce76d9d7a520f6a3689a760c088f,INDIRECT,COMMIT_MODIFIES_FILE,3,PR:335918 -> COMMIT:adc9092582503ef136344e5d017aa68b3c10c944 -> FILE:src/vs/platform/agentHost/node/copilot/copilotAgent.ts -> COMMIT:a4a4ef9fe3dcce76d9d7a520f6a3689a760c088f
PR,335918,COMMIT,35c56015b1031275d747ecd67eab2c4918acb9a9,INDIRECT,COMMIT_MODIFIES_FILE,3,PR:335918 -> COMMIT:adc9092582503ef136344e5d017aa68b3c10c944 -> FILE:src/vs/platform/agentHost/node/copilot/copilotAgent.ts -> COMMIT:35c56015b1031275d747ecd67eab2c4918acb9a9
PR,335918,COMMIT,0890cd293dde68c38269752b1d278c289eaaaa59,INDIRECT,COMMIT_MODIFIES_FILE,3,PR:335918 -> COMMIT:adc9092582503ef136344e5d017aa68b3c10c944 -> FILE:src/vs/platform/agentHost/node/copilot/copilotAgent.ts -> COMMIT:0890cd293dde68c38269752b1d278c289eaaaa59
PR,335918,COMMIT,24ad60119dc2b8917bb492a599785f47f8fd93b6,INDIRECT,COMMIT_MODIFIES_FILE,3,PR:335918 -> COMMIT:adc9092582503ef136344e5d017aa68b3c10c944 -> FILE:src/vs/platform/agentHost/node/copilot/copilotAgent.ts -> COMMIT:24ad60119dc2b8917bb492a599785f47f8fd93b6
PR,335918,COMMIT,04c596f99ba725fa5370403f6b5dfed0abfe82f9,INDIRECT,COMMIT_MODIFIES_FILE,3,PR:335918 -> COMMIT:adc9092582503ef136344e5d017aa68b3c10c944 -> FILE:src/vs/platform/agentHost/node/copilot/copilotAgent.ts -> COMMIT:04c596f99ba725fa5370403f6b5dfed0abfe82f9
PR,335918,COMMIT,0ee1ed6e56e8a1d44ef88317ba26902761ae4dfe,INDIRECT,COMMIT_MODIFIES_FILE,3,PR:335918 -> COMMIT:adc9092582503ef136344e5d017aa68b3c10c944 -> FILE:src/vs/platform/agentHost/node/copilot/copilotAgent.ts -> COMMIT:0ee1ed6e56e8a1d44ef88317ba26902761ae4dfe
PR,335918,COMMIT,5185c622086f2aa1280f43e71e5710266c81770e,INDIRECT,COMMIT_MODIFIES_FILE,3,PR:335918 -> COMMIT:adc9092582503ef136344e5d017aa68b3c10c944 -> FILE:src/vs/platform/agentHost/node/copilot/copilotAgent.ts -> COMMIT:5185c622086f2aa1280f43e71e5710266c81770e
PR,335918,COMMIT,68aa36a0b22ff4b5c369fc8275bfcaf543c0fd5d,INDIRECT,COMMIT_MODIFIES_FILE,3,PR:335918 -> COMMIT:adc9092582503ef136344e5d017aa68b3c10c944 -> FILE:src/vs/platform/agentHost/node/copilot/copilotAgent.ts -> COMMIT:68aa36a0b22ff4b5c369fc8275bfcaf543c0fd5d
PR,335918,COMMIT,089e1c0eecddb3447e358ee93436ef9b0dacf1ce,INDIRECT,COMMIT_MODIFIES_FILE,3,PR:335918 -> COMMIT:adc9092582503ef136344e5d017aa68b3c10c944 -> FILE:src/vs/platform/agentHost/node/copilot/copilotAgent.ts -> COMMIT:089e1c0eecddb3447e358ee93436ef9b0dacf1ce
PR,335918,COMMIT,21691cd5e819ec803a66d6e66580b9e36e8d416c,INDIRECT,COMMIT_MODIFIES_FILE,3,PR:335918 -> COMMIT:adc9092582503ef136344e5d017aa68b3c10c944 -> FILE:src/vs/platform/agentHost/node/copilot/copilotAgent.ts -> COMMIT:21691cd5e819ec803a66d6e66580b9e36e8d416c
PR,335918,COMMIT,14f5fabac1a7968d0b876d32c0df03d0efb29bed,INDIRECT,COMMIT_MODIFIES_FILE,3,PR:335918 -> COMMIT:adc9092582503ef136344e5d017aa68b3c10c944 -> FILE:src/vs/platform/agentHost/node/copilot/copilotAgent.ts -> COMMIT:14f5fabac1a7968d0b876d32c0df03d0efb29bed
PR,335918,COMMIT,589a3e226a9c64f0ef32f8026ad857865ebbf0b5,INDIRECT,COMMIT_MODIFIES_FILE,3,PR:335918 -> COMMIT:adc9092582503ef136344e5d017aa68b3c10c944 -> FILE:src/vs/platform/agentHost/node/copilot/copilotAgent.ts -> COMMIT:589a3e226a9c64f0ef32f8026ad857865ebbf0b5
PR,335918,COMMIT,712c1527e90d4ae368a9c3b76be42037932a7be6,INDIRECT,COMMIT_MODIFIES_FILE,3,PR:335918 -> COMMIT:adc9092582503ef136344e5d017aa68b3c10c944 -> FILE:src/vs/platform/agentHost/node/copilot/copilotAgent.ts -> COMMIT:712c1527e90d4ae368a9c3b76be42037932a7be6
PR,335918,COMMIT,59b50c0d1f047cbf6eae82a2180d77edac488e52,INDIRECT,COMMIT_MODIFIES_FILE,3,PR:335918 -> COMMIT:adc9092582503ef136344e5d017aa68b3c10c944 -> FILE:src/vs/platform/agentHost/node/copilot/copilotAgent.ts -> COMMIT:59b50c0d1f047cbf6eae82a2180d77edac488e52
PR,335918,COMMIT,06f0c5378e7bb75cec439a336c08c49b285d326d,INDIRECT,COMMIT_MODIFIES_FILE,3,PR:335918 -> COMMIT:adc9092582503ef136344e5d017aa68b3c10c944 -> FILE:src/vs/platform/agentHost/node/copilot/copilotAgent.ts -> COMMIT:06f0c5378e7bb75cec439a336c08c49b285d326d
PR,335918,COMMIT,944469458c439c47a36fa32c0e9d03a2adb81b5b,INDIRECT,COMMIT_MODIFIES_FILE,3,PR:335918 -> COMMIT:adc9092582503ef136344e5d017aa68b3c10c944 -> FILE:src/vs/platform/agentHost/node/copilot/copilotAgent.ts -> COMMIT:944469458c439c47a36fa32c0e9d03a2adb81b5b
PR,335918,COMMIT,0c2fd9ab8a7a63d20bbbe804efa90109dc1cd9d5,INDIRECT,COMMIT_MODIFIES_FILE,3,PR:335918 -> COMMIT:adc9092582503ef136344e5d017aa68b3c10c944 -> FILE:src/vs/platform/agentHost/node/copilot/copilotAgent.ts -> COMMIT:0c2fd9ab8a7a63d20bbbe804efa90109dc1cd9d5
PR,335918,COMMIT,d0897349bf687467884c742f40ff4120ffcd3e01,INDIRECT,COMMIT_MODIFIES_FILE,3,PR:335918 -> COMMIT:adc9092582503ef136344e5d017aa68b3c10c944 -> FILE:src/vs/platform/agentHost/node/copilot/copilotAgent.ts -> COMMIT:d0897349bf687467884c742f40ff4120ffcd3e01
PR,335918,COMMIT,2c1f3cd3b98ea835d03a5e3d989dd0e6530646aa,INDIRECT,COMMIT_MODIFIES_FILE,3,PR:335918 -> COMMIT:adc9092582503ef136344e5d017aa68b3c10c944 -> FILE:src/vs/platform/agentHost/node/copilot/copilotAgent.ts -> COMMIT:2c1f3cd3b98ea835d03a5e3d989dd0e6530646aa
PR,335918,COMMIT,e1841a73df295c0f0265513b79f3a38de8bea993,INDIRECT,COMMIT_MODIFIES_FILE,3,PR:335918 -> COMMIT:adc9092582503ef136344e5d017aa68b3c10c944 -> FILE:src/vs/platform/agentHost/node/copilot/copilotAgent.ts -> COMMIT:e1841a73df295c0f0265513b79f3a38de8bea993
PR,335918,COMMIT,f3fddaabc3e01dd5ce2aa97af72cb71e65f09dcb,INDIRECT,COMMIT_MODIFIES_FILE,3,PR:335918 -> COMMIT:adc9092582503ef136344e5d017aa68b3c10c944 -> FILE:src/vs/platform/agentHost/node/copilot/copilotAgent.ts -> COMMIT:f3fddaabc3e01dd5ce2aa97af72cb71e65f09dcb
PR,335918,COMMIT,8c493808e67de2e8291fb8de6606784f1effb61f,INDIRECT,COMMIT_MODIFIES_FILE,3,PR:335918 -> COMMIT:adc9092582503ef136344e5d017aa68b3c10c944 -> FILE:src/vs/platform/agentHost/node/copilot/copilotAgent.ts -> COMMIT:8c493808e67de2e8291fb8de6606784f1effb61f
PR,335918,COMMIT,2c10fb364b8380439c9001dbc443f88dcdc15a27,INDIRECT,COMMIT_MODIFIES_FILE,3,PR:335918 -> COMMIT:adc9092582503ef136344e5d017aa68b3c10c944 -> FILE:src/vs/platform/agentHost/node/copilot/copilotAgent.ts -> COMMIT:2c10fb364b8380439c9001dbc443f88dcdc15a27
PR,335918,COMMIT,8024eb32105111102c6707b96ec9ed2bfbdb72a2,INDIRECT,COMMIT_MODIFIES_FILE,3,PR:335918 -> COMMIT:adc9092582503ef136344e5d017aa68b3c10c944 -> FILE:src/vs/platform/agentHost/node/copilot/copilotAgent.ts -> COMMIT:8024eb32105111102c6707b96ec9ed2bfbdb72a2
PR,335918,COMMIT,3252eabeb409d42bf499a265860388e51040adeb,INDIRECT,COMMIT_MODIFIES_FILE,3,PR:335918 -> COMMIT:adc9092582503ef136344e5d017aa68b3c10c944 -> FILE:src/vs/platform/agentHost/node/copilot/copilotAgent.ts -> COMMIT:3252eabeb409d42bf499a265860388e51040adeb
PR,335918,COMMIT,f244ef4f889062bb7b033cab67376ce6486491fc,INDIRECT,COMMIT_MODIFIES_FILE,3,PR:335918 -> COMMIT:adc9092582503ef136344e5d017aa68b3c10c944 -> FILE:src/vs/platform/agentHost/node/copilot/copilotAgent.ts -> COMMIT:f244ef4f889062bb7b033cab67376ce6486491fc
PR,335918,COMMIT,1ee6c1c71976d84a0a97bc4fcec0c9873cab8aec,INDIRECT,COMMIT_MODIFIES_FILE,3,PR:335918 -> COMMIT:adc9092582503ef136344e5d017aa68b3c10c944 -> FILE:src/vs/platform/agentHost/node/copilot/copilotAgent.ts -> COMMIT:1ee6c1c71976d84a0a97bc4fcec0c9873cab8aec
PR,335918,COMMIT,f37f725d8a99fbb466390b871c61c4e8660eafe6,INDIRECT,COMMIT_MODIFIES_FILE,3,PR:335918 -> COMMIT:adc9092582503ef136344e5d017aa68b3c10c944 -> FILE:src/vs/platform/agentHost/node/copilot/copilotAgent.ts -> COMMIT:f37f725d8a99fbb466390b871c61c4e8660eafe6
PR,335918,COMMIT,d01c190db354856495b4a503c91e844021fbbc9a,INDIRECT,COMMIT_MODIFIES_FILE,3,PR:335918 -> COMMIT:adc9092582503ef136344e5d017aa68b3c10c944 -> FILE:src/vs/platform/agentHost/node/copilot/copilotAgent.ts -> COMMIT:d01c190db354856495b4a503c91e844021fbbc9a
PR,335918,COMMIT,a4a6bb65fa77a56050250c9eb9cfe167434b2639,INDIRECT,COMMIT_MODIFIES_FILE,3,PR:335918 -> COMMIT:adc9092582503ef136344e5d017aa68b3c10c944 -> FILE:src/vs/platform/agentHost/node/copilot/copilotAgent.ts -> COMMIT:a4a6bb65fa77a56050250c9eb9cfe167434b2639
PR,335918,COMMIT,35732381fbd5d641220c8354ff99270630320dfb,INDIRECT,COMMIT_MODIFIES_FILE,3,PR:335918 -> COMMIT:adc9092582503ef136344e5d017aa68b3c10c944 -> FILE:src/vs/platform/agentHost/node/copilot/copilotAgent.ts -> COMMIT:35732381fbd5d641220c8354ff99270630320dfb
PR,335918,COMMIT,df48b1b934d07023321e6bb7638e36eed01323dc,INDIRECT,COMMIT_MODIFIES_FILE,3,PR:335918 -> COMMIT:adc9092582503ef136344e5d017aa68b3c10c944 -> FILE:src/vs/platform/agentHost/node/copilot/copilotAgent.ts -> COMMIT:df48b1b934d07023321e6bb7638e36eed01323dc
PR,335918,COMMIT,d824f38cee752d7203985dbe807feced31e85299,INDIRECT,COMMIT_MODIFIES_FILE,3,PR:335918 -> COMMIT:adc9092582503ef136344e5d017aa68b3c10c944 -> FILE:src/vs/platform/agentHost/node/copilot/copilotAgent.ts -> COMMIT:d824f38cee752d7203985dbe807feced31e85299
PR,335918,COMMIT,bb567e18f7f85a19535a2a61fac34c6a1db6c4a8,INDIRECT,COMMIT_MODIFIES_FILE,3,PR:335918 -> COMMIT:adc9092582503ef136344e5d017aa68b3c10c944 -> FILE:src/vs/platform/agentHost/node/copilot/copilotAgent.ts -> COMMIT:bb567e18f7f85a19535a2a61fac34c6a1db6c4a8
PR,335918,COMMIT,28fdc46ef1dba01d79e40f51fba1ed4388e88a60,INDIRECT,COMMIT_MODIFIES_FILE,3,PR:335918 -> COMMIT:adc9092582503ef136344e5d017aa68b3c10c944 -> FILE:src/vs/platform/agentHost/node/copilot/copilotAgent.ts -> COMMIT:28fdc46ef1dba01d79e40f51fba1ed4388e88a60
PR,335918,COMMIT,ee73d748dc01e899e88e15d1f483f12084fd1c3a,INDIRECT,COMMIT_MODIFIES_FILE,3,PR:335918 -> COMMIT:adc9092582503ef136344e5d017aa68b3c10c944 -> FILE:src/vs/platform/agentHost/node/copilot/copilotAgent.ts -> COMMIT:ee73d748dc01e899e88e15d1f483f12084fd1c3a
PR,335918,COMMIT,0df9cb212b45dca329958951218af000ad0ccae5,INDIRECT,COMMIT_MODIFIES_FILE,3,PR:335918 -> COMMIT:adc9092582503ef136344e5d017aa68b3c10c944 -> FILE:src/vs/platform/agentHost/node/copilot/copilotAgent.ts -> COMMIT:0df9cb212b45dca329958951218af000ad0ccae5
PR,335918,COMMIT,ae8b039ce1ecc465f9e7904e180f7adb3a2306ed,INDIRECT,COMMIT_MODIFIES_FILE,3,PR:335918 -> COMMIT:adc9092582503ef136344e5d017aa68b3c10c944 -> FILE:src/vs/platform/agentHost/node/copilot/copilotAgent.ts -> COMMIT:ae8b039ce1ecc465f9e7904e180f7adb3a2306ed
PR,335918,COMMIT,a6d5bd1e0901fab446ddaa2437863d31d265379e,INDIRECT,COMMIT_MODIFIES_FILE,3,PR:335918 -> COMMIT:adc9092582503ef136344e5d017aa68b3c10c944 -> FILE:src/vs/platform/agentHost/node/copilot/copilotAgent.ts -> COMMIT:a6d5bd1e0901fab446ddaa2437863d31d265379e
PR,335918,COMMIT,bd85e92f9e97561ccdd777b8c4f9ff302a3c8675,INDIRECT,COMMIT_MODIFIES_FILE,3,PR:335918 -> COMMIT:adc9092582503ef136344e5d017aa68b3c10c944 -> FILE:src/vs/platform/agentHost/node/copilot/copilotAgent.ts -> COMMIT:bd85e92f9e97561ccdd777b8c4f9ff302a3c8675
PR,335918,COMMIT,011a0bba67ef6f07fc846590ce22a71683d43daa,INDIRECT,COMMIT_MODIFIES_FILE,3,PR:335918 -> COMMIT:adc9092582503ef136344e5d017aa68b3c10c944 -> FILE:src/vs/platform/agentHost/node/copilot/copilotAgent.ts -> COMMIT:011a0bba67ef6f07fc846590ce22a71683d43daa
PR,335918,COMMIT,4cbd86b73cdfe1604bfb8142cb811ec3e01fbc63,INDIRECT,COMMIT_MODIFIES_FILE,3,PR:335918 -> COMMIT:adc9092582503ef136344e5d017aa68b3c10c944 -> FILE:src/vs/platform/agentHost/node/copilot/copilotAgent.ts -> COMMIT:4cbd86b73cdfe1604bfb8142cb811ec3e01fbc63
PR,335918,COMMIT,e196bca9dc9580ea5e6b7cc88369f0623831cfa1,INDIRECT,COMMIT_MODIFIES_FILE,3,PR:335918 -> COMMIT:adc9092582503ef136344e5d017aa68b3c10c944 -> FILE:src/vs/platform/agentHost/node/copilot/copilotAgent.ts -> COMMIT:e196bca9dc9580ea5e6b7cc88369f0623831cfa1
PR,335918,COMMIT,ab80368045dcaf5f7daee8e70d758aac5264aefa,INDIRECT,COMMIT_MODIFIES_FILE,3,PR:335918 -> COMMIT:adc9092582503ef136344e5d017aa68b3c10c944 -> FILE:src/vs/platform/agentHost/node/copilot/copilotAgent.ts -> COMMIT:ab80368045dcaf5f7daee8e70d758aac5264aefa
PR,335918,COMMIT,c4610ddd4fcd7a61c298b3ae5a0c583d0f721c93,INDIRECT,COMMIT_MODIFIES_FILE,3,PR:335918 -> COMMIT:adc9092582503ef136344e5d017aa68b3c10c944 -> FILE:src/vs/platform/agentHost/node/copilot/copilotAgent.ts -> COMMIT:c4610ddd4fcd7a61c298b3ae5a0c583d0f721c93
PR,335918,COMMIT,d7e20936f75a588d1f281d557c992470f2629a96,INDIRECT,COMMIT_MODIFIES_FILE,3,PR:335918 -> COMMIT:adc9092582503ef136344e5d017aa68b3c10c944 -> FILE:src/vs/platform/agentHost/node/copilot/copilotAgent.ts -> COMMIT:d7e20936f75a588d1f281d557c992470f2629a96
PR,335918,COMMIT,37baa43a050c6458fd944b3cc1b6c5cd4843d575,INDIRECT,COMMIT_MODIFIES_FILE,3,PR:335918 -> COMMIT:adc9092582503ef136344e5d017aa68b3c10c944 -> FILE:src/vs/platform/agentHost/node/copilot/copilotAgent.ts -> COMMIT:37baa43a050c6458fd944b3cc1b6c5cd4843d575
PR,335918,COMMIT,fd980841f772f3e168f6c9e62e1535710abedca7,INDIRECT,COMMIT_MODIFIES_FILE,3,PR:335918 -> COMMIT:adc9092582503ef136344e5d017aa68b3c10c944 -> FILE:src/vs/platform/agentHost/node/copilot/copilotAgent.ts -> COMMIT:fd980841f772f3e168f6c9e62e1535710abedca7
PR,335918,COMMIT,049c4443b819ae319a60e5ab62dc9659767048b2,INDIRECT,COMMIT_MODIFIES_FILE,3,PR:335918 -> COMMIT:adc9092582503ef136344e5d017aa68b3c10c944 -> FILE:src/vs/platform/agentHost/node/copilot/copilotAgent.ts -> COMMIT:049c4443b819ae319a60e5ab62dc9659767048b2
PR,335918,COMMIT,d7f9c9f550d75ee3d8ccb49f3aeb2c7ba5efedea,INDIRECT,COMMIT_MODIFIES_FILE,3,PR:335918 -> COMMIT:adc9092582503ef136344e5d017aa68b3c10c944 -> FILE:src/vs/platform/agentHost/node/copilot/copilotAgent.ts -> COMMIT:d7f9c9f550d75ee3d8ccb49f3aeb2c7ba5efedea
PR,335918,COMMIT,71ccbaeb818e9a4496e07e73bb3148eb975ab6ba,INDIRECT,COMMIT_MODIFIES_FILE,3,PR:335918 -> COMMIT:adc9092582503ef136344e5d017aa68b3c10c944 -> FILE:src/vs/platform/agentHost/node/copilot/copilotAgent.ts -> COMMIT:71ccbaeb818e9a4496e07e73bb3148eb975ab6ba
PR,335918,COMMIT,5531d8f1115d870f0ef69621d4da80cf2f08cb55,INDIRECT,COMMIT_MODIFIES_FILE,3,PR:335918 -> COMMIT:adc9092582503ef136344e5d017aa68b3c10c944 -> FILE:src/vs/platform/agentHost/node/copilot/copilotAgent.ts -> COMMIT:5531d8f1115d870f0ef69621d4da80cf2f08cb55
PR,335918,COMMIT,7425027ec55fd24c55c513ee0ef95a459eecd399,INDIRECT,COMMIT_MODIFIES_FILE,3,PR:335918 -> COMMIT:adc9092582503ef136344e5d017aa68b3c10c944 -> FILE:src/vs/platform/agentHost/node/copilot/copilotAgent.ts -> COMMIT:7425027ec55fd24c55c513ee0ef95a459eecd399
PR,335918,COMMIT,41913dde91c2a15bad4d49c2e68058a1b65f8a53,INDIRECT,COMMIT_MODIFIES_FILE,3,PR:335918 -> COMMIT:adc9092582503ef136344e5d017aa68b3c10c944 -> FILE:src/vs/platform/agentHost/node/copilot/copilotAgent.ts -> COMMIT:41913dde91c2a15bad4d49c2e68058a1b65f8a53
PR,335918,COMMIT,7718ae7e774707755f83b2129ad88ba8c758305a,INDIRECT,COMMIT_MODIFIES_FILE,3,PR:335918 -> COMMIT:adc9092582503ef136344e5d017aa68b3c10c944 -> FILE:src/vs/platform/agentHost/node/copilot/copilotAgent.ts -> COMMIT:7718ae7e774707755f83b2129ad88ba8c758305a
PR,335918,COMMIT,350a38b407ca34670752dfb6050b0587c7447497,INDIRECT,COMMIT_MODIFIES_FILE,3,PR:335918 -> COMMIT:adc9092582503ef136344e5d017aa68b3c10c944 -> FILE:src/vs/platform/agentHost/node/copilot/copilotAgent.ts -> COMMIT:350a38b407ca34670752dfb6050b0587c7447497
PR,335918,COMMIT,dd50773192467cedb149822b2786fe1b28d973fd,INDIRECT,COMMIT_MODIFIES_FILE,3,PR:335918 -> COMMIT:adc9092582503ef136344e5d017aa68b3c10c944 -> FILE:src/vs/platform/agentHost/node/copilot/copilotAgent.ts -> COMMIT:dd50773192467cedb149822b2786fe1b28d973fd
PR,335918,COMMIT,b09e11d46777db273a9817983af5b0209158db49,INDIRECT,COMMIT_MODIFIES_FILE,3,PR:335918 -> COMMIT:adc9092582503ef136344e5d017aa68b3c10c944 -> FILE:src/vs/platform/agentHost/node/copilot/copilotAgent.ts -> COMMIT:b09e11d46777db273a9817983af5b0209158db49
PR,335918,COMMIT,1661f15e36de7329c93942fd4f09c56793bb51e3,INDIRECT,COMMIT_MODIFIES_FILE,3,PR:335918 -> COMMIT:adc9092582503ef136344e5d017aa68b3c10c944 -> FILE:src/vs/platform/agentHost/node/copilot/copilotAgent.ts -> COMMIT:1661f15e36de7329c93942fd4f09c56793bb51e3
PR,335918,COMMIT,4a98e85446ca6da1c0847e910f4db4a1e1d88ffb,INDIRECT,COMMIT_MODIFIES_FILE,3,PR:335918 -> COMMIT:adc9092582503ef136344e5d017aa68b3c10c944 -> FILE:src/vs/platform/agentHost/node/copilot/copilotAgent.ts -> COMMIT:4a98e85446ca6da1c0847e910f4db4a1e1d88ffb
PR,335918,COMMIT,9fecd826b23102a86079736d046dc8f2488e8984,INDIRECT,COMMIT_MODIFIES_FILE,3,PR:335918 -> COMMIT:adc9092582503ef136344e5d017aa68b3c10c944 -> FILE:src/vs/platform/agentHost/node/copilot/copilotAgent.ts -> COMMIT:9fecd826b23102a86079736d046dc8f2488e8984
PR,335918,COMMIT,0835bacaefe8c050a3babfc14d33ba03ea123d8c,INDIRECT,COMMIT_MODIFIES_FILE,3,PR:335918 -> COMMIT:adc9092582503ef136344e5d017aa68b3c10c944 -> FILE:src/vs/platform/agentHost/node/copilot/copilotAgent.ts -> COMMIT:0835bacaefe8c050a3babfc14d33ba03ea123d8c
PR,335918,COMMIT,4c99a97982fea40774c39f977b8fe0e87af2fbcb,INDIRECT,COMMIT_MODIFIES_FILE,3,PR:335918 -> COMMIT:adc9092582503ef136344e5d017aa68b3c10c944 -> FILE:src/vs/platform/agentHost/node/copilot/copilotAgent.ts -> COMMIT:4c99a97982fea40774c39f977b8fe0e87af2fbcb
PR,335918,COMMIT,23bb2b0805dc2d247ecc27522194701514fcaa61,INDIRECT,COMMIT_MODIFIES_FILE,3,PR:335918 -> COMMIT:adc9092582503ef136344e5d017aa68b3c10c944 -> FILE:src/vs/platform/agentHost/node/copilot/copilotAgent.ts -> COMMIT:23bb2b0805dc2d247ecc27522194701514fcaa61
PR,335918,COMMIT,305c34721ce32e0d4ebb53433e37bd3399080d21,INDIRECT,COMMIT_MODIFIES_FILE,3,PR:335918 -> COMMIT:adc9092582503ef136344e5d017aa68b3c10c944 -> FILE:src/vs/platform/agentHost/node/copilot/copilotAgent.ts -> COMMIT:305c34721ce32e0d4ebb53433e37bd3399080d21
PR,335918,COMMIT,dd9a4edeb139ecd46683753290482cb9f1231da0,INDIRECT,COMMIT_MODIFIES_FILE,3,PR:335918 -> COMMIT:adc9092582503ef136344e5d017aa68b3c10c944 -> FILE:src/vs/platform/agentHost/node/copilot/copilotAgent.ts -> COMMIT:dd9a4edeb139ecd46683753290482cb9f1231da0
PR,335918,COMMIT,c2da7cd2601cdd93eb73ca3b7c1c3ec42bba9f7b,INDIRECT,COMMIT_MODIFIES_FILE,3,PR:335918 -> COMMIT:adc9092582503ef136344e5d017aa68b3c10c944 -> FILE:src/vs/platform/agentHost/node/copilot/copilotAgent.ts -> COMMIT:c2da7cd2601cdd93eb73ca3b7c1c3ec42bba9f7b
PR,335918,COMMIT,c6f42753bc054cbd77695edccb774754df074b35,INDIRECT,COMMIT_MODIFIES_FILE,3,PR:335918 -> COMMIT:adc9092582503ef136344e5d017aa68b3c10c944 -> FILE:src/vs/platform/agentHost/node/copilot/copilotAgent.ts -> COMMIT:c6f42753bc054cbd77695edccb774754df074b35
PR,335918,COMMIT,213739a9b272ae414856a0756b92fe2ad3f300ba,INDIRECT,COMMIT_MODIFIES_FILE,3,PR:335918 -> COMMIT:adc9092582503ef136344e5d017aa68b3c10c944 -> FILE:src/vs/platform/agentHost/node/copilot/copilotAgent.ts -> COMMIT:213739a9b272ae414856a0756b92fe2ad3f300ba
PR,335918,COMMIT,c000bda69a6f4817a26e3a3e5d2625d0177ed056,INDIRECT,COMMIT_MODIFIES_FILE,3,PR:335918 -> COMMIT:adc9092582503ef136344e5d017aa68b3c10c944 -> FILE:src/vs/platform/agentHost/node/copilot/copilotAgent.ts -> COMMIT:c000bda69a6f4817a26e3a3e5d2625d0177ed056
PR,335918,COMMIT,0b16a7f61e91b0b6d4f4a37ff3da0c76968bf03d,INDIRECT,COMMIT_MODIFIES_FILE,3,PR:335918 -> COMMIT:adc9092582503ef136344e5d017aa68b3c10c944 -> FILE:src/vs/platform/agentHost/node/copilot/copilotAgent.ts -> COMMIT:0b16a7f61e91b0b6d4f4a37ff3da0c76968bf03d
PR,335918,COMMIT,dfddfedcf4c932a1bca975122cd0ba97c604c5f6,INDIRECT,COMMIT_MODIFIES_FILE,3,PR:335918 -> COMMIT:adc9092582503ef136344e5d017aa68b3c10c944 -> FILE:src/vs/platform/agentHost/node/copilot/copilotAgent.ts -> COMMIT:dfddfedcf4c932a1bca975122cd0ba97c604c5f6
PR,335918,COMMIT,36ea3c11efaf56330a6c5e677e908405106fff56,INDIRECT,COMMIT_MODIFIES_FILE,3,PR:335918 -> COMMIT:adc9092582503ef136344e5d017aa68b3c10c944 -> FILE:src/vs/platform/agentHost/node/copilot/copilotAgent.ts -> COMMIT:36ea3c11efaf56330a6c5e677e908405106fff56
PR,335918,COMMIT,c50f9e35b8fd43a1e6717407c4bf0c2c51c4806d,INDIRECT,COMMIT_MODIFIES_FILE,3,PR:335918 -> COMMIT:adc9092582503ef136344e5d017aa68b3c10c944 -> FILE:src/vs/platform/agentHost/node/copilot/copilotAgent.ts -> COMMIT:c50f9e35b8fd43a1e6717407c4bf0c2c51c4806d
PR,335918,COMMIT,d4282f078c0ad08e6b1f1909b7f5305d20ff8e3a,INDIRECT,COMMIT_MODIFIES_FILE,3,PR:335918 -> COMMIT:adc9092582503ef136344e5d017aa68b3c10c944 -> FILE:src/vs/platform/agentHost/node/copilot/copilotAgent.ts -> COMMIT:d4282f078c0ad08e6b1f1909b7f5305d20ff8e3a
PR,335918,COMMIT,6479c9a3a6f6c3939cceb60f47e52f48a1eca568,INDIRECT,COMMIT_MODIFIES_FILE,3,PR:335918 -> COMMIT:adc9092582503ef136344e5d017aa68b3c10c944 -> FILE:src/vs/platform/agentHost/node/copilot/copilotAgent.ts -> COMMIT:6479c9a3a6f6c3939cceb60f47e52f48a1eca568
PR,335918,COMMIT,b0ac0d431bc67845b11f14066af888bb06d776b1,INDIRECT,COMMIT_MODIFIES_FILE,3,PR:335918 -> COMMIT:adc9092582503ef136344e5d017aa68b3c10c944 -> FILE:src/vs/platform/agentHost/node/copilot/copilotAgent.ts -> COMMIT:b0ac0d431bc67845b11f14066af888bb06d776b1
PR,335918,COMMIT,922f78a595d6376b3f8037d73cd013e44d40b537,INDIRECT,COMMIT_MODIFIES_FILE,3,PR:335918 -> COMMIT:adc9092582503ef136344e5d017aa68b3c10c944 -> FILE:src/vs/platform/agentHost/node/copilot/copilotAgent.ts -> COMMIT:922f78a595d6376b3f8037d73cd013e44d40b537
PR,335918,COMMIT,1ee91b3d8ac35b29924083054bd6debcec594021,INDIRECT,COMMIT_MODIFIES_FILE,3,PR:335918 -> COMMIT:adc9092582503ef136344e5d017aa68b3c10c944 -> FILE:src/vs/platform/agentHost/node/copilot/copilotAgent.ts -> COMMIT:1ee91b3d8ac35b29924083054bd6debcec594021
PR,335918,COMMIT,3e1d2a646cc36b45bbbbd22bdce280faa0dd3b97,INDIRECT,COMMIT_MODIFIES_FILE,3,PR:335918 -> COMMIT:adc9092582503ef136344e5d017aa68b3c10c944 -> FILE:src/vs/platform/agentHost/node/copilot/copilotAgent.ts -> COMMIT:3e1d2a646cc36b45bbbbd22bdce280faa0dd3b97
PR,335918,COMMIT,a44deef93f998e658f5cef10f7b44bff657cbfcd,INDIRECT,COMMIT_MODIFIES_FILE,3,PR:335918 -> COMMIT:adc9092582503ef136344e5d017aa68b3c10c944 -> FILE:src/vs/platform/agentHost/node/copilot/copilotAgent.ts -> COMMIT:a44deef93f998e658f5cef10f7b44bff657cbfcd
PR,335918,COMMIT,7c3cb26c995ce179ee9fb21e7debe7667da9f057,INDIRECT,COMMIT_MODIFIES_FILE,3,PR:335918 -> COMMIT:adc9092582503ef136344e5d017aa68b3c10c944 -> FILE:src/vs/platform/agentHost/node/copilot/copilotAgent.ts -> COMMIT:7c3cb26c995ce179ee9fb21e7debe7667da9f057
PR,335918,COMMIT,3f5c62a95ddb886424da463b41ac3ac5e45aa04f,INDIRECT,COMMIT_MODIFIES_FILE,3,PR:335918 -> COMMIT:adc9092582503ef136344e5d017aa68b3c10c944 -> FILE:src/vs/platform/agentHost/node/copilot/copilotAgent.ts -> COMMIT:3f5c62a95ddb886424da463b41ac3ac5e45aa04f
PR,335918,COMMIT,eef8a649b71aa364940d4a1329b6f3f7b35cb9ff,INDIRECT,COMMIT_MODIFIES_FILE,3,PR:335918 -> COMMIT:adc9092582503ef136344e5d017aa68b3c10c944 -> FILE:src/vs/platform/agentHost/node/copilot/copilotAgent.ts -> COMMIT:eef8a649b71aa364940d4a1329b6f3f7b35cb9ff
PR,335918,COMMIT,30cba0cbbd38ad522f3e72fecaff10b93f0110c2,INDIRECT,COMMIT_MODIFIES_FILE,3,PR:335918 -> COMMIT:adc9092582503ef136344e5d017aa68b3c10c944 -> FILE:src/vs/platform/agentHost/node/copilot/copilotAgent.ts -> COMMIT:30cba0cbbd38ad522f3e72fecaff10b93f0110c2
PR,335918,COMMIT,3d34f54ea605a2f4024fd4952768bb84e5ba0f30,INDIRECT,COMMIT_MODIFIES_FILE,3,PR:335918 -> COMMIT:adc9092582503ef136344e5d017aa68b3c10c944 -> FILE:src/vs/platform/agentHost/node/copilot/copilotAgent.ts -> COMMIT:3d34f54ea605a2f4024fd4952768bb84e5ba0f30
PR,335918,COMMIT,74587328b97d98997b33dae38d454ec16d9f78a2,INDIRECT,COMMIT_MODIFIES_FILE,3,PR:335918 -> COMMIT:adc9092582503ef136344e5d017aa68b3c10c944 -> FILE:src/vs/platform/agentHost/node/copilot/copilotAgent.ts -> COMMIT:74587328b97d98997b33dae38d454ec16d9f78a2
PR,335918,COMMIT,0a38bf2bd4cdc3800e80dc5df0723c9909c062e3,INDIRECT,COMMIT_MODIFIES_FILE,3,PR:335918 -> COMMIT:adc9092582503ef136344e5d017aa68b3c10c944 -> FILE:src/vs/platform/agentHost/node/copilot/copilotAgent.ts -> COMMIT:0a38bf2bd4cdc3800e80dc5df0723c9909c062e3
PR,335918,COMMIT,98645856d2d17184c17bdf61f521da494c843a3d,INDIRECT,COMMIT_MODIFIES_FILE,3,PR:335918 -> COMMIT:adc9092582503ef136344e5d017aa68b3c10c944 -> FILE:src/vs/platform/agentHost/node/copilot/copilotAgent.ts -> COMMIT:98645856d2d17184c17bdf61f521da494c843a3d
PR,335918,COMMIT,166a6a4ccab8cf50a8310b2627f7cb520b0e141f,INDIRECT,COMMIT_MODIFIES_FILE,3,PR:335918 -> COMMIT:adc9092582503ef136344e5d017aa68b3c10c944 -> FILE:src/vs/platform/agentHost/node/copilot/copilotAgent.ts -> COMMIT:166a6a4ccab8cf50a8310b2627f7cb520b0e141f
PR,335918,COMMIT,41dd8f59bcaef4cc2478b74be351d3320d1a7e08,INDIRECT,COMMIT_MODIFIES_FILE,3,PR:335918 -> COMMIT:adc9092582503ef136344e5d017aa68b3c10c944 -> FILE:src/vs/platform/agentHost/node/copilot/copilotAgent.ts -> COMMIT:41dd8f59bcaef4cc2478b74be351d3320d1a7e08
PR,335918,COMMIT,a4acaf6857d7f272d902444c73a3fb738346ee88,INDIRECT,COMMIT_MODIFIES_FILE,3,PR:335918 -> COMMIT:adc9092582503ef136344e5d017aa68b3c10c944 -> FILE:src/vs/platform/agentHost/node/copilot/copilotAgent.ts -> COMMIT:a4acaf6857d7f272d902444c73a3fb738346ee88
PR,335918,COMMIT,c7123bde4b1cf088c322ea80138514a4b4dc083f,INDIRECT,COMMIT_MODIFIES_FILE,3,PR:335918 -> COMMIT:adc9092582503ef136344e5d017aa68b3c10c944 -> FILE:src/vs/platform/agentHost/node/copilot/copilotAgent.ts -> COMMIT:c7123bde4b1cf088c322ea80138514a4b4dc083f
PR,335918,COMMIT,736e4defbecd36af8817f14b52da1791730c02c5,INDIRECT,COMMIT_MODIFIES_FILE,3,PR:335918 -> COMMIT:adc9092582503ef136344e5d017aa68b3c10c944 -> FILE:src/vs/platform/agentHost/node/copilot/copilotAgent.ts -> COMMIT:736e4defbecd36af8817f14b52da1791730c02c5
PR,335918,COMMIT,1376351dd0c923ba7392362d401d0e1036427be0,INDIRECT,COMMIT_MODIFIES_FILE,3,PR:335918 -> COMMIT:adc9092582503ef136344e5d017aa68b3c10c944 -> FILE:src/vs/platform/agentHost/node/copilot/copilotAgent.ts -> COMMIT:1376351dd0c923ba7392362d401d0e1036427be0
PR,335918,COMMIT,1b52b08cbd8ecd314e0b9d47b374dd31a87cbc2a,INDIRECT,COMMIT_MODIFIES_FILE,3,PR:335918 -> COMMIT:adc9092582503ef136344e5d017aa68b3c10c944 -> FILE:src/vs/platform/agentHost/node/copilot/copilotAgent.ts -> COMMIT:1b52b08cbd8ecd314e0b9d47b374dd31a87cbc2a
PR,335918,COMMIT,1c7c701f6bb0dd3d56f3760f12a6d7fceba22864,INDIRECT,COMMIT_MODIFIES_FILE,3,PR:335918 -> COMMIT:adc9092582503ef136344e5d017aa68b3c10c944 -> FILE:src/vs/platform/agentHost/node/copilot/copilotAgent.ts -> COMMIT:1c7c701f6bb0dd3d56f3760f12a6d7fceba22864
PR,335918,COMMIT,c6c397c0a85de7afaffa8875d3837ad861a04a97,INDIRECT,COMMIT_MODIFIES_FILE,3,PR:335918 -> COMMIT:adc9092582503ef136344e5d017aa68b3c10c944 -> FILE:src/vs/platform/agentHost/node/copilot/copilotAgent.ts -> COMMIT:c6c397c0a85de7afaffa8875d3837ad861a04a97
PR,335918,COMMIT,d9bd7d024275dc91ab74d8ed176d74331b344fa5,INDIRECT,COMMIT_MODIFIES_FILE,3,PR:335918 -> COMMIT:adc9092582503ef136344e5d017aa68b3c10c944 -> FILE:src/vs/platform/agentHost/node/copilot/copilotAgent.ts -> COMMIT:d9bd7d024275dc91ab74d8ed176d74331b344fa5
PR,335918,COMMIT,19feeb2c53e874547cc967665209f0cd7b58a3cc,INDIRECT,COMMIT_MODIFIES_FILE,3,PR:335918 -> COMMIT:adc9092582503ef136344e5d017aa68b3c10c944 -> FILE:src/vs/platform/agentHost/node/copilot/copilotAgent.ts -> COMMIT:19feeb2c53e874547cc967665209f0cd7b58a3cc
PR,335918,COMMIT,37d99fc160eab36631bcd7556f7c8a1264d21b3a,INDIRECT,COMMIT_MODIFIES_FILE,3,PR:335918 -> COMMIT:adc9092582503ef136344e5d017aa68b3c10c944 -> FILE:src/vs/platform/agentHost/node/copilot/copilotAgent.ts -> COMMIT:37d99fc160eab36631bcd7556f7c8a1264d21b3a
PR,335918,COMMIT,3008d4f223390437f8b20e47fc45ab12f617d122,INDIRECT,COMMIT_MODIFIES_FILE,3,PR:335918 -> COMMIT:adc9092582503ef136344e5d017aa68b3c10c944 -> FILE:src/vs/platform/agentHost/node/copilot/copilotAgent.ts -> COMMIT:3008d4f223390437f8b20e47fc45ab12f617d122
PR,335918,COMMIT,d2c845ce3a004722c54139721ac6da5b54d1a1b3,INDIRECT,COMMIT_MODIFIES_FILE,3,PR:335918 -> COMMIT:adc9092582503ef136344e5d017aa68b3c10c944 -> FILE:src/vs/platform/agentHost/node/copilot/copilotAgent.ts -> COMMIT:d2c845ce3a004722c54139721ac6da5b54d1a1b3
PR,335918,COMMIT,1040a436fb789003de946ed66b01640f2fbaab4d,INDIRECT,COMMIT_MODIFIES_FILE,3,PR:335918 -> COMMIT:adc9092582503ef136344e5d017aa68b3c10c944 -> FILE:src/vs/platform/agentHost/node/copilot/copilotAgent.ts -> COMMIT:1040a436fb789003de946ed66b01640f2fbaab4d
PR,335918,COMMIT,131278709f2220f2c4360dce50b3ac87ffcfa0e0,INDIRECT,COMMIT_MODIFIES_FILE,3,PR:335918 -> COMMIT:adc9092582503ef136344e5d017aa68b3c10c944 -> FILE:src/vs/platform/agentHost/node/copilot/copilotAgent.ts -> COMMIT:131278709f2220f2c4360dce50b3ac87ffcfa0e0
PR,335918,COMMIT,1a6355e2d1c08ce6cfeb2c53b60c5941fea809be,INDIRECT,COMMIT_MODIFIES_FILE,3,PR:335918 -> COMMIT:adc9092582503ef136344e5d017aa68b3c10c944 -> FILE:src/vs/platform/agentHost/node/copilot/copilotAgent.ts -> COMMIT:1a6355e2d1c08ce6cfeb2c53b60c5941fea809be
PR,335918,COMMIT,fea238727adce41fb4c98fb19e6fd2a265e68bfd,INDIRECT,COMMIT_MODIFIES_FILE,3,PR:335918 -> COMMIT:adc9092582503ef136344e5d017aa68b3c10c944 -> FILE:src/vs/platform/agentHost/node/copilot/copilotAgent.ts -> COMMIT:fea238727adce41fb4c98fb19e6fd2a265e68bfd
PR,335918,COMMIT,7e30808981009869de87a71e978b8f7f67926d49,INDIRECT,COMMIT_MODIFIES_FILE,3,PR:335918 -> COMMIT:adc9092582503ef136344e5d017aa68b3c10c944 -> FILE:src/vs/platform/agentHost/node/copilot/copilotAgent.ts -> COMMIT:7e30808981009869de87a71e978b8f7f67926d49
PR,335918,COMMIT,27c9183f579f27252ab1b35f8fbbd81969e6e7f9,INDIRECT,COMMIT_MODIFIES_FILE,3,PR:335918 -> COMMIT:adc9092582503ef136344e5d017aa68b3c10c944 -> FILE:src/vs/platform/agentHost/node/copilot/copilotAgent.ts -> COMMIT:27c9183f579f27252ab1b35f8fbbd81969e6e7f9
PR,335918,COMMIT,ab3eacd8937f5326eda013e2dfdacdd6464280f2,INDIRECT,COMMIT_MODIFIES_FILE,3,PR:335918 -> COMMIT:adc9092582503ef136344e5d017aa68b3c10c944 -> FILE:src/vs/platform/agentHost/node/copilot/copilotAgent.ts -> COMMIT:ab3eacd8937f5326eda013e2dfdacdd6464280f2
PR,335918,COMMIT,281b64e7297e2ccd7d7bf9eb1fcfaeeeb2336fc3,INDIRECT,COMMIT_MODIFIES_FILE,3,PR:335918 -> COMMIT:adc9092582503ef136344e5d017aa68b3c10c944 -> FILE:src/vs/platform/agentHost/node/copilot/copilotAgent.ts -> COMMIT:281b64e7297e2ccd7d7bf9eb1fcfaeeeb2336fc3
PR,335918,COMMIT,1cc780bd151998696fa3d2f1fa4262fe07b09a49,INDIRECT,COMMIT_MODIFIES_FILE,3,PR:335918 -> COMMIT:adc9092582503ef136344e5d017aa68b3c10c944 -> FILE:src/vs/platform/agentHost/node/copilot/copilotAgent.ts -> COMMIT:1cc780bd151998696fa3d2f1fa4262fe07b09a49
PR,335918,COMMIT,acb88dc11e21a76fa3f438b412f3a27682292a37,INDIRECT,COMMIT_MODIFIES_FILE,3,PR:335918 -> COMMIT:adc9092582503ef136344e5d017aa68b3c10c944 -> FILE:src/vs/platform/agentHost/node/copilot/copilotAgent.ts -> COMMIT:acb88dc11e21a76fa3f438b412f3a27682292a37
PR,335918,COMMIT,38fddff3d50b07587d6d9ff309ceaee986f6f9a1,INDIRECT,COMMIT_MODIFIES_FILE,3,PR:335918 -> COMMIT:adc9092582503ef136344e5d017aa68b3c10c944 -> FILE:src/vs/platform/agentHost/node/copilot/copilotAgent.ts -> COMMIT:38fddff3d50b07587d6d9ff309ceaee986f6f9a1
PR,335918,COMMIT,2f4f3308dc6c35f25ab88cc590caaae2c6858308,INDIRECT,COMMIT_MODIFIES_FILE,3,PR:335918 -> COMMIT:adc9092582503ef136344e5d017aa68b3c10c944 -> FILE:src/vs/platform/agentHost/node/copilot/copilotAgent.ts -> COMMIT:2f4f3308dc6c35f25ab88cc590caaae2c6858308
PR,335918,COMMIT,2506438ba6b88330766bf07c68d3b6a8a9c8d9e1,INDIRECT,COMMIT_MODIFIES_FILE,3,PR:335918 -> COMMIT:adc9092582503ef136344e5d017aa68b3c10c944 -> FILE:src/vs/platform/agentHost/node/copilot/copilotAgent.ts -> COMMIT:2506438ba6b88330766bf07c68d3b6a8a9c8d9e1
PR,335918,COMMIT,ae384e276f9038a0d673bc73dc33ecc8e377fd47,INDIRECT,COMMIT_MODIFIES_FILE,3,PR:335918 -> COMMIT:adc9092582503ef136344e5d017aa68b3c10c944 -> FILE:src/vs/platform/agentHost/node/copilot/copilotAgent.ts -> COMMIT:ae384e276f9038a0d673bc73dc33ecc8e377fd47
PR,335918,COMMIT,7d683cb9d0e606d32a35386ae04812d96ef59cd8,INDIRECT,COMMIT_MODIFIES_FILE,3,PR:335918 -> COMMIT:adc9092582503ef136344e5d017aa68b3c10c944 -> FILE:src/vs/platform/agentHost/node/copilot/copilotAgent.ts -> COMMIT:7d683cb9d0e606d32a35386ae04812d96ef59cd8
PR,335918,COMMIT,7688dfb2375d24e26f42b98f862d4891aa90746d,INDIRECT,COMMIT_MODIFIES_FILE,3,PR:335918 -> COMMIT:adc9092582503ef136344e5d017aa68b3c10c944 -> FILE:src/vs/platform/agentHost/node/copilot/copilotAgent.ts -> COMMIT:7688dfb2375d24e26f42b98f862d4891aa90746d
PR,335918,COMMIT,833f899203e5b9d81c1438d72444b5465d722b41,INDIRECT,COMMIT_MODIFIES_FILE,3,PR:335918 -> COMMIT:adc9092582503ef136344e5d017aa68b3c10c944 -> FILE:src/vs/platform/agentHost/node/copilot/copilotAgent.ts -> COMMIT:833f899203e5b9d81c1438d72444b5465d722b41
PR,335918,COMMIT,1621b65b5493b94e78a69de7f61146bd5cbd3aad,INDIRECT,COMMIT_MODIFIES_FILE,3,PR:335918 -> COMMIT:adc9092582503ef136344e5d017aa68b3c10c944 -> FILE:src/vs/platform/agentHost/node/copilot/copilotAgent.ts -> COMMIT:1621b65b5493b94e78a69de7f61146bd5cbd3aad
PR,335918,COMMIT,b0621864f5398bb38e3f3feb8f82c9f7e41e03e8,INDIRECT,COMMIT_MODIFIES_FILE,3,PR:335918 -> COMMIT:adc9092582503ef136344e5d017aa68b3c10c944 -> FILE:src/vs/platform/agentHost/node/copilot/copilotAgent.ts -> COMMIT:b0621864f5398bb38e3f3feb8f82c9f7e41e03e8
PR,335918,COMMIT,a9b05be86d442d7b79be0c9310706672f43146c0,INDIRECT,COMMIT_MODIFIES_FILE,3,PR:335918 -> COMMIT:adc9092582503ef136344e5d017aa68b3c10c944 -> FILE:src/vs/platform/agentHost/node/copilot/copilotAgent.ts -> COMMIT:a9b05be86d442d7b79be0c9310706672f43146c0
PR,335918,COMMIT,a9aa5390b45aa10e4be13799c01d06623b2c7f5f,INDIRECT,COMMIT_MODIFIES_FILE,3,PR:335918 -> COMMIT:adc9092582503ef136344e5d017aa68b3c10c944 -> FILE:src/vs/platform/agentHost/node/copilot/copilotAgent.ts -> COMMIT:a9aa5390b45aa10e4be13799c01d06623b2c7f5f
PR,335918,COMMIT,2250c49ded3e7c9f3b0ee0869d4139a75398ef10,INDIRECT,COMMIT_MODIFIES_FILE,3,PR:335918 -> COMMIT:adc9092582503ef136344e5d017aa68b3c10c944 -> FILE:src/vs/platform/agentHost/node/copilot/copilotAgent.ts -> COMMIT:2250c49ded3e7c9f3b0ee0869d4139a75398ef10
PR,335918,COMMIT,fd1d13257e8d2d31810aedd306b5e6aa834f72b2,INDIRECT,COMMIT_MODIFIES_FILE,3,PR:335918 -> COMMIT:adc9092582503ef136344e5d017aa68b3c10c944 -> FILE:src/vs/platform/agentHost/node/copilot/copilotAgent.ts -> COMMIT:fd1d13257e8d2d31810aedd306b5e6aa834f72b2
PR,335918,COMMIT,5bd11e0f099fa905634e121bc6310d4c816bd716,INDIRECT,COMMIT_MODIFIES_FILE,3,PR:335918 -> COMMIT:adc9092582503ef136344e5d017aa68b3c10c944 -> FILE:src/vs/platform/agentHost/node/copilot/copilotAgent.ts -> COMMIT:5bd11e0f099fa905634e121bc6310d4c816bd716
PR,335918,COMMIT,9234924a216902f7cf454a45d6d82ebadf3f0a2e,INDIRECT,COMMIT_MODIFIES_FILE,3,PR:335918 -> COMMIT:adc9092582503ef136344e5d017aa68b3c10c944 -> FILE:src/vs/platform/agentHost/node/copilot/copilotAgent.ts -> COMMIT:9234924a216902f7cf454a45d6d82ebadf3f0a2e
PR,335918,COMMIT,4c113fa15817265991a88c98a7c9b41fc151b8aa,INDIRECT,COMMIT_MODIFIES_FILE,3,PR:335918 -> COMMIT:adc9092582503ef136344e5d017aa68b3c10c944 -> FILE:src/vs/platform/agentHost/node/copilot/copilotAgent.ts -> COMMIT:4c113fa15817265991a88c98a7c9b41fc151b8aa
PR,335918,COMMIT,f29d41f60ea2c8051b23b496fa3753ce736675a5,INDIRECT,COMMIT_MODIFIES_FILE,3,PR:335918 -> COMMIT:adc9092582503ef136344e5d017aa68b3c10c944 -> FILE:src/vs/platform/agentHost/node/copilot/copilotAgent.ts -> COMMIT:f29d41f60ea2c8051b23b496fa3753ce736675a5
PR,335918,COMMIT,fca84bf4d1fc0d85928abb0478c2f93feebfbf39,INDIRECT,COMMIT_MODIFIES_FILE,3,PR:335918 -> COMMIT:adc9092582503ef136344e5d017aa68b3c10c944 -> FILE:src/vs/platform/agentHost/node/copilot/copilotAgent.ts -> COMMIT:fca84bf4d1fc0d85928abb0478c2f93feebfbf39
PR,335918,COMMIT,6cc6cb04ba4bdbb590b0c76304f58ece6f145a89,INDIRECT,COMMIT_MODIFIES_FILE,3,PR:335918 -> COMMIT:adc9092582503ef136344e5d017aa68b3c10c944 -> FILE:src/vs/platform/agentHost/node/copilot/copilotAgent.ts -> COMMIT:6cc6cb04ba4bdbb590b0c76304f58ece6f145a89
PR,335918,COMMIT,15f7089591f9c4910c06ef16779192e5a6f5fdea,INDIRECT,COMMIT_MODIFIES_FILE,3,PR:335918 -> COMMIT:adc9092582503ef136344e5d017aa68b3c10c944 -> FILE:src/vs/platform/agentHost/node/copilot/copilotAgent.ts -> COMMIT:15f7089591f9c4910c06ef16779192e5a6f5fdea
PR,335918,COMMIT,9e96b8ebe8704f075efe129f521e511bb8f9e4c0,INDIRECT,COMMIT_MODIFIES_FILE,3,PR:335918 -> COMMIT:adc9092582503ef136344e5d017aa68b3c10c944 -> FILE:src/vs/platform/agentHost/node/copilot/copilotAgent.ts -> COMMIT:9e96b8ebe8704f075efe129f521e511bb8f9e4c0
PR,335918,COMMIT,00a5a1b2898e2dc62904efa145cba5bfc9243c02,INDIRECT,COMMIT_MODIFIES_FILE,3,PR:335918 -> COMMIT:adc9092582503ef136344e5d017aa68b3c10c944 -> FILE:src/vs/platform/agentHost/node/copilot/copilotAgent.ts -> COMMIT:00a5a1b2898e2dc62904efa145cba5bfc9243c02
PR,335918,COMMIT,60bfcd2664533a153d8aafeecda58da0ad4cec44,INDIRECT,COMMIT_MODIFIES_FILE,3,PR:335918 -> COMMIT:adc9092582503ef136344e5d017aa68b3c10c944 -> FILE:src/vs/platform/agentHost/node/copilot/copilotAgent.ts -> COMMIT:60bfcd2664533a153d8aafeecda58da0ad4cec44
PR,335918,COMMIT,9736b7cd71fe6e0b06f04182b7c83dd248827f71,INDIRECT,COMMIT_MODIFIES_FILE,3,PR:335918 -> COMMIT:adc9092582503ef136344e5d017aa68b3c10c944 -> FILE:src/vs/platform/agentHost/node/copilot/copilotAgent.ts -> COMMIT:9736b7cd71fe6e0b06f04182b7c83dd248827f71
PR,335918,COMMIT,67761cf08b59e0b118da5ff6d4190931af29a63e,INDIRECT,COMMIT_MODIFIES_FILE,3,PR:335918 -> COMMIT:adc9092582503ef136344e5d017aa68b3c10c944 -> FILE:src/vs/platform/agentHost/node/copilot/copilotAgent.ts -> COMMIT:67761cf08b59e0b118da5ff6d4190931af29a63e
PR,335918,COMMIT,eac1a4ae29abed8c218681bf65e9af545a6ba6c4,INDIRECT,COMMIT_MODIFIES_FILE,3,PR:335918 -> COMMIT:adc9092582503ef136344e5d017aa68b3c10c944 -> FILE:src/vs/platform/agentHost/node/copilot/copilotAgent.ts -> COMMIT:eac1a4ae29abed8c218681bf65e9af545a6ba6c4
PR,335918,COMMIT,721f8be5db7dcd88896a8552b93a060aa13312f7,INDIRECT,COMMIT_MODIFIES_FILE,3,PR:335918 -> COMMIT:adc9092582503ef136344e5d017aa68b3c10c944 -> FILE:src/vs/platform/agentHost/node/copilot/copilotAgent.ts -> COMMIT:721f8be5db7dcd88896a8552b93a060aa13312f7
PR,335918,COMMIT,30b68a68e289ea42fef24489506003bb5a0bf9e4,INDIRECT,COMMIT_MODIFIES_FILE,3,PR:335918 -> COMMIT:adc9092582503ef136344e5d017aa68b3c10c944 -> FILE:src/vs/platform/agentHost/node/copilot/copilotAgent.ts -> COMMIT:30b68a68e289ea42fef24489506003bb5a0bf9e4
PR,335918,COMMIT,6a8c7b5e752b5bcd94f0d30e492f262ea1ed95a9,INDIRECT,COMMIT_MODIFIES_FILE,3,PR:335918 -> COMMIT:adc9092582503ef136344e5d017aa68b3c10c944 -> FILE:src/vs/platform/agentHost/node/copilot/copilotAgent.ts -> COMMIT:6a8c7b5e752b5bcd94f0d30e492f262ea1ed95a9
PR,335918,COMMIT,dc08937702adb5a4f9341439ce3bce27908f4705,INDIRECT,COMMIT_MODIFIES_FILE,3,PR:335918 -> COMMIT:adc9092582503ef136344e5d017aa68b3c10c944 -> FILE:src/vs/platform/agentHost/node/copilot/copilotAgent.ts -> COMMIT:dc08937702adb5a4f9341439ce3bce27908f4705
PR,335918,COMMIT,c29ae285899e408899f50565a13c0ca86b2c5649,INDIRECT,COMMIT_MODIFIES_FILE,3,PR:335918 -> COMMIT:adc9092582503ef136344e5d017aa68b3c10c944 -> FILE:src/vs/platform/agentHost/node/copilot/copilotAgent.ts -> COMMIT:c29ae285899e408899f50565a13c0ca86b2c5649
PR,335918,COMMIT,8156507c7fefcf2c9126f9210e2aa7586c8e588d,INDIRECT,COMMIT_MODIFIES_FILE,3,PR:335918 -> COMMIT:adc9092582503ef136344e5d017aa68b3c10c944 -> FILE:src/vs/platform/agentHost/node/copilot/copilotAgent.ts -> COMMIT:8156507c7fefcf2c9126f9210e2aa7586c8e588d
PR,335918,COMMIT,408c18762f9dc4ec0b02706a40297ff946a19bf6,INDIRECT,COMMIT_MODIFIES_FILE,3,PR:335918 -> COMMIT:adc9092582503ef136344e5d017aa68b3c10c944 -> FILE:src/vs/platform/agentHost/node/copilot/copilotAgent.ts -> COMMIT:408c18762f9dc4ec0b02706a40297ff946a19bf6
PR,335918,COMMIT,aeb47fd36e34f1b78507293d466d7814b4885366,INDIRECT,COMMIT_MODIFIES_FILE,3,PR:335918 -> COMMIT:adc9092582503ef136344e5d017aa68b3c10c944 -> FILE:src/vs/platform/agentHost/node/copilot/copilotAgent.ts -> COMMIT:aeb47fd36e34f1b78507293d466d7814b4885366
PR,335918,COMMIT,17f07e2278bab20b8f190bccd287413434e990aa,INDIRECT,COMMIT_MODIFIES_FILE,3,PR:335918 -> COMMIT:adc9092582503ef136344e5d017aa68b3c10c944 -> FILE:src/vs/platform/agentHost/node/copilot/copilotAgent.ts -> COMMIT:17f07e2278bab20b8f190bccd287413434e990aa
PR,335918,COMMIT,e5c08e65d017570c7ebc300a3e14b254bccec166,INDIRECT,COMMIT_MODIFIES_FILE,3,PR:335918 -> COMMIT:adc9092582503ef136344e5d017aa68b3c10c944 -> FILE:src/vs/platform/agentHost/node/copilot/copilotAgent.ts -> COMMIT:e5c08e65d017570c7ebc300a3e14b254bccec166
PR,335918,COMMIT,949e93534835be40e72339d287587f33a4b0d360,INDIRECT,COMMIT_MODIFIES_FILE,3,PR:335918 -> COMMIT:adc9092582503ef136344e5d017aa68b3c10c944 -> FILE:src/vs/platform/agentHost/node/copilot/copilotAgent.ts -> COMMIT:949e93534835be40e72339d287587f33a4b0d360
PR,335918,COMMIT,7fc21d24c8b8378d355691574b4729a5e5ebab5a,INDIRECT,COMMIT_MODIFIES_FILE,3,PR:335918 -> COMMIT:adc9092582503ef136344e5d017aa68b3c10c944 -> FILE:src/vs/platform/agentHost/node/copilot/copilotAgent.ts -> COMMIT:7fc21d24c8b8378d355691574b4729a5e5ebab5a
PR,335918,COMMIT,770149577855177a09b590c70e328e8b338c79fb,INDIRECT,COMMIT_MODIFIES_FILE,3,PR:335918 -> COMMIT:adc9092582503ef136344e5d017aa68b3c10c944 -> FILE:src/vs/platform/agentHost/node/copilot/copilotAgent.ts -> COMMIT:770149577855177a09b590c70e328e8b338c79fb
PR,335918,COMMIT,3bb4ade290da36bfcd4df8ada73af565c394aaca,INDIRECT,COMMIT_MODIFIES_FILE,3,PR:335918 -> COMMIT:adc9092582503ef136344e5d017aa68b3c10c944 -> FILE:src/vs/platform/agentHost/node/copilot/copilotAgent.ts -> COMMIT:3bb4ade290da36bfcd4df8ada73af565c394aaca
PR,335918,COMMIT,4c3c00aa378878441b8614d616d03d19ce445d7c,INDIRECT,COMMIT_MODIFIES_FILE,3,PR:335918 -> COMMIT:adc9092582503ef136344e5d017aa68b3c10c944 -> FILE:src/vs/platform/agentHost/node/copilot/copilotAgent.ts -> COMMIT:4c3c00aa378878441b8614d616d03d19ce445d7c
PR,335918,COMMIT,6bd9d59bf33c6b56de29f0b841f200fce3eee9bf,INDIRECT,COMMIT_MODIFIES_FILE,3,PR:335918 -> COMMIT:adc9092582503ef136344e5d017aa68b3c10c944 -> FILE:src/vs/platform/agentHost/node/copilot/copilotAgent.ts -> COMMIT:6bd9d59bf33c6b56de29f0b841f200fce3eee9bf
PR,335918,COMMIT,e490f9ff37aef4260cbab5b57866520dfa3740a0,INDIRECT,COMMIT_MODIFIES_FILE,3,PR:335918 -> COMMIT:adc9092582503ef136344e5d017aa68b3c10c944 -> FILE:src/vs/platform/agentHost/node/copilot/copilotAgent.ts -> COMMIT:e490f9ff37aef4260cbab5b57866520dfa3740a0
PR,335918,COMMIT,032b8c44d123cc841b838e5810acf4c31543820c,INDIRECT,COMMIT_MODIFIES_FILE,3,PR:335918 -> COMMIT:adc9092582503ef136344e5d017aa68b3c10c944 -> FILE:src/vs/platform/agentHost/node/copilot/copilotAgent.ts -> COMMIT:032b8c44d123cc841b838e5810acf4c31543820c
PR,335918,COMMIT,ec37a494d40fabdc21cef923f7d97edbce136c4f,INDIRECT,COMMIT_MODIFIES_FILE,3,PR:335918 -> COMMIT:adc9092582503ef136344e5d017aa68b3c10c944 -> FILE:src/vs/platform/agentHost/node/copilot/copilotAgent.ts -> COMMIT:ec37a494d40fabdc21cef923f7d97edbce136c4f
PR,335918,COMMIT,7f00ea0cc254c4f4f3b92c553e52d9c158a9a36f,INDIRECT,COMMIT_MODIFIES_FILE,3,PR:335918 -> COMMIT:adc9092582503ef136344e5d017aa68b3c10c944 -> FILE:src/vs/platform/agentHost/node/copilot/copilotAgent.ts -> COMMIT:7f00ea0cc254c4f4f3b92c553e52d9c158a9a36f
PR,335918,COMMIT,9e0a9ce4c3b570556e15a569127d9daeb4ce46c7,INDIRECT,COMMIT_MODIFIES_FILE,3,PR:335918 -> COMMIT:adc9092582503ef136344e5d017aa68b3c10c944 -> FILE:src/vs/platform/agentHost/node/copilot/copilotAgent.ts -> COMMIT:9e0a9ce4c3b570556e15a569127d9daeb4ce46c7
PR,335918,COMMIT,a3cbdfab552bd52c7865b94c0f62dd60e810b5ed,INDIRECT,COMMIT_MODIFIES_FILE,3,PR:335918 -> COMMIT:adc9092582503ef136344e5d017aa68b3c10c944 -> FILE:src/vs/platform/agentHost/node/copilot/copilotAgent.ts -> COMMIT:a3cbdfab552bd52c7865b94c0f62dd60e810b5ed
PR,335918,COMMIT,9f426ebe13c5bfc3f9dbded2e8aa1512f8d95074,INDIRECT,COMMIT_MODIFIES_FILE,3,PR:335918 -> COMMIT:adc9092582503ef136344e5d017aa68b3c10c944 -> FILE:src/vs/platform/agentHost/node/copilot/copilotAgent.ts -> COMMIT:9f426ebe13c5bfc3f9dbded2e8aa1512f8d95074
PR,335918,COMMIT,236e39627c94cc6abd62c0b970c502a22be20394,INDIRECT,COMMIT_MODIFIES_FILE,3,PR:335918 -> COMMIT:adc9092582503ef136344e5d017aa68b3c10c944 -> FILE:src/vs/platform/agentHost/node/copilot/copilotAgent.ts -> COMMIT:236e39627c94cc6abd62c0b970c502a22be20394
PR,335918,COMMIT,a442dc5c0ab5747e4d4beadd31fc86c244a8244c,INDIRECT,COMMIT_MODIFIES_FILE,3,PR:335918 -> COMMIT:adc9092582503ef136344e5d017aa68b3c10c944 -> FILE:src/vs/platform/agentHost/node/copilot/copilotAgent.ts -> COMMIT:a442dc5c0ab5747e4d4beadd31fc86c244a8244c
PR,335918,COMMIT,2cbbd73445bf210ce34f8ff4e9fae850120b6d5f,INDIRECT,COMMIT_MODIFIES_FILE,3,PR:335918 -> COMMIT:adc9092582503ef136344e5d017aa68b3c10c944 -> FILE:src/vs/platform/agentHost/node/copilot/copilotAgent.ts -> COMMIT:2cbbd73445bf210ce34f8ff4e9fae850120b6d5f
PR,335918,COMMIT,11d9d31f185ea7f2f39bdd0e7d242461d928e405,INDIRECT,COMMIT_MODIFIES_FILE,3,PR:335918 -> COMMIT:adc9092582503ef136344e5d017aa68b3c10c944 -> FILE:src/vs/platform/agentHost/node/copilot/copilotAgent.ts -> COMMIT:11d9d31f185ea7f2f39bdd0e7d242461d928e405
PR,335918,COMMIT,ec169b7c41d89bb54ba3ba0fe532994258ae5e29,INDIRECT,COMMIT_MODIFIES_FILE,3,PR:335918 -> COMMIT:adc9092582503ef136344e5d017aa68b3c10c944 -> FILE:src/vs/platform/agentHost/node/copilot/copilotAgent.ts -> COMMIT:ec169b7c41d89bb54ba3ba0fe532994258ae5e29
PR,335918,COMMIT,61ff22e7ebcb7d6f9293ff6bdd70a8894b51fc5a,INDIRECT,COMMIT_MODIFIES_FILE,3,PR:335918 -> COMMIT:adc9092582503ef136344e5d017aa68b3c10c944 -> FILE:src/vs/platform/agentHost/node/copilot/copilotAgent.ts -> COMMIT:61ff22e7ebcb7d6f9293ff6bdd70a8894b51fc5a
PR,335918,COMMIT,496e1093c6db66832da407ed1b0b37fc84f31be3,INDIRECT,COMMIT_MODIFIES_FILE,3,PR:335918 -> COMMIT:adc9092582503ef136344e5d017aa68b3c10c944 -> FILE:src/vs/platform/agentHost/node/copilot/copilotAgent.ts -> COMMIT:496e1093c6db66832da407ed1b0b37fc84f31be3
PR,335918,COMMIT,4cdab257536ee6bf46057dde62190bae3e8da748,INDIRECT,COMMIT_MODIFIES_FILE,3,PR:335918 -> COMMIT:adc9092582503ef136344e5d017aa68b3c10c944 -> FILE:src/vs/platform/agentHost/node/copilot/copilotAgent.ts -> COMMIT:4cdab257536ee6bf46057dde62190bae3e8da748
PR,335918,COMMIT,39eeeb2bd16f796361582df5eb582a9772ce022b,INDIRECT,COMMIT_MODIFIES_FILE,3,PR:335918 -> COMMIT:adc9092582503ef136344e5d017aa68b3c10c944 -> FILE:src/vs/platform/agentHost/node/copilot/copilotAgent.ts -> COMMIT:39eeeb2bd16f796361582df5eb582a9772ce022b
PR,335918,COMMIT,e9e54fa32d23a92aecbaea6abdd9ef2747c29ba7,INDIRECT,COMMIT_MODIFIES_FILE,3,PR:335918 -> COMMIT:adc9092582503ef136344e5d017aa68b3c10c944 -> FILE:src/vs/platform/agentHost/node/copilot/copilotAgent.ts -> COMMIT:e9e54fa32d23a92aecbaea6abdd9ef2747c29ba7
PR,335918,COMMIT,0a3a92c9aa4718db81c57b29df141201f36694b0,INDIRECT,COMMIT_MODIFIES_FILE,3,PR:335918 -> COMMIT:adc9092582503ef136344e5d017aa68b3c10c944 -> FILE:src/vs/platform/agentHost/node/copilot/copilotAgent.ts -> COMMIT:0a3a92c9aa4718db81c57b29df141201f36694b0
PR,335918,COMMIT,2db0e85a023bb5f37613c18e587081daabf38013,INDIRECT,COMMIT_MODIFIES_FILE,3,PR:335918 -> COMMIT:adc9092582503ef136344e5d017aa68b3c10c944 -> FILE:src/vs/platform/agentHost/node/copilot/copilotAgent.ts -> COMMIT:2db0e85a023bb5f37613c18e587081daabf38013
PR,335918,COMMIT,2957a8b6e4908d67917b9e345dd003e9e7a2e17a,INDIRECT,COMMIT_MODIFIES_FILE,3,PR:335918 -> COMMIT:adc9092582503ef136344e5d017aa68b3c10c944 -> FILE:src/vs/platform/agentHost/node/copilot/copilotAgent.ts -> COMMIT:2957a8b6e4908d67917b9e345dd003e9e7a2e17a
PR,335918,COMMIT,9e0ba03e59301db4a491f2d00f3ab3ecf48ce69b,INDIRECT,COMMIT_MODIFIES_FILE,3,PR:335918 -> COMMIT:adc9092582503ef136344e5d017aa68b3c10c944 -> FILE:src/vs/platform/agentHost/node/copilot/copilotAgent.ts -> COMMIT:9e0ba03e59301db4a491f2d00f3ab3ecf48ce69b
PR,335918,COMMIT,27ca39fdadf983dd3e8aad87147a5641f87748e8,INDIRECT,COMMIT_MODIFIES_FILE,3,PR:335918 -> COMMIT:adc9092582503ef136344e5d017aa68b3c10c944 -> FILE:src/vs/platform/agentHost/node/copilot/copilotAgent.ts -> COMMIT:27ca39fdadf983dd3e8aad87147a5641f87748e8
PR,335918,COMMIT,68edd1359be7fe4dea0a708305537305c7571698,INDIRECT,COMMIT_MODIFIES_FILE,3,PR:335918 -> COMMIT:adc9092582503ef136344e5d017aa68b3c10c944 -> FILE:src/vs/platform/agentHost/node/copilot/copilotAgent.ts -> COMMIT:68edd1359be7fe4dea0a708305537305c7571698
PR,335918,COMMIT,95a2d58863071a02cf73f55f52d04ade6abd4e5e,INDIRECT,COMMIT_MODIFIES_FILE,3,PR:335918 -> COMMIT:adc9092582503ef136344e5d017aa68b3c10c944 -> FILE:src/vs/platform/agentHost/node/copilot/copilotAgent.ts -> COMMIT:95a2d58863071a02cf73f55f52d04ade6abd4e5e
PR,335918,COMMIT,4fd08a3d6b9d734ea0a8f2777b9a18d188fd3022,INDIRECT,COMMIT_MODIFIES_FILE,3,PR:335918 -> COMMIT:adc9092582503ef136344e5d017aa68b3c10c944 -> FILE:src/vs/platform/agentHost/node/copilot/copilotAgent.ts -> COMMIT:4fd08a3d6b9d734ea0a8f2777b9a18d188fd3022
PR,335918,COMMIT,d790cd01bd78b0ef78944889558b59d191edfe0b,INDIRECT,COMMIT_MODIFIES_FILE,3,PR:335918 -> COMMIT:adc9092582503ef136344e5d017aa68b3c10c944 -> FILE:src/vs/platform/agentHost/node/copilot/copilotAgent.ts -> COMMIT:d790cd01bd78b0ef78944889558b59d191edfe0b
PR,335918,COMMIT,185de8f2635f97f8a1c9df2da7e32281b9d89ef2,INDIRECT,COMMIT_MODIFIES_FILE,3,PR:335918 -> COMMIT:adc9092582503ef136344e5d017aa68b3c10c944 -> FILE:src/vs/platform/agentHost/node/copilot/copilotAgent.ts -> COMMIT:185de8f2635f97f8a1c9df2da7e32281b9d89ef2
PR,335918,COMMIT,3dfd90a97a78d702b059eabfb5c47d62052d3a2e,INDIRECT,COMMIT_MODIFIES_FILE,3,PR:335918 -> COMMIT:adc9092582503ef136344e5d017aa68b3c10c944 -> FILE:src/vs/platform/agentHost/node/copilot/copilotAgent.ts -> COMMIT:3dfd90a97a78d702b059eabfb5c47d62052d3a2e
PR,335918,COMMIT,24d524df5b5d8115b334365c3b45be99fc031f8e,INDIRECT,COMMIT_MODIFIES_FILE,3,PR:335918 -> COMMIT:adc9092582503ef136344e5d017aa68b3c10c944 -> FILE:src/vs/platform/agentHost/node/copilot/copilotAgent.ts -> COMMIT:24d524df5b5d8115b334365c3b45be99fc031f8e
PR,335918,COMMIT,c9476c0b5c631dde86fd9bb45807f4cd9cd16c81,INDIRECT,COMMIT_MODIFIES_FILE,3,PR:335918 -> COMMIT:adc9092582503ef136344e5d017aa68b3c10c944 -> FILE:src/vs/platform/agentHost/node/copilot/copilotAgent.ts -> COMMIT:c9476c0b5c631dde86fd9bb45807f4cd9cd16c81
PR,335918,COMMIT,72d010a525967100a20d9d5fa4ed6b42917261c0,INDIRECT,COMMIT_MODIFIES_FILE,3,PR:335918 -> COMMIT:adc9092582503ef136344e5d017aa68b3c10c944 -> FILE:src/vs/platform/agentHost/node/copilot/copilotAgent.ts -> COMMIT:72d010a525967100a20d9d5fa4ed6b42917261c0
PR,335918,COMMIT,8d89a575f816086644af8fb21975594beb45a5a3,INDIRECT,COMMIT_MODIFIES_FILE,3,PR:335918 -> COMMIT:adc9092582503ef136344e5d017aa68b3c10c944 -> FILE:src/vs/platform/agentHost/node/copilot/copilotAgent.ts -> COMMIT:8d89a575f816086644af8fb21975594beb45a5a3
PR,335918,COMMIT,ceca7115cdc858df86056aabfc3ceacf2c49fa61,INDIRECT,COMMIT_MODIFIES_FILE,3,PR:335918 -> COMMIT:adc9092582503ef136344e5d017aa68b3c10c944 -> FILE:src/vs/platform/agentHost/node/copilot/copilotAgent.ts -> COMMIT:ceca7115cdc858df86056aabfc3ceacf2c49fa61
PR,335918,COMMIT,89db7263b2146a948258ba4631177e929971a1d7,INDIRECT,COMMIT_MODIFIES_FILE,3,PR:335918 -> COMMIT:adc9092582503ef136344e5d017aa68b3c10c944 -> FILE:src/vs/platform/agentHost/node/copilot/copilotAgent.ts -> COMMIT:89db7263b2146a948258ba4631177e929971a1d7
PR,335918,COMMIT,97031bdb15f84c15721a8119843dec2d72ee208b,INDIRECT,COMMIT_MODIFIES_FILE,3,PR:335918 -> COMMIT:adc9092582503ef136344e5d017aa68b3c10c944 -> FILE:src/vs/platform/agentHost/node/copilot/copilotAgentSession.ts -> COMMIT:97031bdb15f84c15721a8119843dec2d72ee208b
PR,335918,COMMIT,3d21c31ec777f08fbb724d707fe38edf381f3f2c,INDIRECT,COMMIT_MODIFIES_FILE,3,PR:335918 -> COMMIT:adc9092582503ef136344e5d017aa68b3c10c944 -> FILE:src/vs/platform/agentHost/node/copilot/copilotAgentSession.ts -> COMMIT:3d21c31ec777f08fbb724d707fe38edf381f3f2c
PR,335918,COMMIT,278088721be7c05e4c5b1c37658d7821cbc2b3a4,INDIRECT,COMMIT_MODIFIES_FILE,3,PR:335918 -> COMMIT:adc9092582503ef136344e5d017aa68b3c10c944 -> FILE:src/vs/platform/agentHost/node/copilot/copilotAgentSession.ts -> COMMIT:278088721be7c05e4c5b1c37658d7821cbc2b3a4
PR,335918,COMMIT,db6e4862999058cc7f52bf84d8030c7efe644b14,INDIRECT,COMMIT_MODIFIES_FILE,3,PR:335918 -> COMMIT:adc9092582503ef136344e5d017aa68b3c10c944 -> FILE:src/vs/platform/agentHost/node/copilot/copilotAgentSession.ts -> COMMIT:db6e4862999058cc7f52bf84d8030c7efe644b14
PR,335918,COMMIT,90b661583245b7804bf3ad5e24c615ed0a661531,INDIRECT,COMMIT_MODIFIES_FILE,3,PR:335918 -> COMMIT:adc9092582503ef136344e5d017aa68b3c10c944 -> FILE:src/vs/platform/agentHost/node/copilot/copilotAgentSession.ts -> COMMIT:90b661583245b7804bf3ad5e24c615ed0a661531
PR,335918,COMMIT,a1dd1c923d04d771701814c2f2a6363bc35e447e,INDIRECT,COMMIT_MODIFIES_FILE,3,PR:335918 -> COMMIT:adc9092582503ef136344e5d017aa68b3c10c944 -> FILE:src/vs/platform/agentHost/node/copilot/copilotAgentSession.ts -> COMMIT:a1dd1c923d04d771701814c2f2a6363bc35e447e
PR,335918,COMMIT,982f0f7db4a929ab10322a700cd38571006e06a8,INDIRECT,COMMIT_MODIFIES_FILE,3,PR:335918 -> COMMIT:adc9092582503ef136344e5d017aa68b3c10c944 -> FILE:src/vs/platform/agentHost/node/copilot/copilotAgentSession.ts -> COMMIT:982f0f7db4a929ab10322a700cd38571006e06a8
PR,335918,COMMIT,d3ca235c3c778fcf563ba83f2e8bc98be14c038b,INDIRECT,COMMIT_MODIFIES_FILE,3,PR:335918 -> COMMIT:adc9092582503ef136344e5d017aa68b3c10c944 -> FILE:src/vs/platform/agentHost/node/copilot/copilotAgentSession.ts -> COMMIT:d3ca235c3c778fcf563ba83f2e8bc98be14c038b
PR,335918,COMMIT,e97bc87111d2a42781a4912fee3ac0f73cbd426c,INDIRECT,COMMIT_MODIFIES_FILE,3,PR:335918 -> COMMIT:adc9092582503ef136344e5d017aa68b3c10c944 -> FILE:src/vs/platform/agentHost/node/copilot/copilotAgentSession.ts -> COMMIT:e97bc87111d2a42781a4912fee3ac0f73cbd426c
PR,335918,COMMIT,8695274db35fbfa738afde6a34f7bc9b0a928c27,INDIRECT,COMMIT_MODIFIES_FILE,3,PR:335918 -> COMMIT:adc9092582503ef136344e5d017aa68b3c10c944 -> FILE:src/vs/platform/agentHost/node/copilot/copilotAgentSession.ts -> COMMIT:8695274db35fbfa738afde6a34f7bc9b0a928c27
PR,335918,COMMIT,3dd1b4602ecae10714faf0045b013c83e2b8eb0d,INDIRECT,COMMIT_MODIFIES_FILE,3,PR:335918 -> COMMIT:adc9092582503ef136344e5d017aa68b3c10c944 -> FILE:src/vs/platform/agentHost/node/copilot/copilotAgentSession.ts -> COMMIT:3dd1b4602ecae10714faf0045b013c83e2b8eb0d
PR,335918,COMMIT,b82752b8de7cdfc0ad0842e3ba8ffa8392b9fb5c,INDIRECT,COMMIT_MODIFIES_FILE,3,PR:335918 -> COMMIT:adc9092582503ef136344e5d017aa68b3c10c944 -> FILE:src/vs/platform/agentHost/node/copilot/copilotAgentSession.ts -> COMMIT:b82752b8de7cdfc0ad0842e3ba8ffa8392b9fb5c
PR,335918,COMMIT,a2f72da4d9347e96a7aa086748db66a73e1dfeab,INDIRECT,COMMIT_MODIFIES_FILE,3,PR:335918 -> COMMIT:adc9092582503ef136344e5d017aa68b3c10c944 -> FILE:src/vs/platform/agentHost/node/copilot/copilotAgentSession.ts -> COMMIT:a2f72da4d9347e96a7aa086748db66a73e1dfeab
PR,335918,COMMIT,6385e1716d0cbde3a808196749d9a52d098bc14a,INDIRECT,COMMIT_MODIFIES_FILE,3,PR:335918 -> COMMIT:adc9092582503ef136344e5d017aa68b3c10c944 -> FILE:src/vs/platform/agentHost/node/copilot/copilotAgentSession.ts -> COMMIT:6385e1716d0cbde3a808196749d9a52d098bc14a
PR,335918,COMMIT,5940cb639df14b46d42efbd6cac72101dc8d948b,INDIRECT,COMMIT_MODIFIES_FILE,3,PR:335918 -> COMMIT:adc9092582503ef136344e5d017aa68b3c10c944 -> FILE:src/vs/platform/agentHost/node/copilot/copilotAgentSession.ts -> COMMIT:5940cb639df14b46d42efbd6cac72101dc8d948b
PR,335918,COMMIT,c33dd161f774d750f3541a25ad0b6470729d1233,INDIRECT,COMMIT_MODIFIES_FILE,3,PR:335918 -> COMMIT:adc9092582503ef136344e5d017aa68b3c10c944 -> FILE:src/vs/platform/agentHost/node/copilot/copilotAgentSession.ts -> COMMIT:c33dd161f774d750f3541a25ad0b6470729d1233
PR,335918,COMMIT,331928ccc6daee48e5ded30cb4aa02264997b68b,INDIRECT,COMMIT_MODIFIES_FILE,3,PR:335918 -> COMMIT:adc9092582503ef136344e5d017aa68b3c10c944 -> FILE:src/vs/platform/agentHost/node/copilot/copilotAgentSession.ts -> COMMIT:331928ccc6daee48e5ded30cb4aa02264997b68b
PR,335918,COMMIT,1ae2a39a73668a00db3bfcadcc94ac2adca15bd4,INDIRECT,COMMIT_MODIFIES_FILE,3,PR:335918 -> COMMIT:adc9092582503ef136344e5d017aa68b3c10c944 -> FILE:src/vs/platform/agentHost/node/copilot/copilotAgentSession.ts -> COMMIT:1ae2a39a73668a00db3bfcadcc94ac2adca15bd4
PR,335918,COMMIT,45adee6af3bda5a3dc856b4d1dad970f08f9866f,INDIRECT,COMMIT_MODIFIES_FILE,3,PR:335918 -> COMMIT:adc9092582503ef136344e5d017aa68b3c10c944 -> FILE:src/vs/platform/agentHost/node/copilot/copilotAgentSession.ts -> COMMIT:45adee6af3bda5a3dc856b4d1dad970f08f9866f
PR,335918,COMMIT,d1e705c6204403da6cb119a3f4b32008f9b74574,INDIRECT,COMMIT_MODIFIES_FILE,3,PR:335918 -> COMMIT:adc9092582503ef136344e5d017aa68b3c10c944 -> FILE:src/vs/platform/agentHost/node/copilot/copilotAgentSession.ts -> COMMIT:d1e705c6204403da6cb119a3f4b32008f9b74574
PR,335918,COMMIT,5a73a52504e515fc80e9a98ea4471c40b616639d,INDIRECT,COMMIT_MODIFIES_FILE,3,PR:335918 -> COMMIT:adc9092582503ef136344e5d017aa68b3c10c944 -> FILE:src/vs/platform/agentHost/node/copilot/copilotAgentSession.ts -> COMMIT:5a73a52504e515fc80e9a98ea4471c40b616639d
PR,335918,COMMIT,d39540f3ccf119ef7b9855e3749757e1e8d161c3,INDIRECT,COMMIT_MODIFIES_FILE,3,PR:335918 -> COMMIT:adc9092582503ef136344e5d017aa68b3c10c944 -> FILE:src/vs/platform/agentHost/node/copilot/copilotAgentSession.ts -> COMMIT:d39540f3ccf119ef7b9855e3749757e1e8d161c3
PR,335918,COMMIT,a8f0258cf8e753aba983b1ddf55128f6843c5316,INDIRECT,COMMIT_MODIFIES_FILE,3,PR:335918 -> COMMIT:adc9092582503ef136344e5d017aa68b3c10c944 -> FILE:src/vs/platform/agentHost/node/copilot/copilotAgentSession.ts -> COMMIT:a8f0258cf8e753aba983b1ddf55128f6843c5316
PR,335918,COMMIT,7271563c581922929bdef4362f656a688e63d19f,INDIRECT,COMMIT_MODIFIES_FILE,3,PR:335918 -> COMMIT:adc9092582503ef136344e5d017aa68b3c10c944 -> FILE:src/vs/platform/agentHost/node/copilot/copilotAgentSession.ts -> COMMIT:7271563c581922929bdef4362f656a688e63d19f
PR,335918,COMMIT,e0700ece773c7e29890472a6a0caec3bd7a19282,INDIRECT,COMMIT_MODIFIES_FILE,3,PR:335918 -> COMMIT:adc9092582503ef136344e5d017aa68b3c10c944 -> FILE:src/vs/platform/agentHost/node/copilot/copilotAgentSession.ts -> COMMIT:e0700ece773c7e29890472a6a0caec3bd7a19282
PR,335918,COMMIT,3837aad19307b27da5e7f2682e08fa66074a49f2,INDIRECT,COMMIT_MODIFIES_FILE,3,PR:335918 -> COMMIT:adc9092582503ef136344e5d017aa68b3c10c944 -> FILE:src/vs/platform/agentHost/node/copilot/copilotAgentSession.ts -> COMMIT:3837aad19307b27da5e7f2682e08fa66074a49f2
PR,335918,COMMIT,8281e0df7d3b5c3210129e110084d6eb12e0366a,INDIRECT,COMMIT_MODIFIES_FILE,3,PR:335918 -> COMMIT:adc9092582503ef136344e5d017aa68b3c10c944 -> FILE:src/vs/platform/agentHost/node/copilot/copilotAgentSession.ts -> COMMIT:8281e0df7d3b5c3210129e110084d6eb12e0366a
PR,335918,COMMIT,6ac7f57aab08d1dd09942c74570f27e5104fa847,INDIRECT,COMMIT_MODIFIES_FILE,3,PR:335918 -> COMMIT:adc9092582503ef136344e5d017aa68b3c10c944 -> FILE:src/vs/platform/agentHost/node/copilot/copilotAgentSession.ts -> COMMIT:6ac7f57aab08d1dd09942c74570f27e5104fa847
PR,335918,COMMIT,1b39bd83b5fd7f01d45f8594179ce6abc2671ed9,INDIRECT,COMMIT_MODIFIES_FILE,3,PR:335918 -> COMMIT:adc9092582503ef136344e5d017aa68b3c10c944 -> FILE:src/vs/platform/agentHost/node/copilot/copilotAgentSession.ts -> COMMIT:1b39bd83b5fd7f01d45f8594179ce6abc2671ed9
PR,335918,COMMIT,478aaf63d44cc66a5ca10028e437f6ef471e96c1,INDIRECT,COMMIT_MODIFIES_FILE,3,PR:335918 -> COMMIT:adc9092582503ef136344e5d017aa68b3c10c944 -> FILE:src/vs/platform/agentHost/node/copilot/copilotAgentSession.ts -> COMMIT:478aaf63d44cc66a5ca10028e437f6ef471e96c1
PR,335918,COMMIT,f0d745b4b430dff8be38305f46a5cf06f9221630,INDIRECT,COMMIT_MODIFIES_FILE,3,PR:335918 -> COMMIT:adc9092582503ef136344e5d017aa68b3c10c944 -> FILE:src/vs/platform/agentHost/node/copilot/copilotAgentSession.ts -> COMMIT:f0d745b4b430dff8be38305f46a5cf06f9221630
PR,335918,COMMIT,baf393ea77c8abaf28230b84f6efec71f1074db5,INDIRECT,COMMIT_MODIFIES_FILE,3,PR:335918 -> COMMIT:adc9092582503ef136344e5d017aa68b3c10c944 -> FILE:src/vs/platform/agentHost/node/copilot/copilotAgentSession.ts -> COMMIT:baf393ea77c8abaf28230b84f6efec71f1074db5
PR,335918,COMMIT,397293ceab7311e81852995945dc9b0fc8a85504,INDIRECT,COMMIT_MODIFIES_FILE,3,PR:335918 -> COMMIT:adc9092582503ef136344e5d017aa68b3c10c944 -> FILE:src/vs/platform/agentHost/node/copilot/copilotAgentSession.ts -> COMMIT:397293ceab7311e81852995945dc9b0fc8a85504
PR,335918,COMMIT,2e5596ee1439e18282c2a6ad535309fbcc51e9c3,INDIRECT,COMMIT_MODIFIES_FILE,3,PR:335918 -> COMMIT:adc9092582503ef136344e5d017aa68b3c10c944 -> FILE:src/vs/platform/agentHost/node/copilot/copilotAgentSession.ts -> COMMIT:2e5596ee1439e18282c2a6ad535309fbcc51e9c3
PR,335918,COMMIT,8f7bcef59192fa1deb1a6825c2696dbfbd6be499,INDIRECT,COMMIT_MODIFIES_FILE,3,PR:335918 -> COMMIT:adc9092582503ef136344e5d017aa68b3c10c944 -> FILE:src/vs/platform/agentHost/node/copilot/copilotAgentSession.ts -> COMMIT:8f7bcef59192fa1deb1a6825c2696dbfbd6be499
PR,335918,COMMIT,7c6235e3abc4cdfc5794c2557d6f350f424e31b4,INDIRECT,COMMIT_MODIFIES_FILE,3,PR:335918 -> COMMIT:adc9092582503ef136344e5d017aa68b3c10c944 -> FILE:src/vs/platform/agentHost/node/copilot/copilotAgentSession.ts -> COMMIT:7c6235e3abc4cdfc5794c2557d6f350f424e31b4
PR,335918,COMMIT,aa1dcf4315720fa17d24e65e4da3131d55d609e3,INDIRECT,COMMIT_MODIFIES_FILE,3,PR:335918 -> COMMIT:adc9092582503ef136344e5d017aa68b3c10c944 -> FILE:src/vs/platform/agentHost/node/copilot/copilotAgentSession.ts -> COMMIT:aa1dcf4315720fa17d24e65e4da3131d55d609e3
PR,335918,COMMIT,d271741c39ab6b2063942da8febc53bb64272c68,INDIRECT,COMMIT_MODIFIES_FILE,3,PR:335918 -> COMMIT:adc9092582503ef136344e5d017aa68b3c10c944 -> FILE:src/vs/platform/agentHost/node/copilot/copilotAgentSession.ts -> COMMIT:d271741c39ab6b2063942da8febc53bb64272c68
PR,335918,COMMIT,064cb9115b8cc230bc93fd55ef28747fe7525c36,INDIRECT,COMMIT_MODIFIES_FILE,3,PR:335918 -> COMMIT:adc9092582503ef136344e5d017aa68b3c10c944 -> FILE:src/vs/platform/agentHost/node/copilot/copilotAgentSession.ts -> COMMIT:064cb9115b8cc230bc93fd55ef28747fe7525c36
PR,335918,COMMIT,3f5e5058c863e82d725fc6f064b4db8c8b4b6b97,INDIRECT,COMMIT_MODIFIES_FILE,3,PR:335918 -> COMMIT:adc9092582503ef136344e5d017aa68b3c10c944 -> FILE:src/vs/platform/agentHost/node/copilot/copilotAgentSession.ts -> COMMIT:3f5e5058c863e82d725fc6f064b4db8c8b4b6b97
PR,335918,COMMIT,3b7ad0bbcd70324c99a81515fae293ecb933f33d,INDIRECT,COMMIT_MODIFIES_FILE,3,PR:335918 -> COMMIT:adc9092582503ef136344e5d017aa68b3c10c944 -> FILE:src/vs/platform/agentHost/node/copilot/copilotAgentSession.ts -> COMMIT:3b7ad0bbcd70324c99a81515fae293ecb933f33d
PR,335918,COMMIT,5c0575f2ad225d502355e95f9cba1cba3c433711,INDIRECT,COMMIT_MODIFIES_FILE,3,PR:335918 -> COMMIT:adc9092582503ef136344e5d017aa68b3c10c944 -> FILE:src/vs/platform/agentHost/node/copilot/copilotAgentSession.ts -> COMMIT:5c0575f2ad225d502355e95f9cba1cba3c433711
PR,335918,COMMIT,ec64b0786abd39754deeab717db5f64d47583d18,INDIRECT,COMMIT_MODIFIES_FILE,3,PR:335918 -> COMMIT:adc9092582503ef136344e5d017aa68b3c10c944 -> FILE:src/vs/platform/agentHost/node/copilot/copilotAgentSession.ts -> COMMIT:ec64b0786abd39754deeab717db5f64d47583d18
PR,335918,COMMIT,1c8eff6a3fcd0dfaaf1618fedc4bfc002875fffb,INDIRECT,COMMIT_MODIFIES_FILE,3,PR:335918 -> COMMIT:adc9092582503ef136344e5d017aa68b3c10c944 -> FILE:src/vs/platform/agentHost/node/copilot/copilotAgentSession.ts -> COMMIT:1c8eff6a3fcd0dfaaf1618fedc4bfc002875fffb
PR,335918,COMMIT,76679daaf52da54aec57b6ce39b539b602a81c5b,INDIRECT,COMMIT_MODIFIES_FILE,3,PR:335918 -> COMMIT:adc9092582503ef136344e5d017aa68b3c10c944 -> FILE:src/vs/platform/agentHost/node/copilot/copilotAgentSession.ts -> COMMIT:76679daaf52da54aec57b6ce39b539b602a81c5b
PR,335918,COMMIT,f3d37fa62ded5c2985fcdf31e2d019ebc8155355,INDIRECT,COMMIT_MODIFIES_FILE,3,PR:335918 -> COMMIT:adc9092582503ef136344e5d017aa68b3c10c944 -> FILE:src/vs/platform/agentHost/node/copilot/copilotAgentSession.ts -> COMMIT:f3d37fa62ded5c2985fcdf31e2d019ebc8155355
PR,335918,COMMIT,1109a0e3d4fe20ea8d350a3131c8cee94f4363df,INDIRECT,COMMIT_MODIFIES_FILE,3,PR:335918 -> COMMIT:adc9092582503ef136344e5d017aa68b3c10c944 -> FILE:src/vs/platform/agentHost/node/copilot/copilotAgentSession.ts -> COMMIT:1109a0e3d4fe20ea8d350a3131c8cee94f4363df
PR,335918,COMMIT,67522865ae9a37b991486974517f7d1dc5f3231d,INDIRECT,COMMIT_MODIFIES_FILE,3,PR:335918 -> COMMIT:adc9092582503ef136344e5d017aa68b3c10c944 -> FILE:src/vs/platform/agentHost/node/copilot/copilotAgentSession.ts -> COMMIT:67522865ae9a37b991486974517f7d1dc5f3231d
PR,335918,COMMIT,28c5081664d533832ac891f1972b41d3b8ef972e,INDIRECT,COMMIT_MODIFIES_FILE,3,PR:335918 -> COMMIT:adc9092582503ef136344e5d017aa68b3c10c944 -> FILE:src/vs/platform/agentHost/node/copilot/copilotAgentSession.ts -> COMMIT:28c5081664d533832ac891f1972b41d3b8ef972e
PR,335918,COMMIT,16fbcddb91528318f5c6f4f2817f8715403e6a62,INDIRECT,COMMIT_MODIFIES_FILE,3,PR:335918 -> COMMIT:adc9092582503ef136344e5d017aa68b3c10c944 -> FILE:src/vs/platform/agentHost/node/copilot/copilotAgentSession.ts -> COMMIT:16fbcddb91528318f5c6f4f2817f8715403e6a62
PR,335918,COMMIT,ce1b51f65baaa57f7a49036174566ea031ba5004,INDIRECT,COMMIT_MODIFIES_FILE,3,PR:335918 -> COMMIT:adc9092582503ef136344e5d017aa68b3c10c944 -> FILE:src/vs/platform/agentHost/node/copilot/copilotAgentSession.ts -> COMMIT:ce1b51f65baaa57f7a49036174566ea031ba5004
PR,335918,COMMIT,bde4adf92e3c3bd289657ca995ae61553bded858,INDIRECT,COMMIT_MODIFIES_FILE,3,PR:335918 -> COMMIT:adc9092582503ef136344e5d017aa68b3c10c944 -> FILE:src/vs/platform/agentHost/node/copilot/copilotAgentSession.ts -> COMMIT:bde4adf92e3c3bd289657ca995ae61553bded858
PR,335918,COMMIT,93ea7d572a819841087d8ca502da0ad02a90a709,INDIRECT,COMMIT_MODIFIES_FILE,3,PR:335918 -> COMMIT:adc9092582503ef136344e5d017aa68b3c10c944 -> FILE:src/vs/platform/agentHost/node/copilot/copilotAgentSession.ts -> COMMIT:93ea7d572a819841087d8ca502da0ad02a90a709
PR,335918,COMMIT,d4884faee27e33e4353db1722d3d964584e4456f,INDIRECT,COMMIT_MODIFIES_FILE,3,PR:335918 -> COMMIT:adc9092582503ef136344e5d017aa68b3c10c944 -> FILE:src/vs/platform/agentHost/node/copilot/copilotAgentSession.ts -> COMMIT:d4884faee27e33e4353db1722d3d964584e4456f
PR,335918,COMMIT,af5c0a4f936a0f18bee9deb285adba0da70d3f42,INDIRECT,COMMIT_MODIFIES_FILE,3,PR:335918 -> COMMIT:adc9092582503ef136344e5d017aa68b3c10c944 -> FILE:src/vs/platform/agentHost/node/copilot/copilotAgentSession.ts -> COMMIT:af5c0a4f936a0f18bee9deb285adba0da70d3f42
PR,335918,COMMIT,fc40bf71d23be010c6aea76081ab24fd7058af6e,INDIRECT,COMMIT_MODIFIES_FILE,3,PR:335918 -> COMMIT:adc9092582503ef136344e5d017aa68b3c10c944 -> FILE:src/vs/platform/agentHost/node/copilot/copilotAgentSession.ts -> COMMIT:fc40bf71d23be010c6aea76081ab24fd7058af6e
PR,335918,COMMIT,13014ab675d41b073d14489e08ca8fdc29d61ac5,INDIRECT,COMMIT_MODIFIES_FILE,3,PR:335918 -> COMMIT:adc9092582503ef136344e5d017aa68b3c10c944 -> FILE:src/vs/platform/agentHost/node/copilot/copilotAgentSession.ts -> COMMIT:13014ab675d41b073d14489e08ca8fdc29d61ac5
PR,335918,COMMIT,d379ca1581147a1404efeefa686997987c0e588e,INDIRECT,COMMIT_MODIFIES_FILE,3,PR:335918 -> COMMIT:adc9092582503ef136344e5d017aa68b3c10c944 -> FILE:src/vs/platform/agentHost/node/copilot/copilotAgentSession.ts -> COMMIT:d379ca1581147a1404efeefa686997987c0e588e
PR,335918,COMMIT,c45f5a1b7f27b68b1fb0914d9a85d9bb47d9afe6,INDIRECT,COMMIT_MODIFIES_FILE,3,PR:335918 -> COMMIT:adc9092582503ef136344e5d017aa68b3c10c944 -> FILE:src/vs/platform/agentHost/node/copilot/copilotAgentSession.ts -> COMMIT:c45f5a1b7f27b68b1fb0914d9a85d9bb47d9afe6
PR,335918,COMMIT,61046901fdefa2556322b839299cf4f9bf1a2c73,INDIRECT,COMMIT_MODIFIES_FILE,3,PR:335918 -> COMMIT:adc9092582503ef136344e5d017aa68b3c10c944 -> FILE:src/vs/platform/agentHost/node/copilot/copilotAgentSession.ts -> COMMIT:61046901fdefa2556322b839299cf4f9bf1a2c73
PR,335918,COMMIT,3541d19acc0063b488eb833bbc07d2505c3cb3e4,INDIRECT,COMMIT_MODIFIES_FILE,3,PR:335918 -> COMMIT:adc9092582503ef136344e5d017aa68b3c10c944 -> FILE:src/vs/platform/agentHost/node/copilot/copilotAgentSession.ts -> COMMIT:3541d19acc0063b488eb833bbc07d2505c3cb3e4
PR,335918,COMMIT,365f97c053875d0b9a9d1532cbc61006155cf8dc,INDIRECT,COMMIT_MODIFIES_FILE,3,PR:335918 -> COMMIT:adc9092582503ef136344e5d017aa68b3c10c944 -> FILE:src/vs/platform/agentHost/node/copilot/copilotAgentSession.ts -> COMMIT:365f97c053875d0b9a9d1532cbc61006155cf8dc
PR,335918,COMMIT,7a37f7f2501de9b3e9ce63b22fbfd7866107e46a,INDIRECT,COMMIT_MODIFIES_FILE,3,PR:335918 -> COMMIT:adc9092582503ef136344e5d017aa68b3c10c944 -> FILE:src/vs/platform/agentHost/node/copilot/copilotAgentSession.ts -> COMMIT:7a37f7f2501de9b3e9ce63b22fbfd7866107e46a
PR,335918,COMMIT,9a9374092d0aa326ddc51a3c6c5bc04ec68f280e,INDIRECT,COMMIT_MODIFIES_FILE,3,PR:335918 -> COMMIT:adc9092582503ef136344e5d017aa68b3c10c944 -> FILE:src/vs/platform/agentHost/node/copilot/copilotAgentSession.ts -> COMMIT:9a9374092d0aa326ddc51a3c6c5bc04ec68f280e
PR,335918,COMMIT,56c28d6c210ff1425d5173a23623967ad6f4451a,INDIRECT,COMMIT_MODIFIES_FILE,3,PR:335918 -> COMMIT:adc9092582503ef136344e5d017aa68b3c10c944 -> FILE:src/vs/platform/agentHost/node/copilot/copilotAgentSession.ts -> COMMIT:56c28d6c210ff1425d5173a23623967ad6f4451a
PR,335918,COMMIT,447f4b2a0cfc35159c696a7fffc448cfc326a93c,INDIRECT,COMMIT_MODIFIES_FILE,3,PR:335918 -> COMMIT:adc9092582503ef136344e5d017aa68b3c10c944 -> FILE:src/vs/platform/agentHost/node/copilot/copilotAgentSession.ts -> COMMIT:447f4b2a0cfc35159c696a7fffc448cfc326a93c
PR,335918,COMMIT,ce22e9854b8a68df231267c7c5ba43230682add2,INDIRECT,COMMIT_MODIFIES_FILE,3,PR:335918 -> COMMIT:adc9092582503ef136344e5d017aa68b3c10c944 -> FILE:src/vs/platform/agentHost/node/copilot/copilotAgentSession.ts -> COMMIT:ce22e9854b8a68df231267c7c5ba43230682add2
PR,335918,COMMIT,45224c7010250a904dc3273884f5dbdc1bf5737e,INDIRECT,COMMIT_MODIFIES_FILE,3,PR:335918 -> COMMIT:adc9092582503ef136344e5d017aa68b3c10c944 -> FILE:src/vs/platform/agentHost/node/copilot/copilotAgentSession.ts -> COMMIT:45224c7010250a904dc3273884f5dbdc1bf5737e
PR,335918,COMMIT,0e9727ede6b6c7bf9dfd85b66a5ed629ed64488b,INDIRECT,COMMIT_MODIFIES_FILE,3,PR:335918 -> COMMIT:adc9092582503ef136344e5d017aa68b3c10c944 -> FILE:src/vs/platform/agentHost/node/copilot/copilotAgentSession.ts -> COMMIT:0e9727ede6b6c7bf9dfd85b66a5ed629ed64488b
PR,335918,COMMIT,d481e6cdf3074988d5f420e072b18010a5d4b9c3,INDIRECT,COMMIT_MODIFIES_FILE,3,PR:335918 -> COMMIT:adc9092582503ef136344e5d017aa68b3c10c944 -> FILE:src/vs/platform/agentHost/node/copilot/copilotAgentSession.ts -> COMMIT:d481e6cdf3074988d5f420e072b18010a5d4b9c3
PR,335918,COMMIT,aec320e7b63f5d27e252c61e6412fe86e198bf38,INDIRECT,COMMIT_MODIFIES_FILE,3,PR:335918 -> COMMIT:adc9092582503ef136344e5d017aa68b3c10c944 -> FILE:src/vs/platform/agentHost/node/copilot/copilotAgentSession.ts -> COMMIT:aec320e7b63f5d27e252c61e6412fe86e198bf38
PR,335918,COMMIT,808c88928e9e34ffba101e6867fde06eff56df2a,INDIRECT,COMMIT_MODIFIES_FILE,3,PR:335918 -> COMMIT:adc9092582503ef136344e5d017aa68b3c10c944 -> FILE:src/vs/platform/agentHost/node/copilot/copilotAgentSession.ts -> COMMIT:808c88928e9e34ffba101e6867fde06eff56df2a
PR,335918,COMMIT,ba2d66ee3b6586ed4d69c398e9f3a5045a217b44,INDIRECT,COMMIT_MODIFIES_FILE,3,PR:335918 -> COMMIT:adc9092582503ef136344e5d017aa68b3c10c944 -> FILE:src/vs/platform/agentHost/node/copilot/copilotAgentSession.ts -> COMMIT:ba2d66ee3b6586ed4d69c398e9f3a5045a217b44
PR,335918,COMMIT,a8a37c0a190089476c15813ca13a54de6f37325f,INDIRECT,COMMIT_MODIFIES_FILE,3,PR:335918 -> COMMIT:adc9092582503ef136344e5d017aa68b3c10c944 -> FILE:src/vs/platform/agentHost/node/copilot/copilotAgentSession.ts -> COMMIT:a8a37c0a190089476c15813ca13a54de6f37325f
PR,335918,COMMIT,07864e41d5609aa036deecac093e069b1f63a430,INDIRECT,COMMIT_MODIFIES_FILE,3,PR:335918 -> COMMIT:adc9092582503ef136344e5d017aa68b3c10c944 -> FILE:src/vs/platform/agentHost/node/copilot/copilotAgentSession.ts -> COMMIT:07864e41d5609aa036deecac093e069b1f63a430
PR,335918,COMMIT,759f7f6b94b5c7cc254c19a324b1c74a71d55183,INDIRECT,COMMIT_MODIFIES_FILE,3,PR:335918 -> COMMIT:adc9092582503ef136344e5d017aa68b3c10c944 -> FILE:src/vs/platform/agentHost/node/copilot/copilotAgentSession.ts -> COMMIT:759f7f6b94b5c7cc254c19a324b1c74a71d55183
PR,335918,COMMIT,e05bae3b3ecf37542a67579566f3a4e3f368973c,INDIRECT,COMMIT_MODIFIES_FILE,3,PR:335918 -> COMMIT:adc9092582503ef136344e5d017aa68b3c10c944 -> FILE:src/vs/platform/agentHost/node/copilot/copilotAgentSession.ts -> COMMIT:e05bae3b3ecf37542a67579566f3a4e3f368973c
PR,335918,COMMIT,693438c86350f7b28a42b6479f563eadd04f4a07,INDIRECT,COMMIT_MODIFIES_FILE,3,PR:335918 -> COMMIT:adc9092582503ef136344e5d017aa68b3c10c944 -> FILE:src/vs/platform/agentHost/node/copilot/copilotAgentSession.ts -> COMMIT:693438c86350f7b28a42b6479f563eadd04f4a07
PR,335918,COMMIT,3df78d6f9890d58687a3377087a3286e45ac4cdc,INDIRECT,COMMIT_MODIFIES_FILE,3,PR:335918 -> COMMIT:adc9092582503ef136344e5d017aa68b3c10c944 -> FILE:src/vs/platform/agentHost/node/copilot/copilotAgentSession.ts -> COMMIT:3df78d6f9890d58687a3377087a3286e45ac4cdc
PR,335918,COMMIT,529cf74396a42c52363652b14a14f3f168118076,INDIRECT,COMMIT_MODIFIES_FILE,3,PR:335918 -> COMMIT:adc9092582503ef136344e5d017aa68b3c10c944 -> FILE:src/vs/platform/agentHost/node/copilot/copilotAgentSession.ts -> COMMIT:529cf74396a42c52363652b14a14f3f168118076
PR,335918,COMMIT,3d6f1256e1dc709a07735080717b8f81ce1fcd24,INDIRECT,COMMIT_MODIFIES_FILE,3,PR:335918 -> COMMIT:adc9092582503ef136344e5d017aa68b3c10c944 -> FILE:src/vs/platform/agentHost/node/copilot/copilotAgentSession.ts -> COMMIT:3d6f1256e1dc709a07735080717b8f81ce1fcd24
PR,335918,COMMIT,b8652521853e09d0f072ff0335d9899d4fc198c0,INDIRECT,COMMIT_MODIFIES_FILE,3,PR:335918 -> COMMIT:adc9092582503ef136344e5d017aa68b3c10c944 -> FILE:src/vs/platform/agentHost/node/copilot/copilotAgentSession.ts -> COMMIT:b8652521853e09d0f072ff0335d9899d4fc198c0
PR,335918,COMMIT,2f991887179f49ddb95c616e98f4b1d6ba47fccb,INDIRECT,COMMIT_MODIFIES_FILE,3,PR:335918 -> COMMIT:adc9092582503ef136344e5d017aa68b3c10c944 -> FILE:src/vs/platform/agentHost/node/copilot/copilotAgentSession.ts -> COMMIT:2f991887179f49ddb95c616e98f4b1d6ba47fccb
PR,335918,COMMIT,40ff179610caf1b2fdcccd3d5bec48f9dd11e353,INDIRECT,COMMIT_MODIFIES_FILE,3,PR:335918 -> COMMIT:adc9092582503ef136344e5d017aa68b3c10c944 -> FILE:src/vs/platform/agentHost/node/copilot/copilotAgentSession.ts -> COMMIT:40ff179610caf1b2fdcccd3d5bec48f9dd11e353
PR,335918,COMMIT,cc3e2a353b3fe610fdaeadf650c22ce1152645b7,INDIRECT,COMMIT_MODIFIES_FILE,3,PR:335918 -> COMMIT:adc9092582503ef136344e5d017aa68b3c10c944 -> FILE:src/vs/platform/agentHost/node/copilot/copilotAgentSession.ts -> COMMIT:cc3e2a353b3fe610fdaeadf650c22ce1152645b7
PR,335918,COMMIT,77b8c2a678de7191df214845ac6f1b761ba37673,INDIRECT,COMMIT_MODIFIES_FILE,3,PR:335918 -> COMMIT:adc9092582503ef136344e5d017aa68b3c10c944 -> FILE:src/vs/platform/agentHost/node/copilot/copilotAgentSession.ts -> COMMIT:77b8c2a678de7191df214845ac6f1b761ba37673
PR,335918,COMMIT,1eb1be7637f0eadbe5b447fdf430b04376dc737c,INDIRECT,COMMIT_MODIFIES_FILE,3,PR:335918 -> COMMIT:adc9092582503ef136344e5d017aa68b3c10c944 -> FILE:src/vs/platform/agentHost/node/copilot/copilotAgentSession.ts -> COMMIT:1eb1be7637f0eadbe5b447fdf430b04376dc737c
PR,335918,COMMIT,bea719962ee3fc8eb5f3312a90a7540868eb88a5,INDIRECT,COMMIT_MODIFIES_FILE,3,PR:335918 -> COMMIT:adc9092582503ef136344e5d017aa68b3c10c944 -> FILE:src/vs/platform/agentHost/node/copilot/copilotAgentSession.ts -> COMMIT:bea719962ee3fc8eb5f3312a90a7540868eb88a5
PR,335918,COMMIT,db8a860972f1eda9d6264931ac82a9bd79fbb298,INDIRECT,COMMIT_MODIFIES_FILE,3,PR:335918 -> COMMIT:adc9092582503ef136344e5d017aa68b3c10c944 -> FILE:src/vs/platform/agentHost/node/copilot/copilotAgentSession.ts -> COMMIT:db8a860972f1eda9d6264931ac82a9bd79fbb298
PR,335918,COMMIT,8ee53f7e5b9879b7cac6f9897b35b7cdc1eadf80,INDIRECT,COMMIT_MODIFIES_FILE,3,PR:335918 -> COMMIT:adc9092582503ef136344e5d017aa68b3c10c944 -> FILE:src/vs/platform/agentHost/node/copilot/copilotAgentSession.ts -> COMMIT:8ee53f7e5b9879b7cac6f9897b35b7cdc1eadf80
PR,335918,COMMIT,d898a4162de5eb57599970affd934e68548b4356,INDIRECT,COMMIT_MODIFIES_FILE,3,PR:335918 -> COMMIT:adc9092582503ef136344e5d017aa68b3c10c944 -> FILE:src/vs/platform/agentHost/node/copilot/copilotAgentSession.ts -> COMMIT:d898a4162de5eb57599970affd934e68548b4356
PR,335918,COMMIT,0ca21a39d30beaaf9baaee62c39268970ca6debd,INDIRECT,COMMIT_MODIFIES_FILE,3,PR:335918 -> COMMIT:adc9092582503ef136344e5d017aa68b3c10c944 -> FILE:src/vs/platform/agentHost/node/copilot/copilotAgentSession.ts -> COMMIT:0ca21a39d30beaaf9baaee62c39268970ca6debd
PR,335918,COMMIT,be81acd1b2aa97e89a0e59660176d6110348b74b,INDIRECT,COMMIT_MODIFIES_FILE,3,PR:335918 -> COMMIT:adc9092582503ef136344e5d017aa68b3c10c944 -> FILE:src/vs/platform/agentHost/node/copilot/copilotAgentSession.ts -> COMMIT:be81acd1b2aa97e89a0e59660176d6110348b74b
PR,335918,COMMIT,441555911ba7ba2ea6a2be733f4312f92d727468,INDIRECT,COMMIT_MODIFIES_FILE,3,PR:335918 -> COMMIT:adc9092582503ef136344e5d017aa68b3c10c944 -> FILE:src/vs/platform/agentHost/node/copilot/copilotAgentSession.ts -> COMMIT:441555911ba7ba2ea6a2be733f4312f92d727468
PR,335918,COMMIT,319e89f35de0f7fd666aa281307175e8bfdc8781,INDIRECT,COMMIT_MODIFIES_FILE,3,PR:335918 -> COMMIT:adc9092582503ef136344e5d017aa68b3c10c944 -> FILE:src/vs/platform/agentHost/node/copilot/copilotAgentSession.ts -> COMMIT:319e89f35de0f7fd666aa281307175e8bfdc8781
PR,335918,COMMIT,962c70b204dfc0defed05daec8df4bb8e26754dc,INDIRECT,COMMIT_MODIFIES_FILE,3,PR:335918 -> COMMIT:adc9092582503ef136344e5d017aa68b3c10c944 -> FILE:src/vs/platform/agentHost/node/copilot/copilotAgentSession.ts -> COMMIT:962c70b204dfc0defed05daec8df4bb8e26754dc
PR,335918,COMMIT,b885c271fa0abd8b38518ef036cb78a26d099835,INDIRECT,COMMIT_MODIFIES_FILE,3,PR:335918 -> COMMIT:adc9092582503ef136344e5d017aa68b3c10c944 -> FILE:src/vs/platform/agentHost/node/copilot/copilotAgentSession.ts -> COMMIT:b885c271fa0abd8b38518ef036cb78a26d099835
PR,335918,COMMIT,49457c33dd41a9a04968b539c58149cf0e6b4328,INDIRECT,COMMIT_MODIFIES_FILE,3,PR:335918 -> COMMIT:adc9092582503ef136344e5d017aa68b3c10c944 -> FILE:src/vs/platform/agentHost/node/copilot/copilotAgentSession.ts -> COMMIT:49457c33dd41a9a04968b539c58149cf0e6b4328
PR,335918,COMMIT,ef46802343c1ce7a477e0e292eb27e6841c8b7b5,INDIRECT,COMMIT_MODIFIES_FILE,3,PR:335918 -> COMMIT:adc9092582503ef136344e5d017aa68b3c10c944 -> FILE:src/vs/platform/agentHost/node/copilot/copilotAgentSession.ts -> COMMIT:ef46802343c1ce7a477e0e292eb27e6841c8b7b5
PR,335918,COMMIT,678b3314a97acf9c918c1faeb75de2236d283df0,INDIRECT,COMMIT_MODIFIES_FILE,3,PR:335918 -> COMMIT:adc9092582503ef136344e5d017aa68b3c10c944 -> FILE:src/vs/platform/agentHost/node/copilot/copilotAgentSession.ts -> COMMIT:678b3314a97acf9c918c1faeb75de2236d283df0
PR,335918,COMMIT,65b86ef8e12ebd325b3974e62328b52dd9d3cee2,INDIRECT,COMMIT_MODIFIES_FILE,3,PR:335918 -> COMMIT:adc9092582503ef136344e5d017aa68b3c10c944 -> FILE:src/vs/platform/agentHost/node/copilot/copilotAgentSession.ts -> COMMIT:65b86ef8e12ebd325b3974e62328b52dd9d3cee2
PR,335918,COMMIT,b466c50ad10d2b0a12222cfe273b2ba3db8f16c9,INDIRECT,COMMIT_MODIFIES_FILE,3,PR:335918 -> COMMIT:adc9092582503ef136344e5d017aa68b3c10c944 -> FILE:src/vs/platform/agentHost/node/copilot/copilotAgentSession.ts -> COMMIT:b466c50ad10d2b0a12222cfe273b2ba3db8f16c9
PR,335918,COMMIT,59155447563f290454e03a0f4169470c74808e12,INDIRECT,COMMIT_MODIFIES_FILE,3,PR:335918 -> COMMIT:adc9092582503ef136344e5d017aa68b3c10c944 -> FILE:src/vs/platform/agentHost/node/copilot/copilotAgentSession.ts -> COMMIT:59155447563f290454e03a0f4169470c74808e12
PR,335918,COMMIT,09627cf7e2a6f0cb5fe2be7049ac9576856cf2e9,INDIRECT,COMMIT_MODIFIES_FILE,3,PR:335918 -> COMMIT:adc9092582503ef136344e5d017aa68b3c10c944 -> FILE:src/vs/platform/agentHost/node/copilot/copilotAgentSession.ts -> COMMIT:09627cf7e2a6f0cb5fe2be7049ac9576856cf2e9
PR,335918,COMMIT,1145e9b0d6d24c63dcaa8ef7c8d5793645f2680e,INDIRECT,COMMIT_MODIFIES_FILE,3,PR:335918 -> COMMIT:adc9092582503ef136344e5d017aa68b3c10c944 -> FILE:src/vs/platform/agentHost/node/copilot/copilotAgentSession.ts -> COMMIT:1145e9b0d6d24c63dcaa8ef7c8d5793645f2680e
PR,335918,COMMIT,2f9634365a8e7e7be7dd3a90eacdd8a4f5c03ee3,INDIRECT,COMMIT_MODIFIES_FILE,3,PR:335918 -> COMMIT:adc9092582503ef136344e5d017aa68b3c10c944 -> FILE:src/vs/platform/agentHost/node/copilot/copilotAgentSession.ts -> COMMIT:2f9634365a8e7e7be7dd3a90eacdd8a4f5c03ee3
PR,335918,COMMIT,1f28b200a373faed89458094f5391604efb351a1,INDIRECT,COMMIT_MODIFIES_FILE,3,PR:335918 -> COMMIT:adc9092582503ef136344e5d017aa68b3c10c944 -> FILE:src/vs/platform/agentHost/node/copilot/copilotAgentSession.ts -> COMMIT:1f28b200a373faed89458094f5391604efb351a1
PR,335918,COMMIT,e0a092096def23e4fbc3d8f3ad6107c77c19ca5a,INDIRECT,COMMIT_MODIFIES_FILE,3,PR:335918 -> COMMIT:adc9092582503ef136344e5d017aa68b3c10c944 -> FILE:src/vs/platform/agentHost/node/copilot/copilotAgentSession.ts -> COMMIT:e0a092096def23e4fbc3d8f3ad6107c77c19ca5a
PR,335918,COMMIT,7c603b6f56b2c44a87a2c0c95aacf916c1e9c65f,INDIRECT,COMMIT_MODIFIES_FILE,3,PR:335918 -> COMMIT:adc9092582503ef136344e5d017aa68b3c10c944 -> FILE:src/vs/platform/agentHost/node/copilot/copilotAgentSession.ts -> COMMIT:7c603b6f56b2c44a87a2c0c95aacf916c1e9c65f
PR,335918,COMMIT,d72f4c8ab8f4d13bb0bf97bad1a980d52880de02,INDIRECT,COMMIT_MODIFIES_FILE,3,PR:335918 -> COMMIT:adc9092582503ef136344e5d017aa68b3c10c944 -> FILE:src/vs/platform/agentHost/node/copilot/copilotAgentSession.ts -> COMMIT:d72f4c8ab8f4d13bb0bf97bad1a980d52880de02
PR,335918,COMMIT,8a672c530cb6c6439964e7047af26226b8532ce3,INDIRECT,COMMIT_MODIFIES_FILE,3,PR:335918 -> COMMIT:adc9092582503ef136344e5d017aa68b3c10c944 -> FILE:src/vs/platform/agentHost/node/copilot/copilotAgentSession.ts -> COMMIT:8a672c530cb6c6439964e7047af26226b8532ce3
PR,335918,COMMIT,f77e8ad27c3ea2e73aeac78ccd3a381cdf2a69c4,INDIRECT,COMMIT_MODIFIES_FILE,3,PR:335918 -> COMMIT:adc9092582503ef136344e5d017aa68b3c10c944 -> FILE:src/vs/platform/agentHost/node/copilot/copilotAgentSession.ts -> COMMIT:f77e8ad27c3ea2e73aeac78ccd3a381cdf2a69c4
PR,335918,COMMIT,a50a4deebe90e336dd502658d0e539aa63b520c2,INDIRECT,COMMIT_MODIFIES_FILE,3,PR:335918 -> COMMIT:adc9092582503ef136344e5d017aa68b3c10c944 -> FILE:src/vs/platform/agentHost/node/copilot/copilotAgentSession.ts -> COMMIT:a50a4deebe90e336dd502658d0e539aa63b520c2
PR,335918,COMMIT,575a0042c9af9c12ca2c50bd27115165d4b40c14,INDIRECT,COMMIT_MODIFIES_FILE,3,PR:335918 -> COMMIT:adc9092582503ef136344e5d017aa68b3c10c944 -> FILE:src/vs/platform/agentHost/node/copilot/copilotAgentSession.ts -> COMMIT:575a0042c9af9c12ca2c50bd27115165d4b40c14
PR,335918,COMMIT,7ad33cca1a29bb28c70540e9f768391f44336d6a,INDIRECT,COMMIT_MODIFIES_FILE,3,PR:335918 -> COMMIT:adc9092582503ef136344e5d017aa68b3c10c944 -> FILE:src/vs/platform/agentHost/node/copilot/copilotAgentSession.ts -> COMMIT:7ad33cca1a29bb28c70540e9f768391f44336d6a
PR,335918,COMMIT,79041e2a98a4ef5c79795b18b9c871b571eb47a7,INDIRECT,COMMIT_MODIFIES_FILE,3,PR:335918 -> COMMIT:adc9092582503ef136344e5d017aa68b3c10c944 -> FILE:src/vs/platform/agentHost/node/copilot/copilotAgentSession.ts -> COMMIT:79041e2a98a4ef5c79795b18b9c871b571eb47a7
PR,335918,COMMIT,79940767638e4057a6ac875f13ab310ec2f3291f,INDIRECT,COMMIT_MODIFIES_FILE,3,PR:335918 -> COMMIT:adc9092582503ef136344e5d017aa68b3c10c944 -> FILE:src/vs/platform/agentHost/node/copilot/copilotAgentSession.ts -> COMMIT:79940767638e4057a6ac875f13ab310ec2f3291f
PR,335918,COMMIT,06b9d3a29594e378630a242f819bbe102fd468a8,INDIRECT,COMMIT_MODIFIES_FILE,3,PR:335918 -> COMMIT:adc9092582503ef136344e5d017aa68b3c10c944 -> FILE:src/vs/platform/agentHost/node/copilot/copilotAgentSession.ts -> COMMIT:06b9d3a29594e378630a242f819bbe102fd468a8
PR,335918,COMMIT,7f5d139f9b896d087dae1ececbde575348c548b6,INDIRECT,COMMIT_MODIFIES_FILE,3,PR:335918 -> COMMIT:adc9092582503ef136344e5d017aa68b3c10c944 -> FILE:src/vs/platform/agentHost/node/copilot/copilotAgentSession.ts -> COMMIT:7f5d139f9b896d087dae1ececbde575348c548b6
PR,335918,COMMIT,105165d17a21b4c920318f8b0737916fa99540c1,INDIRECT,COMMIT_MODIFIES_FILE,3,PR:335918 -> COMMIT:adc9092582503ef136344e5d017aa68b3c10c944 -> FILE:src/vs/platform/agentHost/node/copilot/copilotAgentSession.ts -> COMMIT:105165d17a21b4c920318f8b0737916fa99540c1
PR,335918,COMMIT,36bc39b305ef1cfd61984e868492a5dd4debd138,INDIRECT,COMMIT_MODIFIES_FILE,3,PR:335918 -> COMMIT:adc9092582503ef136344e5d017aa68b3c10c944 -> FILE:src/vs/platform/agentHost/node/copilot/copilotAgentSession.ts -> COMMIT:36bc39b305ef1cfd61984e868492a5dd4debd138
PR,335918,COMMIT,f5ffed9271ae6dce3c47f3ef387b9cbb789a8fb8,INDIRECT,COMMIT_MODIFIES_FILE,3,PR:335918 -> COMMIT:adc9092582503ef136344e5d017aa68b3c10c944 -> FILE:src/vs/platform/agentHost/node/copilot/copilotAgentSession.ts -> COMMIT:f5ffed9271ae6dce3c47f3ef387b9cbb789a8fb8
PR,335918,COMMIT,c3af4944bde1ec73151813595ae09038858382a0,INDIRECT,COMMIT_MODIFIES_FILE,3,PR:335918 -> COMMIT:adc9092582503ef136344e5d017aa68b3c10c944 -> FILE:src/vs/platform/agentHost/node/copilot/copilotAgentSession.ts -> COMMIT:c3af4944bde1ec73151813595ae09038858382a0
PR,335918,COMMIT,e631e06b90acc60d040c214d6767eec9aae400e6,INDIRECT,COMMIT_MODIFIES_FILE,3,PR:335918 -> COMMIT:adc9092582503ef136344e5d017aa68b3c10c944 -> FILE:src/vs/platform/agentHost/node/copilot/copilotAgentSession.ts -> COMMIT:e631e06b90acc60d040c214d6767eec9aae400e6
PR,335918,COMMIT,6b9e0cee8883935a798f923dc009a65dbed7680a,INDIRECT,COMMIT_MODIFIES_FILE,3,PR:335918 -> COMMIT:adc9092582503ef136344e5d017aa68b3c10c944 -> FILE:src/vs/platform/agentHost/node/copilot/copilotAgentSession.ts -> COMMIT:6b9e0cee8883935a798f923dc009a65dbed7680a
PR,335918,COMMIT,ab711da4ac7d5c77aabceb37c5989238632d670f,INDIRECT,COMMIT_MODIFIES_FILE,3,PR:335918 -> COMMIT:adc9092582503ef136344e5d017aa68b3c10c944 -> FILE:src/vs/platform/agentHost/node/copilot/copilotAgentSession.ts -> COMMIT:ab711da4ac7d5c77aabceb37c5989238632d670f
PR,335918,COMMIT,c92c2801d81ffe00ce3fd4e97e3b7c8c02a07bef,INDIRECT,COMMIT_MODIFIES_FILE,3,PR:335918 -> COMMIT:adc9092582503ef136344e5d017aa68b3c10c944 -> FILE:src/vs/platform/agentHost/node/copilot/copilotAgentSession.ts -> COMMIT:c92c2801d81ffe00ce3fd4e97e3b7c8c02a07bef
PR,335918,COMMIT,c3d9ffe9390051953c05568dddb609207c1ae946,INDIRECT,COMMIT_MODIFIES_FILE,3,PR:335918 -> COMMIT:adc9092582503ef136344e5d017aa68b3c10c944 -> FILE:src/vs/platform/agentHost/node/copilot/copilotAgentSession.ts -> COMMIT:c3d9ffe9390051953c05568dddb609207c1ae946
PR,335918,COMMIT,05b8c99e11a56c0e3f4633b22d570117b2172da7,INDIRECT,COMMIT_MODIFIES_FILE,3,PR:335918 -> COMMIT:adc9092582503ef136344e5d017aa68b3c10c944 -> FILE:src/vs/platform/agentHost/node/copilot/copilotAgentSession.ts -> COMMIT:05b8c99e11a56c0e3f4633b22d570117b2172da7
PR,335918,COMMIT,7fa7aac400ff5c4c37186ae80fcc4f4d2da44e7a,INDIRECT,COMMIT_MODIFIES_FILE,3,PR:335918 -> COMMIT:adc9092582503ef136344e5d017aa68b3c10c944 -> FILE:src/vs/platform/agentHost/node/copilot/copilotAgentSession.ts -> COMMIT:7fa7aac400ff5c4c37186ae80fcc4f4d2da44e7a
PR,335918,COMMIT,ce19dc90d19027326e85b7ec22588b210e112108,INDIRECT,COMMIT_MODIFIES_FILE,3,PR:335918 -> COMMIT:adc9092582503ef136344e5d017aa68b3c10c944 -> FILE:src/vs/platform/agentHost/node/copilot/copilotAgentSession.ts -> COMMIT:ce19dc90d19027326e85b7ec22588b210e112108
PR,335918,COMMIT,7c1e9def7a67e6600db64b7fdb1d43a4c999bb7d,INDIRECT,COMMIT_MODIFIES_FILE,3,PR:335918 -> COMMIT:adc9092582503ef136344e5d017aa68b3c10c944 -> FILE:src/vs/platform/agentHost/node/copilot/copilotAgentSession.ts -> COMMIT:7c1e9def7a67e6600db64b7fdb1d43a4c999bb7d
PR,335918,COMMIT,160fd0caa7c1765b0d11caebbb90a590293854de,INDIRECT,COMMIT_MODIFIES_FILE,3,PR:335918 -> COMMIT:adc9092582503ef136344e5d017aa68b3c10c944 -> FILE:src/vs/platform/agentHost/node/copilot/copilotAgentSession.ts -> COMMIT:160fd0caa7c1765b0d11caebbb90a590293854de
PR,335918,COMMIT,e5627caa4c21ee0050d1d52665b2b7726836efe6,INDIRECT,COMMIT_MODIFIES_FILE,3,PR:335918 -> COMMIT:adc9092582503ef136344e5d017aa68b3c10c944 -> FILE:src/vs/platform/agentHost/node/copilot/copilotAgentSession.ts -> COMMIT:e5627caa4c21ee0050d1d52665b2b7726836efe6
PR,335918,COMMIT,01677d4018d95741b09e29555b821c5591de8c80,INDIRECT,COMMIT_MODIFIES_FILE,3,PR:335918 -> COMMIT:adc9092582503ef136344e5d017aa68b3c10c944 -> FILE:src/vs/platform/agentHost/node/copilot/copilotAgentSession.ts -> COMMIT:01677d4018d95741b09e29555b821c5591de8c80
PR,335918,COMMIT,99a352b1425cdfec98f4b2d95327b1479b4e8ed5,INDIRECT,COMMIT_MODIFIES_FILE,3,PR:335918 -> COMMIT:adc9092582503ef136344e5d017aa68b3c10c944 -> FILE:src/vs/platform/agentHost/node/copilot/copilotAgentSession.ts -> COMMIT:99a352b1425cdfec98f4b2d95327b1479b4e8ed5
PR,335918,COMMIT,4df6452d00b4fc86cbbc90c827d127a2ca3fa75f,INDIRECT,COMMIT_MODIFIES_FILE,3,PR:335918 -> COMMIT:adc9092582503ef136344e5d017aa68b3c10c944 -> FILE:src/vs/platform/agentHost/node/copilot/copilotAgentSession.ts -> COMMIT:4df6452d00b4fc86cbbc90c827d127a2ca3fa75f
PR,335918,COMMIT,5b256e87ca515ad3b6b8004dcdcc72da4bb0573f,INDIRECT,COMMIT_MODIFIES_FILE,3,PR:335918 -> COMMIT:adc9092582503ef136344e5d017aa68b3c10c944 -> FILE:src/vs/platform/agentHost/node/copilot/copilotAgentSession.ts -> COMMIT:5b256e87ca515ad3b6b8004dcdcc72da4bb0573f
PR,335918,COMMIT,34421cf8c1394d0198faaf8aa57f31ab1fcd183f,INDIRECT,COMMIT_MODIFIES_FILE,3,PR:335918 -> COMMIT:adc9092582503ef136344e5d017aa68b3c10c944 -> FILE:src/vs/platform/agentHost/node/copilot/copilotAgentSession.ts -> COMMIT:34421cf8c1394d0198faaf8aa57f31ab1fcd183f
PR,335918,COMMIT,eafb955d87086f13bd0f0778e9528ebece27a6ac,INDIRECT,COMMIT_MODIFIES_FILE,3,PR:335918 -> COMMIT:adc9092582503ef136344e5d017aa68b3c10c944 -> FILE:src/vs/platform/agentHost/node/copilot/copilotAgentSession.ts -> COMMIT:eafb955d87086f13bd0f0778e9528ebece27a6ac
PR,335918,COMMIT,99614268b8af62eb7357aaad7571e2fde2fcbf28,INDIRECT,COMMIT_MODIFIES_FILE,3,PR:335918 -> COMMIT:adc9092582503ef136344e5d017aa68b3c10c944 -> FILE:src/vs/platform/agentHost/node/copilot/copilotAgentSession.ts -> COMMIT:99614268b8af62eb7357aaad7571e2fde2fcbf28
PR,335918,COMMIT,c709fbb3a876b6391ded3d4de1de0eb85a993cc8,INDIRECT,COMMIT_MODIFIES_FILE,3,PR:335918 -> COMMIT:adc9092582503ef136344e5d017aa68b3c10c944 -> FILE:src/vs/platform/agentHost/node/copilot/copilotAgentSession.ts -> COMMIT:c709fbb3a876b6391ded3d4de1de0eb85a993cc8
PR,335918,COMMIT,e0220096c1c1134275c490c7117dfe017a17aecb,INDIRECT,COMMIT_MODIFIES_FILE,3,PR:335918 -> COMMIT:adc9092582503ef136344e5d017aa68b3c10c944 -> FILE:src/vs/platform/agentHost/node/copilot/copilotAgentSession.ts -> COMMIT:e0220096c1c1134275c490c7117dfe017a17aecb
PR,335918,COMMIT,30a46003a85fdd80d4c034bc76f9994ced1f43e5,INDIRECT,COMMIT_MODIFIES_FILE,3,PR:335918 -> COMMIT:adc9092582503ef136344e5d017aa68b3c10c944 -> FILE:src/vs/platform/agentHost/node/copilot/copilotAgentSession.ts -> COMMIT:30a46003a85fdd80d4c034bc76f9994ced1f43e5
PR,335918,COMMIT,10a65320c21907c22f370cb90d1e2caa2bb9328c,INDIRECT,COMMIT_MODIFIES_FILE,3,PR:335918 -> COMMIT:adc9092582503ef136344e5d017aa68b3c10c944 -> FILE:src/vs/platform/agentHost/node/copilot/copilotAgentSession.ts -> COMMIT:10a65320c21907c22f370cb90d1e2caa2bb9328c
PR,335918,COMMIT,81227493f37507e0abd4b20126b7b26fc9ec953b,INDIRECT,COMMIT_MODIFIES_FILE,3,PR:335918 -> COMMIT:adc9092582503ef136344e5d017aa68b3c10c944 -> FILE:src/vs/platform/agentHost/node/copilot/copilotAgentSession.ts -> COMMIT:81227493f37507e0abd4b20126b7b26fc9ec953b
PR,335918,COMMIT,d4e434be57ab1f127d1b9ebf549890d858cea3cc,INDIRECT,COMMIT_MODIFIES_FILE,3,PR:335918 -> COMMIT:adc9092582503ef136344e5d017aa68b3c10c944 -> FILE:src/vs/platform/agentHost/node/copilot/copilotAgentSession.ts -> COMMIT:d4e434be57ab1f127d1b9ebf549890d858cea3cc
PR,335918,COMMIT,133c07dab2dcd2c9aa8c2fc8755ca072390da35b,INDIRECT,COMMIT_MODIFIES_FILE,3,PR:335918 -> COMMIT:adc9092582503ef136344e5d017aa68b3c10c944 -> FILE:src/vs/platform/agentHost/node/copilot/copilotAgentSession.ts -> COMMIT:133c07dab2dcd2c9aa8c2fc8755ca072390da35b
PR,335918,COMMIT,62ecf31d4371b7865b61d8ca0aaee8f8174d0655,INDIRECT,COMMIT_MODIFIES_FILE,3,PR:335918 -> COMMIT:adc9092582503ef136344e5d017aa68b3c10c944 -> FILE:src/vs/platform/agentHost/node/copilot/copilotAgentSession.ts -> COMMIT:62ecf31d4371b7865b61d8ca0aaee8f8174d0655
PR,335918,COMMIT,501844057ffa524e1fe9bc3fa11b56f338210271,INDIRECT,COMMIT_MODIFIES_FILE,3,PR:335918 -> COMMIT:adc9092582503ef136344e5d017aa68b3c10c944 -> FILE:src/vs/platform/agentHost/node/copilot/copilotAgentSession.ts -> COMMIT:501844057ffa524e1fe9bc3fa11b56f338210271
PR,335918,COMMIT,010c113b6549997d336129a16cc8d64be7e60f89,INDIRECT,COMMIT_MODIFIES_FILE,3,PR:335918 -> COMMIT:adc9092582503ef136344e5d017aa68b3c10c944 -> FILE:src/vs/platform/agentHost/node/copilot/copilotAgentSession.ts -> COMMIT:010c113b6549997d336129a16cc8d64be7e60f89
PR,335918,COMMIT,b4a457269e5b5efe6fe395031ad0c2860ea53e5a,INDIRECT,COMMIT_MODIFIES_FILE,3,PR:335918 -> COMMIT:adc9092582503ef136344e5d017aa68b3c10c944 -> FILE:src/vs/platform/agentHost/node/copilot/copilotAgentSession.ts -> COMMIT:b4a457269e5b5efe6fe395031ad0c2860ea53e5a
PR,335918,COMMIT,4536dc37ede41d15331c575808754202cbff0b30,INDIRECT,COMMIT_MODIFIES_FILE,3,PR:335918 -> COMMIT:adc9092582503ef136344e5d017aa68b3c10c944 -> FILE:src/vs/platform/agentHost/node/copilot/copilotAgentSession.ts -> COMMIT:4536dc37ede41d15331c575808754202cbff0b30
PR,335918,COMMIT,0e302a68afb592e8903a3858ab4e179b21870f04,INDIRECT,COMMIT_MODIFIES_FILE,3,PR:335918 -> COMMIT:adc9092582503ef136344e5d017aa68b3c10c944 -> FILE:src/vs/platform/agentHost/node/copilot/copilotAgentSession.ts -> COMMIT:0e302a68afb592e8903a3858ab4e179b21870f04
PR,335918,COMMIT,978f8767ea0204a4b4c6d5f619d413b189e9a1b7,INDIRECT,COMMIT_MODIFIES_FILE,3,PR:335918 -> COMMIT:adc9092582503ef136344e5d017aa68b3c10c944 -> FILE:src/vs/platform/agentHost/node/copilot/copilotAgentSession.ts -> COMMIT:978f8767ea0204a4b4c6d5f619d413b189e9a1b7
PR,335918,COMMIT,69068f28dab85973a5d617935f29f8f14ecb60b7,INDIRECT,COMMIT_MODIFIES_FILE,3,PR:335918 -> COMMIT:adc9092582503ef136344e5d017aa68b3c10c944 -> FILE:src/vs/platform/agentHost/node/copilot/copilotAgentSession.ts -> COMMIT:69068f28dab85973a5d617935f29f8f14ecb60b7
PR,335918,COMMIT,aee0d7a875b94056930a86b610f715c66cb89f09,INDIRECT,COMMIT_MODIFIES_FILE,3,PR:335918 -> COMMIT:adc9092582503ef136344e5d017aa68b3c10c944 -> FILE:src/vs/platform/agentHost/node/copilot/copilotAgentSession.ts -> COMMIT:aee0d7a875b94056930a86b610f715c66cb89f09
PR,335918,COMMIT,cc8d77ddf64b40ebf67981d85eec7ace308c1b2e,INDIRECT,COMMIT_MODIFIES_FILE,3,PR:335918 -> COMMIT:adc9092582503ef136344e5d017aa68b3c10c944 -> FILE:src/vs/platform/agentHost/node/copilot/copilotAgentSession.ts -> COMMIT:cc8d77ddf64b40ebf67981d85eec7ace308c1b2e
PR,335918,COMMIT,53b6ac086ad2b7a63d2dfd952bc30112dea5e692,INDIRECT,COMMIT_MODIFIES_FILE,3,PR:335918 -> COMMIT:adc9092582503ef136344e5d017aa68b3c10c944 -> FILE:src/vs/platform/agentHost/node/copilot/copilotAgentSession.ts -> COMMIT:53b6ac086ad2b7a63d2dfd952bc30112dea5e692
PR,335918,COMMIT,3edeb9a07b918973a3385595a365a00594b80e35,INDIRECT,COMMIT_MODIFIES_FILE,3,PR:335918 -> COMMIT:adc9092582503ef136344e5d017aa68b3c10c944 -> FILE:src/vs/platform/agentHost/node/copilot/copilotAgentSession.ts -> COMMIT:3edeb9a07b918973a3385595a365a00594b80e35
PR,335918,COMMIT,aa10c3ae79f008726e150520f5c0b3ddd8c13233,INDIRECT,COMMIT_MODIFIES_FILE,3,PR:335918 -> COMMIT:adc9092582503ef136344e5d017aa68b3c10c944 -> FILE:src/vs/platform/agentHost/node/copilot/copilotAgentSession.ts -> COMMIT:aa10c3ae79f008726e150520f5c0b3ddd8c13233
PR,335918,COMMIT,ed59e426e9937e506187526ed97ad1e057af83d8,INDIRECT,COMMIT_MODIFIES_FILE,3,PR:335918 -> COMMIT:adc9092582503ef136344e5d017aa68b3c10c944 -> FILE:src/vs/platform/agentHost/node/copilot/copilotAgentSession.ts -> COMMIT:ed59e426e9937e506187526ed97ad1e057af83d8
PR,335918,COMMIT,705f433cbe4c2f7c136fdf7030a60834d9e27e43,INDIRECT,COMMIT_MODIFIES_FILE,3,PR:335918 -> COMMIT:adc9092582503ef136344e5d017aa68b3c10c944 -> FILE:src/vs/platform/agentHost/node/copilot/copilotAgentSession.ts -> COMMIT:705f433cbe4c2f7c136fdf7030a60834d9e27e43
PR,335918,COMMIT,5616563b3929bbc728110560cf9237e9ebb5d6cb,INDIRECT,COMMIT_MODIFIES_FILE,3,PR:335918 -> COMMIT:adc9092582503ef136344e5d017aa68b3c10c944 -> FILE:src/vs/platform/agentHost/node/copilot/copilotAgentSession.ts -> COMMIT:5616563b3929bbc728110560cf9237e9ebb5d6cb
PR,335918,COMMIT,723e50182c7204c7464a882f228290698c81c71c,INDIRECT,COMMIT_MODIFIES_FILE,3,PR:335918 -> COMMIT:adc9092582503ef136344e5d017aa68b3c10c944 -> FILE:src/vs/platform/agentHost/node/copilot/copilotAgentSession.ts -> COMMIT:723e50182c7204c7464a882f228290698c81c71c
PR,335918,COMMIT,9342f6fcb387efc2853538cdfb3440a37bc89236,INDIRECT,COMMIT_MODIFIES_FILE,3,PR:335918 -> COMMIT:adc9092582503ef136344e5d017aa68b3c10c944 -> FILE:src/vs/platform/agentHost/node/copilot/copilotAgentSession.ts -> COMMIT:9342f6fcb387efc2853538cdfb3440a37bc89236
PR,335918,COMMIT,9da2123f596f7b80e8cb42bc9b503ef7a20c44f4,INDIRECT,COMMIT_MODIFIES_FILE,3,PR:335918 -> COMMIT:adc9092582503ef136344e5d017aa68b3c10c944 -> FILE:src/vs/platform/agentHost/node/copilot/copilotAgentSession.ts -> COMMIT:9da2123f596f7b80e8cb42bc9b503ef7a20c44f4
PR,335918,COMMIT,ee8b3dc265f85416bf7ceaf621c07e4a5b48520c,INDIRECT,COMMIT_MODIFIES_FILE,3,PR:335918 -> COMMIT:adc9092582503ef136344e5d017aa68b3c10c944 -> FILE:src/vs/platform/agentHost/node/copilot/copilotAgentSession.ts -> COMMIT:ee8b3dc265f85416bf7ceaf621c07e4a5b48520c
PR,335918,COMMIT,a1ba9e85fd014303d8fd0801520e01299ac4e40c,INDIRECT,COMMIT_MODIFIES_FILE,3,PR:335918 -> COMMIT:adc9092582503ef136344e5d017aa68b3c10c944 -> FILE:src/vs/platform/agentHost/node/copilot/copilotAgentSession.ts -> COMMIT:a1ba9e85fd014303d8fd0801520e01299ac4e40c
PR,335918,COMMIT,8b9be85acef8d4d9a19bcac6daa1fbd28ac5d0f5,INDIRECT,COMMIT_MODIFIES_FILE,3,PR:335918 -> COMMIT:adc9092582503ef136344e5d017aa68b3c10c944 -> FILE:src/vs/platform/agentHost/node/copilot/copilotAgentSession.ts -> COMMIT:8b9be85acef8d4d9a19bcac6daa1fbd28ac5d0f5
PR,335918,COMMIT,12f279f126ae279b3a69347c4e1dec15300e012f,INDIRECT,COMMIT_MODIFIES_FILE,3,PR:335918 -> COMMIT:adc9092582503ef136344e5d017aa68b3c10c944 -> FILE:src/vs/platform/agentHost/node/copilot/copilotAgentSession.ts -> COMMIT:12f279f126ae279b3a69347c4e1dec15300e012f
PR,335918,COMMIT,b095443a4fb1395b984619437dcf2b371d114e8d,INDIRECT,COMMIT_MODIFIES_FILE,3,PR:335918 -> COMMIT:adc9092582503ef136344e5d017aa68b3c10c944 -> FILE:src/vs/platform/agentHost/node/copilot/copilotAgentSession.ts -> COMMIT:b095443a4fb1395b984619437dcf2b371d114e8d
PR,335918,COMMIT,b259164b88c5e734f807ad7954c1346bb3285b06,INDIRECT,COMMIT_MODIFIES_FILE,3,PR:335918 -> COMMIT:adc9092582503ef136344e5d017aa68b3c10c944 -> FILE:src/vs/platform/agentHost/node/copilot/copilotAgentSession.ts -> COMMIT:b259164b88c5e734f807ad7954c1346bb3285b06
PR,335918,COMMIT,705c559bfb8fcbb13fafe489f61f0b0556ddb197,INDIRECT,COMMIT_MODIFIES_FILE,3,PR:335918 -> COMMIT:adc9092582503ef136344e5d017aa68b3c10c944 -> FILE:src/vs/platform/agentHost/node/copilot/copilotAgentSession.ts -> COMMIT:705c559bfb8fcbb13fafe489f61f0b0556ddb197
PR,335918,COMMIT,0408d92f0cf20f078ed3a2458088b8780d3993db,INDIRECT,COMMIT_MODIFIES_FILE,3,PR:335918 -> COMMIT:adc9092582503ef136344e5d017aa68b3c10c944 -> FILE:src/vs/platform/agentHost/node/copilot/copilotAgentSession.ts -> COMMIT:0408d92f0cf20f078ed3a2458088b8780d3993db
PR,335918,COMMIT,838bcb11d2cd428ef041688fd73a52c14f59121d,INDIRECT,COMMIT_MODIFIES_FILE,3,PR:335918 -> COMMIT:adc9092582503ef136344e5d017aa68b3c10c944 -> FILE:src/vs/platform/agentHost/node/copilot/copilotAgentSession.ts -> COMMIT:838bcb11d2cd428ef041688fd73a52c14f59121d
PR,335918,COMMIT,7786800ae5bfb96800500b94c7396337fa50198a,INDIRECT,COMMIT_MODIFIES_FILE,3,PR:335918 -> COMMIT:adc9092582503ef136344e5d017aa68b3c10c944 -> FILE:src/vs/platform/agentHost/node/copilot/copilotAgentSession.ts -> COMMIT:7786800ae5bfb96800500b94c7396337fa50198a
PR,335918,COMMIT,b215dcf02484d5ff79aef941add8c75423844c50,INDIRECT,COMMIT_MODIFIES_FILE,3,PR:335918 -> COMMIT:adc9092582503ef136344e5d017aa68b3c10c944 -> FILE:src/vs/platform/agentHost/node/copilot/copilotAgentSession.ts -> COMMIT:b215dcf02484d5ff79aef941add8c75423844c50
PR,335918,COMMIT,4400d6479933564c3cd503235c0a84e3f5bac8e3,INDIRECT,COMMIT_MODIFIES_FILE,3,PR:335918 -> COMMIT:adc9092582503ef136344e5d017aa68b3c10c944 -> FILE:src/vs/platform/agentHost/node/copilot/copilotAgentSession.ts -> COMMIT:4400d6479933564c3cd503235c0a84e3f5bac8e3
PR,335918,COMMIT,3ec4ca7364c3b625df48fa52bbd05e8a7abbdda5,INDIRECT,COMMIT_MODIFIES_FILE,3,PR:335918 -> COMMIT:adc9092582503ef136344e5d017aa68b3c10c944 -> FILE:src/vs/platform/agentHost/node/copilot/copilotAgentSession.ts -> COMMIT:3ec4ca7364c3b625df48fa52bbd05e8a7abbdda5
PR,335918,COMMIT,d9d317be15e79a5db2094742ae95809a21b7e632,INDIRECT,COMMIT_MODIFIES_FILE,3,PR:335918 -> COMMIT:adc9092582503ef136344e5d017aa68b3c10c944 -> FILE:src/vs/platform/agentHost/node/copilot/copilotAgentSession.ts -> COMMIT:d9d317be15e79a5db2094742ae95809a21b7e632
PR,335918,COMMIT,a0fa7b0f8f8ef1506105bc3650862c3d6a010947,INDIRECT,COMMIT_MODIFIES_FILE,3,PR:335918 -> COMMIT:adc9092582503ef136344e5d017aa68b3c10c944 -> FILE:src/vs/platform/agentHost/node/copilot/copilotAgentSession.ts -> COMMIT:a0fa7b0f8f8ef1506105bc3650862c3d6a010947
PR,335918,COMMIT,528207731fd2480deff08b9f7b4e999289a2f29a,INDIRECT,COMMIT_MODIFIES_FILE,3,PR:335918 -> COMMIT:adc9092582503ef136344e5d017aa68b3c10c944 -> FILE:src/vs/platform/agentHost/node/copilot/copilotAgentSession.ts -> COMMIT:528207731fd2480deff08b9f7b4e999289a2f29a
PR,335918,COMMIT,cb1f0981c918150343d4fb264a3aea1caec0b1f0,INDIRECT,COMMIT_MODIFIES_FILE,3,PR:335918 -> COMMIT:adc9092582503ef136344e5d017aa68b3c10c944 -> FILE:src/vs/platform/agentHost/node/copilot/copilotAgentSession.ts -> COMMIT:cb1f0981c918150343d4fb264a3aea1caec0b1f0
PR,335918,COMMIT,fd9a013941ea7d59f33ffeb5237886c17f6a07f8,INDIRECT,COMMIT_MODIFIES_FILE,3,PR:335918 -> COMMIT:adc9092582503ef136344e5d017aa68b3c10c944 -> FILE:src/vs/platform/agentHost/node/copilot/copilotAgentSession.ts -> COMMIT:fd9a013941ea7d59f33ffeb5237886c17f6a07f8
PR,335918,COMMIT,f85921e286d549631ac8c12325d9fbe1d4ff267e,INDIRECT,COMMIT_MODIFIES_FILE,3,PR:335918 -> COMMIT:adc9092582503ef136344e5d017aa68b3c10c944 -> FILE:src/vs/platform/agentHost/node/copilot/copilotAgentSession.ts -> COMMIT:f85921e286d549631ac8c12325d9fbe1d4ff267e
PR,335918,COMMIT,a39dd64bfa7933d140c0fcd0e5004529a0cfed7f,INDIRECT,COMMIT_MODIFIES_FILE,3,PR:335918 -> COMMIT:adc9092582503ef136344e5d017aa68b3c10c944 -> FILE:src/vs/platform/agentHost/node/copilot/copilotAgentSession.ts -> COMMIT:a39dd64bfa7933d140c0fcd0e5004529a0cfed7f
PR,335918,COMMIT,7c5506d5da4f6c426025f0cac6b24dfca3fb1156,INDIRECT,COMMIT_MODIFIES_FILE,3,PR:335918 -> COMMIT:adc9092582503ef136344e5d017aa68b3c10c944 -> FILE:src/vs/platform/agentHost/node/copilot/copilotAgentSession.ts -> COMMIT:7c5506d5da4f6c426025f0cac6b24dfca3fb1156
PR,335918,COMMIT,af8f6ac5c5368098a947ae69977bf4d01efd0a33,INDIRECT,COMMIT_MODIFIES_FILE,3,PR:335918 -> COMMIT:adc9092582503ef136344e5d017aa68b3c10c944 -> FILE:src/vs/platform/agentHost/node/copilot/copilotAgentSession.ts -> COMMIT:af8f6ac5c5368098a947ae69977bf4d01efd0a33
PR,335918,COMMIT,97822b8c859ee8548c242fcae545cf2bab62de89,INDIRECT,COMMIT_MODIFIES_FILE,3,PR:335918 -> COMMIT:adc9092582503ef136344e5d017aa68b3c10c944 -> FILE:src/vs/platform/agentHost/node/copilot/copilotAgentSession.ts -> COMMIT:97822b8c859ee8548c242fcae545cf2bab62de89
PR,335918,COMMIT,7d6750f83c70b796cbfb86f8cd045d9ef1d65207,INDIRECT,COMMIT_MODIFIES_FILE,3,PR:335918 -> COMMIT:adc9092582503ef136344e5d017aa68b3c10c944 -> FILE:src/vs/platform/agentHost/node/copilot/copilotAgentSession.ts -> COMMIT:7d6750f83c70b796cbfb86f8cd045d9ef1d65207
PR,335918,COMMIT,362ec2983184ff14d5011c02bd3580cdf8559d55,INDIRECT,COMMIT_MODIFIES_FILE,3,PR:335918 -> COMMIT:adc9092582503ef136344e5d017aa68b3c10c944 -> FILE:src/vs/platform/agentHost/node/copilot/copilotAgentSession.ts -> COMMIT:362ec2983184ff14d5011c02bd3580cdf8559d55
PR,335918,COMMIT,10f1857a8ada91d1dcad761127f2bafff22ca442,INDIRECT,COMMIT_MODIFIES_FILE,3,PR:335918 -> COMMIT:adc9092582503ef136344e5d017aa68b3c10c944 -> FILE:src/vs/platform/agentHost/node/copilot/copilotAgentSession.ts -> COMMIT:10f1857a8ada91d1dcad761127f2bafff22ca442
PR,335918,COMMIT,35f9e462aef46e92ce487aeff796cc5d2c112e6e,INDIRECT,COMMIT_MODIFIES_FILE,3,PR:335918 -> COMMIT:adc9092582503ef136344e5d017aa68b3c10c944 -> FILE:src/vs/platform/agentHost/node/copilot/copilotAgentSession.ts -> COMMIT:35f9e462aef46e92ce487aeff796cc5d2c112e6e
PR,335918,COMMIT,20767028dd27c1f75eef2fce3d78c518836a4912,INDIRECT,COMMIT_MODIFIES_FILE,3,PR:335918 -> COMMIT:adc9092582503ef136344e5d017aa68b3c10c944 -> FILE:src/vs/platform/agentHost/node/copilot/copilotAgentSession.ts -> COMMIT:20767028dd27c1f75eef2fce3d78c518836a4912
PR,335918,COMMIT,00355c0c272df0e7b8c47f748ad3f54e52bb5d0a,INDIRECT,COMMIT_MODIFIES_FILE,3,PR:335918 -> COMMIT:adc9092582503ef136344e5d017aa68b3c10c944 -> FILE:src/vs/platform/agentHost/node/copilot/copilotAgentSession.ts -> COMMIT:00355c0c272df0e7b8c47f748ad3f54e52bb5d0a
PR,335918,COMMIT,6eb1b6a303f9350c77c92430a9fc2353de2788db,INDIRECT,COMMIT_MODIFIES_FILE,3,PR:335918 -> COMMIT:adc9092582503ef136344e5d017aa68b3c10c944 -> FILE:src/vs/platform/agentHost/node/copilot/copilotAgentSession.ts -> COMMIT:6eb1b6a303f9350c77c92430a9fc2353de2788db
PR,335918,COMMIT,bc7803aa2cc4cfc1f9617006ae0e3e3516f1fd11,INDIRECT,COMMIT_MODIFIES_FILE,3,PR:335918 -> COMMIT:adc9092582503ef136344e5d017aa68b3c10c944 -> FILE:src/vs/platform/agentHost/node/copilot/copilotAgentSession.ts -> COMMIT:bc7803aa2cc4cfc1f9617006ae0e3e3516f1fd11
PR,335918,COMMIT,5acd2e9d00bb174d7f1e89484e454cdeafa3cc18,INDIRECT,COMMIT_MODIFIES_FILE,3,PR:335918 -> COMMIT:adc9092582503ef136344e5d017aa68b3c10c944 -> FILE:src/vs/platform/agentHost/node/copilot/copilotAgentSession.ts -> COMMIT:5acd2e9d00bb174d7f1e89484e454cdeafa3cc18
PR,335918,COMMIT,6ff09e97e0f4751b3d5b4bf16d545f11cc507525,INDIRECT,COMMIT_MODIFIES_FILE,3,PR:335918 -> COMMIT:adc9092582503ef136344e5d017aa68b3c10c944 -> FILE:src/vs/platform/agentHost/node/copilot/copilotAgentSession.ts -> COMMIT:6ff09e97e0f4751b3d5b4bf16d545f11cc507525
PR,335918,COMMIT,55e4aeee6c4fcffa643b8aa7ecd9260d59bac779,INDIRECT,COMMIT_MODIFIES_FILE,3,PR:335918 -> COMMIT:adc9092582503ef136344e5d017aa68b3c10c944 -> FILE:src/vs/platform/agentHost/node/copilot/copilotAgentSession.ts -> COMMIT:55e4aeee6c4fcffa643b8aa7ecd9260d59bac779
PR,335918,COMMIT,739c4e71e9ca5c2cda1d37655dd40a50097501da,INDIRECT,COMMIT_MODIFIES_FILE,3,PR:335918 -> COMMIT:adc9092582503ef136344e5d017aa68b3c10c944 -> FILE:src/vs/platform/agentHost/node/copilot/copilotAgentSession.ts -> COMMIT:739c4e71e9ca5c2cda1d37655dd40a50097501da
PR,335918,COMMIT,55e8fe08cb19046df31714bc641cafbdebaa18ba,INDIRECT,COMMIT_MODIFIES_FILE,3,PR:335918 -> COMMIT:adc9092582503ef136344e5d017aa68b3c10c944 -> FILE:src/vs/platform/agentHost/node/copilot/copilotAgentSession.ts -> COMMIT:55e8fe08cb19046df31714bc641cafbdebaa18ba
PR,335918,COMMIT,d7384d1f3a317b63c92120f400431dc89f95c5dd,INDIRECT,COMMIT_MODIFIES_FILE,3,PR:335918 -> COMMIT:adc9092582503ef136344e5d017aa68b3c10c944 -> FILE:src/vs/platform/agentHost/node/copilot/copilotAgentSession.ts -> COMMIT:d7384d1f3a317b63c92120f400431dc89f95c5dd
PR,335918,COMMIT,5136e54c058ce520eee36ff6fc653799ec1cb16f,INDIRECT,COMMIT_MODIFIES_FILE,3,PR:335918 -> COMMIT:adc9092582503ef136344e5d017aa68b3c10c944 -> FILE:src/vs/platform/agentHost/node/copilot/copilotAgentSession.ts -> COMMIT:5136e54c058ce520eee36ff6fc653799ec1cb16f
PR,335918,COMMIT,e725c6229f8cc3421c5e4e5eca2ff08bb904949e,INDIRECT,COMMIT_MODIFIES_FILE,3,PR:335918 -> COMMIT:adc9092582503ef136344e5d017aa68b3c10c944 -> FILE:src/vs/platform/agentHost/node/copilot/copilotAgentSession.ts -> COMMIT:e725c6229f8cc3421c5e4e5eca2ff08bb904949e
PR,335918,COMMIT,3ad68d5472ab620a0d22cfe636cc0824a9d2c3db,INDIRECT,COMMIT_MODIFIES_FILE,3,PR:335918 -> COMMIT:adc9092582503ef136344e5d017aa68b3c10c944 -> FILE:src/vs/platform/agentHost/node/copilot/copilotAgentSession.ts -> COMMIT:3ad68d5472ab620a0d22cfe636cc0824a9d2c3db
PR,335918,COMMIT,ce9518db6c88fca5230f242020548d002081a96b,INDIRECT,COMMIT_MODIFIES_FILE,3,PR:335918 -> COMMIT:adc9092582503ef136344e5d017aa68b3c10c944 -> FILE:src/vs/platform/agentHost/node/copilot/copilotAgentSession.ts -> COMMIT:ce9518db6c88fca5230f242020548d002081a96b
PR,335918,COMMIT,89ecb6e7823b2578978c0da41734c98d05c65106,INDIRECT,COMMIT_MODIFIES_FILE,3,PR:335918 -> COMMIT:adc9092582503ef136344e5d017aa68b3c10c944 -> FILE:src/vs/platform/agentHost/node/copilot/copilotAgentSession.ts -> COMMIT:89ecb6e7823b2578978c0da41734c98d05c65106
PR,335918,COMMIT,b0cefa005262557e711dbb007dfa090350d49914,INDIRECT,COMMIT_MODIFIES_FILE,3,PR:335918 -> COMMIT:adc9092582503ef136344e5d017aa68b3c10c944 -> FILE:src/vs/platform/agentHost/node/copilot/copilotAgentSession.ts -> COMMIT:b0cefa005262557e711dbb007dfa090350d49914
PR,335918,COMMIT,897e9acc2e1b330bf482fed0762c7695576906f9,INDIRECT,COMMIT_MODIFIES_FILE,3,PR:335918 -> COMMIT:adc9092582503ef136344e5d017aa68b3c10c944 -> FILE:src/vs/platform/agentHost/node/copilot/copilotAgentSession.ts -> COMMIT:897e9acc2e1b330bf482fed0762c7695576906f9
PR,335918,COMMIT,ec81069e73c31b8026ce3ecfd550f661a04f1874,INDIRECT,COMMIT_MODIFIES_FILE,3,PR:335918 -> COMMIT:adc9092582503ef136344e5d017aa68b3c10c944 -> FILE:src/vs/platform/agentHost/node/copilot/copilotAgentSession.ts -> COMMIT:ec81069e73c31b8026ce3ecfd550f661a04f1874
PR,335918,COMMIT,21b1bc45462555b9aa09e7e6e8c85d6dff259c57,INDIRECT,COMMIT_MODIFIES_FILE,3,PR:335918 -> COMMIT:adc9092582503ef136344e5d017aa68b3c10c944 -> FILE:src/vs/platform/agentHost/node/copilot/copilotAgentSession.ts -> COMMIT:21b1bc45462555b9aa09e7e6e8c85d6dff259c57
PR,335918,COMMIT,46f275faf0adb32bb46b56b97321b40056eda8c5,INDIRECT,COMMIT_MODIFIES_FILE,3,PR:335918 -> COMMIT:adc9092582503ef136344e5d017aa68b3c10c944 -> FILE:src/vs/platform/agentHost/node/copilot/copilotAgentSession.ts -> COMMIT:46f275faf0adb32bb46b56b97321b40056eda8c5
PR,335918,COMMIT,4887fd3d0982765cc5c72122224cbf94e9e110ec,INDIRECT,COMMIT_MODIFIES_FILE,3,PR:335918 -> COMMIT:adc9092582503ef136344e5d017aa68b3c10c944 -> FILE:src/vs/platform/agentHost/node/copilot/copilotAgentSession.ts -> COMMIT:4887fd3d0982765cc5c72122224cbf94e9e110ec
PR,335918,COMMIT,94655798aedb452a2895ea55633278113317913b,INDIRECT,COMMIT_MODIFIES_FILE,3,PR:335918 -> COMMIT:adc9092582503ef136344e5d017aa68b3c10c944 -> FILE:src/vs/platform/agentHost/node/copilot/copilotAgentSession.ts -> COMMIT:94655798aedb452a2895ea55633278113317913b
PR,335918,COMMIT,84f6e28228ff71da042031d1567366a22dd0061a,INDIRECT,COMMIT_MODIFIES_FILE,3,PR:335918 -> COMMIT:adc9092582503ef136344e5d017aa68b3c10c944 -> FILE:src/vs/platform/agentHost/node/copilot/copilotAgentSession.ts -> COMMIT:84f6e28228ff71da042031d1567366a22dd0061a
PR,335918,COMMIT,812c6d073ec7e4473f5c39a581d79e9c4aa32199,INDIRECT,COMMIT_MODIFIES_FILE,3,PR:335918 -> COMMIT:adc9092582503ef136344e5d017aa68b3c10c944 -> FILE:src/vs/platform/agentHost/node/copilot/copilotAgentSession.ts -> COMMIT:812c6d073ec7e4473f5c39a581d79e9c4aa32199
PR,335918,COMMIT,ba59ddab87b81e503f8ba63491d6233aa529eacf,INDIRECT,COMMIT_MODIFIES_FILE,3,PR:335918 -> COMMIT:adc9092582503ef136344e5d017aa68b3c10c944 -> FILE:src/vs/platform/agentHost/node/copilot/copilotAgentSession.ts -> COMMIT:ba59ddab87b81e503f8ba63491d6233aa529eacf
PR,335918,COMMIT,680dadd855376f49c4142e768da35aa2d6294c5a,INDIRECT,COMMIT_MODIFIES_FILE,3,PR:335918 -> COMMIT:adc9092582503ef136344e5d017aa68b3c10c944 -> FILE:src/vs/platform/agentHost/node/copilot/copilotAgentSession.ts -> COMMIT:680dadd855376f49c4142e768da35aa2d6294c5a
PR,335918,COMMIT,9895e744bf4fbbc43dc2f6532cd3ec8d4e506eb1,INDIRECT,COMMIT_MODIFIES_FILE,3,PR:335918 -> COMMIT:adc9092582503ef136344e5d017aa68b3c10c944 -> FILE:src/vs/platform/agentHost/node/copilot/copilotAgentSession.ts -> COMMIT:9895e744bf4fbbc43dc2f6532cd3ec8d4e506eb1
PR,335918,COMMIT,5a41ad573533f480f93e6440c6a18bd404d00d96,INDIRECT,COMMIT_MODIFIES_FILE,3,PR:335918 -> COMMIT:adc9092582503ef136344e5d017aa68b3c10c944 -> FILE:src/vs/platform/agentHost/node/copilot/copilotAgentSession.ts -> COMMIT:5a41ad573533f480f93e6440c6a18bd404d00d96
PR,335918,COMMIT,adae8b7aea9b3416dd6261cfb159f5cfb55394c7,INDIRECT,COMMIT_MODIFIES_FILE,3,PR:335918 -> COMMIT:adc9092582503ef136344e5d017aa68b3c10c944 -> FILE:src/vs/platform/agentHost/node/copilot/copilotAgentSession.ts -> COMMIT:adae8b7aea9b3416dd6261cfb159f5cfb55394c7
PR,335918,COMMIT,12ada2636acbbd6120262221963537a623ff03c5,INDIRECT,COMMIT_MODIFIES_FILE,3,PR:335918 -> COMMIT:adc9092582503ef136344e5d017aa68b3c10c944 -> FILE:src/vs/platform/agentHost/node/copilot/copilotAgentSession.ts -> COMMIT:12ada2636acbbd6120262221963537a623ff03c5
PR,335918,COMMIT,c028b7453c4feb544b098a562c787361477a1429,INDIRECT,COMMIT_MODIFIES_FILE,3,PR:335918 -> COMMIT:adc9092582503ef136344e5d017aa68b3c10c944 -> FILE:src/vs/platform/agentHost/node/copilot/copilotAgentSession.ts -> COMMIT:c028b7453c4feb544b098a562c787361477a1429
PR,335918,COMMIT,dbd5e5836cb65bdd6730ead7ce7071afcbff24de,INDIRECT,COMMIT_MODIFIES_FILE,3,PR:335918 -> COMMIT:adc9092582503ef136344e5d017aa68b3c10c944 -> FILE:src/vs/platform/agentHost/node/copilot/copilotAgentSession.ts -> COMMIT:dbd5e5836cb65bdd6730ead7ce7071afcbff24de
PR,335918,COMMIT,ef811a2107dc77cd677694caa7da3a587c4813e4,INDIRECT,COMMIT_MODIFIES_FILE,3,PR:335918 -> COMMIT:adc9092582503ef136344e5d017aa68b3c10c944 -> FILE:src/vs/platform/agentHost/node/copilot/copilotAgentSession.ts -> COMMIT:ef811a2107dc77cd677694caa7da3a587c4813e4
PR,335918,COMMIT,916be29e2b424c7ed44e7b9271d8cb4004631ac6,INDIRECT,COMMIT_MODIFIES_FILE,3,PR:335918 -> COMMIT:adc9092582503ef136344e5d017aa68b3c10c944 -> FILE:src/vs/platform/agentHost/node/copilot/copilotAgentSession.ts -> COMMIT:916be29e2b424c7ed44e7b9271d8cb4004631ac6
PR,335918,COMMIT,35f82705ef2c76557cc3d4081ae9b66b196a8029,INDIRECT,COMMIT_MODIFIES_FILE,3,PR:335918 -> COMMIT:adc9092582503ef136344e5d017aa68b3c10c944 -> FILE:src/vs/platform/agentHost/node/copilot/copilotAgentSession.ts -> COMMIT:35f82705ef2c76557cc3d4081ae9b66b196a8029
PR,335918,COMMIT,0488fd781e6691fc33333fd409fefd6bcc8432d6,INDIRECT,COMMIT_MODIFIES_FILE,3,PR:335918 -> COMMIT:adc9092582503ef136344e5d017aa68b3c10c944 -> FILE:src/vs/platform/agentHost/node/copilot/copilotAgentSession.ts -> COMMIT:0488fd781e6691fc33333fd409fefd6bcc8432d6
PR,335918,COMMIT,b8c97ab75cf5aa4c389718a5c4aa94da61b1192e,INDIRECT,COMMIT_MODIFIES_FILE,3,PR:335918 -> COMMIT:adc9092582503ef136344e5d017aa68b3c10c944 -> FILE:src/vs/platform/agentHost/node/copilot/copilotAgentSession.ts -> COMMIT:b8c97ab75cf5aa4c389718a5c4aa94da61b1192e
PR,335918,COMMIT,a68fc141a6d4b238840a4efb59d5c5af67175b73,INDIRECT,COMMIT_MODIFIES_FILE,3,PR:335918 -> COMMIT:adc9092582503ef136344e5d017aa68b3c10c944 -> FILE:src/vs/platform/agentHost/node/copilot/copilotAgentSession.ts -> COMMIT:a68fc141a6d4b238840a4efb59d5c5af67175b73
PR,335918,COMMIT,fcdedf68263e388f2592bb99c84043c61ccb961a,INDIRECT,COMMIT_MODIFIES_FILE,3,PR:335918 -> COMMIT:adc9092582503ef136344e5d017aa68b3c10c944 -> FILE:src/vs/platform/agentHost/node/copilot/copilotAgentSession.ts -> COMMIT:fcdedf68263e388f2592bb99c84043c61ccb961a
PR,335918,COMMIT,5d9011925c040fca86ee3e8807b7d2d63a96f44e,INDIRECT,COMMIT_MODIFIES_FILE,3,PR:335918 -> COMMIT:adc9092582503ef136344e5d017aa68b3c10c944 -> FILE:src/vs/platform/agentHost/node/copilot/copilotAgentSession.ts -> COMMIT:5d9011925c040fca86ee3e8807b7d2d63a96f44e
PR,335918,COMMIT,adde3aa9262a8a9e28acec9a7cbdae2718df6ca2,INDIRECT,COMMIT_MODIFIES_FILE,3,PR:335918 -> COMMIT:adc9092582503ef136344e5d017aa68b3c10c944 -> FILE:src/vs/platform/agentHost/node/copilot/copilotAgentSession.ts -> COMMIT:adde3aa9262a8a9e28acec9a7cbdae2718df6ca2
PR,335918,COMMIT,a494c2206049de376eb224a6561c338858108a9a,INDIRECT,COMMIT_MODIFIES_FILE,3,PR:335918 -> COMMIT:adc9092582503ef136344e5d017aa68b3c10c944 -> FILE:src/vs/platform/agentHost/node/copilot/copilotAgentSession.ts -> COMMIT:a494c2206049de376eb224a6561c338858108a9a
PR,335918,COMMIT,9029f3e858d9adfa3b7c88d944d8de988207c912,INDIRECT,COMMIT_MODIFIES_FILE,3,PR:335918 -> COMMIT:adc9092582503ef136344e5d017aa68b3c10c944 -> FILE:src/vs/platform/agentHost/node/copilot/copilotAgentSession.ts -> COMMIT:9029f3e858d9adfa3b7c88d944d8de988207c912
PR,335918,COMMIT,b91bcf333fb2e0e06a7c2fadcfbbfd27b6933a19,INDIRECT,COMMIT_MODIFIES_FILE,3,PR:335918 -> COMMIT:adc9092582503ef136344e5d017aa68b3c10c944 -> FILE:src/vs/platform/agentHost/node/copilot/copilotAgentSession.ts -> COMMIT:b91bcf333fb2e0e06a7c2fadcfbbfd27b6933a19
PR,335918,COMMIT,98ab40e2c9c32ab3ad867e80aafcb44f509fe349,INDIRECT,COMMIT_MODIFIES_FILE,3,PR:335918 -> COMMIT:adc9092582503ef136344e5d017aa68b3c10c944 -> FILE:src/vs/platform/agentHost/node/copilot/copilotAgentSession.ts -> COMMIT:98ab40e2c9c32ab3ad867e80aafcb44f509fe349
PR,335918,COMMIT,72946c415325b11c734bdf08cce6801b97c9da1a,INDIRECT,COMMIT_MODIFIES_FILE,3,PR:335918 -> COMMIT:adc9092582503ef136344e5d017aa68b3c10c944 -> FILE:src/vs/platform/agentHost/node/copilot/copilotAgentSession.ts -> COMMIT:72946c415325b11c734bdf08cce6801b97c9da1a
PR,335918,COMMIT,eed1bd20f04e191418017c9ae5f819a0c288e835,INDIRECT,COMMIT_MODIFIES_FILE,3,PR:335918 -> COMMIT:adc9092582503ef136344e5d017aa68b3c10c944 -> FILE:src/vs/platform/agentHost/node/copilot/copilotAgentSession.ts -> COMMIT:eed1bd20f04e191418017c9ae5f819a0c288e835
PR,335918,COMMIT,a2e483dc3de9324dcaf72f8430bce27d988a79e0,INDIRECT,COMMIT_MODIFIES_FILE,3,PR:335918 -> COMMIT:adc9092582503ef136344e5d017aa68b3c10c944 -> FILE:src/vs/platform/agentHost/node/copilot/copilotAgentSession.ts -> COMMIT:a2e483dc3de9324dcaf72f8430bce27d988a79e0
PR,335918,COMMIT,c6348e014f5b6158a481de364ecc3abcb66c37cb,INDIRECT,COMMIT_MODIFIES_FILE,3,PR:335918 -> COMMIT:adc9092582503ef136344e5d017aa68b3c10c944 -> FILE:src/vs/platform/agentHost/node/copilot/copilotAgentSession.ts -> COMMIT:c6348e014f5b6158a481de364ecc3abcb66c37cb
PR,335918,COMMIT,ef3f14e3ae0b4c67d100feaccff0d13c86a04062,INDIRECT,COMMIT_MODIFIES_FILE,3,PR:335918 -> COMMIT:adc9092582503ef136344e5d017aa68b3c10c944 -> FILE:src/vs/platform/agentHost/node/copilot/copilotAgentSession.ts -> COMMIT:ef3f14e3ae0b4c67d100feaccff0d13c86a04062
PR,335918,COMMIT,f4ac34169254c604607c83df83bf4a2657e09fd8,INDIRECT,COMMIT_MODIFIES_FILE,3,PR:335918 -> COMMIT:adc9092582503ef136344e5d017aa68b3c10c944 -> FILE:src/vs/platform/agentHost/node/copilot/copilotAgentSession.ts -> COMMIT:f4ac34169254c604607c83df83bf4a2657e09fd8
PR,335918,COMMIT,b02ead91916ca1ce7e88c0bff4891bb4d913f462,INDIRECT,COMMIT_MODIFIES_FILE,3,PR:335918 -> COMMIT:adc9092582503ef136344e5d017aa68b3c10c944 -> FILE:src/vs/platform/agentHost/node/copilot/copilotAgentSession.ts -> COMMIT:b02ead91916ca1ce7e88c0bff4891bb4d913f462
PR,335918,COMMIT,67c1c6c97d3580d39beff89e5e95f9c8ad2d9019,INDIRECT,COMMIT_MODIFIES_FILE,3,PR:335918 -> COMMIT:adc9092582503ef136344e5d017aa68b3c10c944 -> FILE:src/vs/platform/agentHost/node/copilot/copilotAgentSession.ts -> COMMIT:67c1c6c97d3580d39beff89e5e95f9c8ad2d9019
PR,335918,COMMIT,ebe0039eb4eecb95241e6f0dfee3b9961f95e613,INDIRECT,COMMIT_MODIFIES_FILE,3,PR:335918 -> COMMIT:adc9092582503ef136344e5d017aa68b3c10c944 -> FILE:src/vs/platform/agentHost/node/copilot/copilotAgentSession.ts -> COMMIT:ebe0039eb4eecb95241e6f0dfee3b9961f95e613
PR,335918,COMMIT,fe0e4f71daaad63b9cb1b25351f3a01e4161570a,INDIRECT,COMMIT_MODIFIES_FILE,3,PR:335918 -> COMMIT:adc9092582503ef136344e5d017aa68b3c10c944 -> FILE:src/vs/platform/agentHost/node/copilot/copilotAgentSession.ts -> COMMIT:fe0e4f71daaad63b9cb1b25351f3a01e4161570a
PR,335918,COMMIT,d1590262ec47607811ce78e350eccfaab69d6bf4,INDIRECT,COMMIT_MODIFIES_FILE,3,PR:335918 -> COMMIT:adc9092582503ef136344e5d017aa68b3c10c944 -> FILE:src/vs/platform/agentHost/node/copilot/copilotAgentSession.ts -> COMMIT:d1590262ec47607811ce78e350eccfaab69d6bf4
PR,335918,COMMIT,16d977cfed21626b964bd0326f639ca04c5f72e4,INDIRECT,COMMIT_MODIFIES_FILE,3,PR:335918 -> COMMIT:adc9092582503ef136344e5d017aa68b3c10c944 -> FILE:src/vs/platform/agentHost/node/copilot/copilotAgentSession.ts -> COMMIT:16d977cfed21626b964bd0326f639ca04c5f72e4
PR,335918,COMMIT,55529d238df58bcaa4b492cd065cc4d82c6dc5aa,INDIRECT,COMMIT_MODIFIES_FILE,3,PR:335918 -> COMMIT:adc9092582503ef136344e5d017aa68b3c10c944 -> FILE:src/vs/platform/agentHost/node/copilot/copilotAgentSession.ts -> COMMIT:55529d238df58bcaa4b492cd065cc4d82c6dc5aa
PR,335918,COMMIT,d0c8ef2d0dcd5f71356b5d96e47cd9ee124a1e83,INDIRECT,COMMIT_MODIFIES_FILE,3,PR:335918 -> COMMIT:adc9092582503ef136344e5d017aa68b3c10c944 -> FILE:src/vs/platform/agentHost/node/copilot/copilotAgentSession.ts -> COMMIT:d0c8ef2d0dcd5f71356b5d96e47cd9ee124a1e83
PR,335918,COMMIT,5e8162adeb1db52f7dd6e4edd3145d40d755f295,INDIRECT,COMMIT_MODIFIES_FILE,3,PR:335918 -> COMMIT:adc9092582503ef136344e5d017aa68b3c10c944 -> FILE:src/vs/platform/agentHost/node/copilot/copilotAgentSession.ts -> COMMIT:5e8162adeb1db52f7dd6e4edd3145d40d755f295
PR,335918,COMMIT,0b84664ffd69bc1fc46f58f556bae2f7b2d803ca,INDIRECT,COMMIT_MODIFIES_FILE,3,PR:335918 -> COMMIT:adc9092582503ef136344e5d017aa68b3c10c944 -> FILE:src/vs/platform/agentHost/node/copilot/copilotAgentSession.ts -> COMMIT:0b84664ffd69bc1fc46f58f556bae2f7b2d803ca
PR,335918,COMMIT,45b464d568a6f15090a41dd595e578556cd0d62c,INDIRECT,COMMIT_MODIFIES_FILE,3,PR:335918 -> COMMIT:adc9092582503ef136344e5d017aa68b3c10c944 -> FILE:src/vs/platform/agentHost/node/copilot/copilotAgentSession.ts -> COMMIT:45b464d568a6f15090a41dd595e578556cd0d62c
PR,335918,COMMIT,6fd4f4f1444972d00a2566eac4d575290ebd0f42,INDIRECT,COMMIT_MODIFIES_FILE,3,PR:335918 -> COMMIT:adc9092582503ef136344e5d017aa68b3c10c944 -> FILE:src/vs/platform/agentHost/node/copilot/copilotAgentSession.ts -> COMMIT:6fd4f4f1444972d00a2566eac4d575290ebd0f42
PR,335918,COMMIT,3f05f636969b6695ebdfcd2ea539558dd1ffc58c,INDIRECT,COMMIT_MODIFIES_FILE,3,PR:335918 -> COMMIT:adc9092582503ef136344e5d017aa68b3c10c944 -> FILE:src/vs/platform/agentHost/node/copilot/copilotAgentSession.ts -> COMMIT:3f05f636969b6695ebdfcd2ea539558dd1ffc58c
PR,335918,COMMIT,4a88bfa739627dc0d88234931c15e54b4f81420d,INDIRECT,COMMIT_MODIFIES_FILE,3,PR:335918 -> COMMIT:adc9092582503ef136344e5d017aa68b3c10c944 -> FILE:src/vs/platform/agentHost/node/copilot/copilotAgentSession.ts -> COMMIT:4a88bfa739627dc0d88234931c15e54b4f81420d
PR,335918,COMMIT,20e431dff416f0343c37d05cf43fd4b844a478d9,INDIRECT,COMMIT_MODIFIES_FILE,3,PR:335918 -> COMMIT:adc9092582503ef136344e5d017aa68b3c10c944 -> FILE:src/vs/platform/agentHost/node/copilot/copilotAgentSession.ts -> COMMIT:20e431dff416f0343c37d05cf43fd4b844a478d9
PR,335918,COMMIT,cfaedfe352bba37e3b109413c77ee2e1bd626e38,INDIRECT,COMMIT_MODIFIES_FILE,3,PR:335918 -> COMMIT:adc9092582503ef136344e5d017aa68b3c10c944 -> FILE:src/vs/platform/agentHost/node/copilot/copilotAgentSession.ts -> COMMIT:cfaedfe352bba37e3b109413c77ee2e1bd626e38
PR,335918,COMMIT,1e407c3d9e647ab0a734d8027cc8fc9faa7b9960,INDIRECT,COMMIT_MODIFIES_FILE,3,PR:335918 -> COMMIT:adc9092582503ef136344e5d017aa68b3c10c944 -> FILE:src/vs/platform/agentHost/node/copilot/copilotAgentSession.ts -> COMMIT:1e407c3d9e647ab0a734d8027cc8fc9faa7b9960
PR,335918,COMMIT,c52052dba3e2489defe20a2aad554efec9682794,INDIRECT,COMMIT_MODIFIES_FILE,3,PR:335918 -> COMMIT:adc9092582503ef136344e5d017aa68b3c10c944 -> FILE:src/vs/platform/agentHost/node/copilot/copilotAgentSession.ts -> COMMIT:c52052dba3e2489defe20a2aad554efec9682794
PR,335918,COMMIT,9483681a2c2ef2f992d20bf9eed467221d0141be,INDIRECT,COMMIT_MODIFIES_FILE,3,PR:335918 -> COMMIT:adc9092582503ef136344e5d017aa68b3c10c944 -> FILE:src/vs/platform/agentHost/node/copilot/copilotAgentSession.ts -> COMMIT:9483681a2c2ef2f992d20bf9eed467221d0141be
PR,335918,COMMIT,88cb81ed7b4cd7b1b04f7141436acaaf647fc004,INDIRECT,COMMIT_MODIFIES_FILE,3,PR:335918 -> COMMIT:adc9092582503ef136344e5d017aa68b3c10c944 -> FILE:src/vs/platform/agentHost/node/copilot/copilotAgentSession.ts -> COMMIT:88cb81ed7b4cd7b1b04f7141436acaaf647fc004
PR,335918,COMMIT,17e3e4c7922147fd2e6f792aba0dc4c4482c089f,INDIRECT,COMMIT_MODIFIES_FILE,3,PR:335918 -> COMMIT:adc9092582503ef136344e5d017aa68b3c10c944 -> FILE:src/vs/platform/agentHost/node/copilot/copilotAgentSession.ts -> COMMIT:17e3e4c7922147fd2e6f792aba0dc4c4482c089f
PR,335918,COMMIT,5f9bf85be3fe28041c9662404458e0b87b2d4303,INDIRECT,COMMIT_MODIFIES_FILE,3,PR:335918 -> COMMIT:adc9092582503ef136344e5d017aa68b3c10c944 -> FILE:src/vs/platform/agentHost/node/copilot/copilotAgentSession.ts -> COMMIT:5f9bf85be3fe28041c9662404458e0b87b2d4303
PR,335918,COMMIT,cb4cac86f9376bf1ebd888b85757b40d7ed5cf12,INDIRECT,COMMIT_MODIFIES_FILE,3,PR:335918 -> COMMIT:adc9092582503ef136344e5d017aa68b3c10c944 -> FILE:src/vs/platform/agentHost/node/copilot/copilotAgentSession.ts -> COMMIT:cb4cac86f9376bf1ebd888b85757b40d7ed5cf12
PR,335918,COMMIT,883fae75c7b9bfd42c8f8dc75e7b36ebab918f3f,INDIRECT,COMMIT_MODIFIES_FILE,3,PR:335918 -> COMMIT:adc9092582503ef136344e5d017aa68b3c10c944 -> FILE:src/vs/platform/agentHost/node/copilot/copilotAgentSession.ts -> COMMIT:883fae75c7b9bfd42c8f8dc75e7b36ebab918f3f
PR,335918,COMMIT,7436f2a5d727ec53590678de99f8f839d5918ba5,INDIRECT,COMMIT_MODIFIES_FILE,3,PR:335918 -> COMMIT:adc9092582503ef136344e5d017aa68b3c10c944 -> FILE:src/vs/platform/agentHost/node/copilot/copilotAgentSession.ts -> COMMIT:7436f2a5d727ec53590678de99f8f839d5918ba5
PR,335918,COMMIT,5cd999051bdd30f46aa575892c523a175483384a,INDIRECT,COMMIT_MODIFIES_FILE,3,PR:335918 -> COMMIT:adc9092582503ef136344e5d017aa68b3c10c944 -> FILE:src/vs/platform/agentHost/node/copilot/copilotAgentSession.ts -> COMMIT:5cd999051bdd30f46aa575892c523a175483384a
PR,335918,COMMIT,b40bde121ef0af33e4c27d007af2593f7051c7d9,INDIRECT,COMMIT_MODIFIES_FILE,3,PR:335918 -> COMMIT:adc9092582503ef136344e5d017aa68b3c10c944 -> FILE:src/vs/platform/agentHost/node/copilot/copilotAgentSession.ts -> COMMIT:b40bde121ef0af33e4c27d007af2593f7051c7d9
PR,335918,COMMIT,e3fd3e269cc9808a977cb5b5c937b2ad7ae11f3f,INDIRECT,COMMIT_MODIFIES_FILE,3,PR:335918 -> COMMIT:adc9092582503ef136344e5d017aa68b3c10c944 -> FILE:src/vs/platform/agentHost/node/copilot/copilotAgentSession.ts -> COMMIT:e3fd3e269cc9808a977cb5b5c937b2ad7ae11f3f
PR,335918,COMMIT,49c35f318f4cc82ee143a3d47b5145878b3b083e,INDIRECT,COMMIT_MODIFIES_FILE,3,PR:335918 -> COMMIT:adc9092582503ef136344e5d017aa68b3c10c944 -> FILE:src/vs/platform/agentHost/node/copilot/copilotAgentSession.ts -> COMMIT:49c35f318f4cc82ee143a3d47b5145878b3b083e
PR,335918,COMMIT,b39dcad42d03d6e5224836a6e88e29fbc644a8a8,INDIRECT,COMMIT_MODIFIES_FILE,3,PR:335918 -> COMMIT:adc9092582503ef136344e5d017aa68b3c10c944 -> FILE:src/vs/platform/agentHost/node/copilot/copilotAgentSession.ts -> COMMIT:b39dcad42d03d6e5224836a6e88e29fbc644a8a8
PR,335918,COMMIT,64831aa63c5d037f852d46224b3a531d469fefe9,INDIRECT,COMMIT_MODIFIES_FILE,3,PR:335918 -> COMMIT:adc9092582503ef136344e5d017aa68b3c10c944 -> FILE:src/vs/platform/agentHost/node/copilot/copilotAgentSession.ts -> COMMIT:64831aa63c5d037f852d46224b3a531d469fefe9
PR,335918,COMMIT,cd5a18487d7059c8b09b384b4067d5924d87eb4f,INDIRECT,COMMIT_MODIFIES_FILE,3,PR:335918 -> COMMIT:adc9092582503ef136344e5d017aa68b3c10c944 -> FILE:src/vs/platform/agentHost/node/copilot/copilotAgentSession.ts -> COMMIT:cd5a18487d7059c8b09b384b4067d5924d87eb4f
PR,335918,COMMIT,a2f3e6a23c40abcfed517b681412c68b77042acc,INDIRECT,COMMIT_MODIFIES_FILE,3,PR:335918 -> COMMIT:adc9092582503ef136344e5d017aa68b3c10c944 -> FILE:src/vs/platform/agentHost/node/copilot/copilotAgentSession.ts -> COMMIT:a2f3e6a23c40abcfed517b681412c68b77042acc
PR,335918,COMMIT,1d5a00c1c0282fc1cc16a704dcb06e9ece16bb90,INDIRECT,COMMIT_MODIFIES_FILE,3,PR:335918 -> COMMIT:adc9092582503ef136344e5d017aa68b3c10c944 -> FILE:src/vs/platform/agentHost/node/copilot/copilotAgentSession.ts -> COMMIT:1d5a00c1c0282fc1cc16a704dcb06e9ece16bb90
PR,335918,COMMIT,dd3bd63b627847c8d7cea0743c0a5aac45ea3d71,INDIRECT,COMMIT_MODIFIES_FILE,3,PR:335918 -> COMMIT:adc9092582503ef136344e5d017aa68b3c10c944 -> FILE:src/vs/platform/agentHost/node/copilot/copilotAgentSession.ts -> COMMIT:dd3bd63b627847c8d7cea0743c0a5aac45ea3d71
PR,335918,COMMIT,d6c85366948e766640a6815bc835854b06b81db0,INDIRECT,COMMIT_MODIFIES_FILE,3,PR:335918 -> COMMIT:adc9092582503ef136344e5d017aa68b3c10c944 -> FILE:src/vs/platform/agentHost/node/copilot/copilotAgentSession.ts -> COMMIT:d6c85366948e766640a6815bc835854b06b81db0
PR,335918,COMMIT,b9186859be5005b8e067d4bf60751874baab8dc9,INDIRECT,COMMIT_MODIFIES_FILE,3,PR:335918 -> COMMIT:adc9092582503ef136344e5d017aa68b3c10c944 -> FILE:src/vs/platform/agentHost/node/copilot/copilotAgentSession.ts -> COMMIT:b9186859be5005b8e067d4bf60751874baab8dc9
PR,335918,COMMIT,5614b9b760fca5a992c5f865a3dc9da35c6904d4,INDIRECT,COMMIT_MODIFIES_FILE,3,PR:335918 -> COMMIT:adc9092582503ef136344e5d017aa68b3c10c944 -> FILE:src/vs/platform/agentHost/node/copilot/copilotAgentSession.ts -> COMMIT:5614b9b760fca5a992c5f865a3dc9da35c6904d4
PR,335918,COMMIT,1ce2c20d3dcb593273f604b077240543d494e276,INDIRECT,COMMIT_MODIFIES_FILE,3,PR:335918 -> COMMIT:adc9092582503ef136344e5d017aa68b3c10c944 -> FILE:src/vs/platform/agentHost/node/copilot/copilotAgentSession.ts -> COMMIT:1ce2c20d3dcb593273f604b077240543d494e276
PR,335918,COMMIT,1f0a2c08d7f834b7ef144e02b84c8e8f59f7e32a,INDIRECT,COMMIT_MODIFIES_FILE,3,PR:335918 -> COMMIT:adc9092582503ef136344e5d017aa68b3c10c944 -> FILE:src/vs/platform/agentHost/node/copilot/copilotAgentSession.ts -> COMMIT:1f0a2c08d7f834b7ef144e02b84c8e8f59f7e32a
PR,335918,COMMIT,3db2d678217714103805a2a269c71d4713b2e419,INDIRECT,COMMIT_MODIFIES_FILE,3,PR:335918 -> COMMIT:adc9092582503ef136344e5d017aa68b3c10c944 -> FILE:src/vs/platform/agentHost/node/copilot/copilotAgentSession.ts -> COMMIT:3db2d678217714103805a2a269c71d4713b2e419
PR,335918,COMMIT,6850d243d6ac471d462fe27bd7fcf5f4ef4b763e,INDIRECT,COMMIT_MODIFIES_FILE,3,PR:335918 -> COMMIT:adc9092582503ef136344e5d017aa68b3c10c944 -> FILE:src/vs/platform/agentHost/node/copilot/copilotAgentSession.ts -> COMMIT:6850d243d6ac471d462fe27bd7fcf5f4ef4b763e
PR,335918,COMMIT,5cefce29d8248f1ff8204a778656c12cabe88af2,INDIRECT,COMMIT_MODIFIES_FILE,3,PR:335918 -> COMMIT:adc9092582503ef136344e5d017aa68b3c10c944 -> FILE:src/vs/platform/agentHost/node/copilot/copilotAgentSession.ts -> COMMIT:5cefce29d8248f1ff8204a778656c12cabe88af2
PR,335918,COMMIT,4b68b7170e6775160f57a5b25d52f91fa361bd8d,INDIRECT,COMMIT_MODIFIES_FILE,3,PR:335918 -> COMMIT:adc9092582503ef136344e5d017aa68b3c10c944 -> FILE:src/vs/platform/agentHost/node/copilot/copilotAgentSession.ts -> COMMIT:4b68b7170e6775160f57a5b25d52f91fa361bd8d
PR,335918,COMMIT,eb57c8a21af5ab0c94b3cd5ee3a1de55e6630303,INDIRECT,COMMIT_MODIFIES_FILE,3,PR:335918 -> COMMIT:adc9092582503ef136344e5d017aa68b3c10c944 -> FILE:src/vs/platform/agentHost/node/copilot/copilotAgentSession.ts -> COMMIT:eb57c8a21af5ab0c94b3cd5ee3a1de55e6630303
PR,335918,COMMIT,2b2da1e48f6079bc53f2994929a080837bf6c39b,INDIRECT,COMMIT_MODIFIES_FILE,3,PR:335918 -> COMMIT:adc9092582503ef136344e5d017aa68b3c10c944 -> FILE:src/vs/platform/agentHost/node/copilot/copilotAgentSession.ts -> COMMIT:2b2da1e48f6079bc53f2994929a080837bf6c39b
PR,335918,COMMIT,4b5b5262ab3931bcafb151148dc5ca7909b38c97,INDIRECT,COMMIT_MODIFIES_FILE,3,PR:335918 -> COMMIT:adc9092582503ef136344e5d017aa68b3c10c944 -> FILE:src/vs/platform/agentHost/node/copilot/copilotAgentSession.ts -> COMMIT:4b5b5262ab3931bcafb151148dc5ca7909b38c97
PR,335918,COMMIT,6907a5d035a4e2cb791b90c7be3653e80015009b,INDIRECT,COMMIT_MODIFIES_FILE,3,PR:335918 -> COMMIT:adc9092582503ef136344e5d017aa68b3c10c944 -> FILE:src/vs/platform/agentHost/node/copilot/copilotAgentSession.ts -> COMMIT:6907a5d035a4e2cb791b90c7be3653e80015009b
PR,335918,COMMIT,d785cd8c457ccacd40c485bd7b0b05ce77651576,INDIRECT,COMMIT_MODIFIES_FILE,3,PR:335918 -> COMMIT:adc9092582503ef136344e5d017aa68b3c10c944 -> FILE:src/vs/platform/agentHost/node/copilot/copilotAgentSession.ts -> COMMIT:d785cd8c457ccacd40c485bd7b0b05ce77651576
PR,335918,COMMIT,9932a7755664bb3155cb58c8f0754a1b5a25bb82,INDIRECT,COMMIT_MODIFIES_FILE,3,PR:335918 -> COMMIT:adc9092582503ef136344e5d017aa68b3c10c944 -> FILE:src/vs/platform/agentHost/node/copilot/copilotAgentSession.ts -> COMMIT:9932a7755664bb3155cb58c8f0754a1b5a25bb82
PR,335918,COMMIT,5157fd1ef186bb5187f86470cdd5392f9fea76f8,INDIRECT,COMMIT_MODIFIES_FILE,3,PR:335918 -> COMMIT:adc9092582503ef136344e5d017aa68b3c10c944 -> FILE:src/vs/platform/agentHost/node/copilot/copilotAgentSession.ts -> COMMIT:5157fd1ef186bb5187f86470cdd5392f9fea76f8
PR,335918,COMMIT,8fb9cd8984c631f4f795b93be19ec496fe65714b,INDIRECT,COMMIT_MODIFIES_FILE,3,PR:335918 -> COMMIT:adc9092582503ef136344e5d017aa68b3c10c944 -> FILE:src/vs/platform/agentHost/node/copilot/copilotAgentSession.ts -> COMMIT:8fb9cd8984c631f4f795b93be19ec496fe65714b
PR,335918,COMMIT,ce6d4caf119cde2305ed1cfb51ff15470a6e2e77,INDIRECT,COMMIT_MODIFIES_FILE,3,PR:335918 -> COMMIT:adc9092582503ef136344e5d017aa68b3c10c944 -> FILE:src/vs/platform/agentHost/node/copilot/copilotAgentSession.ts -> COMMIT:ce6d4caf119cde2305ed1cfb51ff15470a6e2e77
PR,335918,COMMIT,5abb3ff2c5e28666e35d8f6ad7a3eef4dfeb786a,INDIRECT,COMMIT_MODIFIES_FILE,3,PR:335918 -> COMMIT:adc9092582503ef136344e5d017aa68b3c10c944 -> FILE:src/vs/platform/agentHost/node/copilot/copilotAgentSession.ts -> COMMIT:5abb3ff2c5e28666e35d8f6ad7a3eef4dfeb786a
PR,335918,COMMIT,f66b39732c9a630c9a3a9e8ee1070633995e3a97,INDIRECT,COMMIT_MODIFIES_FILE,3,PR:335918 -> COMMIT:adc9092582503ef136344e5d017aa68b3c10c944 -> FILE:src/vs/platform/agentHost/node/copilot/copilotAgentSession.ts -> COMMIT:f66b39732c9a630c9a3a9e8ee1070633995e3a97
PR,335918,COMMIT,7833204b6df4e4f4e383ad0fe5790e7c0bc584ad,INDIRECT,COMMIT_MODIFIES_FILE,3,PR:335918 -> COMMIT:adc9092582503ef136344e5d017aa68b3c10c944 -> FILE:src/vs/platform/agentHost/node/copilot/copilotAgentSession.ts -> COMMIT:7833204b6df4e4f4e383ad0fe5790e7c0bc584ad
PR,335918,COMMIT,473f9f73635920d40c4c8e7e69f8e12cea69d44d,INDIRECT,COMMIT_MODIFIES_FILE,3,PR:335918 -> COMMIT:adc9092582503ef136344e5d017aa68b3c10c944 -> FILE:src/vs/platform/agentHost/node/copilot/copilotAgentSession.ts -> COMMIT:473f9f73635920d40c4c8e7e69f8e12cea69d44d
PR,335918,COMMIT,29848ac3e15dca476e9f04de74612d9c6c064984,INDIRECT,COMMIT_MODIFIES_FILE,3,PR:335918 -> COMMIT:adc9092582503ef136344e5d017aa68b3c10c944 -> FILE:src/vs/platform/agentHost/node/copilot/copilotAgentSession.ts -> COMMIT:29848ac3e15dca476e9f04de74612d9c6c064984
PR,335918,COMMIT,fd7df2ec75ac69d5456539137ab585d70480eeea,INDIRECT,COMMIT_MODIFIES_FILE,3,PR:335918 -> COMMIT:adc9092582503ef136344e5d017aa68b3c10c944 -> FILE:src/vs/platform/agentHost/node/copilot/copilotAgentSession.ts -> COMMIT:fd7df2ec75ac69d5456539137ab585d70480eeea
PR,335918,COMMIT,f622b6165047b076fc5b7ab6e109860fafff934b,INDIRECT,COMMIT_MODIFIES_FILE,3,PR:335918 -> COMMIT:adc9092582503ef136344e5d017aa68b3c10c944 -> FILE:src/vs/platform/agentHost/node/copilot/copilotAgentSession.ts -> COMMIT:f622b6165047b076fc5b7ab6e109860fafff934b
PR,335918,COMMIT,9c7a56b670bdc8a984587a2584b3a699667ac810,INDIRECT,COMMIT_MODIFIES_FILE,3,PR:335918 -> COMMIT:adc9092582503ef136344e5d017aa68b3c10c944 -> FILE:src/vs/platform/agentHost/node/copilot/copilotAgentSession.ts -> COMMIT:9c7a56b670bdc8a984587a2584b3a699667ac810
PR,335918,COMMIT,c8b472d4c10cb8c066463a48f4e0320151659daa,INDIRECT,COMMIT_MODIFIES_FILE,3,PR:335918 -> COMMIT:adc9092582503ef136344e5d017aa68b3c10c944 -> FILE:src/vs/platform/agentHost/node/copilot/copilotAgentSession.ts -> COMMIT:c8b472d4c10cb8c066463a48f4e0320151659daa
PR,335918,COMMIT,f0c326272e6b2668e96b23ffe36090aca8562c05,INDIRECT,COMMIT_MODIFIES_FILE,3,PR:335918 -> COMMIT:adc9092582503ef136344e5d017aa68b3c10c944 -> FILE:src/vs/platform/agentHost/node/copilot/copilotAgentSession.ts -> COMMIT:f0c326272e6b2668e96b23ffe36090aca8562c05
PR,335918,COMMIT,145d3c95c6b7aab068293dbb4a30a6cf85f984d4,INDIRECT,COMMIT_MODIFIES_FILE,3,PR:335918 -> COMMIT:adc9092582503ef136344e5d017aa68b3c10c944 -> FILE:src/vs/platform/agentHost/node/copilot/copilotAgentSession.ts -> COMMIT:145d3c95c6b7aab068293dbb4a30a6cf85f984d4
PR,335918,COMMIT,516a2118e29d523b3df7a4340352cfc003cd26d7,INDIRECT,COMMIT_MODIFIES_FILE,3,PR:335918 -> COMMIT:adc9092582503ef136344e5d017aa68b3c10c944 -> FILE:src/vs/platform/agentHost/node/copilot/copilotAgentSession.ts -> COMMIT:516a2118e29d523b3df7a4340352cfc003cd26d7
PR,335918,COMMIT,75f5cf9630510c9033fa476cef7176861ba2c408,INDIRECT,COMMIT_MODIFIES_FILE,3,PR:335918 -> COMMIT:adc9092582503ef136344e5d017aa68b3c10c944 -> FILE:src/vs/platform/agentHost/node/copilot/copilotAgentSession.ts -> COMMIT:75f5cf9630510c9033fa476cef7176861ba2c408
PR,335918,COMMIT,234b5aad2caccf0111df8dead974ddab58997044,INDIRECT,COMMIT_MODIFIES_FILE,3,PR:335918 -> COMMIT:adc9092582503ef136344e5d017aa68b3c10c944 -> FILE:src/vs/platform/agentHost/node/copilot/copilotAgentSession.ts -> COMMIT:234b5aad2caccf0111df8dead974ddab58997044
PR,335918,COMMIT,310b12e074243d63571095ba60ee9ba4f11875b2,INDIRECT,COMMIT_MODIFIES_FILE,3,PR:335918 -> COMMIT:adc9092582503ef136344e5d017aa68b3c10c944 -> FILE:src/vs/platform/agentHost/node/copilot/copilotAgentSession.ts -> COMMIT:310b12e074243d63571095ba60ee9ba4f11875b2
PR,335918,COMMIT,cf589970b854ab98f28de05126bccf49faf8d26a,INDIRECT,COMMIT_MODIFIES_FILE,3,PR:335918 -> COMMIT:adc9092582503ef136344e5d017aa68b3c10c944 -> FILE:src/vs/platform/agentHost/node/copilot/copilotAgentSession.ts -> COMMIT:cf589970b854ab98f28de05126bccf49faf8d26a
PR,335918,COMMIT,12a691aa2cc40556aefc1c626b301d47c3e21b58,INDIRECT,COMMIT_MODIFIES_FILE,3,PR:335918 -> COMMIT:adc9092582503ef136344e5d017aa68b3c10c944 -> FILE:src/vs/platform/agentHost/node/copilot/copilotAgentSession.ts -> COMMIT:12a691aa2cc40556aefc1c626b301d47c3e21b58
PR,335918,COMMIT,322308a1a647f92ac0b46c7fe09622b7bfb75dcc,INDIRECT,COMMIT_MODIFIES_FILE,3,PR:335918 -> COMMIT:adc9092582503ef136344e5d017aa68b3c10c944 -> FILE:src/vs/platform/agentHost/node/copilot/copilotAgentSession.ts -> COMMIT:322308a1a647f92ac0b46c7fe09622b7bfb75dcc
PR,335918,COMMIT,4cd57d090c87ca8d6b753e147e336c688b914fc8,INDIRECT,COMMIT_MODIFIES_FILE,3,PR:335918 -> COMMIT:adc9092582503ef136344e5d017aa68b3c10c944 -> FILE:src/vs/platform/agentHost/node/copilot/copilotAgentSession.ts -> COMMIT:4cd57d090c87ca8d6b753e147e336c688b914fc8
PR,335918,COMMIT,763d314539fdecb8b9b25264902cdbf9e9e40e94,INDIRECT,COMMIT_MODIFIES_FILE,3,PR:335918 -> COMMIT:adc9092582503ef136344e5d017aa68b3c10c944 -> FILE:src/vs/platform/agentHost/node/copilot/copilotAgentSession.ts -> COMMIT:763d314539fdecb8b9b25264902cdbf9e9e40e94
PR,335918,COMMIT,26c7641be1b60496fbc488703c5312aaf4234ff2,INDIRECT,COMMIT_MODIFIES_FILE,3,PR:335918 -> COMMIT:adc9092582503ef136344e5d017aa68b3c10c944 -> FILE:src/vs/platform/agentHost/node/copilot/copilotAgentSession.ts -> COMMIT:26c7641be1b60496fbc488703c5312aaf4234ff2
PR,335918,COMMIT,f0212d69c250379743212b877b92961fdc08cea2,INDIRECT,COMMIT_MODIFIES_FILE,3,PR:335918 -> COMMIT:adc9092582503ef136344e5d017aa68b3c10c944 -> FILE:src/vs/platform/agentHost/node/copilot/copilotAgentSession.ts -> COMMIT:f0212d69c250379743212b877b92961fdc08cea2
PR,335918,COMMIT,e5f20c5588f99879cdadde8dd51da2f931f8bcaf,INDIRECT,COMMIT_MODIFIES_FILE,3,PR:335918 -> COMMIT:adc9092582503ef136344e5d017aa68b3c10c944 -> FILE:src/vs/platform/agentHost/node/copilot/copilotAgentSession.ts -> COMMIT:e5f20c5588f99879cdadde8dd51da2f931f8bcaf
PR,335918,COMMIT,d49890b80c372226e939e7cfac0b6e7b32553a54,INDIRECT,COMMIT_MODIFIES_FILE,3,PR:335918 -> COMMIT:adc9092582503ef136344e5d017aa68b3c10c944 -> FILE:src/vs/platform/agentHost/node/copilot/copilotAgentSession.ts -> COMMIT:d49890b80c372226e939e7cfac0b6e7b32553a54
PR,335918,COMMIT,8ef400ae0c35c14bd675eecabdff4c585d006c9b,INDIRECT,COMMIT_MODIFIES_FILE,3,PR:335918 -> COMMIT:adc9092582503ef136344e5d017aa68b3c10c944 -> FILE:src/vs/platform/agentHost/node/copilot/copilotAgentSession.ts -> COMMIT:8ef400ae0c35c14bd675eecabdff4c585d006c9b
PR,335918,COMMIT,e311b4169765290ea4c7c281104e3967ab2a4b41,INDIRECT,COMMIT_MODIFIES_FILE,3,PR:335918 -> COMMIT:adc9092582503ef136344e5d017aa68b3c10c944 -> FILE:src/vs/platform/agentHost/node/copilot/copilotAgentSession.ts -> COMMIT:e311b4169765290ea4c7c281104e3967ab2a4b41
PR,335918,COMMIT,636ba60c1275175fc7d7bdf7687c975612150d8f,INDIRECT,COMMIT_MODIFIES_FILE,3,PR:335918 -> COMMIT:adc9092582503ef136344e5d017aa68b3c10c944 -> FILE:src/vs/platform/agentHost/node/copilot/copilotAgentSession.ts -> COMMIT:636ba60c1275175fc7d7bdf7687c975612150d8f
PR,335918,COMMIT,eb726f185a38841b4da202e9dec3005ea2a1a476,INDIRECT,COMMIT_MODIFIES_FILE,3,PR:335918 -> COMMIT:adc9092582503ef136344e5d017aa68b3c10c944 -> FILE:src/vs/platform/agentHost/node/copilot/copilotAgentSession.ts -> COMMIT:eb726f185a38841b4da202e9dec3005ea2a1a476
PR,335918,COMMIT,4577d1a489e859459242b35418de5e46e18a86c2,INDIRECT,COMMIT_MODIFIES_FILE,3,PR:335918 -> COMMIT:adc9092582503ef136344e5d017aa68b3c10c944 -> FILE:src/vs/platform/agentHost/node/copilot/copilotAgentSession.ts -> COMMIT:4577d1a489e859459242b35418de5e46e18a86c2
PR,335918,COMMIT,637890b7abc854ac8061e1fae8d2617884ed045e,INDIRECT,COMMIT_MODIFIES_FILE,3,PR:335918 -> COMMIT:adc9092582503ef136344e5d017aa68b3c10c944 -> FILE:src/vs/platform/agentHost/node/copilot/copilotAgentSession.ts -> COMMIT:637890b7abc854ac8061e1fae8d2617884ed045e
PR,335918,COMMIT,40e381de0a2121c950004dbb061c8003210f3274,INDIRECT,COMMIT_MODIFIES_FILE,3,PR:335918 -> COMMIT:adc9092582503ef136344e5d017aa68b3c10c944 -> FILE:src/vs/platform/agentHost/node/copilot/copilotAgentSession.ts -> COMMIT:40e381de0a2121c950004dbb061c8003210f3274
PR,335918,COMMIT,ddb95eca0fd654ba70ac9becaa7b5faf441754b0,INDIRECT,COMMIT_MODIFIES_FILE,3,PR:335918 -> COMMIT:adc9092582503ef136344e5d017aa68b3c10c944 -> FILE:src/vs/platform/agentHost/node/copilot/copilotAgentSession.ts -> COMMIT:ddb95eca0fd654ba70ac9becaa7b5faf441754b0
PR,335918,COMMIT,2576b8d0a1be34ae8e9039271a0e193f861b3992,INDIRECT,COMMIT_MODIFIES_FILE,3,PR:335918 -> COMMIT:adc9092582503ef136344e5d017aa68b3c10c944 -> FILE:src/vs/platform/agentHost/node/copilot/copilotAgentSession.ts -> COMMIT:2576b8d0a1be34ae8e9039271a0e193f861b3992
PR,335918,COMMIT,a430d5b87728de7bbc3a27b274b9e69d8370abd9,INDIRECT,COMMIT_MODIFIES_FILE,3,PR:335918 -> COMMIT:adc9092582503ef136344e5d017aa68b3c10c944 -> FILE:src/vs/platform/agentHost/node/copilot/copilotAgentSession.ts -> COMMIT:a430d5b87728de7bbc3a27b274b9e69d8370abd9
PR,335918,COMMIT,188e2da4ea6b15c394285adc11a30b7c4d4adfaa,INDIRECT,COMMIT_MODIFIES_FILE,3,PR:335918 -> COMMIT:adc9092582503ef136344e5d017aa68b3c10c944 -> FILE:src/vs/platform/agentHost/node/copilot/copilotAgentSession.ts -> COMMIT:188e2da4ea6b15c394285adc11a30b7c4d4adfaa
PR,335918,COMMIT,43964d5697e06250316998593ac05039b7263d64,INDIRECT,COMMIT_MODIFIES_FILE,3,PR:335918 -> COMMIT:adc9092582503ef136344e5d017aa68b3c10c944 -> FILE:src/vs/platform/agentHost/node/copilot/copilotAgentSession.ts -> COMMIT:43964d5697e06250316998593ac05039b7263d64
PR,335918,COMMIT,28fc226f8bc6a3a7cd8568b71d5379542d892696,INDIRECT,COMMIT_MODIFIES_FILE,3,PR:335918 -> COMMIT:adc9092582503ef136344e5d017aa68b3c10c944 -> FILE:src/vs/platform/agentHost/node/copilot/copilotAgentSession.ts -> COMMIT:28fc226f8bc6a3a7cd8568b71d5379542d892696
PR,335918,COMMIT,22b8f1474e629f17640e8bed50be5fa81715908f,INDIRECT,COMMIT_MODIFIES_FILE,3,PR:335918 -> COMMIT:adc9092582503ef136344e5d017aa68b3c10c944 -> FILE:src/vs/platform/agentHost/node/copilot/copilotAgentSession.ts -> COMMIT:22b8f1474e629f17640e8bed50be5fa81715908f
PR,335918,COMMIT,dd2949bd1bee6fc1b15d6e3da8b904c6c862894a,INDIRECT,COMMIT_MODIFIES_FILE,3,PR:335918 -> COMMIT:adc9092582503ef136344e5d017aa68b3c10c944 -> FILE:src/vs/platform/agentHost/node/copilot/copilotAgentSession.ts -> COMMIT:dd2949bd1bee6fc1b15d6e3da8b904c6c862894a
PR,335918,COMMIT,57e294de4675994f9a8e2fefed25f7d59652ee8b,INDIRECT,COMMIT_MODIFIES_FILE,3,PR:335918 -> COMMIT:adc9092582503ef136344e5d017aa68b3c10c944 -> FILE:src/vs/platform/agentHost/node/copilot/copilotAgentSession.ts -> COMMIT:57e294de4675994f9a8e2fefed25f7d59652ee8b
PR,335918,COMMIT,07b7fd2981dbd648e17a301ca99b16a3bf83dbfe,INDIRECT,COMMIT_MODIFIES_FILE,3,PR:335918 -> COMMIT:adc9092582503ef136344e5d017aa68b3c10c944 -> FILE:src/vs/platform/agentHost/node/copilot/copilotAgentSession.ts -> COMMIT:07b7fd2981dbd648e17a301ca99b16a3bf83dbfe
PR,335918,COMMIT,07379ef10ec110453edda9918d3169d0dc04005f,INDIRECT,COMMIT_MODIFIES_FILE,3,PR:335918 -> COMMIT:adc9092582503ef136344e5d017aa68b3c10c944 -> FILE:src/vs/platform/agentHost/node/copilot/copilotAgentSession.ts -> COMMIT:07379ef10ec110453edda9918d3169d0dc04005f
PR,335918,COMMIT,97915ad7fa6fce0a59c21a4083dd67b4555cbaf8,INDIRECT,COMMIT_MODIFIES_FILE,3,PR:335918 -> COMMIT:adc9092582503ef136344e5d017aa68b3c10c944 -> FILE:src/vs/platform/agentHost/node/copilot/copilotAgentSession.ts -> COMMIT:97915ad7fa6fce0a59c21a4083dd67b4555cbaf8
PR,335918,COMMIT,c770fb9a917292762c366824b1371aa7fed74aa3,INDIRECT,COMMIT_MODIFIES_FILE,3,PR:335918 -> COMMIT:adc9092582503ef136344e5d017aa68b3c10c944 -> FILE:src/vs/platform/agentHost/node/copilot/copilotAgentSession.ts -> COMMIT:c770fb9a917292762c366824b1371aa7fed74aa3
PR,335918,COMMIT,c6cdfff3fafc889952487d8be6d8851686338af7,INDIRECT,COMMIT_MODIFIES_FILE,3,PR:335918 -> COMMIT:adc9092582503ef136344e5d017aa68b3c10c944 -> FILE:src/vs/platform/agentHost/node/copilot/copilotAgentSession.ts -> COMMIT:c6cdfff3fafc889952487d8be6d8851686338af7
PR,335918,COMMIT,40d611d58da453f35e047f4dd018809192f62e8d,INDIRECT,COMMIT_MODIFIES_FILE,3,PR:335918 -> COMMIT:adc9092582503ef136344e5d017aa68b3c10c944 -> FILE:src/vs/platform/agentHost/node/copilot/copilotAgentSession.ts -> COMMIT:40d611d58da453f35e047f4dd018809192f62e8d
PR,335918,COMMIT,15f69e8c50dde14f3cfa651800efa67150eecafb,INDIRECT,COMMIT_MODIFIES_FILE,3,PR:335918 -> COMMIT:adc9092582503ef136344e5d017aa68b3c10c944 -> FILE:src/vs/platform/agentHost/node/copilot/copilotAgentSession.ts -> COMMIT:15f69e8c50dde14f3cfa651800efa67150eecafb
PR,335918,COMMIT,da8e0b4ce0e3318eeef0354fd63e103f412cd1d7,INDIRECT,COMMIT_MODIFIES_FILE,3,PR:335918 -> COMMIT:adc9092582503ef136344e5d017aa68b3c10c944 -> FILE:src/vs/platform/agentHost/node/copilot/copilotAgentSession.ts -> COMMIT:da8e0b4ce0e3318eeef0354fd63e103f412cd1d7
PR,335918,COMMIT,40d9c15a12419f6ade63512e51266fdd62a5e607,INDIRECT,COMMIT_MODIFIES_FILE,3,PR:335918 -> COMMIT:adc9092582503ef136344e5d017aa68b3c10c944 -> FILE:src/vs/platform/agentHost/node/copilot/copilotAgentSession.ts -> COMMIT:40d9c15a12419f6ade63512e51266fdd62a5e607
PR,335918,COMMIT,d736d0799271a7640e96467d9523b8e01db67ff4,INDIRECT,COMMIT_MODIFIES_FILE,3,PR:335918 -> COMMIT:adc9092582503ef136344e5d017aa68b3c10c944 -> FILE:src/vs/platform/agentHost/node/copilot/copilotAgentSession.ts -> COMMIT:d736d0799271a7640e96467d9523b8e01db67ff4
PR,335918,COMMIT,23e84492babccfc00be932f6fa53945312e085e5,INDIRECT,COMMIT_MODIFIES_FILE,3,PR:335918 -> COMMIT:adc9092582503ef136344e5d017aa68b3c10c944 -> FILE:src/vs/platform/agentHost/node/copilot/copilotAgentSession.ts -> COMMIT:23e84492babccfc00be932f6fa53945312e085e5
PR,335918,COMMIT,d9ed8cf484dcc6614edd98958d5b65ba0ec58b6e,INDIRECT,COMMIT_MODIFIES_FILE,3,PR:335918 -> COMMIT:adc9092582503ef136344e5d017aa68b3c10c944 -> FILE:src/vs/platform/agentHost/node/copilot/copilotAgentSession.ts -> COMMIT:d9ed8cf484dcc6614edd98958d5b65ba0ec58b6e
PR,335918,COMMIT,b5e98f486594d70b75d5254a295db6d99862ee1c,INDIRECT,COMMIT_MODIFIES_FILE,3,PR:335918 -> COMMIT:adc9092582503ef136344e5d017aa68b3c10c944 -> FILE:src/vs/platform/agentHost/node/copilot/copilotAgentSession.ts -> COMMIT:b5e98f486594d70b75d5254a295db6d99862ee1c
PR,335918,COMMIT,db3bae42d519c8b71f80b08ba2f9dbb60f745292,INDIRECT,COMMIT_MODIFIES_FILE,3,PR:335918 -> COMMIT:adc9092582503ef136344e5d017aa68b3c10c944 -> FILE:src/vs/platform/agentHost/node/copilot/copilotAgentSession.ts -> COMMIT:db3bae42d519c8b71f80b08ba2f9dbb60f745292
PR,335918,COMMIT,929bed5aaacd5530e70987a55c34482440a89cb9,INDIRECT,COMMIT_MODIFIES_FILE,3,PR:335918 -> COMMIT:adc9092582503ef136344e5d017aa68b3c10c944 -> FILE:src/vs/platform/agentHost/node/copilot/copilotAgentSession.ts -> COMMIT:929bed5aaacd5530e70987a55c34482440a89cb9
PR,335918,COMMIT,a412c56ef31f07c70c80afdc8efcdc9ecee5f841,INDIRECT,COMMIT_MODIFIES_FILE,3,PR:335918 -> COMMIT:adc9092582503ef136344e5d017aa68b3c10c944 -> FILE:src/vs/platform/agentHost/node/copilot/copilotAgentSession.ts -> COMMIT:a412c56ef31f07c70c80afdc8efcdc9ecee5f841
PR,335918,COMMIT,3819752de11daf7a030ee00773cad54be44cce57,INDIRECT,COMMIT_MODIFIES_FILE,3,PR:335918 -> COMMIT:adc9092582503ef136344e5d017aa68b3c10c944 -> FILE:src/vs/platform/agentHost/node/copilot/copilotAgentSession.ts -> COMMIT:3819752de11daf7a030ee00773cad54be44cce57
PR,335918,COMMIT,3378151e3a6595fe8bafa3869b0f1878d795e200,INDIRECT,COMMIT_MODIFIES_FILE,3,PR:335918 -> COMMIT:adc9092582503ef136344e5d017aa68b3c10c944 -> FILE:src/vs/platform/agentHost/node/copilot/copilotAgentSession.ts -> COMMIT:3378151e3a6595fe8bafa3869b0f1878d795e200
PR,335918,COMMIT,3b2c7d0873991568ebde4aa292ee9edb09353cbe,INDIRECT,COMMIT_MODIFIES_FILE,3,PR:335918 -> COMMIT:adc9092582503ef136344e5d017aa68b3c10c944 -> FILE:src/vs/platform/agentHost/node/copilot/copilotAgentSession.ts -> COMMIT:3b2c7d0873991568ebde4aa292ee9edb09353cbe
PR,335918,COMMIT,0bcf31ee246f2b93712b45fec8827a213896aee1,INDIRECT,COMMIT_MODIFIES_FILE,3,PR:335918 -> COMMIT:adc9092582503ef136344e5d017aa68b3c10c944 -> FILE:src/vs/platform/agentHost/node/copilot/copilotAgentSession.ts -> COMMIT:0bcf31ee246f2b93712b45fec8827a213896aee1
PR,335918,COMMIT,b93d4a35d685a7c86fb1fa1f3f5926f852b6e4bc,INDIRECT,COMMIT_MODIFIES_FILE,3,PR:335918 -> COMMIT:adc9092582503ef136344e5d017aa68b3c10c944 -> FILE:src/vs/platform/agentHost/node/copilot/copilotAgentSession.ts -> COMMIT:b93d4a35d685a7c86fb1fa1f3f5926f852b6e4bc
PR,335918,COMMIT,5699d61e0b6d889431e37031d660a72670ea8e97,INDIRECT,COMMIT_MODIFIES_FILE,3,PR:335918 -> COMMIT:adc9092582503ef136344e5d017aa68b3c10c944 -> FILE:src/vs/platform/agentHost/node/copilot/copilotAgentSession.ts -> COMMIT:5699d61e0b6d889431e37031d660a72670ea8e97
PR,335918,COMMIT,af09e19081b865e474589de51c21e950fe209421,INDIRECT,COMMIT_MODIFIES_FILE,3,PR:335918 -> COMMIT:adc9092582503ef136344e5d017aa68b3c10c944 -> FILE:src/vs/platform/agentHost/node/copilot/copilotAgentSession.ts -> COMMIT:af09e19081b865e474589de51c21e950fe209421
PR,335918,COMMIT,5c3c1cd74890fb8cd92a9aec3bab10b595fe1ec2,INDIRECT,COMMIT_MODIFIES_FILE,3,PR:335918 -> COMMIT:adc9092582503ef136344e5d017aa68b3c10c944 -> FILE:src/vs/platform/agentHost/node/copilot/copilotAgentSession.ts -> COMMIT:5c3c1cd74890fb8cd92a9aec3bab10b595fe1ec2
PR,335918,COMMIT,136f711b8f971e73b6cb2e8e8385154ea80ba6f7,INDIRECT,COMMIT_MODIFIES_FILE,3,PR:335918 -> COMMIT:adc9092582503ef136344e5d017aa68b3c10c944 -> FILE:src/vs/platform/agentHost/node/copilot/copilotAgentSession.ts -> COMMIT:136f711b8f971e73b6cb2e8e8385154ea80ba6f7
PR,335918,COMMIT,a1c960656f13035f140649c65f2f735d527bf232,INDIRECT,COMMIT_MODIFIES_FILE,3,PR:335918 -> COMMIT:adc9092582503ef136344e5d017aa68b3c10c944 -> FILE:src/vs/platform/agentHost/node/copilot/copilotAgentSession.ts -> COMMIT:a1c960656f13035f140649c65f2f735d527bf232
PR,335918,COMMIT,c1bed4c01ebb3d5148b29f89637318250dfaa614,INDIRECT,COMMIT_MODIFIES_FILE,3,PR:335918 -> COMMIT:adc9092582503ef136344e5d017aa68b3c10c944 -> FILE:src/vs/platform/agentHost/node/copilot/copilotAgentSession.ts -> COMMIT:c1bed4c01ebb3d5148b29f89637318250dfaa614
PR,335918,COMMIT,730bdd516ea32d67db1e13f8042bb3ac323eab61,INDIRECT,COMMIT_MODIFIES_FILE,3,PR:335918 -> COMMIT:adc9092582503ef136344e5d017aa68b3c10c944 -> FILE:src/vs/platform/agentHost/node/copilot/copilotAgentSession.ts -> COMMIT:730bdd516ea32d67db1e13f8042bb3ac323eab61
PR,335918,COMMIT,6f67656a1a47aa2721ac12259e9c512d283497c1,INDIRECT,COMMIT_MODIFIES_FILE,3,PR:335918 -> COMMIT:adc9092582503ef136344e5d017aa68b3c10c944 -> FILE:src/vs/platform/agentHost/node/copilot/copilotAgentSession.ts -> COMMIT:6f67656a1a47aa2721ac12259e9c512d283497c1
PR,335918,COMMIT,3f398cd34ffa3abf8c6770feac18d48827e206b5,INDIRECT,COMMIT_MODIFIES_FILE,3,PR:335918 -> COMMIT:adc9092582503ef136344e5d017aa68b3c10c944 -> FILE:src/vs/platform/agentHost/node/copilot/copilotAgentSession.ts -> COMMIT:3f398cd34ffa3abf8c6770feac18d48827e206b5
PR,335918,COMMIT,04176d49f0ae272270036358aa9ae93ccc8c5005,INDIRECT,COMMIT_MODIFIES_FILE,3,PR:335918 -> COMMIT:adc9092582503ef136344e5d017aa68b3c10c944 -> FILE:src/vs/platform/agentHost/node/copilot/copilotAgentSession.ts -> COMMIT:04176d49f0ae272270036358aa9ae93ccc8c5005
PR,335918,COMMIT,5357e2b417ee4e3b1c2d14448b52f603cddf4911,INDIRECT,COMMIT_MODIFIES_FILE,3,PR:335918 -> COMMIT:adc9092582503ef136344e5d017aa68b3c10c944 -> FILE:src/vs/platform/agentHost/node/copilot/copilotAgentSession.ts -> COMMIT:5357e2b417ee4e3b1c2d14448b52f603cddf4911
PR,335918,COMMIT,19510cdee478f9c9975750b25acb143bfcef9d71,INDIRECT,COMMIT_MODIFIES_FILE,3,PR:335918 -> COMMIT:adc9092582503ef136344e5d017aa68b3c10c944 -> FILE:src/vs/platform/agentHost/node/copilot/copilotAgentSession.ts -> COMMIT:19510cdee478f9c9975750b25acb143bfcef9d71
PR,335918,COMMIT,53633760c6c438726760986f5657bd12e12461dd,INDIRECT,COMMIT_MODIFIES_FILE,3,PR:335918 -> COMMIT:adc9092582503ef136344e5d017aa68b3c10c944 -> FILE:src/vs/platform/agentHost/node/copilot/copilotAgentSession.ts -> COMMIT:53633760c6c438726760986f5657bd12e12461dd
PR,335918,COMMIT,bcca5a189d780bd935de23b89aa99ff5d2aa703e,INDIRECT,COMMIT_MODIFIES_FILE,3,PR:335918 -> COMMIT:adc9092582503ef136344e5d017aa68b3c10c944 -> FILE:src/vs/platform/agentHost/node/copilot/copilotAgentSession.ts -> COMMIT:bcca5a189d780bd935de23b89aa99ff5d2aa703e
PR,335918,COMMIT,ede7c586aa550b610688d986cd76785040b523d8,INDIRECT,COMMIT_MODIFIES_FILE,3,PR:335918 -> COMMIT:adc9092582503ef136344e5d017aa68b3c10c944 -> FILE:src/vs/platform/agentHost/node/copilot/copilotAgentSession.ts -> COMMIT:ede7c586aa550b610688d986cd76785040b523d8
PR,335918,COMMIT,97e824f37a29d4a3363ed4fd6294aab87d823bc8,INDIRECT,COMMIT_MODIFIES_FILE,3,PR:335918 -> COMMIT:adc9092582503ef136344e5d017aa68b3c10c944 -> FILE:src/vs/platform/agentHost/node/copilot/copilotAgentSession.ts -> COMMIT:97e824f37a29d4a3363ed4fd6294aab87d823bc8
PR,335918,COMMIT,3e37e2e4d5570d74527bac53bce12a2abff0a9bb,INDIRECT,COMMIT_MODIFIES_FILE,3,PR:335918 -> COMMIT:adc9092582503ef136344e5d017aa68b3c10c944 -> FILE:src/vs/platform/agentHost/node/copilot/copilotAgentSession.ts -> COMMIT:3e37e2e4d5570d74527bac53bce12a2abff0a9bb
PR,335918,COMMIT,7d05e9a2ffc54209aafd88c6fa4a3e34633f8836,INDIRECT,COMMIT_MODIFIES_FILE,3,PR:335918 -> COMMIT:adc9092582503ef136344e5d017aa68b3c10c944 -> FILE:src/vs/platform/agentHost/node/copilot/copilotAgentSession.ts -> COMMIT:7d05e9a2ffc54209aafd88c6fa4a3e34633f8836
PR,335918,COMMIT,99d603be2685a27195755d5ba3ededa82d6613b9,INDIRECT,COMMIT_MODIFIES_FILE,3,PR:335918 -> COMMIT:adc9092582503ef136344e5d017aa68b3c10c944 -> FILE:src/vs/platform/agentHost/node/copilot/copilotAgentSession.ts -> COMMIT:99d603be2685a27195755d5ba3ededa82d6613b9
PR,335918,COMMIT,eb26061438af96895a1e1e5082524534070ab8dc,INDIRECT,COMMIT_MODIFIES_FILE,3,PR:335918 -> COMMIT:adc9092582503ef136344e5d017aa68b3c10c944 -> FILE:src/vs/platform/agentHost/node/copilot/copilotAgentSession.ts -> COMMIT:eb26061438af96895a1e1e5082524534070ab8dc
PR,335918,COMMIT,0cb6ed42e7576002ceadf235d6e328ba9e2bb907,INDIRECT,COMMIT_MODIFIES_FILE,3,PR:335918 -> COMMIT:adc9092582503ef136344e5d017aa68b3c10c944 -> FILE:src/vs/platform/agentHost/node/copilot/copilotAgentSession.ts -> COMMIT:0cb6ed42e7576002ceadf235d6e328ba9e2bb907
PR,335918,COMMIT,64c436b7d93f521e1e6826c619ec28d972d5e37b,INDIRECT,COMMIT_MODIFIES_FILE,3,PR:335918 -> COMMIT:adc9092582503ef136344e5d017aa68b3c10c944 -> FILE:src/vs/platform/agentHost/node/copilot/copilotAgentSession.ts -> COMMIT:64c436b7d93f521e1e6826c619ec28d972d5e37b
PR,335918,COMMIT,b85be62635cc06f4f92c209dc95bd062c4ae21c1,INDIRECT,COMMIT_MODIFIES_FILE,3,PR:335918 -> COMMIT:adc9092582503ef136344e5d017aa68b3c10c944 -> FILE:src/vs/platform/agentHost/node/copilot/copilotAgentSession.ts -> COMMIT:b85be62635cc06f4f92c209dc95bd062c4ae21c1
PR,335918,COMMIT,0feff82e96307459cd9649b3624dac16a7aca78e,INDIRECT,COMMIT_MODIFIES_FILE,3,PR:335918 -> COMMIT:adc9092582503ef136344e5d017aa68b3c10c944 -> FILE:src/vs/platform/agentHost/node/copilot/copilotAgentSession.ts -> COMMIT:0feff82e96307459cd9649b3624dac16a7aca78e
PR,335918,COMMIT,d5077556081d020a5c2248099cc69b9062b498da,INDIRECT,COMMIT_MODIFIES_FILE,3,PR:335918 -> COMMIT:adc9092582503ef136344e5d017aa68b3c10c944 -> FILE:src/vs/platform/agentHost/node/copilot/copilotAgentSession.ts -> COMMIT:d5077556081d020a5c2248099cc69b9062b498da
PR,335918,COMMIT,9e9099d64401beba8518f5b766a794c1faccc054,INDIRECT,COMMIT_MODIFIES_FILE,3,PR:335918 -> COMMIT:adc9092582503ef136344e5d017aa68b3c10c944 -> FILE:src/vs/platform/agentHost/node/copilot/copilotAgentSession.ts -> COMMIT:9e9099d64401beba8518f5b766a794c1faccc054
PR,335918,COMMIT,4b02c1c9940ccbf8d90b5400366776ca733cb0e0,INDIRECT,COMMIT_MODIFIES_FILE,3,PR:335918 -> COMMIT:adc9092582503ef136344e5d017aa68b3c10c944 -> FILE:src/vs/platform/agentHost/node/copilot/copilotAgentSession.ts -> COMMIT:4b02c1c9940ccbf8d90b5400366776ca733cb0e0
PR,335918,COMMIT,d6bc38fd27e6c9ba6331bd1caea38eb689520572,INDIRECT,COMMIT_MODIFIES_FILE,3,PR:335918 -> COMMIT:adc9092582503ef136344e5d017aa68b3c10c944 -> FILE:src/vs/platform/agentHost/node/copilot/copilotAgentSession.ts -> COMMIT:d6bc38fd27e6c9ba6331bd1caea38eb689520572
PR,335918,COMMIT,544f794a20221c5882a2829765d5ac17b35fe2a6,INDIRECT,COMMIT_MODIFIES_FILE,3,PR:335918 -> COMMIT:adc9092582503ef136344e5d017aa68b3c10c944 -> FILE:src/vs/platform/agentHost/node/copilot/copilotAgentSession.ts -> COMMIT:544f794a20221c5882a2829765d5ac17b35fe2a6
PR,335918,COMMIT,73b976203c39fc66b43c994b574577a7ca1ac6ac,INDIRECT,COMMIT_MODIFIES_FILE,3,PR:335918 -> COMMIT:adc9092582503ef136344e5d017aa68b3c10c944 -> FILE:src/vs/platform/agentHost/node/copilot/copilotAgentSession.ts -> COMMIT:73b976203c39fc66b43c994b574577a7ca1ac6ac
PR,335918,COMMIT,8a49b18f8c07f85e75b6c81b1a08698b8a8019df,INDIRECT,COMMIT_MODIFIES_FILE,3,PR:335918 -> COMMIT:adc9092582503ef136344e5d017aa68b3c10c944 -> FILE:src/vs/platform/agentHost/node/copilot/copilotAgentSession.ts -> COMMIT:8a49b18f8c07f85e75b6c81b1a08698b8a8019df
PR,335918,COMMIT,ad6dfd752f526eca3f79d74c3791a79904acdc17,INDIRECT,COMMIT_MODIFIES_FILE,3,PR:335918 -> COMMIT:adc9092582503ef136344e5d017aa68b3c10c944 -> FILE:src/vs/platform/agentHost/node/copilot/copilotAgentSession.ts -> COMMIT:ad6dfd752f526eca3f79d74c3791a79904acdc17
PR,335918,COMMIT,70f2821c7087bec5aec245cc50db32bb5935a5c7,INDIRECT,COMMIT_MODIFIES_FILE,3,PR:335918 -> COMMIT:adc9092582503ef136344e5d017aa68b3c10c944 -> FILE:src/vs/platform/agentHost/node/copilot/copilotAgentSession.ts -> COMMIT:70f2821c7087bec5aec245cc50db32bb5935a5c7
PR,335918,COMMIT,ae7f992ff0b656bc91f940452e77f3ec6bb9876b,INDIRECT,COMMIT_MODIFIES_FILE,3,PR:335918 -> COMMIT:adc9092582503ef136344e5d017aa68b3c10c944 -> FILE:src/vs/platform/agentHost/node/copilot/copilotAgentSession.ts -> COMMIT:ae7f992ff0b656bc91f940452e77f3ec6bb9876b
PR,335918,COMMIT,842a302c977623c60e6c7bbcc1209740fc21d39a,INDIRECT,COMMIT_MODIFIES_FILE,3,PR:335918 -> COMMIT:adc9092582503ef136344e5d017aa68b3c10c944 -> FILE:src/vs/platform/agentHost/node/copilot/copilotAgentSession.ts -> COMMIT:842a302c977623c60e6c7bbcc1209740fc21d39a
PR,335918,COMMIT,fff08276d3f43e0293f7ffb4c1286a382691d669,INDIRECT,COMMIT_MODIFIES_FILE,3,PR:335918 -> COMMIT:adc9092582503ef136344e5d017aa68b3c10c944 -> FILE:src/vs/platform/agentHost/node/copilot/copilotAgentSession.ts -> COMMIT:fff08276d3f43e0293f7ffb4c1286a382691d669
PR,335918,COMMIT,2ef292c86f324803a8888bfd95d47611090d3373,INDIRECT,COMMIT_MODIFIES_FILE,3,PR:335918 -> COMMIT:adc9092582503ef136344e5d017aa68b3c10c944 -> FILE:src/vs/platform/agentHost/node/copilot/copilotAgentSession.ts -> COMMIT:2ef292c86f324803a8888bfd95d47611090d3373
PR,335918,COMMIT,8172d4980523d1668a68d7e5dd86441d5956880e,INDIRECT,COMMIT_MODIFIES_FILE,3,PR:335918 -> COMMIT:adc9092582503ef136344e5d017aa68b3c10c944 -> FILE:src/vs/platform/agentHost/node/copilot/copilotAgentSession.ts -> COMMIT:8172d4980523d1668a68d7e5dd86441d5956880e
PR,335918,COMMIT,dd83544dc8ae4a5ec0faa98edc492e3cbc7a68e1,INDIRECT,COMMIT_MODIFIES_FILE,3,PR:335918 -> COMMIT:adc9092582503ef136344e5d017aa68b3c10c944 -> FILE:src/vs/platform/agentHost/node/copilot/copilotAgentSession.ts -> COMMIT:dd83544dc8ae4a5ec0faa98edc492e3cbc7a68e1
PR,335918,COMMIT,507df52cdf27c979a6ef0e0a615b3e4bcb4ce33f,INDIRECT,COMMIT_MODIFIES_FILE,3,PR:335918 -> COMMIT:adc9092582503ef136344e5d017aa68b3c10c944 -> FILE:src/vs/platform/agentHost/node/copilot/copilotAgentSession.ts -> COMMIT:507df52cdf27c979a6ef0e0a615b3e4bcb4ce33f
PR,335918,COMMIT,7e5d212fe5cc59cf54b3ec9ed38f408a7573f6c5,INDIRECT,COMMIT_MODIFIES_FILE,3,PR:335918 -> COMMIT:adc9092582503ef136344e5d017aa68b3c10c944 -> FILE:src/vs/platform/agentHost/node/copilot/copilotAgentSession.ts -> COMMIT:7e5d212fe5cc59cf54b3ec9ed38f408a7573f6c5
PR,335918,COMMIT,22735097856360d11626cf58b18547afa6f0fad4,INDIRECT,COMMIT_MODIFIES_FILE,3,PR:335918 -> COMMIT:adc9092582503ef136344e5d017aa68b3c10c944 -> FILE:src/vs/platform/agentHost/node/copilot/copilotAgentSession.ts -> COMMIT:22735097856360d11626cf58b18547afa6f0fad4
PR,335918,COMMIT,25f125ff29e130e8f03e8f080e68b321930513dc,INDIRECT,COMMIT_MODIFIES_FILE,3,PR:335918 -> COMMIT:adc9092582503ef136344e5d017aa68b3c10c944 -> FILE:src/vs/platform/agentHost/node/copilot/copilotAgentSession.ts -> COMMIT:25f125ff29e130e8f03e8f080e68b321930513dc
PR,335918,COMMIT,e0410aa8692475c449a5b823cf6fcc671221d3d5,INDIRECT,COMMIT_MODIFIES_FILE,3,PR:335918 -> COMMIT:adc9092582503ef136344e5d017aa68b3c10c944 -> FILE:src/vs/platform/agentHost/node/copilot/copilotAgentSession.ts -> COMMIT:e0410aa8692475c449a5b823cf6fcc671221d3d5
PR,335918,COMMIT,174e4598a38f3e89acc5eeebf941b6339fb3334d,INDIRECT,COMMIT_MODIFIES_FILE,3,PR:335918 -> COMMIT:adc9092582503ef136344e5d017aa68b3c10c944 -> FILE:src/vs/platform/agentHost/node/copilot/copilotAgentSession.ts -> COMMIT:174e4598a38f3e89acc5eeebf941b6339fb3334d
PR,335918,COMMIT,1f7f6dfea44f276d0d6fffb0fdfc841ebd795f11,INDIRECT,COMMIT_MODIFIES_FILE,3,PR:335918 -> COMMIT:adc9092582503ef136344e5d017aa68b3c10c944 -> FILE:src/vs/platform/agentHost/node/copilot/copilotAgentSession.ts -> COMMIT:1f7f6dfea44f276d0d6fffb0fdfc841ebd795f11
PR,335918,COMMIT,9255a4b66c766bf80f9a28c99636ddf450098282,INDIRECT,COMMIT_MODIFIES_FILE,3,PR:335918 -> COMMIT:adc9092582503ef136344e5d017aa68b3c10c944 -> FILE:src/vs/platform/agentHost/node/copilot/copilotAgentSession.ts -> COMMIT:9255a4b66c766bf80f9a28c99636ddf450098282
PR,335918,COMMIT,afb5dc715e4ad02cb4b0324f9d6d0d649cee3cd3,INDIRECT,COMMIT_MODIFIES_FILE,3,PR:335918 -> COMMIT:adc9092582503ef136344e5d017aa68b3c10c944 -> FILE:src/vs/platform/agentHost/node/copilot/copilotAgentSession.ts -> COMMIT:afb5dc715e4ad02cb4b0324f9d6d0d649cee3cd3
PR,335918,COMMIT,4f7f030b038a70f71230dc971302845011508a2f,INDIRECT,COMMIT_MODIFIES_FILE,3,PR:335918 -> COMMIT:adc9092582503ef136344e5d017aa68b3c10c944 -> FILE:src/vs/platform/agentHost/node/copilot/copilotAgentSession.ts -> COMMIT:4f7f030b038a70f71230dc971302845011508a2f
PR,335918,COMMIT,b22cbef12accc816e50b917749aedcae5c6f4985,INDIRECT,COMMIT_MODIFIES_FILE,3,PR:335918 -> COMMIT:adc9092582503ef136344e5d017aa68b3c10c944 -> FILE:src/vs/platform/agentHost/node/copilot/copilotAgentSession.ts -> COMMIT:b22cbef12accc816e50b917749aedcae5c6f4985
PR,335918,COMMIT,263508d227d5178a651c5b3317062613a309400f,INDIRECT,COMMIT_MODIFIES_FILE,3,PR:335918 -> COMMIT:adc9092582503ef136344e5d017aa68b3c10c944 -> FILE:src/vs/platform/agentHost/node/copilot/copilotAgentSession.ts -> COMMIT:263508d227d5178a651c5b3317062613a309400f
PR,335918,COMMIT,8891be8aabd867698a76dd7b6ada7d8bc531675e,INDIRECT,COMMIT_MODIFIES_FILE,3,PR:335918 -> COMMIT:adc9092582503ef136344e5d017aa68b3c10c944 -> FILE:src/vs/platform/agentHost/node/copilot/copilotAgentSession.ts -> COMMIT:8891be8aabd867698a76dd7b6ada7d8bc531675e
PR,335918,COMMIT,df706b659cd8e398fb067acfdf60a1712c3f50c0,INDIRECT,COMMIT_MODIFIES_FILE,3,PR:335918 -> COMMIT:adc9092582503ef136344e5d017aa68b3c10c944 -> FILE:src/vs/platform/agentHost/node/copilot/copilotAgentSession.ts -> COMMIT:df706b659cd8e398fb067acfdf60a1712c3f50c0
PR,335918,COMMIT,2170a9c70b0f2e19b6f07be54e23f82d45213e1b,INDIRECT,COMMIT_MODIFIES_FILE,3,PR:335918 -> COMMIT:adc9092582503ef136344e5d017aa68b3c10c944 -> FILE:src/vs/platform/agentHost/node/copilot/copilotAgentSession.ts -> COMMIT:2170a9c70b0f2e19b6f07be54e23f82d45213e1b
PR,335918,COMMIT,20d4c9532ab682f2b06db64b46244a541209cbd2,INDIRECT,COMMIT_MODIFIES_FILE,3,PR:335918 -> COMMIT:adc9092582503ef136344e5d017aa68b3c10c944 -> FILE:src/vs/platform/agentHost/node/copilot/copilotAgentSession.ts -> COMMIT:20d4c9532ab682f2b06db64b46244a541209cbd2
PR,335918,COMMIT,2bf43399f9358df8f42894b2372d8e991070f350,INDIRECT,COMMIT_MODIFIES_FILE,3,PR:335918 -> COMMIT:adc9092582503ef136344e5d017aa68b3c10c944 -> FILE:src/vs/platform/agentHost/node/copilot/copilotAgentSession.ts -> COMMIT:2bf43399f9358df8f42894b2372d8e991070f350
PR,335918,COMMIT,0c84966de9be87be734c6c1f3350141093371f69,INDIRECT,COMMIT_MODIFIES_FILE,3,PR:335918 -> COMMIT:adc9092582503ef136344e5d017aa68b3c10c944 -> FILE:src/vs/platform/agentHost/node/copilot/copilotAgentSession.ts -> COMMIT:0c84966de9be87be734c6c1f3350141093371f69
PR,335918,COMMIT,f264aa05159731c11304db08f2d43bc65cd44fc8,INDIRECT,COMMIT_MODIFIES_FILE,3,PR:335918 -> COMMIT:adc9092582503ef136344e5d017aa68b3c10c944 -> FILE:src/vs/platform/agentHost/node/copilot/copilotAgentSession.ts -> COMMIT:f264aa05159731c11304db08f2d43bc65cd44fc8
PR,335918,COMMIT,f85af5adcbd2d377fbe8b49a4f5e005983cbfc84,INDIRECT,COMMIT_MODIFIES_FILE,3,PR:335918 -> COMMIT:adc9092582503ef136344e5d017aa68b3c10c944 -> FILE:src/vs/platform/agentHost/node/copilot/copilotAgentSession.ts -> COMMIT:f85af5adcbd2d377fbe8b49a4f5e005983cbfc84
PR,335918,COMMIT,d8d29ce0375d029d31e64f0eb45531e79163376d,INDIRECT,COMMIT_MODIFIES_FILE,3,PR:335918 -> COMMIT:adc9092582503ef136344e5d017aa68b3c10c944 -> FILE:src/vs/platform/agentHost/node/copilot/copilotAgentSession.ts -> COMMIT:d8d29ce0375d029d31e64f0eb45531e79163376d
PR,335918,COMMIT,d71a6bd7a37c7f9ce4d1bdc4027f49cd626e391f,INDIRECT,COMMIT_MODIFIES_FILE,3,PR:335918 -> COMMIT:adc9092582503ef136344e5d017aa68b3c10c944 -> FILE:src/vs/platform/agentHost/node/copilot/copilotAgentSession.ts -> COMMIT:d71a6bd7a37c7f9ce4d1bdc4027f49cd626e391f
PR,335918,COMMIT,c4ddcaf882553a0c26c3e984036633911696a32f,INDIRECT,COMMIT_MODIFIES_FILE,3,PR:335918 -> COMMIT:adc9092582503ef136344e5d017aa68b3c10c944 -> FILE:src/vs/platform/agentHost/node/copilot/copilotAgentSession.ts -> COMMIT:c4ddcaf882553a0c26c3e984036633911696a32f
PR,335918,COMMIT,6d93bd36dd875c17601e94f2dc7121f324ad4a2f,INDIRECT,COMMIT_MODIFIES_FILE,3,PR:335918 -> COMMIT:adc9092582503ef136344e5d017aa68b3c10c944 -> FILE:src/vs/platform/agentHost/node/copilot/copilotAgentSession.ts -> COMMIT:6d93bd36dd875c17601e94f2dc7121f324ad4a2f
PR,335918,COMMIT,e6c13a72586ee668e166de6f5c4be21de0a53703,INDIRECT,COMMIT_MODIFIES_FILE,3,PR:335918 -> COMMIT:adc9092582503ef136344e5d017aa68b3c10c944 -> FILE:src/vs/platform/agentHost/node/copilot/copilotAgentSession.ts -> COMMIT:e6c13a72586ee668e166de6f5c4be21de0a53703
PR,335918,COMMIT,c05c9be148971740f47b13ad83c4ac84b475606c,INDIRECT,COMMIT_MODIFIES_FILE,3,PR:335918 -> COMMIT:adc9092582503ef136344e5d017aa68b3c10c944 -> FILE:src/vs/platform/agentHost/node/copilot/copilotAgentSession.ts -> COMMIT:c05c9be148971740f47b13ad83c4ac84b475606c
PR,335918,COMMIT,ee4862e6246aff535c1d2aba67020209e1405472,INDIRECT,COMMIT_MODIFIES_FILE,3,PR:335918 -> COMMIT:adc9092582503ef136344e5d017aa68b3c10c944 -> FILE:src/vs/platform/agentHost/node/copilot/copilotAgentSession.ts -> COMMIT:ee4862e6246aff535c1d2aba67020209e1405472
PR,335918,COMMIT,b670cc1eefa8b9801f5946d577095afa09af2ed9,INDIRECT,COMMIT_MODIFIES_FILE,3,PR:335918 -> COMMIT:adc9092582503ef136344e5d017aa68b3c10c944 -> FILE:src/vs/platform/agentHost/node/copilot/copilotAgentSession.ts -> COMMIT:b670cc1eefa8b9801f5946d577095afa09af2ed9
PR,335918,COMMIT,8490e28bc4af2ff5c5ea8f8a6551738b38622d44,INDIRECT,COMMIT_MODIFIES_FILE,3,PR:335918 -> COMMIT:adc9092582503ef136344e5d017aa68b3c10c944 -> FILE:src/vs/platform/agentHost/node/copilot/copilotAgentSession.ts -> COMMIT:8490e28bc4af2ff5c5ea8f8a6551738b38622d44
PR,335918,COMMIT,896c15e53f2e4c27f7fbd96cfdec6d1458516dfc,INDIRECT,COMMIT_MODIFIES_FILE,3,PR:335918 -> COMMIT:adc9092582503ef136344e5d017aa68b3c10c944 -> FILE:src/vs/platform/agentHost/node/copilot/copilotAgentSession.ts -> COMMIT:896c15e53f2e4c27f7fbd96cfdec6d1458516dfc
PR,335918,COMMIT,c032cd2dbed27f49c434f523a96d9a1117fc6882,INDIRECT,COMMIT_MODIFIES_FILE,3,PR:335918 -> COMMIT:adc9092582503ef136344e5d017aa68b3c10c944 -> FILE:src/vs/platform/agentHost/node/copilot/copilotAgentSession.ts -> COMMIT:c032cd2dbed27f49c434f523a96d9a1117fc6882
PR,335918,COMMIT,377ae483b777b34509dc9690d991fa21280187c0,INDIRECT,COMMIT_MODIFIES_FILE,3,PR:335918 -> COMMIT:adc9092582503ef136344e5d017aa68b3c10c944 -> FILE:src/vs/platform/agentHost/node/copilot/copilotAgentSession.ts -> COMMIT:377ae483b777b34509dc9690d991fa21280187c0
PR,335918,COMMIT,c96787b1566f533ca1e72ade49e163ff75c45759,INDIRECT,COMMIT_MODIFIES_FILE,3,PR:335918 -> COMMIT:adc9092582503ef136344e5d017aa68b3c10c944 -> FILE:src/vs/platform/agentHost/node/copilot/copilotAgentSession.ts -> COMMIT:c96787b1566f533ca1e72ade49e163ff75c45759
PR,335918,COMMIT,598c81565447dcb10deedf93d9002c7bb2850a60,INDIRECT,COMMIT_MODIFIES_FILE,3,PR:335918 -> COMMIT:adc9092582503ef136344e5d017aa68b3c10c944 -> FILE:src/vs/platform/agentHost/node/copilot/copilotAgentSession.ts -> COMMIT:598c81565447dcb10deedf93d9002c7bb2850a60
PR,335918,COMMIT,fc78973c0f4c6da330321bf91b2a26b0dd58c8ad,INDIRECT,COMMIT_MODIFIES_FILE,3,PR:335918 -> COMMIT:adc9092582503ef136344e5d017aa68b3c10c944 -> FILE:src/vs/platform/agentHost/node/copilot/copilotAgentSession.ts -> COMMIT:fc78973c0f4c6da330321bf91b2a26b0dd58c8ad
PR,335918,COMMIT,585236eeb96c5220c4d21042354fc1b9901dd96e,INDIRECT,COMMIT_MODIFIES_FILE,3,PR:335918 -> COMMIT:adc9092582503ef136344e5d017aa68b3c10c944 -> FILE:src/vs/platform/agentHost/node/copilot/copilotAgentSession.ts -> COMMIT:585236eeb96c5220c4d21042354fc1b9901dd96e
PR,335918,COMMIT,b4cde75ac19693e55d179c10f11fad42ec9e3474,INDIRECT,COMMIT_MODIFIES_FILE,3,PR:335918 -> COMMIT:adc9092582503ef136344e5d017aa68b3c10c944 -> FILE:src/vs/platform/agentHost/node/copilot/copilotAgentSession.ts -> COMMIT:b4cde75ac19693e55d179c10f11fad42ec9e3474
PR,335918,COMMIT,b2ece6996f9b232e960d22f0ba33ed1d8fe0cccc,INDIRECT,COMMIT_MODIFIES_FILE,3,PR:335918 -> COMMIT:adc9092582503ef136344e5d017aa68b3c10c944 -> FILE:src/vs/platform/agentHost/node/copilot/copilotAgentSession.ts -> COMMIT:b2ece6996f9b232e960d22f0ba33ed1d8fe0cccc
PR,335918,COMMIT,9205cfec4d442f63bd9bec8bdbe86e51762300b1,INDIRECT,COMMIT_MODIFIES_FILE,3,PR:335918 -> COMMIT:adc9092582503ef136344e5d017aa68b3c10c944 -> FILE:src/vs/platform/agentHost/node/copilot/copilotAgentSession.ts -> COMMIT:9205cfec4d442f63bd9bec8bdbe86e51762300b1
PR,335918,COMMIT,d2953033488a905963e634838301c945f5488299,INDIRECT,COMMIT_MODIFIES_FILE,3,PR:335918 -> COMMIT:adc9092582503ef136344e5d017aa68b3c10c944 -> FILE:src/vs/platform/agentHost/node/copilot/copilotAgentSession.ts -> COMMIT:d2953033488a905963e634838301c945f5488299
PR,335918,COMMIT,8a2c051ffc40054aa0571a46c78b4a34241f97f4,INDIRECT,COMMIT_MODIFIES_FILE,3,PR:335918 -> COMMIT:adc9092582503ef136344e5d017aa68b3c10c944 -> FILE:src/vs/platform/agentHost/node/copilot/copilotAgentSession.ts -> COMMIT:8a2c051ffc40054aa0571a46c78b4a34241f97f4
PR,335918,COMMIT,a2e092eeb5aa9936a18306d3dbd164901fe71e01,INDIRECT,COMMIT_MODIFIES_FILE,3,PR:335918 -> COMMIT:adc9092582503ef136344e5d017aa68b3c10c944 -> FILE:src/vs/platform/agentHost/node/copilot/copilotAgentSession.ts -> COMMIT:a2e092eeb5aa9936a18306d3dbd164901fe71e01
PR,335918,COMMIT,e578d2db4555d114bfa5f4829821d1c869b123a7,INDIRECT,COMMIT_MODIFIES_FILE,3,PR:335918 -> COMMIT:adc9092582503ef136344e5d017aa68b3c10c944 -> FILE:src/vs/platform/agentHost/node/copilot/copilotAgentSession.ts -> COMMIT:e578d2db4555d114bfa5f4829821d1c869b123a7
PR,335918,COMMIT,5f7fc3c6edfd8706eda8c89e515365b2bf1c711a,INDIRECT,COMMIT_MODIFIES_FILE,3,PR:335918 -> COMMIT:adc9092582503ef136344e5d017aa68b3c10c944 -> FILE:src/vs/platform/agentHost/node/copilot/copilotAgentSession.ts -> COMMIT:5f7fc3c6edfd8706eda8c89e515365b2bf1c711a
PR,335918,COMMIT,e99bc55f020f6f3fd87bdeddef6c4b5019eb0226,INDIRECT,COMMIT_MODIFIES_FILE,3,PR:335918 -> COMMIT:adc9092582503ef136344e5d017aa68b3c10c944 -> FILE:src/vs/platform/agentHost/node/copilot/copilotAgentSession.ts -> COMMIT:e99bc55f020f6f3fd87bdeddef6c4b5019eb0226
PR,335918,COMMIT,4473f963c65f30e9814d28a0ca71843719ed73ad,INDIRECT,COMMIT_MODIFIES_FILE,3,PR:335918 -> COMMIT:adc9092582503ef136344e5d017aa68b3c10c944 -> FILE:src/vs/platform/agentHost/node/copilot/copilotAgentSession.ts -> COMMIT:4473f963c65f30e9814d28a0ca71843719ed73ad
PR,335918,COMMIT,4d09f70cd21712c38cb6c3c608f41da30cb4a3e9,INDIRECT,COMMIT_MODIFIES_FILE,3,PR:335918 -> COMMIT:adc9092582503ef136344e5d017aa68b3c10c944 -> FILE:src/vs/platform/agentHost/node/copilot/copilotAgentSession.ts -> COMMIT:4d09f70cd21712c38cb6c3c608f41da30cb4a3e9
PR,335918,COMMIT,02662ea87a83fcbc1b684d0240aa7134af658b1d,INDIRECT,COMMIT_MODIFIES_FILE,3,PR:335918 -> COMMIT:adc9092582503ef136344e5d017aa68b3c10c944 -> FILE:src/vs/platform/agentHost/node/copilot/copilotAgentSession.ts -> COMMIT:02662ea87a83fcbc1b684d0240aa7134af658b1d
PR,335918,COMMIT,947f30a25423d93b56ebc08c51da7a141e699c06,INDIRECT,COMMIT_MODIFIES_FILE,3,PR:335918 -> COMMIT:adc9092582503ef136344e5d017aa68b3c10c944 -> FILE:src/vs/platform/agentHost/node/copilot/copilotAgentSession.ts -> COMMIT:947f30a25423d93b56ebc08c51da7a141e699c06
PR,335918,COMMIT,cae8e71334df1e7a8eee04bd121b8d870464edb2,INDIRECT,COMMIT_MODIFIES_FILE,3,PR:335918 -> COMMIT:adc9092582503ef136344e5d017aa68b3c10c944 -> FILE:src/vs/platform/agentHost/node/copilot/copilotAgentSession.ts -> COMMIT:cae8e71334df1e7a8eee04bd121b8d870464edb2
PR,335918,COMMIT,66a631943f201b85f0e9f068984e5b040c1caf78,INDIRECT,COMMIT_MODIFIES_FILE,3,PR:335918 -> COMMIT:adc9092582503ef136344e5d017aa68b3c10c944 -> FILE:src/vs/platform/agentHost/node/copilot/copilotAgentSession.ts -> COMMIT:66a631943f201b85f0e9f068984e5b040c1caf78
PR,335918,COMMIT,1ef9accbe84ae430060a5f22be0a35d18f57e057,INDIRECT,COMMIT_MODIFIES_FILE,3,PR:335918 -> COMMIT:adc9092582503ef136344e5d017aa68b3c10c944 -> FILE:src/vs/platform/agentHost/node/copilot/copilotAgentSession.ts -> COMMIT:1ef9accbe84ae430060a5f22be0a35d18f57e057
PR,335918,COMMIT,d8eac1efa87a7fd7fe68fb8c8892f5778e89a0bb,INDIRECT,COMMIT_MODIFIES_FILE,3,PR:335918 -> COMMIT:adc9092582503ef136344e5d017aa68b3c10c944 -> FILE:src/vs/platform/agentHost/node/copilot/copilotAgentSession.ts -> COMMIT:d8eac1efa87a7fd7fe68fb8c8892f5778e89a0bb
PR,335918,COMMIT,42e50e95049e41fd2a68f12e34458a2818ca7394,INDIRECT,COMMIT_MODIFIES_FILE,3,PR:335918 -> COMMIT:adc9092582503ef136344e5d017aa68b3c10c944 -> FILE:src/vs/platform/agentHost/node/copilot/copilotAgentSession.ts -> COMMIT:42e50e95049e41fd2a68f12e34458a2818ca7394
PR,335918,COMMIT,c8e27f4c49f18b319d788773d8d3a94c85c44136,INDIRECT,COMMIT_MODIFIES_FILE,3,PR:335918 -> COMMIT:adc9092582503ef136344e5d017aa68b3c10c944 -> FILE:src/vs/platform/agentHost/node/copilot/copilotAgentSession.ts -> COMMIT:c8e27f4c49f18b319d788773d8d3a94c85c44136
PR,335918,COMMIT,dbcf50e690351a098d8c456e09fa5d4f050f2aab,INDIRECT,COMMIT_MODIFIES_FILE,3,PR:335918 -> COMMIT:adc9092582503ef136344e5d017aa68b3c10c944 -> FILE:src/vs/platform/agentHost/node/copilot/copilotAgentSession.ts -> COMMIT:dbcf50e690351a098d8c456e09fa5d4f050f2aab
PR,335918,COMMIT,498b8599116b8a96fa42d9227e09a9886b66a927,INDIRECT,COMMIT_MODIFIES_FILE,3,PR:335918 -> COMMIT:adc9092582503ef136344e5d017aa68b3c10c944 -> FILE:src/vs/platform/agentHost/node/copilot/copilotAgentSession.ts -> COMMIT:498b8599116b8a96fa42d9227e09a9886b66a927
PR,335918,COMMIT,91b99c4755eca10dab18ad9c508e0d5828305c8e,INDIRECT,COMMIT_MODIFIES_FILE,3,PR:335918 -> COMMIT:adc9092582503ef136344e5d017aa68b3c10c944 -> FILE:src/vs/platform/agentHost/node/copilot/copilotAgentSession.ts -> COMMIT:91b99c4755eca10dab18ad9c508e0d5828305c8e
PR,335918,COMMIT,7e2abdd83fe38aec0371c5b123dafb29fa71f257,INDIRECT,COMMIT_MODIFIES_FILE,3,PR:335918 -> COMMIT:adc9092582503ef136344e5d017aa68b3c10c944 -> FILE:src/vs/platform/agentHost/node/copilot/copilotAgentSession.ts -> COMMIT:7e2abdd83fe38aec0371c5b123dafb29fa71f257
PR,335918,COMMIT,cf3e1adaaa0551b810f3797abe058fe32df15faf,INDIRECT,COMMIT_MODIFIES_FILE,3,PR:335918 -> COMMIT:adc9092582503ef136344e5d017aa68b3c10c944 -> FILE:src/vs/platform/agentHost/node/copilot/copilotAgentSession.ts -> COMMIT:cf3e1adaaa0551b810f3797abe058fe32df15faf
PR,335918,COMMIT,d97bfb9069fed5e16748baee554518a3f209c723,INDIRECT,COMMIT_MODIFIES_FILE,3,PR:335918 -> COMMIT:adc9092582503ef136344e5d017aa68b3c10c944 -> FILE:src/vs/platform/agentHost/node/copilot/copilotAgentSession.ts -> COMMIT:d97bfb9069fed5e16748baee554518a3f209c723
PR,335918,COMMIT,c64d68e60d6b7edcc61370d64d87da4fb7ae023e,INDIRECT,COMMIT_MODIFIES_FILE,3,PR:335918 -> COMMIT:adc9092582503ef136344e5d017aa68b3c10c944 -> FILE:src/vs/platform/agentHost/node/copilot/copilotAgentSession.ts -> COMMIT:c64d68e60d6b7edcc61370d64d87da4fb7ae023e
PR,335918,COMMIT,3e210b33ae814fcd221b36d4f083e3daf197693d,INDIRECT,COMMIT_MODIFIES_FILE,3,PR:335918 -> COMMIT:adc9092582503ef136344e5d017aa68b3c10c944 -> FILE:src/vs/platform/agentHost/node/copilot/copilotAgentSession.ts -> COMMIT:3e210b33ae814fcd221b36d4f083e3daf197693d
PR,335918,COMMIT,a9276595f606b037f6f4da0d01e8dcc4f8f0dc14,INDIRECT,COMMIT_MODIFIES_FILE,3,PR:335918 -> COMMIT:adc9092582503ef136344e5d017aa68b3c10c944 -> FILE:src/vs/platform/agentHost/node/copilot/copilotAgentSession.ts -> COMMIT:a9276595f606b037f6f4da0d01e8dcc4f8f0dc14
PR,335918,COMMIT,d46c3931ccaace0ad4e4d183d5058b2d5bbd5e46,INDIRECT,COMMIT_MODIFIES_FILE,3,PR:335918 -> COMMIT:adc9092582503ef136344e5d017aa68b3c10c944 -> FILE:src/vs/platform/agentHost/node/copilot/copilotAgentSession.ts -> COMMIT:d46c3931ccaace0ad4e4d183d5058b2d5bbd5e46
PR,335918,COMMIT,e5d75df41a3a0ce4967901fafefe028f961103d3,INDIRECT,COMMIT_MODIFIES_FILE,3,PR:335918 -> COMMIT:adc9092582503ef136344e5d017aa68b3c10c944 -> FILE:src/vs/platform/agentHost/node/copilot/copilotAgentSession.ts -> COMMIT:e5d75df41a3a0ce4967901fafefe028f961103d3
PR,335918,COMMIT,5c178cd50a2b793cee8827d3a7f44f80f9e461d6,INDIRECT,COMMIT_MODIFIES_FILE,3,PR:335918 -> COMMIT:adc9092582503ef136344e5d017aa68b3c10c944 -> FILE:src/vs/platform/agentHost/node/copilot/copilotAgentSession.ts -> COMMIT:5c178cd50a2b793cee8827d3a7f44f80f9e461d6
PR,335918,COMMIT,1f3b63d50c2f9dfbdc4c830a929e0aee6d6b6f03,INDIRECT,COMMIT_MODIFIES_FILE,3,PR:335918 -> COMMIT:adc9092582503ef136344e5d017aa68b3c10c944 -> FILE:src/vs/platform/agentHost/node/copilot/copilotAgentSession.ts -> COMMIT:1f3b63d50c2f9dfbdc4c830a929e0aee6d6b6f03
PR,335918,COMMIT,73230594ed349b9454f596c1625e988d7ab4ab07,INDIRECT,COMMIT_MODIFIES_FILE,3,PR:335918 -> COMMIT:adc9092582503ef136344e5d017aa68b3c10c944 -> FILE:src/vs/platform/agentHost/node/copilot/copilotAgentSession.ts -> COMMIT:73230594ed349b9454f596c1625e988d7ab4ab07
PR,335918,COMMIT,dc398efbef779b6792d2975c671fd964c8fcc80d,INDIRECT,COMMIT_MODIFIES_FILE,3,PR:335918 -> COMMIT:adc9092582503ef136344e5d017aa68b3c10c944 -> FILE:src/vs/platform/agentHost/node/copilot/copilotAgentSession.ts -> COMMIT:dc398efbef779b6792d2975c671fd964c8fcc80d
PR,335918,COMMIT,a9aae0c345bc8977fd53c5b171e8b431676df378,INDIRECT,COMMIT_MODIFIES_FILE,3,PR:335918 -> COMMIT:adc9092582503ef136344e5d017aa68b3c10c944 -> FILE:src/vs/platform/agentHost/node/copilot/copilotAgentSession.ts -> COMMIT:a9aae0c345bc8977fd53c5b171e8b431676df378
PR,335918,COMMIT,0156fd153d5bdf84586f666be85623c1718c7da7,INDIRECT,COMMIT_MODIFIES_FILE,3,PR:335918 -> COMMIT:adc9092582503ef136344e5d017aa68b3c10c944 -> FILE:src/vs/platform/agentHost/node/copilot/copilotAgentSession.ts -> COMMIT:0156fd153d5bdf84586f666be85623c1718c7da7
PR,335918,COMMIT,f55a9fdfeac49340c8a3a3ac2245f3902991e971,INDIRECT,COMMIT_MODIFIES_FILE,3,PR:335918 -> COMMIT:adc9092582503ef136344e5d017aa68b3c10c944 -> FILE:src/vs/platform/agentHost/node/copilot/copilotAgentSession.ts -> COMMIT:f55a9fdfeac49340c8a3a3ac2245f3902991e971
PR,335918,COMMIT,b1c0255638baefe3d1db910ad4f7b7ed0fd47689,INDIRECT,COMMIT_MODIFIES_FILE,3,PR:335918 -> COMMIT:adc9092582503ef136344e5d017aa68b3c10c944 -> FILE:src/vs/platform/agentHost/node/copilot/copilotAgentSession.ts -> COMMIT:b1c0255638baefe3d1db910ad4f7b7ed0fd47689
PR,335918,COMMIT,fb5883e299b9cdc9a317c30c0e41007a82c17790,INDIRECT,COMMIT_MODIFIES_FILE,3,PR:335918 -> COMMIT:adc9092582503ef136344e5d017aa68b3c10c944 -> FILE:src/vs/platform/agentHost/node/copilot/copilotAgentSession.ts -> COMMIT:fb5883e299b9cdc9a317c30c0e41007a82c17790
PR,335918,COMMIT,27ce7bf4578d65d7cf6a3796c8cef054f7f5d221,INDIRECT,COMMIT_MODIFIES_FILE,3,PR:335918 -> COMMIT:adc9092582503ef136344e5d017aa68b3c10c944 -> FILE:src/vs/platform/agentHost/node/copilot/copilotAgentSession.ts -> COMMIT:27ce7bf4578d65d7cf6a3796c8cef054f7f5d221
PR,335918,COMMIT,c9aed0aa99c97b839825c4ab852c691f12ea2722,INDIRECT,COMMIT_MODIFIES_FILE,3,PR:335918 -> COMMIT:adc9092582503ef136344e5d017aa68b3c10c944 -> FILE:src/vs/platform/agentHost/node/copilot/copilotAgentSession.ts -> COMMIT:c9aed0aa99c97b839825c4ab852c691f12ea2722
PR,335918,COMMIT,9aaa7bfdcdd5035a06c33ab660880115ad29df50,INDIRECT,COMMIT_MODIFIES_FILE,3,PR:335918 -> COMMIT:adc9092582503ef136344e5d017aa68b3c10c944 -> FILE:src/vs/platform/agentHost/node/copilot/copilotAgentSession.ts -> COMMIT:9aaa7bfdcdd5035a06c33ab660880115ad29df50
PR,335918,COMMIT,49b20d3191c2b462a6ba807853800851d8848af2,INDIRECT,COMMIT_MODIFIES_FILE,3,PR:335918 -> COMMIT:adc9092582503ef136344e5d017aa68b3c10c944 -> FILE:src/vs/platform/agentHost/node/copilot/copilotAgentSession.ts -> COMMIT:49b20d3191c2b462a6ba807853800851d8848af2
PR,335918,COMMIT,5cc326a5cc9dee586f429c945d4e409561a2ecb5,INDIRECT,COMMIT_MODIFIES_FILE,3,PR:335918 -> COMMIT:adc9092582503ef136344e5d017aa68b3c10c944 -> FILE:src/vs/platform/agentHost/node/copilot/copilotAgentSession.ts -> COMMIT:5cc326a5cc9dee586f429c945d4e409561a2ecb5
PR,335918,COMMIT,05bb38c979359601426e173216ef04ba03b2c528,INDIRECT,COMMIT_MODIFIES_FILE,3,PR:335918 -> COMMIT:adc9092582503ef136344e5d017aa68b3c10c944 -> FILE:src/vs/platform/agentHost/node/copilot/copilotAgentSession.ts -> COMMIT:05bb38c979359601426e173216ef04ba03b2c528
PR,335918,COMMIT,6b2e153160962757883548f89cf2f29179dcd76a,INDIRECT,COMMIT_MODIFIES_FILE,3,PR:335918 -> COMMIT:adc9092582503ef136344e5d017aa68b3c10c944 -> FILE:src/vs/platform/agentHost/node/copilot/copilotAgentSession.ts -> COMMIT:6b2e153160962757883548f89cf2f29179dcd76a
PR,335918,COMMIT,2c2666965c56d81c6a180b2846f528788a9c9a80,INDIRECT,COMMIT_MODIFIES_FILE,3,PR:335918 -> COMMIT:adc9092582503ef136344e5d017aa68b3c10c944 -> FILE:src/vs/platform/agentHost/node/copilot/copilotAgentSession.ts -> COMMIT:2c2666965c56d81c6a180b2846f528788a9c9a80
PR,335918,COMMIT,59f4d0f976b3280ddb3cbecb6ec3c61612141350,INDIRECT,COMMIT_MODIFIES_FILE,3,PR:335918 -> COMMIT:adc9092582503ef136344e5d017aa68b3c10c944 -> FILE:src/vs/platform/agentHost/node/copilot/copilotAgentSession.ts -> COMMIT:59f4d0f976b3280ddb3cbecb6ec3c61612141350
PR,335918,COMMIT,d3816e37084f05b38097b728dd19ab9c430290f1,INDIRECT,COMMIT_MODIFIES_FILE,3,PR:335918 -> COMMIT:adc9092582503ef136344e5d017aa68b3c10c944 -> FILE:src/vs/platform/agentHost/node/copilot/copilotAgentSession.ts -> COMMIT:d3816e37084f05b38097b728dd19ab9c430290f1
PR,335918,COMMIT,63861a096f344d867ac3e9bf8fc28568dd2edaba,INDIRECT,COMMIT_MODIFIES_FILE,3,PR:335918 -> COMMIT:adc9092582503ef136344e5d017aa68b3c10c944 -> FILE:src/vs/platform/agentHost/node/copilot/copilotAgentSession.ts -> COMMIT:63861a096f344d867ac3e9bf8fc28568dd2edaba
PR,335918,COMMIT,2c7f0e61203ba0926a6d2b1006bed603842ccf57,INDIRECT,COMMIT_MODIFIES_FILE,3,PR:335918 -> COMMIT:adc9092582503ef136344e5d017aa68b3c10c944 -> FILE:src/vs/platform/agentHost/node/copilot/copilotAgentSession.ts -> COMMIT:2c7f0e61203ba0926a6d2b1006bed603842ccf57
PR,335918,COMMIT,89c7dc3720f8966fce7bc76526a8410559021fc3,INDIRECT,COMMIT_MODIFIES_FILE,3,PR:335918 -> COMMIT:adc9092582503ef136344e5d017aa68b3c10c944 -> FILE:src/vs/platform/agentHost/node/copilot/copilotAgentSession.ts -> COMMIT:89c7dc3720f8966fce7bc76526a8410559021fc3
PR,335918,COMMIT,6d5903b4b8e446ace3ab399f78189168fdb8e0cd,INDIRECT,COMMIT_MODIFIES_FILE,3,PR:335918 -> COMMIT:adc9092582503ef136344e5d017aa68b3c10c944 -> FILE:src/vs/platform/agentHost/node/copilot/copilotAgentSession.ts -> COMMIT:6d5903b4b8e446ace3ab399f78189168fdb8e0cd
PR,335918,COMMIT,1140c8fce1188c543badc745ee65bf79b6ccc7e6,INDIRECT,COMMIT_MODIFIES_FILE,3,PR:335918 -> COMMIT:adc9092582503ef136344e5d017aa68b3c10c944 -> FILE:src/vs/platform/agentHost/node/copilot/copilotAgentSession.ts -> COMMIT:1140c8fce1188c543badc745ee65bf79b6ccc7e6
PR,335918,COMMIT,b19f9138b05d20e790d6c5d7428957d7b1430b7c,INDIRECT,COMMIT_MODIFIES_FILE,3,PR:335918 -> COMMIT:adc9092582503ef136344e5d017aa68b3c10c944 -> FILE:src/vs/platform/agentHost/node/copilot/copilotAgentSession.ts -> COMMIT:b19f9138b05d20e790d6c5d7428957d7b1430b7c
PR,335918,COMMIT,efe9ff32c1c038a56c6d3ef14f3ec6b3fd2ea4b9,INDIRECT,COMMIT_MODIFIES_FILE,3,PR:335918 -> COMMIT:adc9092582503ef136344e5d017aa68b3c10c944 -> FILE:src/vs/platform/agentHost/node/copilot/copilotAgentSession.ts -> COMMIT:efe9ff32c1c038a56c6d3ef14f3ec6b3fd2ea4b9
PR,335918,COMMIT,18d65147036f54a4b9ba52262ea087771380db82,INDIRECT,COMMIT_MODIFIES_FILE,3,PR:335918 -> COMMIT:adc9092582503ef136344e5d017aa68b3c10c944 -> FILE:src/vs/platform/agentHost/node/copilot/copilotAgentSession.ts -> COMMIT:18d65147036f54a4b9ba52262ea087771380db82
PR,335918,COMMIT,cdf3716830f8e36bba139e16581e052a1e3ca54c,INDIRECT,COMMIT_MODIFIES_FILE,3,PR:335918 -> COMMIT:adc9092582503ef136344e5d017aa68b3c10c944 -> FILE:src/vs/platform/agentHost/node/copilot/copilotAgentSession.ts -> COMMIT:cdf3716830f8e36bba139e16581e052a1e3ca54c
PR,335918,COMMIT,aa5eef03c2ecdc3e4ad35c1e6bee851f128fa781,INDIRECT,COMMIT_MODIFIES_FILE,3,PR:335918 -> COMMIT:adc9092582503ef136344e5d017aa68b3c10c944 -> FILE:src/vs/platform/agentHost/node/copilot/copilotAgentSession.ts -> COMMIT:aa5eef03c2ecdc3e4ad35c1e6bee851f128fa781
PR,335918,COMMIT,77f3d11310679cadcad0c4e1c47aa1f3066cd803,INDIRECT,COMMIT_MODIFIES_FILE,3,PR:335918 -> COMMIT:adc9092582503ef136344e5d017aa68b3c10c944 -> FILE:src/vs/platform/agentHost/node/copilot/copilotAgentSession.ts -> COMMIT:77f3d11310679cadcad0c4e1c47aa1f3066cd803
PR,335918,COMMIT,bf4b145ee9eafce4a2d8faf3199b3831b157f9e7,INDIRECT,COMMIT_MODIFIES_FILE,3,PR:335918 -> COMMIT:adc9092582503ef136344e5d017aa68b3c10c944 -> FILE:src/vs/platform/agentHost/node/copilot/copilotAgentSession.ts -> COMMIT:bf4b145ee9eafce4a2d8faf3199b3831b157f9e7
PR,335918,COMMIT,42aa93902d7be466154782a2cfc71aa0ec2cea98,INDIRECT,COMMIT_MODIFIES_FILE,3,PR:335918 -> COMMIT:adc9092582503ef136344e5d017aa68b3c10c944 -> FILE:src/vs/platform/agentHost/node/copilot/copilotAgentSession.ts -> COMMIT:42aa93902d7be466154782a2cfc71aa0ec2cea98
PR,335918,COMMIT,2d2810ec28e239c5fbff9a19de6fe4085cb4fa72,INDIRECT,COMMIT_MODIFIES_FILE,3,PR:335918 -> COMMIT:adc9092582503ef136344e5d017aa68b3c10c944 -> FILE:src/vs/platform/agentHost/node/copilot/copilotAgentSession.ts -> COMMIT:2d2810ec28e239c5fbff9a19de6fe4085cb4fa72
PR,335918,COMMIT,5be2a8df86b4ce7c43b743928f579cccdaf56166,INDIRECT,COMMIT_MODIFIES_FILE,3,PR:335918 -> COMMIT:adc9092582503ef136344e5d017aa68b3c10c944 -> FILE:src/vs/platform/agentHost/node/copilot/copilotAgentSession.ts -> COMMIT:5be2a8df86b4ce7c43b743928f579cccdaf56166
PR,335918,COMMIT,35e3efcb86c78d8ca96f3b3fb9b46531105d3dc6,INDIRECT,COMMIT_MODIFIES_FILE,3,PR:335918 -> COMMIT:adc9092582503ef136344e5d017aa68b3c10c944 -> FILE:src/vs/platform/agentHost/node/copilot/copilotAgentSession.ts -> COMMIT:35e3efcb86c78d8ca96f3b3fb9b46531105d3dc6
PR,335918,COMMIT,6265186fa31150641005613c9e59f92a1d9e1bda,INDIRECT,COMMIT_MODIFIES_FILE,3,PR:335918 -> COMMIT:adc9092582503ef136344e5d017aa68b3c10c944 -> FILE:src/vs/platform/agentHost/node/copilot/copilotAgentSession.ts -> COMMIT:6265186fa31150641005613c9e59f92a1d9e1bda
PR,335918,COMMIT,10e6f5454bad385792ee9461f9506403ca8502f5,INDIRECT,COMMIT_MODIFIES_FILE,3,PR:335918 -> COMMIT:adc9092582503ef136344e5d017aa68b3c10c944 -> FILE:src/vs/platform/agentHost/node/copilot/copilotAgentSession.ts -> COMMIT:10e6f5454bad385792ee9461f9506403ca8502f5
PR,335918,COMMIT,3c8873b59ded46f5aa765fc16c99e90dfd52c9f9,INDIRECT,COMMIT_MODIFIES_FILE,3,PR:335918 -> COMMIT:adc9092582503ef136344e5d017aa68b3c10c944 -> FILE:src/vs/platform/agentHost/node/copilot/copilotAgentSession.ts -> COMMIT:3c8873b59ded46f5aa765fc16c99e90dfd52c9f9
PR,335918,COMMIT,392e2d49b1daafbb893a71b77812be9f74392ff8,INDIRECT,COMMIT_MODIFIES_FILE,3,PR:335918 -> COMMIT:adc9092582503ef136344e5d017aa68b3c10c944 -> FILE:src/vs/platform/agentHost/node/copilot/copilotAgentSession.ts -> COMMIT:392e2d49b1daafbb893a71b77812be9f74392ff8
PR,335918,COMMIT,4bb7b551220c7d0a3664e8b3812a89ca1b3a9d62,INDIRECT,COMMIT_MODIFIES_FILE,3,PR:335918 -> COMMIT:adc9092582503ef136344e5d017aa68b3c10c944 -> FILE:src/vs/platform/agentHost/node/copilot/copilotAgentSession.ts -> COMMIT:4bb7b551220c7d0a3664e8b3812a89ca1b3a9d62
PR,335918,COMMIT,c12dd98f5aac2ca17ab2bb210b8da047d497fea6,INDIRECT,COMMIT_MODIFIES_FILE,3,PR:335918 -> COMMIT:adc9092582503ef136344e5d017aa68b3c10c944 -> FILE:src/vs/platform/agentHost/node/copilot/copilotAgentSession.ts -> COMMIT:c12dd98f5aac2ca17ab2bb210b8da047d497fea6
PR,335918,COMMIT,83aafcc5d3e24e0ec9edbffd7b6bcb1911947963,INDIRECT,COMMIT_MODIFIES_FILE,3,PR:335918 -> COMMIT:adc9092582503ef136344e5d017aa68b3c10c944 -> FILE:src/vs/platform/agentHost/node/copilot/copilotAgentSession.ts -> COMMIT:83aafcc5d3e24e0ec9edbffd7b6bcb1911947963
PR,335918,COMMIT,ecd7215c5c0686c5b4d0eccec4bd60a4b40742ea,INDIRECT,COMMIT_MODIFIES_FILE,3,PR:335918 -> COMMIT:adc9092582503ef136344e5d017aa68b3c10c944 -> FILE:src/vs/platform/agentHost/node/copilot/copilotAgentSession.ts -> COMMIT:ecd7215c5c0686c5b4d0eccec4bd60a4b40742ea
PR,335918,COMMIT,5ad83c2c286cb0d3a9e97eb32834a6d02ebdc03a,INDIRECT,COMMIT_MODIFIES_FILE,3,PR:335918 -> COMMIT:adc9092582503ef136344e5d017aa68b3c10c944 -> FILE:src/vs/platform/agentHost/node/copilot/copilotAgentSession.ts -> COMMIT:5ad83c2c286cb0d3a9e97eb32834a6d02ebdc03a
PR,335918,COMMIT,ca489067d86663b55ff07c9e115860c8206da45a,INDIRECT,COMMIT_MODIFIES_FILE,3,PR:335918 -> COMMIT:adc9092582503ef136344e5d017aa68b3c10c944 -> FILE:src/vs/platform/agentHost/node/copilot/copilotAgentSession.ts -> COMMIT:ca489067d86663b55ff07c9e115860c8206da45a
PR,335918,COMMIT,4d439f1a534f7397d8c1c13394fa576b154821a5,INDIRECT,COMMIT_MODIFIES_FILE,3,PR:335918 -> COMMIT:adc9092582503ef136344e5d017aa68b3c10c944 -> FILE:src/vs/platform/agentHost/node/copilot/copilotAgentSession.ts -> COMMIT:4d439f1a534f7397d8c1c13394fa576b154821a5
PR,335918,COMMIT,42dc9e0681d3945a2f16a9871b517fe1f87dff3d,INDIRECT,COMMIT_MODIFIES_FILE,3,PR:335918 -> COMMIT:adc9092582503ef136344e5d017aa68b3c10c944 -> FILE:src/vs/platform/agentHost/node/copilot/copilotAgentSession.ts -> COMMIT:42dc9e0681d3945a2f16a9871b517fe1f87dff3d
PR,335918,COMMIT,02174e0b146b16594e977c76334c6e45f1e11e63,INDIRECT,COMMIT_MODIFIES_FILE,3,PR:335918 -> COMMIT:adc9092582503ef136344e5d017aa68b3c10c944 -> FILE:src/vs/platform/agentHost/node/copilot/copilotAgentSession.ts -> COMMIT:02174e0b146b16594e977c76334c6e45f1e11e63
PR,335918,COMMIT,a374c21fa006ac9818693b65b04555d3684a89fa,INDIRECT,COMMIT_MODIFIES_FILE,3,PR:335918 -> COMMIT:adc9092582503ef136344e5d017aa68b3c10c944 -> FILE:src/vs/platform/agentHost/node/copilot/copilotAgentSession.ts -> COMMIT:a374c21fa006ac9818693b65b04555d3684a89fa
PR,335918,COMMIT,fb615a5b2ba6748a7950e929f9cb2ff6432fd616,INDIRECT,COMMIT_MODIFIES_FILE,3,PR:335918 -> COMMIT:adc9092582503ef136344e5d017aa68b3c10c944 -> FILE:src/vs/platform/agentHost/node/copilot/copilotAgentSession.ts -> COMMIT:fb615a5b2ba6748a7950e929f9cb2ff6432fd616
PR,335918,COMMIT,de35afa66773cb9c6846297c5638c00a634eee0c,INDIRECT,COMMIT_MODIFIES_FILE,3,PR:335918 -> COMMIT:adc9092582503ef136344e5d017aa68b3c10c944 -> FILE:src/vs/platform/agentHost/node/copilot/copilotAgentSession.ts -> COMMIT:de35afa66773cb9c6846297c5638c00a634eee0c
PR,335918,COMMIT,209d252a1c24bd75489ca553ee26177bb8f3d104,INDIRECT,COMMIT_MODIFIES_FILE,3,PR:335918 -> COMMIT:adc9092582503ef136344e5d017aa68b3c10c944 -> FILE:src/vs/platform/agentHost/node/copilot/copilotAgentSession.ts -> COMMIT:209d252a1c24bd75489ca553ee26177bb8f3d104
PR,335918,COMMIT,cd58727e13fedb9c2f555b2a9cc0f0feaf0c585d,INDIRECT,COMMIT_MODIFIES_FILE,3,PR:335918 -> COMMIT:adc9092582503ef136344e5d017aa68b3c10c944 -> FILE:src/vs/platform/agentHost/node/copilot/copilotAgentSession.ts -> COMMIT:cd58727e13fedb9c2f555b2a9cc0f0feaf0c585d
PR,335918,COMMIT,cb27ce92364f085d955bd3246b7eb624ffe7a76b,INDIRECT,COMMIT_MODIFIES_FILE,3,PR:335918 -> COMMIT:adc9092582503ef136344e5d017aa68b3c10c944 -> FILE:src/vs/platform/agentHost/node/copilot/copilotAgentSession.ts -> COMMIT:cb27ce92364f085d955bd3246b7eb624ffe7a76b
PR,335918,COMMIT,fc57b4041c6122d5d60555bc94821066aa591c63,INDIRECT,COMMIT_MODIFIES_FILE,3,PR:335918 -> COMMIT:adc9092582503ef136344e5d017aa68b3c10c944 -> FILE:src/vs/platform/agentHost/node/copilot/copilotAgentSession.ts -> COMMIT:fc57b4041c6122d5d60555bc94821066aa591c63
PR,335918,COMMIT,dbf8a66b3b18753fed6ee69314cb5492ee78e6d5,INDIRECT,COMMIT_MODIFIES_FILE,3,PR:335918 -> COMMIT:adc9092582503ef136344e5d017aa68b3c10c944 -> FILE:src/vs/platform/agentHost/node/copilot/copilotAgentSession.ts -> COMMIT:dbf8a66b3b18753fed6ee69314cb5492ee78e6d5
PR,335918,COMMIT,7b01c956fedb5622369c50d7e32dccb83e9ef0b8,INDIRECT,COMMIT_MODIFIES_FILE,3,PR:335918 -> COMMIT:adc9092582503ef136344e5d017aa68b3c10c944 -> FILE:src/vs/platform/agentHost/node/copilot/copilotAgentSession.ts -> COMMIT:7b01c956fedb5622369c50d7e32dccb83e9ef0b8
PR,335918,COMMIT,f5c774663f0d7b1d828c96976504abd5dfcc77b1,INDIRECT,COMMIT_MODIFIES_FILE,3,PR:335918 -> COMMIT:adc9092582503ef136344e5d017aa68b3c10c944 -> FILE:src/vs/platform/agentHost/node/copilot/copilotAgentSession.ts -> COMMIT:f5c774663f0d7b1d828c96976504abd5dfcc77b1
PR,335918,COMMIT,99b12b6695e3ae3aead811c825a732a51ab5e961,INDIRECT,COMMIT_MODIFIES_FILE,3,PR:335918 -> COMMIT:adc9092582503ef136344e5d017aa68b3c10c944 -> FILE:src/vs/platform/agentHost/node/copilot/copilotAgentSession.ts -> COMMIT:99b12b6695e3ae3aead811c825a732a51ab5e961
PR,335918,COMMIT,238083da4b307ce33181ddea958a74ee5473d592,INDIRECT,COMMIT_MODIFIES_FILE,3,PR:335918 -> COMMIT:adc9092582503ef136344e5d017aa68b3c10c944 -> FILE:src/vs/platform/agentHost/node/copilot/copilotAgentSession.ts -> COMMIT:238083da4b307ce33181ddea958a74ee5473d592
PR,335918,COMMIT,76c8ca22736f170307efd1925624b2c02a7952d0,INDIRECT,COMMIT_MODIFIES_FILE,3,PR:335918 -> COMMIT:adc9092582503ef136344e5d017aa68b3c10c944 -> FILE:src/vs/platform/agentHost/node/copilot/copilotAgentSession.ts -> COMMIT:76c8ca22736f170307efd1925624b2c02a7952d0
PR,335918,COMMIT,89c625d14f3b286a6fbaf21113539b6de6e5a338,INDIRECT,COMMIT_MODIFIES_FILE,3,PR:335918 -> COMMIT:adc9092582503ef136344e5d017aa68b3c10c944 -> FILE:src/vs/platform/agentHost/node/copilot/copilotAgentSession.ts -> COMMIT:89c625d14f3b286a6fbaf21113539b6de6e5a338
PR,335918,COMMIT,e29e864735d70ebb88c2939d4e572fe9c5de0bc8,INDIRECT,COMMIT_MODIFIES_FILE,3,PR:335918 -> COMMIT:adc9092582503ef136344e5d017aa68b3c10c944 -> FILE:src/vs/platform/agentHost/node/copilot/copilotAgentSession.ts -> COMMIT:e29e864735d70ebb88c2939d4e572fe9c5de0bc8
PR,335918,COMMIT,cf790c0998cb540fbe9c2df04ea7de495b153da7,INDIRECT,COMMIT_MODIFIES_FILE,3,PR:335918 -> COMMIT:adc9092582503ef136344e5d017aa68b3c10c944 -> FILE:src/vs/platform/agentHost/node/copilot/copilotAgentSession.ts -> COMMIT:cf790c0998cb540fbe9c2df04ea7de495b153da7
PR,335918,COMMIT,649a8a53f878ed27660d16f026ea2760c4db1bc0,INDIRECT,COMMIT_MODIFIES_FILE,3,PR:335918 -> COMMIT:adc9092582503ef136344e5d017aa68b3c10c944 -> FILE:src/vs/platform/agentHost/node/copilot/copilotAgentSession.ts -> COMMIT:649a8a53f878ed27660d16f026ea2760c4db1bc0
PR,335918,COMMIT,43386b4e10906c2c2f78f4b1a06f6a56e9746aca,INDIRECT,COMMIT_MODIFIES_FILE,3,PR:335918 -> COMMIT:adc9092582503ef136344e5d017aa68b3c10c944 -> FILE:src/vs/platform/agentHost/node/copilot/copilotAgentSession.ts -> COMMIT:43386b4e10906c2c2f78f4b1a06f6a56e9746aca
PR,335918,COMMIT,c1ff31722abb775e7f20ec2d1cb01ee4739bb347,INDIRECT,COMMIT_MODIFIES_FILE,3,PR:335918 -> COMMIT:adc9092582503ef136344e5d017aa68b3c10c944 -> FILE:src/vs/platform/agentHost/node/copilot/copilotAgentSession.ts -> COMMIT:c1ff31722abb775e7f20ec2d1cb01ee4739bb347
PR,335918,COMMIT,007b726293cd8d8a0171382e9d3105b0a4ea1c18,INDIRECT,COMMIT_MODIFIES_FILE,3,PR:335918 -> COMMIT:adc9092582503ef136344e5d017aa68b3c10c944 -> FILE:src/vs/platform/agentHost/node/copilot/copilotAgentSession.ts -> COMMIT:007b726293cd8d8a0171382e9d3105b0a4ea1c18
PR,335918,COMMIT,5915fc1f0a5443e258f91c52ea6e3bb438c0146a,INDIRECT,COMMIT_MODIFIES_FILE,3,PR:335918 -> COMMIT:adc9092582503ef136344e5d017aa68b3c10c944 -> FILE:src/vs/platform/agentHost/node/copilot/copilotAgentSession.ts -> COMMIT:5915fc1f0a5443e258f91c52ea6e3bb438c0146a
PR,335918,COMMIT,0c8ece39a986c901474705508ca94857523bdc76,INDIRECT,COMMIT_MODIFIES_FILE,3,PR:335918 -> COMMIT:adc9092582503ef136344e5d017aa68b3c10c944 -> FILE:src/vs/platform/agentHost/node/copilot/copilotAgentSession.ts -> COMMIT:0c8ece39a986c901474705508ca94857523bdc76
PR,335918,COMMIT,de6ea36c9e3ed055e2ff0dcd00759d672c2f4e96,INDIRECT,COMMIT_MODIFIES_FILE,3,PR:335918 -> COMMIT:adc9092582503ef136344e5d017aa68b3c10c944 -> FILE:src/vs/platform/agentHost/node/copilot/copilotAgentSession.ts -> COMMIT:de6ea36c9e3ed055e2ff0dcd00759d672c2f4e96
PR,335918,COMMIT,6bffc5df99526bc0655327d17d78650f2a6886e0,INDIRECT,COMMIT_MODIFIES_FILE,3,PR:335918 -> COMMIT:adc9092582503ef136344e5d017aa68b3c10c944 -> FILE:src/vs/platform/agentHost/node/copilot/copilotAgentSession.ts -> COMMIT:6bffc5df99526bc0655327d17d78650f2a6886e0
PR,335918,COMMIT,227229e04052c532e14810a2886b45cfe4abafa6,INDIRECT,COMMIT_MODIFIES_FILE,3,PR:335918 -> COMMIT:adc9092582503ef136344e5d017aa68b3c10c944 -> FILE:src/vs/platform/agentHost/node/copilot/copilotAgentSession.ts -> COMMIT:227229e04052c532e14810a2886b45cfe4abafa6
PR,335918,COMMIT,bf494615aaa254adcd2189a7b7b98a6096b87102,INDIRECT,COMMIT_MODIFIES_FILE,3,PR:335918 -> COMMIT:adc9092582503ef136344e5d017aa68b3c10c944 -> FILE:src/vs/platform/agentHost/node/copilot/copilotAgentSession.ts -> COMMIT:bf494615aaa254adcd2189a7b7b98a6096b87102
PR,335918,COMMIT,d29f36115161f1274cb5c8ffa44c3ca04204a053,INDIRECT,COMMIT_MODIFIES_FILE,3,PR:335918 -> COMMIT:adc9092582503ef136344e5d017aa68b3c10c944 -> FILE:src/vs/platform/agentHost/node/copilot/copilotAgentSession.ts -> COMMIT:d29f36115161f1274cb5c8ffa44c3ca04204a053
PR,335918,COMMIT,8508eee4bbf316f31aca2dad4fdd9644c9dc439d,INDIRECT,COMMIT_MODIFIES_FILE,3,PR:335918 -> COMMIT:adc9092582503ef136344e5d017aa68b3c10c944 -> FILE:src/vs/platform/agentHost/node/copilot/copilotAgentSession.ts -> COMMIT:8508eee4bbf316f31aca2dad4fdd9644c9dc439d
PR,335918,COMMIT,9146dc8af9aa800afec43a9c351a37e6697757b4,INDIRECT,COMMIT_MODIFIES_FILE,3,PR:335918 -> COMMIT:adc9092582503ef136344e5d017aa68b3c10c944 -> FILE:src/vs/platform/agentHost/node/copilot/copilotAgentSession.ts -> COMMIT:9146dc8af9aa800afec43a9c351a37e6697757b4
PR,335918,COMMIT,6c184c01afb753135dcf417c267b9adea0305350,INDIRECT,COMMIT_MODIFIES_FILE,3,PR:335918 -> COMMIT:adc9092582503ef136344e5d017aa68b3c10c944 -> FILE:src/vs/platform/agentHost/node/copilot/copilotAgentSession.ts -> COMMIT:6c184c01afb753135dcf417c267b9adea0305350
PR,335918,COMMIT,8ae6609a94e114b59cbc0aff5fe60db8dafa7490,INDIRECT,COMMIT_MODIFIES_FILE,3,PR:335918 -> COMMIT:adc9092582503ef136344e5d017aa68b3c10c944 -> FILE:src/vs/platform/agentHost/node/copilot/copilotAgentSession.ts -> COMMIT:8ae6609a94e114b59cbc0aff5fe60db8dafa7490
PR,335918,COMMIT,d65c9f72f7d94e7dc4aff53b7209f2f29794ea89,INDIRECT,COMMIT_MODIFIES_FILE,3,PR:335918 -> COMMIT:adc9092582503ef136344e5d017aa68b3c10c944 -> FILE:src/vs/platform/agentHost/node/copilot/copilotAgentSession.ts -> COMMIT:d65c9f72f7d94e7dc4aff53b7209f2f29794ea89
PR,335918,COMMIT,529029b9bb202f1cb779449856031fd3fa35fbc2,INDIRECT,COMMIT_MODIFIES_FILE,3,PR:335918 -> COMMIT:adc9092582503ef136344e5d017aa68b3c10c944 -> FILE:src/vs/platform/agentHost/node/copilot/copilotAgentSession.ts -> COMMIT:529029b9bb202f1cb779449856031fd3fa35fbc2
PR,335918,COMMIT,a5155ea74f2163658d0297f718632b685c2a1886,INDIRECT,COMMIT_MODIFIES_FILE,3,PR:335918 -> COMMIT:adc9092582503ef136344e5d017aa68b3c10c944 -> FILE:src/vs/platform/agentHost/node/copilot/copilotAgentSession.ts -> COMMIT:a5155ea74f2163658d0297f718632b685c2a1886
PR,335918,COMMIT,cf86d5e76b3fad504b07e9bef5ab1594470baab1,INDIRECT,COMMIT_MODIFIES_FILE,3,PR:335918 -> COMMIT:adc9092582503ef136344e5d017aa68b3c10c944 -> FILE:src/vs/platform/agentHost/node/copilot/copilotAgentSession.ts -> COMMIT:cf86d5e76b3fad504b07e9bef5ab1594470baab1
PR,335918,COMMIT,9efd2625066b3c0b44121d4cc9d6d62ecc5633bd,INDIRECT,COMMIT_MODIFIES_FILE,3,PR:335918 -> COMMIT:adc9092582503ef136344e5d017aa68b3c10c944 -> FILE:src/vs/platform/agentHost/node/copilot/copilotAgentSession.ts -> COMMIT:9efd2625066b3c0b44121d4cc9d6d62ecc5633bd
PR,335918,COMMIT,359f06f504452b89d674c5e77fac8886ead41e80,INDIRECT,COMMIT_MODIFIES_FILE,3,PR:335918 -> COMMIT:adc9092582503ef136344e5d017aa68b3c10c944 -> FILE:src/vs/platform/agentHost/node/copilot/copilotAgentSession.ts -> COMMIT:359f06f504452b89d674c5e77fac8886ead41e80
PR,335918,COMMIT,22916db1dbbe62f259e1f58c216beffff7bca326,INDIRECT,COMMIT_MODIFIES_FILE,3,PR:335918 -> COMMIT:adc9092582503ef136344e5d017aa68b3c10c944 -> FILE:src/vs/platform/agentHost/node/copilot/copilotAgentSession.ts -> COMMIT:22916db1dbbe62f259e1f58c216beffff7bca326
PR,335918,COMMIT,ed0e1e1a3ad68a3427a9fbde6f8dc8b9e66f2454,INDIRECT,COMMIT_MODIFIES_FILE,3,PR:335918 -> COMMIT:adc9092582503ef136344e5d017aa68b3c10c944 -> FILE:src/vs/platform/agentHost/node/copilot/copilotAgentSession.ts -> COMMIT:ed0e1e1a3ad68a3427a9fbde6f8dc8b9e66f2454
PR,335918,COMMIT,27bc405df09d6a7b2ee5cae583df74a9fd5936a1,INDIRECT,COMMIT_MODIFIES_FILE,3,PR:335918 -> COMMIT:adc9092582503ef136344e5d017aa68b3c10c944 -> FILE:src/vs/platform/agentHost/node/copilot/copilotAgentSession.ts -> COMMIT:27bc405df09d6a7b2ee5cae583df74a9fd5936a1
PR,335918,COMMIT,771755c323693dc2f758244c9981b119c40e5501,INDIRECT,COMMIT_MODIFIES_FILE,3,PR:335918 -> COMMIT:adc9092582503ef136344e5d017aa68b3c10c944 -> FILE:src/vs/platform/agentHost/node/copilot/copilotAgentSession.ts -> COMMIT:771755c323693dc2f758244c9981b119c40e5501
PR,335918,COMMIT,ec6b49a236827a1ce0afb6e5fa32bc9641c391b7,INDIRECT,COMMIT_MODIFIES_FILE,3,PR:335918 -> COMMIT:adc9092582503ef136344e5d017aa68b3c10c944 -> FILE:src/vs/platform/agentHost/node/copilot/copilotAgentSession.ts -> COMMIT:ec6b49a236827a1ce0afb6e5fa32bc9641c391b7
PR,335918,COMMIT,9d8c7014b5b6e1252555d6cf72a25db3bbed397b,INDIRECT,COMMIT_MODIFIES_FILE,3,PR:335918 -> COMMIT:adc9092582503ef136344e5d017aa68b3c10c944 -> FILE:src/vs/platform/agentHost/node/copilot/copilotAgentSession.ts -> COMMIT:9d8c7014b5b6e1252555d6cf72a25db3bbed397b
PR,335918,COMMIT,58d8ab12fc24caf2e14344199f377743e07398f5,INDIRECT,COMMIT_MODIFIES_FILE,3,PR:335918 -> COMMIT:adc9092582503ef136344e5d017aa68b3c10c944 -> FILE:src/vs/platform/agentHost/node/copilot/copilotAgentSession.ts -> COMMIT:58d8ab12fc24caf2e14344199f377743e07398f5
PR,335918,COMMIT,e0bf50dce1f87539a116fe0e3e6f2051160d663f,INDIRECT,COMMIT_MODIFIES_FILE,3,PR:335918 -> COMMIT:adc9092582503ef136344e5d017aa68b3c10c944 -> FILE:src/vs/platform/agentHost/node/copilot/copilotAgentSession.ts -> COMMIT:e0bf50dce1f87539a116fe0e3e6f2051160d663f
PR,335918,COMMIT,58d6a91362187738558d232a95ece2c14eefa06e,INDIRECT,COMMIT_MODIFIES_FILE,3,PR:335918 -> COMMIT:adc9092582503ef136344e5d017aa68b3c10c944 -> FILE:src/vs/platform/agentHost/node/copilot/copilotAgentSession.ts -> COMMIT:58d6a91362187738558d232a95ece2c14eefa06e
PR,335918,COMMIT,132858ffdf8d691fd2f9553fb3e7747be953fdc2,INDIRECT,COMMIT_MODIFIES_FILE,3,PR:335918 -> COMMIT:adc9092582503ef136344e5d017aa68b3c10c944 -> FILE:src/vs/platform/agentHost/node/copilot/copilotAgentSession.ts -> COMMIT:132858ffdf8d691fd2f9553fb3e7747be953fdc2
PR,335918,COMMIT,27de48fdc0cbdf5aec83bba6fb1480c0f8dfbf05,INDIRECT,COMMIT_MODIFIES_FILE,3,PR:335918 -> COMMIT:adc9092582503ef136344e5d017aa68b3c10c944 -> FILE:src/vs/platform/agentHost/node/copilot/copilotAgentSession.ts -> COMMIT:27de48fdc0cbdf5aec83bba6fb1480c0f8dfbf05
PR,335918,COMMIT,6b606c6c85f184ce581f4d898e590a093e213ba3,INDIRECT,COMMIT_MODIFIES_FILE,3,PR:335918 -> COMMIT:adc9092582503ef136344e5d017aa68b3c10c944 -> FILE:src/vs/platform/agentHost/node/copilot/copilotSlashCommandCompletionProvider.ts -> COMMIT:6b606c6c85f184ce581f4d898e590a093e213ba3
PR,335918,COMMIT,a8e49f99a0ce7f9b5a7cacdf3e7ba58fe15c5282,INDIRECT,COMMIT_MODIFIES_FILE,3,PR:335918 -> COMMIT:adc9092582503ef136344e5d017aa68b3c10c944 -> FILE:src/vs/platform/agentHost/node/copilot/copilotSlashCommandCompletionProvider.ts -> COMMIT:a8e49f99a0ce7f9b5a7cacdf3e7ba58fe15c5282
PR,335918,COMMIT,642ac4307b485092ea4b344a35f670e53ac10806,INDIRECT,COMMIT_MODIFIES_FILE,3,PR:335918 -> COMMIT:adc9092582503ef136344e5d017aa68b3c10c944 -> FILE:src/vs/platform/agentHost/node/copilot/copilotSlashCommandCompletionProvider.ts -> COMMIT:642ac4307b485092ea4b344a35f670e53ac10806
PR,335918,COMMIT,859a51d515880565b41c3314c93e071e62f19c7d,INDIRECT,COMMIT_MODIFIES_FILE,3,PR:335918 -> COMMIT:adc9092582503ef136344e5d017aa68b3c10c944 -> FILE:src/vs/platform/agentHost/node/copilot/copilotSlashCommandCompletionProvider.ts -> COMMIT:859a51d515880565b41c3314c93e071e62f19c7d
PR,335918,COMMIT,5f37746b72559c905bc0478490f0ba74810d30a7,INDIRECT,COMMIT_MODIFIES_FILE,3,PR:335918 -> COMMIT:adc9092582503ef136344e5d017aa68b3c10c944 -> FILE:src/vs/platform/agentHost/node/copilot/copilotSlashCommandCompletionProvider.ts -> COMMIT:5f37746b72559c905bc0478490f0ba74810d30a7
PR,335918,COMMIT,6ed8c50465b212321c187ede43557980dacd989a,INDIRECT,COMMIT_MODIFIES_FILE,3,PR:335918 -> COMMIT:adc9092582503ef136344e5d017aa68b3c10c944 -> FILE:src/vs/platform/agentHost/node/copilot/copilotSlashCommandCompletionProvider.ts -> COMMIT:6ed8c50465b212321c187ede43557980dacd989a
PR,335918,COMMIT,3d277ec549c8aad0325d6ecac417a8eeb1330ae4,INDIRECT,COMMIT_MODIFIES_FILE,3,PR:335918 -> COMMIT:adc9092582503ef136344e5d017aa68b3c10c944 -> FILE:src/vs/platform/agentHost/node/copilot/copilotSlashCommandCompletionProvider.ts -> COMMIT:3d277ec549c8aad0325d6ecac417a8eeb1330ae4
PR,335918,COMMIT,18d3be95712815b6a9a864e746b4cd5331049523,INDIRECT,COMMIT_MODIFIES_FILE,3,PR:335918 -> COMMIT:adc9092582503ef136344e5d017aa68b3c10c944 -> FILE:src/vs/platform/agentHost/node/copilot/copilotSlashCommandCompletionProvider.ts -> COMMIT:18d3be95712815b6a9a864e746b4cd5331049523
PR,335918,COMMIT,9e04d352cdf6dc746134796496fd3a9e8989ebee,INDIRECT,COMMIT_MODIFIES_FILE,3,PR:335918 -> COMMIT:adc9092582503ef136344e5d017aa68b3c10c944 -> FILE:src/vs/platform/agentHost/node/copilot/copilotSlashCommandCompletionProvider.ts -> COMMIT:9e04d352cdf6dc746134796496fd3a9e8989ebee
PR,335918,COMMIT,e0abcacc9b6b613c2623cdc6cc07d6e95b541c2c,INDIRECT,COMMIT_MODIFIES_FILE,3,PR:335918 -> COMMIT:adc9092582503ef136344e5d017aa68b3c10c944 -> FILE:src/vs/platform/agentHost/node/copilot/copilotSlashCommandCompletionProvider.ts -> COMMIT:e0abcacc9b6b613c2623cdc6cc07d6e95b541c2c
PR,335918,COMMIT,68b2ea94e1d09c029663b3213558a2367f804c90,INDIRECT,COMMIT_MODIFIES_FILE,3,PR:335918 -> COMMIT:adc9092582503ef136344e5d017aa68b3c10c944 -> FILE:src/vs/platform/agentHost/node/copilot/copilotSlashCommandCompletionProvider.ts -> COMMIT:68b2ea94e1d09c029663b3213558a2367f804c90
PR,335918,COMMIT,1d97db8b844c8139065c38411ed60dac585220d4,INDIRECT,COMMIT_MODIFIES_FILE,3,PR:335918 -> COMMIT:adc9092582503ef136344e5d017aa68b3c10c944 -> FILE:src/vs/platform/agentHost/node/copilot/copilotSlashCommandCompletionProvider.ts -> COMMIT:1d97db8b844c8139065c38411ed60dac585220d4
PR,335918,COMMIT,acd86b2e1740792815357d254d2a5fa5fe3ec409,INDIRECT,COMMIT_MODIFIES_FILE,3,PR:335918 -> COMMIT:adc9092582503ef136344e5d017aa68b3c10c944 -> FILE:src/vs/platform/agentHost/node/copilot/copilotSlashCommandCompletionProvider.ts -> COMMIT:acd86b2e1740792815357d254d2a5fa5fe3ec409
PR,335918,COMMIT,8fb6c9e8cea64050dd9f95576074a0df8dcd178a,INDIRECT,COMMIT_MODIFIES_FILE,3,PR:335918 -> COMMIT:adc9092582503ef136344e5d017aa68b3c10c944 -> FILE:src/vs/platform/agentHost/node/copilot/copilotSlashCommandCompletionProvider.ts -> COMMIT:8fb6c9e8cea64050dd9f95576074a0df8dcd178a
PR,335918,COMMIT,32ea11f08682d292a5986035b1dbb1baa6e14464,INDIRECT,COMMIT_MODIFIES_FILE,3,PR:335918 -> COMMIT:adc9092582503ef136344e5d017aa68b3c10c944 -> FILE:src/vs/platform/agentHost/node/copilot/copilotSlashCommandCompletionProvider.ts -> COMMIT:32ea11f08682d292a5986035b1dbb1baa6e14464
PR,335918,COMMIT,df91e1af158fd12f7f7d2c8137c5c1e167274653,INDIRECT,COMMIT_MODIFIES_FILE,3,PR:335918 -> COMMIT:adc9092582503ef136344e5d017aa68b3c10c944 -> FILE:src/vs/platform/agentHost/node/copilot/copilotSlashCommandCompletionProvider.ts -> COMMIT:df91e1af158fd12f7f7d2c8137c5c1e167274653
PR,335918,COMMIT,2a9474716db66e5b1e7f2ed834f6a846c23d4a64,INDIRECT,COMMIT_MODIFIES_FILE,3,PR:335918 -> COMMIT:adc9092582503ef136344e5d017aa68b3c10c944 -> FILE:src/vs/platform/agentHost/node/copilot/copilotSlashCommandCompletionProvider.ts -> COMMIT:2a9474716db66e5b1e7f2ed834f6a846c23d4a64
PR,335918,COMMIT,a6c6881977ac7e5ba21f4f44e167d6a19a01cf2c,INDIRECT,COMMIT_MODIFIES_FILE,3,PR:335918 -> COMMIT:adc9092582503ef136344e5d017aa68b3c10c944 -> FILE:src/vs/platform/agentHost/node/copilot/copilotSlashCommandCompletionProvider.ts -> COMMIT:a6c6881977ac7e5ba21f4f44e167d6a19a01cf2c
PR,335918,COMMIT,194e07f3e8379aa2216133456fcdbb793452d048,INDIRECT,COMMIT_MODIFIES_FILE,3,PR:335918 -> COMMIT:adc9092582503ef136344e5d017aa68b3c10c944 -> FILE:src/vs/platform/agentHost/node/copilot/copilotSlashCommandCompletionProvider.ts -> COMMIT:194e07f3e8379aa2216133456fcdbb793452d048
PR,335918,COMMIT,6ecc78354deb4b45d7009ebbc39171ee0fdd4c1d,INDIRECT,COMMIT_MODIFIES_FILE,3,PR:335918 -> COMMIT:adc9092582503ef136344e5d017aa68b3c10c944 -> FILE:src/vs/platform/agentHost/node/copilot/copilotSlashCommandCompletionProvider.ts -> COMMIT:6ecc78354deb4b45d7009ebbc39171ee0fdd4c1d
PR,335918,COMMIT,444cac640af1cb09e2d22eafff9d2cedeb7b5544,INDIRECT,COMMIT_MODIFIES_FILE,3,PR:335918 -> COMMIT:adc9092582503ef136344e5d017aa68b3c10c944 -> FILE:src/vs/platform/agentHost/node/copilot/copilotSlashCommandProvider.ts -> COMMIT:444cac640af1cb09e2d22eafff9d2cedeb7b5544
PR,335918,COMMIT,278829869c15ae849e0b0a40ee72c1f5681d04f9,INDIRECT,COMMIT_MODIFIES_FILE,3,PR:335918 -> COMMIT:adc9092582503ef136344e5d017aa68b3c10c944 -> FILE:src/vs/platform/agentHost/test/node/copilotAgentSession.test.ts -> COMMIT:278829869c15ae849e0b0a40ee72c1f5681d04f9
PR,335918,COMMIT,c6e18ebd8ccf0a3dd46d5431f0c49cf9ea36a264,INDIRECT,COMMIT_MODIFIES_FILE,3,PR:335918 -> COMMIT:adc9092582503ef136344e5d017aa68b3c10c944 -> FILE:src/vs/platform/agentHost/test/node/copilotAgentSession.test.ts -> COMMIT:c6e18ebd8ccf0a3dd46d5431f0c49cf9ea36a264
PR,335918,COMMIT,8aebece44fb50a6af61da3496aa377e31df63a53,INDIRECT,COMMIT_MODIFIES_FILE,3,PR:335918 -> COMMIT:adc9092582503ef136344e5d017aa68b3c10c944 -> FILE:src/vs/platform/agentHost/test/node/copilotAgentSession.test.ts -> COMMIT:8aebece44fb50a6af61da3496aa377e31df63a53
PR,335918,COMMIT,bdb560c4a1a7730694c2bc712e376aa11009ac9b,INDIRECT,COMMIT_MODIFIES_FILE,3,PR:335918 -> COMMIT:adc9092582503ef136344e5d017aa68b3c10c944 -> FILE:src/vs/platform/agentHost/test/node/copilotAgentSession.test.ts -> COMMIT:bdb560c4a1a7730694c2bc712e376aa11009ac9b
PR,335918,COMMIT,8ebf1f60a509f4643829e165c0edf1bc9aefb82b,INDIRECT,COMMIT_MODIFIES_FILE,3,PR:335918 -> COMMIT:adc9092582503ef136344e5d017aa68b3c10c944 -> FILE:src/vs/platform/agentHost/test/node/copilotAgentSession.test.ts -> COMMIT:8ebf1f60a509f4643829e165c0edf1bc9aefb82b
PR,335918,COMMIT,3f9a954792bf2dca868e9315a34a2db0ed2a6832,INDIRECT,COMMIT_MODIFIES_FILE,3,PR:335918 -> COMMIT:adc9092582503ef136344e5d017aa68b3c10c944 -> FILE:src/vs/platform/agentHost/test/node/copilotAgentSession.test.ts -> COMMIT:3f9a954792bf2dca868e9315a34a2db0ed2a6832
PR,335918,COMMIT,2c58f3fb603d75cd17c889cadba928d9e216a13e,INDIRECT,COMMIT_MODIFIES_FILE,3,PR:335918 -> COMMIT:adc9092582503ef136344e5d017aa68b3c10c944 -> FILE:src/vs/platform/agentHost/test/node/copilotAgentSession.test.ts -> COMMIT:2c58f3fb603d75cd17c889cadba928d9e216a13e
PR,335918,COMMIT,d1b34053c6d1fbd2953f03847573708a80870137,INDIRECT,COMMIT_MODIFIES_FILE,3,PR:335918 -> COMMIT:adc9092582503ef136344e5d017aa68b3c10c944 -> FILE:src/vs/platform/agentHost/test/node/copilotAgentSession.test.ts -> COMMIT:d1b34053c6d1fbd2953f03847573708a80870137
PR,335918,COMMIT,2a900aba421f05b4406d78c90b06daf2e0d3c364,INDIRECT,COMMIT_MODIFIES_FILE,3,PR:335918 -> COMMIT:adc9092582503ef136344e5d017aa68b3c10c944 -> FILE:src/vs/platform/agentHost/test/node/copilotAgentSession.test.ts -> COMMIT:2a900aba421f05b4406d78c90b06daf2e0d3c364
PR,335918,COMMIT,f2dd8551b9694d3631d3216a51e8e40e1c878d31,INDIRECT,COMMIT_MODIFIES_FILE,3,PR:335918 -> COMMIT:adc9092582503ef136344e5d017aa68b3c10c944 -> FILE:src/vs/platform/agentHost/test/node/copilotAgentSession.test.ts -> COMMIT:f2dd8551b9694d3631d3216a51e8e40e1c878d31
PR,335918,COMMIT,c98d6747a3f4dbc3037c83659dfbe947592494d0,INDIRECT,COMMIT_MODIFIES_FILE,3,PR:335918 -> COMMIT:adc9092582503ef136344e5d017aa68b3c10c944 -> FILE:src/vs/platform/agentHost/test/node/copilotAgentSession.test.ts -> COMMIT:c98d6747a3f4dbc3037c83659dfbe947592494d0
PR,335918,COMMIT,1b0d2a2986f2ac15c092d4fa6608e188421232a7,INDIRECT,COMMIT_MODIFIES_FILE,3,PR:335918 -> COMMIT:adc9092582503ef136344e5d017aa68b3c10c944 -> FILE:src/vs/platform/agentHost/test/node/copilotAgentSession.test.ts -> COMMIT:1b0d2a2986f2ac15c092d4fa6608e188421232a7
PR,335918,COMMIT,596e0d3764a3fb547bec5fa042d786781d3794b0,INDIRECT,COMMIT_MODIFIES_FILE,3,PR:335918 -> COMMIT:adc9092582503ef136344e5d017aa68b3c10c944 -> FILE:src/vs/platform/agentHost/test/node/copilotAgentSession.test.ts -> COMMIT:596e0d3764a3fb547bec5fa042d786781d3794b0
PR,335918,COMMIT,6d26ed2cc49e891df4add228f0f639b0e92ec95b,INDIRECT,COMMIT_MODIFIES_FILE,3,PR:335918 -> COMMIT:adc9092582503ef136344e5d017aa68b3c10c944 -> FILE:src/vs/platform/agentHost/test/node/copilotAgentSession.test.ts -> COMMIT:6d26ed2cc49e891df4add228f0f639b0e92ec95b
PR,335918,COMMIT,e07faaadb1c7c10855d53aa65ea40123d8a7ae8a,INDIRECT,COMMIT_MODIFIES_FILE,3,PR:335918 -> COMMIT:adc9092582503ef136344e5d017aa68b3c10c944 -> FILE:src/vs/platform/agentHost/test/node/copilotAgentSession.test.ts -> COMMIT:e07faaadb1c7c10855d53aa65ea40123d8a7ae8a
PR,335918,COMMIT,2af9db0dbe5859cd5a2e787c57a2f723335f5abd,INDIRECT,COMMIT_MODIFIES_FILE,3,PR:335918 -> COMMIT:adc9092582503ef136344e5d017aa68b3c10c944 -> FILE:src/vs/platform/agentHost/test/node/copilotAgentSession.test.ts -> COMMIT:2af9db0dbe5859cd5a2e787c57a2f723335f5abd
PR,335918,COMMIT,c977dca9d846ef5f64c1b363d6158ac4ab1a4b3f,INDIRECT,COMMIT_MODIFIES_FILE,3,PR:335918 -> COMMIT:adc9092582503ef136344e5d017aa68b3c10c944 -> FILE:src/vs/platform/agentHost/test/node/copilotAgentSession.test.ts -> COMMIT:c977dca9d846ef5f64c1b363d6158ac4ab1a4b3f
PR,335918,COMMIT,40b61ac78d06164e77f79fa6c557c492b0090579,INDIRECT,COMMIT_MODIFIES_FILE,3,PR:335918 -> COMMIT:adc9092582503ef136344e5d017aa68b3c10c944 -> FILE:src/vs/platform/agentHost/test/node/copilotAgentSession.test.ts -> COMMIT:40b61ac78d06164e77f79fa6c557c492b0090579
PR,335918,COMMIT,34742299bd03b320445007a27bddb456490bf9c0,INDIRECT,COMMIT_MODIFIES_FILE,3,PR:335918 -> COMMIT:adc9092582503ef136344e5d017aa68b3c10c944 -> FILE:src/vs/platform/agentHost/test/node/copilotAgentSession.test.ts -> COMMIT:34742299bd03b320445007a27bddb456490bf9c0
PR,335918,COMMIT,34f7d02431f4a38102d54ca0324f0ec41fe9fe14,INDIRECT,COMMIT_MODIFIES_FILE,3,PR:335918 -> COMMIT:adc9092582503ef136344e5d017aa68b3c10c944 -> FILE:src/vs/platform/agentHost/test/node/copilotAgentSession.test.ts -> COMMIT:34f7d02431f4a38102d54ca0324f0ec41fe9fe14
PR,335918,COMMIT,0a33fcb52160e7c91040471d0401572a071c5a4e,INDIRECT,COMMIT_MODIFIES_FILE,3,PR:335918 -> COMMIT:adc9092582503ef136344e5d017aa68b3c10c944 -> FILE:src/vs/platform/agentHost/test/node/copilotAgentSession.test.ts -> COMMIT:0a33fcb52160e7c91040471d0401572a071c5a4e
PR,335918,COMMIT,ab25923e3473fa18dee7b4d5ef3e6ce06b347f29,INDIRECT,COMMIT_MODIFIES_FILE,3,PR:335918 -> COMMIT:adc9092582503ef136344e5d017aa68b3c10c944 -> FILE:src/vs/platform/agentHost/test/node/copilotAgentSession.test.ts -> COMMIT:ab25923e3473fa18dee7b4d5ef3e6ce06b347f29
PR,335918,COMMIT,8a9cde435ff2fc744ea4b5a81cae64aa97a487de,INDIRECT,COMMIT_MODIFIES_FILE,3,PR:335918 -> COMMIT:adc9092582503ef136344e5d017aa68b3c10c944 -> FILE:src/vs/platform/agentHost/test/node/copilotAgentSession.test.ts -> COMMIT:8a9cde435ff2fc744ea4b5a81cae64aa97a487de
PR,335918,COMMIT,dd975b8f91a64d34373bb975d37a3d7584f9aa7e,INDIRECT,COMMIT_MODIFIES_FILE,3,PR:335918 -> COMMIT:adc9092582503ef136344e5d017aa68b3c10c944 -> FILE:src/vs/platform/agentHost/test/node/copilotAgentSession.test.ts -> COMMIT:dd975b8f91a64d34373bb975d37a3d7584f9aa7e
PR,335918,COMMIT,267384f6968c53eca540b97e861d5124240790b0,INDIRECT,COMMIT_MODIFIES_FILE,3,PR:335918 -> COMMIT:adc9092582503ef136344e5d017aa68b3c10c944 -> FILE:src/vs/platform/agentHost/test/node/copilotAgentSession.test.ts -> COMMIT:267384f6968c53eca540b97e861d5124240790b0
PR,335918,COMMIT,6d1eb9f21519790b668ae27f9939cbfb91701e9d,INDIRECT,COMMIT_MODIFIES_FILE,3,PR:335918 -> COMMIT:adc9092582503ef136344e5d017aa68b3c10c944 -> FILE:src/vs/platform/agentHost/test/node/copilotAgentSession.test.ts -> COMMIT:6d1eb9f21519790b668ae27f9939cbfb91701e9d
PR,335918,COMMIT,38f8a478f792c03b612fc10c6dcdab2c5f81511e,INDIRECT,COMMIT_MODIFIES_FILE,3,PR:335918 -> COMMIT:adc9092582503ef136344e5d017aa68b3c10c944 -> FILE:src/vs/platform/agentHost/test/node/copilotAgentSession.test.ts -> COMMIT:38f8a478f792c03b612fc10c6dcdab2c5f81511e
PR,335918,COMMIT,e2d3fbebdd364a0f3173b8f2f051f219a5bc8482,INDIRECT,COMMIT_MODIFIES_FILE,3,PR:335918 -> COMMIT:adc9092582503ef136344e5d017aa68b3c10c944 -> FILE:src/vs/platform/agentHost/test/node/copilotAgentSession.test.ts -> COMMIT:e2d3fbebdd364a0f3173b8f2f051f219a5bc8482
PR,335918,COMMIT,047639d31a5549e2bb2782c166330d5e65d5a6dc,INDIRECT,COMMIT_MODIFIES_FILE,3,PR:335918 -> COMMIT:adc9092582503ef136344e5d017aa68b3c10c944 -> FILE:src/vs/platform/agentHost/test/node/copilotAgentSession.test.ts -> COMMIT:047639d31a5549e2bb2782c166330d5e65d5a6dc
PR,335918,COMMIT,e77a258326867285313aa0b15e36bd8d323dc34c,INDIRECT,COMMIT_MODIFIES_FILE,3,PR:335918 -> COMMIT:adc9092582503ef136344e5d017aa68b3c10c944 -> FILE:src/vs/platform/agentHost/test/node/copilotAgentSession.test.ts -> COMMIT:e77a258326867285313aa0b15e36bd8d323dc34c
PR,335918,COMMIT,1adedd0cf07cf2b80c6b151b233cbb4832b2571a,INDIRECT,COMMIT_MODIFIES_FILE,3,PR:335918 -> COMMIT:adc9092582503ef136344e5d017aa68b3c10c944 -> FILE:src/vs/platform/agentHost/test/node/copilotAgentSession.test.ts -> COMMIT:1adedd0cf07cf2b80c6b151b233cbb4832b2571a
PR,335918,COMMIT,482fb972866da6412347e51201c7f2e9ede69370,INDIRECT,COMMIT_MODIFIES_FILE,3,PR:335918 -> COMMIT:adc9092582503ef136344e5d017aa68b3c10c944 -> FILE:src/vs/platform/agentHost/test/node/copilotAgentSession.test.ts -> COMMIT:482fb972866da6412347e51201c7f2e9ede69370
PR,335918,COMMIT,df40ff3d06e6e382fd56e94b2518cc1cf4c24bef,INDIRECT,COMMIT_MODIFIES_FILE,3,PR:335918 -> COMMIT:adc9092582503ef136344e5d017aa68b3c10c944 -> FILE:src/vs/platform/agentHost/test/node/copilotAgentSession.test.ts -> COMMIT:df40ff3d06e6e382fd56e94b2518cc1cf4c24bef
PR,335918,COMMIT,e9c7c3ad64aa88189b3a493f5a14037491e1da61,INDIRECT,COMMIT_MODIFIES_FILE,3,PR:335918 -> COMMIT:adc9092582503ef136344e5d017aa68b3c10c944 -> FILE:src/vs/platform/agentHost/test/node/copilotAgentSession.test.ts -> COMMIT:e9c7c3ad64aa88189b3a493f5a14037491e1da61
PR,335918,COMMIT,4601d5e08674c577024439b68d65935012f38a73,INDIRECT,COMMIT_MODIFIES_FILE,3,PR:335918 -> COMMIT:adc9092582503ef136344e5d017aa68b3c10c944 -> FILE:src/vs/platform/agentHost/test/node/copilotAgentSession.test.ts -> COMMIT:4601d5e08674c577024439b68d65935012f38a73
PR,335918,COMMIT,5b34e777963ef619fdf7ea4c39c0531e6c9c18ea,INDIRECT,COMMIT_MODIFIES_FILE,3,PR:335918 -> COMMIT:adc9092582503ef136344e5d017aa68b3c10c944 -> FILE:src/vs/platform/agentHost/test/node/copilotAgentSession.test.ts -> COMMIT:5b34e777963ef619fdf7ea4c39c0531e6c9c18ea
PR,335918,COMMIT,f2eed2c8e4f032b73bff6731665c1c990ef49f25,INDIRECT,COMMIT_MODIFIES_FILE,3,PR:335918 -> COMMIT:adc9092582503ef136344e5d017aa68b3c10c944 -> FILE:src/vs/platform/agentHost/test/node/copilotAgentSession.test.ts -> COMMIT:f2eed2c8e4f032b73bff6731665c1c990ef49f25
PR,335918,COMMIT,2c67cf6e29b2cc87ff3f82fd6495859a8416c499,INDIRECT,COMMIT_MODIFIES_FILE,3,PR:335918 -> COMMIT:adc9092582503ef136344e5d017aa68b3c10c944 -> FILE:src/vs/platform/agentHost/test/node/copilotAgentSession.test.ts -> COMMIT:2c67cf6e29b2cc87ff3f82fd6495859a8416c499
PR,335918,COMMIT,d31457e206266e4f8825705b2628957780f0e96f,INDIRECT,COMMIT_MODIFIES_FILE,3,PR:335918 -> COMMIT:adc9092582503ef136344e5d017aa68b3c10c944 -> FILE:src/vs/platform/agentHost/test/node/copilotAgentSession.test.ts -> COMMIT:d31457e206266e4f8825705b2628957780f0e96f
PR,335918,COMMIT,586a13cb0d1eac92e803fd98262cd8436cd5cc62,INDIRECT,COMMIT_MODIFIES_FILE,3,PR:335918 -> COMMIT:adc9092582503ef136344e5d017aa68b3c10c944 -> FILE:src/vs/platform/agentHost/test/node/copilotAgentSession.test.ts -> COMMIT:586a13cb0d1eac92e803fd98262cd8436cd5cc62
PR,335918,COMMIT,d435eb704868a6e796f3d9abaf179b41fa2acd93,INDIRECT,COMMIT_MODIFIES_FILE,3,PR:335918 -> COMMIT:adc9092582503ef136344e5d017aa68b3c10c944 -> FILE:src/vs/platform/agentHost/test/node/copilotAgentSession.test.ts -> COMMIT:d435eb704868a6e796f3d9abaf179b41fa2acd93
PR,335918,COMMIT,97155b42eb69bddb364f151714ac17dd68ddb18e,INDIRECT,COMMIT_MODIFIES_FILE,3,PR:335918 -> COMMIT:adc9092582503ef136344e5d017aa68b3c10c944 -> FILE:src/vs/platform/agentHost/test/node/copilotAgentSession.test.ts -> COMMIT:97155b42eb69bddb364f151714ac17dd68ddb18e
PR,335918,COMMIT,5778ec73c6ce04d8d64447b6686ac274288268b6,INDIRECT,COMMIT_MODIFIES_FILE,3,PR:335918 -> COMMIT:adc9092582503ef136344e5d017aa68b3c10c944 -> FILE:src/vs/platform/agentHost/test/node/copilotAgentSession.test.ts -> COMMIT:5778ec73c6ce04d8d64447b6686ac274288268b6
PR,335918,COMMIT,fd80ed959fa9b0e42b494730b0668f33f4a81415,INDIRECT,COMMIT_MODIFIES_FILE,3,PR:335918 -> COMMIT:adc9092582503ef136344e5d017aa68b3c10c944 -> FILE:src/vs/platform/agentHost/test/node/copilotAgentSession.test.ts -> COMMIT:fd80ed959fa9b0e42b494730b0668f33f4a81415
PR,335918,COMMIT,f38e62836d5c05980c2a07e4e8280e9c52600d49,INDIRECT,COMMIT_MODIFIES_FILE,3,PR:335918 -> COMMIT:adc9092582503ef136344e5d017aa68b3c10c944 -> FILE:src/vs/platform/agentHost/test/node/copilotAgentSession.test.ts -> COMMIT:f38e62836d5c05980c2a07e4e8280e9c52600d49
PR,335918,COMMIT,b4e13cc3450b214f62336b295e3137240b792e05,INDIRECT,COMMIT_MODIFIES_FILE,3,PR:335918 -> COMMIT:adc9092582503ef136344e5d017aa68b3c10c944 -> FILE:src/vs/platform/agentHost/test/node/copilotAgentSession.test.ts -> COMMIT:b4e13cc3450b214f62336b295e3137240b792e05
PR,335918,COMMIT,a1cff4c8f4af6171dd960144e3cce9c8b5789dd1,INDIRECT,COMMIT_MODIFIES_FILE,3,PR:335918 -> COMMIT:adc9092582503ef136344e5d017aa68b3c10c944 -> FILE:src/vs/platform/agentHost/test/node/copilotAgentSession.test.ts -> COMMIT:a1cff4c8f4af6171dd960144e3cce9c8b5789dd1
PR,335918,COMMIT,14a514a4beffe2fc66e48c510b892b6fa68f4221,INDIRECT,COMMIT_MODIFIES_FILE,3,PR:335918 -> COMMIT:adc9092582503ef136344e5d017aa68b3c10c944 -> FILE:src/vs/platform/agentHost/test/node/copilotAgentSession.test.ts -> COMMIT:14a514a4beffe2fc66e48c510b892b6fa68f4221
PR,335918,COMMIT,ec252516a53c057163c636d116125e2f417874b6,INDIRECT,COMMIT_MODIFIES_FILE,3,PR:335918 -> COMMIT:adc9092582503ef136344e5d017aa68b3c10c944 -> FILE:src/vs/platform/agentHost/test/node/copilotAgentSession.test.ts -> COMMIT:ec252516a53c057163c636d116125e2f417874b6
PR,335918,COMMIT,5375eebb022ee662d6760126dce5ebbb8c85ab99,INDIRECT,COMMIT_MODIFIES_FILE,3,PR:335918 -> COMMIT:adc9092582503ef136344e5d017aa68b3c10c944 -> FILE:src/vs/platform/agentHost/test/node/copilotAgentSession.test.ts -> COMMIT:5375eebb022ee662d6760126dce5ebbb8c85ab99
PR,335918,COMMIT,43a157954f7c7c69ba187cbcda2396c0de029b14,INDIRECT,COMMIT_MODIFIES_FILE,3,PR:335918 -> COMMIT:adc9092582503ef136344e5d017aa68b3c10c944 -> FILE:src/vs/platform/agentHost/test/node/copilotAgentSession.test.ts -> COMMIT:43a157954f7c7c69ba187cbcda2396c0de029b14
PR,335918,COMMIT,aa9e4d16172f5f9df973688677f1bac0e763f0a4,INDIRECT,COMMIT_MODIFIES_FILE,3,PR:335918 -> COMMIT:adc9092582503ef136344e5d017aa68b3c10c944 -> FILE:src/vs/platform/agentHost/test/node/copilotAgentSession.test.ts -> COMMIT:aa9e4d16172f5f9df973688677f1bac0e763f0a4
PR,335918,COMMIT,99b02add6565c9ec0c384240bd3b2925c8792e4a,INDIRECT,COMMIT_MODIFIES_FILE,3,PR:335918 -> COMMIT:adc9092582503ef136344e5d017aa68b3c10c944 -> FILE:src/vs/platform/agentHost/test/node/copilotAgentSession.test.ts -> COMMIT:99b02add6565c9ec0c384240bd3b2925c8792e4a
PR,335918,COMMIT,618d1f210f415f0c47562876c19f416f4a574e82,INDIRECT,COMMIT_MODIFIES_FILE,3,PR:335918 -> COMMIT:adc9092582503ef136344e5d017aa68b3c10c944 -> FILE:src/vs/platform/agentHost/test/node/copilotAgentSession.test.ts -> COMMIT:618d1f210f415f0c47562876c19f416f4a574e82
PR,335918,COMMIT,a2abdf065edee026446d418224442f383a81e728,INDIRECT,COMMIT_MODIFIES_FILE,3,PR:335918 -> COMMIT:adc9092582503ef136344e5d017aa68b3c10c944 -> FILE:src/vs/platform/agentHost/test/node/copilotAgentSession.test.ts -> COMMIT:a2abdf065edee026446d418224442f383a81e728
PR,335918,COMMIT,6e0e4f701a1bfdbb2f98f70b10ffe2a31a76b19a,INDIRECT,COMMIT_MODIFIES_FILE,3,PR:335918 -> COMMIT:adc9092582503ef136344e5d017aa68b3c10c944 -> FILE:src/vs/platform/agentHost/test/node/copilotAgentSession.test.ts -> COMMIT:6e0e4f701a1bfdbb2f98f70b10ffe2a31a76b19a
PR,335918,COMMIT,790cce1f2cb29a45da5147bb4808eaed3d401bb4,INDIRECT,COMMIT_MODIFIES_FILE,3,PR:335918 -> COMMIT:adc9092582503ef136344e5d017aa68b3c10c944 -> FILE:src/vs/platform/agentHost/test/node/copilotAgentSession.test.ts -> COMMIT:790cce1f2cb29a45da5147bb4808eaed3d401bb4
PR,335918,COMMIT,fd5601654032a6f887f092bbf579e13ae0354e59,INDIRECT,COMMIT_MODIFIES_FILE,3,PR:335918 -> COMMIT:adc9092582503ef136344e5d017aa68b3c10c944 -> FILE:src/vs/platform/agentHost/test/node/copilotAgentSession.test.ts -> COMMIT:fd5601654032a6f887f092bbf579e13ae0354e59
PR,335918,COMMIT,a9ecb0bbcd5433c6e404e3c5a00b27496b4456ab,INDIRECT,COMMIT_MODIFIES_FILE,3,PR:335918 -> COMMIT:adc9092582503ef136344e5d017aa68b3c10c944 -> FILE:src/vs/platform/agentHost/test/node/copilotAgentSession.test.ts -> COMMIT:a9ecb0bbcd5433c6e404e3c5a00b27496b4456ab
PR,335918,COMMIT,80636c5471438482038311c27483a6c5aabcd652,INDIRECT,COMMIT_MODIFIES_FILE,3,PR:335918 -> COMMIT:adc9092582503ef136344e5d017aa68b3c10c944 -> FILE:src/vs/platform/agentHost/test/node/copilotAgentSession.test.ts -> COMMIT:80636c5471438482038311c27483a6c5aabcd652
PR,335918,COMMIT,5d9a339c292e44a5a79eb93fbf758cf738daec98,INDIRECT,COMMIT_MODIFIES_FILE,3,PR:335918 -> COMMIT:adc9092582503ef136344e5d017aa68b3c10c944 -> FILE:src/vs/platform/agentHost/test/node/copilotAgentSession.test.ts -> COMMIT:5d9a339c292e44a5a79eb93fbf758cf738daec98
PR,335918,COMMIT,7b293480de85fc50981c1ed64bfc9fa9199c78b4,INDIRECT,COMMIT_MODIFIES_FILE,3,PR:335918 -> COMMIT:adc9092582503ef136344e5d017aa68b3c10c944 -> FILE:src/vs/platform/agentHost/test/node/copilotAgentSession.test.ts -> COMMIT:7b293480de85fc50981c1ed64bfc9fa9199c78b4
PR,335918,COMMIT,93ab30ae10748fc3d5356000c347a3aef979b357,INDIRECT,COMMIT_MODIFIES_FILE,3,PR:335918 -> COMMIT:adc9092582503ef136344e5d017aa68b3c10c944 -> FILE:src/vs/platform/agentHost/test/node/copilotAgentSession.test.ts -> COMMIT:93ab30ae10748fc3d5356000c347a3aef979b357
PR,335918,COMMIT,403420cd2efe036816afeb18b1ecfc317725c37f,INDIRECT,COMMIT_MODIFIES_FILE,3,PR:335918 -> COMMIT:adc9092582503ef136344e5d017aa68b3c10c944 -> FILE:src/vs/platform/agentHost/test/node/copilotAgentSession.test.ts -> COMMIT:403420cd2efe036816afeb18b1ecfc317725c37f
PR,335918,COMMIT,c3115853e9a99062127143d2a82b0fe06d096ae4,INDIRECT,COMMIT_MODIFIES_FILE,3,PR:335918 -> COMMIT:adc9092582503ef136344e5d017aa68b3c10c944 -> FILE:src/vs/platform/agentHost/test/node/copilotAgentSession.test.ts -> COMMIT:c3115853e9a99062127143d2a82b0fe06d096ae4
PR,335918,COMMIT,7e36a00848937341c2558ce5fa41ce5bddc9d603,INDIRECT,COMMIT_MODIFIES_FILE,3,PR:335918 -> COMMIT:adc9092582503ef136344e5d017aa68b3c10c944 -> FILE:src/vs/platform/agentHost/test/node/copilotAgentSession.test.ts -> COMMIT:7e36a00848937341c2558ce5fa41ce5bddc9d603
PR,335918,COMMIT,60066b91a30dbd0556e3a532bf49fd33952d010f,INDIRECT,COMMIT_MODIFIES_FILE,3,PR:335918 -> COMMIT:adc9092582503ef136344e5d017aa68b3c10c944 -> FILE:src/vs/platform/agentHost/test/node/copilotAgentSession.test.ts -> COMMIT:60066b91a30dbd0556e3a532bf49fd33952d010f
PR,335918,COMMIT,ca17fcb7836c351a24f21aef81a05bec1b3ec27f,INDIRECT,COMMIT_MODIFIES_FILE,3,PR:335918 -> COMMIT:adc9092582503ef136344e5d017aa68b3c10c944 -> FILE:src/vs/platform/agentHost/test/node/copilotAgentSession.test.ts -> COMMIT:ca17fcb7836c351a24f21aef81a05bec1b3ec27f
PR,335918,COMMIT,4ce563d1cfbf23dd778afed5d316b5d320592c1f,INDIRECT,COMMIT_MODIFIES_FILE,3,PR:335918 -> COMMIT:adc9092582503ef136344e5d017aa68b3c10c944 -> FILE:src/vs/platform/agentHost/test/node/copilotAgentSession.test.ts -> COMMIT:4ce563d1cfbf23dd778afed5d316b5d320592c1f
PR,335918,COMMIT,71477c50d05348c8d62dcd20f7cdc5d2ac76b8f8,INDIRECT,COMMIT_MODIFIES_FILE,3,PR:335918 -> COMMIT:adc9092582503ef136344e5d017aa68b3c10c944 -> FILE:src/vs/platform/agentHost/test/node/copilotAgentSession.test.ts -> COMMIT:71477c50d05348c8d62dcd20f7cdc5d2ac76b8f8
PR,335918,COMMIT,c05d55bcc35570b5dab38b5b2e5da1e76bcd1afd,INDIRECT,COMMIT_MODIFIES_FILE,3,PR:335918 -> COMMIT:adc9092582503ef136344e5d017aa68b3c10c944 -> FILE:src/vs/platform/agentHost/test/node/copilotAgentSession.test.ts -> COMMIT:c05d55bcc35570b5dab38b5b2e5da1e76bcd1afd
PR,335918,COMMIT,668e781da07b0d97e59e854b2bfad2d57ba23150,INDIRECT,COMMIT_MODIFIES_FILE,3,PR:335918 -> COMMIT:adc9092582503ef136344e5d017aa68b3c10c944 -> FILE:src/vs/platform/agentHost/test/node/copilotAgentSession.test.ts -> COMMIT:668e781da07b0d97e59e854b2bfad2d57ba23150
PR,335918,COMMIT,35b389f9425237f2d592149cd605b0ea080b7557,INDIRECT,COMMIT_MODIFIES_FILE,3,PR:335918 -> COMMIT:adc9092582503ef136344e5d017aa68b3c10c944 -> FILE:src/vs/platform/agentHost/test/node/copilotAgentSession.test.ts -> COMMIT:35b389f9425237f2d592149cd605b0ea080b7557
PR,335918,COMMIT,c7b0d8355da26b18947ebaa608c97c3a4b135d45,INDIRECT,COMMIT_MODIFIES_FILE,3,PR:335918 -> COMMIT:adc9092582503ef136344e5d017aa68b3c10c944 -> FILE:src/vs/platform/agentHost/test/node/copilotAgentSession.test.ts -> COMMIT:c7b0d8355da26b18947ebaa608c97c3a4b135d45
PR,335918,COMMIT,6bc109b2a96c13efc53bfab90b105ef871b9606c,INDIRECT,COMMIT_MODIFIES_FILE,3,PR:335918 -> COMMIT:adc9092582503ef136344e5d017aa68b3c10c944 -> FILE:src/vs/platform/agentHost/test/node/copilotAgentSession.test.ts -> COMMIT:6bc109b2a96c13efc53bfab90b105ef871b9606c
PR,335918,COMMIT,d26b445b8979d6bfc15f16b908f44cba558e8430,INDIRECT,COMMIT_MODIFIES_FILE,3,PR:335918 -> COMMIT:adc9092582503ef136344e5d017aa68b3c10c944 -> FILE:src/vs/platform/agentHost/test/node/copilotAgentSession.test.ts -> COMMIT:d26b445b8979d6bfc15f16b908f44cba558e8430
PR,335918,COMMIT,07ae5ea59d21291d6e10952f4dfe392cd5f17678,INDIRECT,COMMIT_MODIFIES_FILE,3,PR:335918 -> COMMIT:adc9092582503ef136344e5d017aa68b3c10c944 -> FILE:src/vs/platform/agentHost/test/node/copilotAgentSession.test.ts -> COMMIT:07ae5ea59d21291d6e10952f4dfe392cd5f17678
PR,335918,COMMIT,30da2e19c3bc6a59d24fde3548f4061d9f96af71,INDIRECT,COMMIT_MODIFIES_FILE,3,PR:335918 -> COMMIT:adc9092582503ef136344e5d017aa68b3c10c944 -> FILE:src/vs/platform/agentHost/test/node/copilotAgentSession.test.ts -> COMMIT:30da2e19c3bc6a59d24fde3548f4061d9f96af71
PR,335918,COMMIT,befe623216313d86d9e19c21e2c69456a35f7700,INDIRECT,COMMIT_MODIFIES_FILE,3,PR:335918 -> COMMIT:adc9092582503ef136344e5d017aa68b3c10c944 -> FILE:src/vs/platform/agentHost/test/node/copilotAgentSession.test.ts -> COMMIT:befe623216313d86d9e19c21e2c69456a35f7700
PR,335918,COMMIT,ae5f5047545d74cd3221232d2583f71935a30033,INDIRECT,COMMIT_MODIFIES_FILE,3,PR:335918 -> COMMIT:adc9092582503ef136344e5d017aa68b3c10c944 -> FILE:src/vs/platform/agentHost/test/node/copilotAgentSession.test.ts -> COMMIT:ae5f5047545d74cd3221232d2583f71935a30033
PR,335918,COMMIT,d1b09b7b7a8b1e958953a3e21952dc5676f39a5a,INDIRECT,COMMIT_MODIFIES_FILE,3,PR:335918 -> COMMIT:adc9092582503ef136344e5d017aa68b3c10c944 -> FILE:src/vs/platform/agentHost/test/node/copilotAgentSession.test.ts -> COMMIT:d1b09b7b7a8b1e958953a3e21952dc5676f39a5a
PR,335918,COMMIT,97e5d334609a239a8cb954b8bbf6bec90da7ea2d,INDIRECT,COMMIT_MODIFIES_FILE,3,PR:335918 -> COMMIT:adc9092582503ef136344e5d017aa68b3c10c944 -> FILE:src/vs/platform/agentHost/test/node/copilotAgentSession.test.ts -> COMMIT:97e5d334609a239a8cb954b8bbf6bec90da7ea2d
PR,335918,COMMIT,6329139fd59cee6c15ee244cd334a9c8542c5774,INDIRECT,COMMIT_MODIFIES_FILE,3,PR:335918 -> COMMIT:adc9092582503ef136344e5d017aa68b3c10c944 -> FILE:src/vs/platform/agentHost/test/node/copilotAgentSession.test.ts -> COMMIT:6329139fd59cee6c15ee244cd334a9c8542c5774
PR,335918,COMMIT,9b01367e1efd95c4b2ddf8eebe68b46993a3a411,INDIRECT,COMMIT_MODIFIES_FILE,3,PR:335918 -> COMMIT:adc9092582503ef136344e5d017aa68b3c10c944 -> FILE:src/vs/platform/agentHost/test/node/copilotAgentSession.test.ts -> COMMIT:9b01367e1efd95c4b2ddf8eebe68b46993a3a411
PR,335918,COMMIT,141301562f91250ea3d8d5789aaf01d9c26f9df5,INDIRECT,COMMIT_MODIFIES_FILE,3,PR:335918 -> COMMIT:adc9092582503ef136344e5d017aa68b3c10c944 -> FILE:src/vs/platform/agentHost/test/node/copilotAgentSession.test.ts -> COMMIT:141301562f91250ea3d8d5789aaf01d9c26f9df5
PR,335918,COMMIT,57b320b03b8b31b3131343497dbfcea5856609b7,INDIRECT,COMMIT_MODIFIES_FILE,3,PR:335918 -> COMMIT:adc9092582503ef136344e5d017aa68b3c10c944 -> FILE:src/vs/platform/agentHost/test/node/copilotAgentSession.test.ts -> COMMIT:57b320b03b8b31b3131343497dbfcea5856609b7
PR,335918,COMMIT,d90ec6f1184381541693f4a94f4d9299a4656f62,INDIRECT,COMMIT_MODIFIES_FILE,3,PR:335918 -> COMMIT:adc9092582503ef136344e5d017aa68b3c10c944 -> FILE:src/vs/platform/agentHost/test/node/copilotAgentSession.test.ts -> COMMIT:d90ec6f1184381541693f4a94f4d9299a4656f62
PR,335918,COMMIT,9608b3dd72499cfc1a939aef302e708778cb2b3d,INDIRECT,COMMIT_MODIFIES_FILE,3,PR:335918 -> COMMIT:adc9092582503ef136344e5d017aa68b3c10c944 -> FILE:src/vs/platform/agentHost/test/node/copilotAgentSession.test.ts -> COMMIT:9608b3dd72499cfc1a939aef302e708778cb2b3d
PR,335918,COMMIT,39b94c8c41545991012ecd7f97c328a270025bcf,INDIRECT,COMMIT_MODIFIES_FILE,3,PR:335918 -> COMMIT:adc9092582503ef136344e5d017aa68b3c10c944 -> FILE:src/vs/platform/agentHost/test/node/copilotAgentSession.test.ts -> COMMIT:39b94c8c41545991012ecd7f97c328a270025bcf
PR,335918,COMMIT,c85be03650569ca565577cad52e2f51c6c75460b,INDIRECT,COMMIT_MODIFIES_FILE,3,PR:335918 -> COMMIT:adc9092582503ef136344e5d017aa68b3c10c944 -> FILE:src/vs/platform/agentHost/test/node/copilotAgentSession.test.ts -> COMMIT:c85be03650569ca565577cad52e2f51c6c75460b
PR,335918,COMMIT,fd031ab14db81df2368e0b2b0d2eb799bd6b1d6c,INDIRECT,COMMIT_MODIFIES_FILE,3,PR:335918 -> COMMIT:adc9092582503ef136344e5d017aa68b3c10c944 -> FILE:src/vs/platform/agentHost/test/node/copilotAgentSession.test.ts -> COMMIT:fd031ab14db81df2368e0b2b0d2eb799bd6b1d6c
PR,335918,COMMIT,eae29b77203d1925d0c25244e7ae8cf28372e3b7,INDIRECT,COMMIT_MODIFIES_FILE,3,PR:335918 -> COMMIT:adc9092582503ef136344e5d017aa68b3c10c944 -> FILE:src/vs/platform/agentHost/test/node/copilotAgentSession.test.ts -> COMMIT:eae29b77203d1925d0c25244e7ae8cf28372e3b7
PR,335918,COMMIT,8fb761a55389cbf192d6b2d3470ba10e2c1d7c17,INDIRECT,COMMIT_MODIFIES_FILE,3,PR:335918 -> COMMIT:adc9092582503ef136344e5d017aa68b3c10c944 -> FILE:src/vs/platform/agentHost/test/node/copilotAgentSession.test.ts -> COMMIT:8fb761a55389cbf192d6b2d3470ba10e2c1d7c17
PR,335918,COMMIT,975b940d66d98d3d961d987d5e371760b4d0509d,INDIRECT,COMMIT_MODIFIES_FILE,3,PR:335918 -> COMMIT:adc9092582503ef136344e5d017aa68b3c10c944 -> FILE:src/vs/platform/agentHost/test/node/copilotSlashCommandCompletionProvider.test.ts -> COMMIT:975b940d66d98d3d961d987d5e371760b4d0509d
PR,335918,COMMIT,5f8dd2aff211d10fa86052ba62258809196a529e,INDIRECT,COMMIT_MODIFIES_FILE,3,PR:335918 -> COMMIT:adc9092582503ef136344e5d017aa68b3c10c944 -> FILE:src/vs/platform/agentHost/test/node/copilotSlashCommandCompletionProvider.test.ts -> COMMIT:5f8dd2aff211d10fa86052ba62258809196a529e
PR,335918,COMMIT,b6583ef2963969d53cbfcfa55e91b01f5b40897a,INDIRECT,COMMIT_MODIFIES_FILE,3,PR:335918 -> COMMIT:adc9092582503ef136344e5d017aa68b3c10c944 -> FILE:src/vs/workbench/contrib/chat/browser/actions/chatAccessibilityHelp.ts -> COMMIT:b6583ef2963969d53cbfcfa55e91b01f5b40897a
PR,335918,COMMIT,6d1f55e0e0db284a4d2eb4be5f7fb8c5c932b265,INDIRECT,COMMIT_MODIFIES_FILE,3,PR:335918 -> COMMIT:adc9092582503ef136344e5d017aa68b3c10c944 -> FILE:src/vs/workbench/contrib/chat/browser/actions/chatAccessibilityHelp.ts -> COMMIT:6d1f55e0e0db284a4d2eb4be5f7fb8c5c932b265
PR,335918,COMMIT,6c023ed4c0e4811d1bc164fd78d86acf8e297765,INDIRECT,COMMIT_MODIFIES_FILE,3,PR:335918 -> COMMIT:adc9092582503ef136344e5d017aa68b3c10c944 -> FILE:src/vs/workbench/contrib/chat/browser/actions/chatAccessibilityHelp.ts -> COMMIT:6c023ed4c0e4811d1bc164fd78d86acf8e297765
PR,335918,COMMIT,4c262017a8542bb2b0a17d0ab8a437e8928b8a1f,INDIRECT,COMMIT_MODIFIES_FILE,3,PR:335918 -> COMMIT:adc9092582503ef136344e5d017aa68b3c10c944 -> FILE:src/vs/workbench/contrib/chat/browser/actions/chatAccessibilityHelp.ts -> COMMIT:4c262017a8542bb2b0a17d0ab8a437e8928b8a1f
PR,335918,COMMIT,43119a5caae4809a34ca70bfbfcbca4d9d3774fb,INDIRECT,COMMIT_MODIFIES_FILE,3,PR:335918 -> COMMIT:adc9092582503ef136344e5d017aa68b3c10c944 -> FILE:src/vs/workbench/contrib/chat/browser/actions/chatAccessibilityHelp.ts -> COMMIT:43119a5caae4809a34ca70bfbfcbca4d9d3774fb
PR,335918,COMMIT,49af9453cf2bda583e20aafa37e8a007f06f6d9f,INDIRECT,COMMIT_MODIFIES_FILE,3,PR:335918 -> COMMIT:adc9092582503ef136344e5d017aa68b3c10c944 -> FILE:src/vs/workbench/contrib/chat/browser/actions/chatAccessibilityHelp.ts -> COMMIT:49af9453cf2bda583e20aafa37e8a007f06f6d9f
PR,335918,COMMIT,5db7c772f7fc424e69ad1e507e91b0a400032915,INDIRECT,COMMIT_MODIFIES_FILE,3,PR:335918 -> COMMIT:adc9092582503ef136344e5d017aa68b3c10c944 -> FILE:src/vs/workbench/contrib/chat/browser/actions/chatAccessibilityHelp.ts -> COMMIT:5db7c772f7fc424e69ad1e507e91b0a400032915
PR,335918,COMMIT,fb88bca37822adbe75e645b8d1f278dbe4b247fd,INDIRECT,COMMIT_MODIFIES_FILE,3,PR:335918 -> COMMIT:adc9092582503ef136344e5d017aa68b3c10c944 -> FILE:src/vs/workbench/contrib/chat/browser/actions/chatAccessibilityHelp.ts -> COMMIT:fb88bca37822adbe75e645b8d1f278dbe4b247fd
PR,335918,COMMIT,709e40e45c08ff5b03a37e4172a2e07e804be046,INDIRECT,COMMIT_MODIFIES_FILE,3,PR:335918 -> COMMIT:adc9092582503ef136344e5d017aa68b3c10c944 -> FILE:src/vs/workbench/contrib/chat/browser/actions/chatAccessibilityHelp.ts -> COMMIT:709e40e45c08ff5b03a37e4172a2e07e804be046
PR,335918,COMMIT,6b89d71dda9a7c58a23cb5201fa895223cdf87e6,INDIRECT,COMMIT_MODIFIES_FILE,3,PR:335918 -> COMMIT:adc9092582503ef136344e5d017aa68b3c10c944 -> FILE:src/vs/workbench/contrib/chat/browser/actions/chatAccessibilityHelp.ts -> COMMIT:6b89d71dda9a7c58a23cb5201fa895223cdf87e6
PR,335918,COMMIT,525fb47e65706fd28e9d52d066b585e70f6b71d9,INDIRECT,COMMIT_MODIFIES_FILE,3,PR:335918 -> COMMIT:adc9092582503ef136344e5d017aa68b3c10c944 -> FILE:src/vs/workbench/contrib/chat/browser/actions/chatAccessibilityHelp.ts -> COMMIT:525fb47e65706fd28e9d52d066b585e70f6b71d9
PR,335918,COMMIT,58210ccb8499946ddaa74e03c492f61add88a690,INDIRECT,COMMIT_MODIFIES_FILE,3,PR:335918 -> COMMIT:adc9092582503ef136344e5d017aa68b3c10c944 -> FILE:src/vs/workbench/contrib/chat/browser/actions/chatAccessibilityHelp.ts -> COMMIT:58210ccb8499946ddaa74e03c492f61add88a690
PR,335918,COMMIT,17284f0a303aa6c8ac656df3abc9d8c8af18989a,INDIRECT,COMMIT_MODIFIES_FILE,3,PR:335918 -> COMMIT:adc9092582503ef136344e5d017aa68b3c10c944 -> FILE:src/vs/workbench/contrib/chat/browser/actions/chatAccessibilityHelp.ts -> COMMIT:17284f0a303aa6c8ac656df3abc9d8c8af18989a
PR,335918,COMMIT,140ebb603fd7480b903bdb9669a1e84a9b5ec397,INDIRECT,COMMIT_MODIFIES_FILE,3,PR:335918 -> COMMIT:adc9092582503ef136344e5d017aa68b3c10c944 -> FILE:src/vs/workbench/contrib/chat/browser/actions/chatAccessibilityHelp.ts -> COMMIT:140ebb603fd7480b903bdb9669a1e84a9b5ec397
PR,335918,COMMIT,be94de92f75770ed25be6c156ec11cb886b97699,INDIRECT,COMMIT_MODIFIES_FILE,3,PR:335918 -> COMMIT:adc9092582503ef136344e5d017aa68b3c10c944 -> FILE:src/vs/workbench/contrib/chat/browser/actions/chatAccessibilityHelp.ts -> COMMIT:be94de92f75770ed25be6c156ec11cb886b97699
PR,335918,COMMIT,531683b7948a59fba48c2158790aca3cd319e8d3,INDIRECT,COMMIT_MODIFIES_FILE,3,PR:335918 -> COMMIT:adc9092582503ef136344e5d017aa68b3c10c944 -> FILE:src/vs/workbench/contrib/chat/browser/actions/chatAccessibilityHelp.ts -> COMMIT:531683b7948a59fba48c2158790aca3cd319e8d3
PR,335918,COMMIT,c5cc1424610d81a9e73118969088ce2a37a8c4d0,INDIRECT,COMMIT_MODIFIES_FILE,3,PR:335918 -> COMMIT:adc9092582503ef136344e5d017aa68b3c10c944 -> FILE:src/vs/workbench/contrib/chat/browser/actions/chatAccessibilityHelp.ts -> COMMIT:c5cc1424610d81a9e73118969088ce2a37a8c4d0
PR,335918,COMMIT,18bbc06cc73e56dfd6ffd078065d94a338235424,INDIRECT,COMMIT_MODIFIES_FILE,3,PR:335918 -> COMMIT:adc9092582503ef136344e5d017aa68b3c10c944 -> FILE:src/vs/workbench/contrib/chat/browser/actions/chatAccessibilityHelp.ts -> COMMIT:18bbc06cc73e56dfd6ffd078065d94a338235424
PR,335918,COMMIT,d93a6e2c0bb74dac793a83d0b95742fb799680db,INDIRECT,COMMIT_MODIFIES_FILE,3,PR:335918 -> COMMIT:adc9092582503ef136344e5d017aa68b3c10c944 -> FILE:src/vs/workbench/contrib/chat/browser/actions/chatAccessibilityHelp.ts -> COMMIT:d93a6e2c0bb74dac793a83d0b95742fb799680db
PR,335918,COMMIT,cbfeae6ed55347656bd3cfd46403b1fe82a8d6a0,INDIRECT,COMMIT_MODIFIES_FILE,3,PR:335918 -> COMMIT:adc9092582503ef136344e5d017aa68b3c10c944 -> FILE:src/vs/workbench/contrib/chat/browser/actions/chatAccessibilityHelp.ts -> COMMIT:cbfeae6ed55347656bd3cfd46403b1fe82a8d6a0
PR,335918,COMMIT,501f8a09993e1de38353736b81c03ace8a8f173d,INDIRECT,COMMIT_MODIFIES_FILE,3,PR:335918 -> COMMIT:adc9092582503ef136344e5d017aa68b3c10c944 -> FILE:src/vs/workbench/contrib/chat/browser/actions/chatAccessibilityHelp.ts -> COMMIT:501f8a09993e1de38353736b81c03ace8a8f173d
PR,335918,COMMIT,dbe369a4e6699d7033c29b949d80d5b45447bd66,INDIRECT,COMMIT_MODIFIES_FILE,3,PR:335918 -> COMMIT:adc9092582503ef136344e5d017aa68b3c10c944 -> FILE:src/vs/workbench/contrib/chat/browser/actions/chatAccessibilityHelp.ts -> COMMIT:dbe369a4e6699d7033c29b949d80d5b45447bd66
PR,335918,COMMIT,f3769b3d07ec19debdfaabab068858fd7aaec61b,INDIRECT,COMMIT_MODIFIES_FILE,3,PR:335918 -> COMMIT:adc9092582503ef136344e5d017aa68b3c10c944 -> FILE:src/vs/workbench/contrib/chat/browser/actions/chatAccessibilityHelp.ts -> COMMIT:f3769b3d07ec19debdfaabab068858fd7aaec61b
PR,335918,COMMIT,6eff68f00e819fff4bbb31e5b1639b1cee63dcaf,INDIRECT,COMMIT_MODIFIES_FILE,3,PR:335918 -> COMMIT:adc9092582503ef136344e5d017aa68b3c10c944 -> FILE:src/vs/workbench/contrib/chat/browser/actions/chatAccessibilityHelp.ts -> COMMIT:6eff68f00e819fff4bbb31e5b1639b1cee63dcaf
PR,335918,COMMIT,47f01bbc8f89520e2e25a68641f9d29e8fd58e21,INDIRECT,COMMIT_MODIFIES_FILE,3,PR:335918 -> COMMIT:adc9092582503ef136344e5d017aa68b3c10c944 -> FILE:src/vs/workbench/contrib/chat/browser/actions/chatAccessibilityHelp.ts -> COMMIT:47f01bbc8f89520e2e25a68641f9d29e8fd58e21
PR,335918,COMMIT,83bb7f7db21f065ad44b7bf6fc423e2a8f7c2b15,INDIRECT,COMMIT_MODIFIES_FILE,3,PR:335918 -> COMMIT:adc9092582503ef136344e5d017aa68b3c10c944 -> FILE:src/vs/workbench/contrib/chat/browser/actions/chatAccessibilityHelp.ts -> COMMIT:83bb7f7db21f065ad44b7bf6fc423e2a8f7c2b15
PR,335918,COMMIT,211fad5ab89c0b02b0b25272e0a3c59119c6a696,INDIRECT,COMMIT_MODIFIES_FILE,3,PR:335918 -> COMMIT:adc9092582503ef136344e5d017aa68b3c10c944 -> FILE:src/vs/workbench/contrib/chat/browser/actions/chatAccessibilityHelp.ts -> COMMIT:211fad5ab89c0b02b0b25272e0a3c59119c6a696
PR,335918,COMMIT,d3688defd94b827697148b58e7afba0cbdc8718b,INDIRECT,COMMIT_MODIFIES_FILE,3,PR:335918 -> COMMIT:adc9092582503ef136344e5d017aa68b3c10c944 -> FILE:src/vs/workbench/contrib/chat/browser/actions/chatAccessibilityHelp.ts -> COMMIT:d3688defd94b827697148b58e7afba0cbdc8718b
PR,335918,COMMIT,59bb41ba1590cf242e59e73497742c165f1608d5,INDIRECT,COMMIT_MODIFIES_FILE,3,PR:335918 -> COMMIT:adc9092582503ef136344e5d017aa68b3c10c944 -> FILE:src/vs/workbench/contrib/chat/browser/actions/chatAccessibilityHelp.ts -> COMMIT:59bb41ba1590cf242e59e73497742c165f1608d5
PR,335918,COMMIT,6868a64e3292cce0de374e8532b8a1eefaf24e1f,INDIRECT,COMMIT_MODIFIES_FILE,3,PR:335918 -> COMMIT:adc9092582503ef136344e5d017aa68b3c10c944 -> FILE:src/vs/workbench/contrib/chat/browser/actions/chatAccessibilityHelp.ts -> COMMIT:6868a64e3292cce0de374e8532b8a1eefaf24e1f
PR,335918,COMMIT,028d875f6c53031194fbc880db714dec13f03dcf,INDIRECT,COMMIT_MODIFIES_FILE,3,PR:335918 -> COMMIT:adc9092582503ef136344e5d017aa68b3c10c944 -> FILE:src/vs/workbench/contrib/chat/browser/actions/chatAccessibilityHelp.ts -> COMMIT:028d875f6c53031194fbc880db714dec13f03dcf
PR,335918,COMMIT,2a2866b660c54c1da9ad7e194b3a83edd78de79c,INDIRECT,COMMIT_MODIFIES_FILE,3,PR:335918 -> COMMIT:adc9092582503ef136344e5d017aa68b3c10c944 -> FILE:src/vs/workbench/contrib/chat/browser/actions/chatAccessibilityHelp.ts -> COMMIT:2a2866b660c54c1da9ad7e194b3a83edd78de79c
PR,335918,COMMIT,23e1605e9f883b97b05e849be64253e9935aeecf,INDIRECT,COMMIT_MODIFIES_FILE,3,PR:335918 -> COMMIT:adc9092582503ef136344e5d017aa68b3c10c944 -> FILE:src/vs/workbench/contrib/chat/browser/actions/chatAccessibilityHelp.ts -> COMMIT:23e1605e9f883b97b05e849be64253e9935aeecf
PR,335918,COMMIT,f7cee7abb02cd44525d60b2fb1f814f4a8948cc6,INDIRECT,COMMIT_MODIFIES_FILE,3,PR:335918 -> COMMIT:adc9092582503ef136344e5d017aa68b3c10c944 -> FILE:src/vs/workbench/contrib/chat/browser/actions/chatAccessibilityHelp.ts -> COMMIT:f7cee7abb02cd44525d60b2fb1f814f4a8948cc6
PR,335918,COMMIT,5e2e7c747c5cc4bbe34c4403303eed07694365b7,INDIRECT,COMMIT_MODIFIES_FILE,3,PR:335918 -> COMMIT:adc9092582503ef136344e5d017aa68b3c10c944 -> FILE:src/vs/workbench/contrib/chat/browser/actions/chatAccessibilityHelp.ts -> COMMIT:5e2e7c747c5cc4bbe34c4403303eed07694365b7
PR,335918,COMMIT,40d4b84eb1afea27982f6b8044d7645233454275,INDIRECT,COMMIT_MODIFIES_FILE,3,PR:335918 -> COMMIT:adc9092582503ef136344e5d017aa68b3c10c944 -> FILE:src/vs/workbench/contrib/chat/browser/actions/chatAccessibilityHelp.ts -> COMMIT:40d4b84eb1afea27982f6b8044d7645233454275
PR,335918,COMMIT,fb4a02b3e41d0d7c43d4908cca03b6eba9722e3f,INDIRECT,COMMIT_MODIFIES_FILE,3,PR:335918 -> COMMIT:adc9092582503ef136344e5d017aa68b3c10c944 -> FILE:src/vs/workbench/contrib/chat/browser/actions/chatAccessibilityHelp.ts -> COMMIT:fb4a02b3e41d0d7c43d4908cca03b6eba9722e3f
PR,335918,COMMIT,bc7c8cffe3406c57a17ee69ed0960acca16c7c06,INDIRECT,COMMIT_MODIFIES_FILE,3,PR:335918 -> COMMIT:adc9092582503ef136344e5d017aa68b3c10c944 -> FILE:src/vs/workbench/contrib/chat/browser/actions/chatAccessibilityHelp.ts -> COMMIT:bc7c8cffe3406c57a17ee69ed0960acca16c7c06
PR,335918,COMMIT,b98cb71ef30792010b5cddb9a38b20210ba7098e,INDIRECT,COMMIT_MODIFIES_FILE,3,PR:335918 -> COMMIT:adc9092582503ef136344e5d017aa68b3c10c944 -> FILE:src/vs/workbench/contrib/chat/browser/actions/chatAccessibilityHelp.ts -> COMMIT:b98cb71ef30792010b5cddb9a38b20210ba7098e
PR,335918,COMMIT,902d2e3942ec13ab06408757e7d5bb61409bf046,INDIRECT,COMMIT_MODIFIES_FILE,3,PR:335918 -> COMMIT:adc9092582503ef136344e5d017aa68b3c10c944 -> FILE:src/vs/workbench/contrib/chat/browser/actions/chatAccessibilityHelp.ts -> COMMIT:902d2e3942ec13ab06408757e7d5bb61409bf046
PR,335918,COMMIT,68a4d60db6db4e02734102d9d2c117e5700b357c,INDIRECT,COMMIT_MODIFIES_FILE,3,PR:335918 -> COMMIT:adc9092582503ef136344e5d017aa68b3c10c944 -> FILE:src/vs/workbench/contrib/chat/browser/actions/chatAccessibilityHelp.ts -> COMMIT:68a4d60db6db4e02734102d9d2c117e5700b357c
PR,335918,COMMIT,724d3ce6e2380129d4f5e8f0fec1b57212a2ce48,INDIRECT,COMMIT_MODIFIES_FILE,3,PR:335918 -> COMMIT:adc9092582503ef136344e5d017aa68b3c10c944 -> FILE:src/vs/workbench/contrib/chat/browser/actions/chatAccessibilityHelp.ts -> COMMIT:724d3ce6e2380129d4f5e8f0fec1b57212a2ce48
PR,335918,COMMIT,5ed8f833eea7d696cebe5421fa7d74f461e38f72,INDIRECT,COMMIT_MODIFIES_FILE,3,PR:335918 -> COMMIT:adc9092582503ef136344e5d017aa68b3c10c944 -> FILE:src/vs/workbench/contrib/chat/browser/actions/chatAccessibilityHelp.ts -> COMMIT:5ed8f833eea7d696cebe5421fa7d74f461e38f72
PR,335918,COMMIT,4e9265ef403488d861eb01e34c9fac2c9892c30f,INDIRECT,COMMIT_MODIFIES_FILE,3,PR:335918 -> COMMIT:adc9092582503ef136344e5d017aa68b3c10c944 -> FILE:src/vs/workbench/contrib/chat/browser/actions/chatAccessibilityHelp.ts -> COMMIT:4e9265ef403488d861eb01e34c9fac2c9892c30f
PR,335918,COMMIT,67207feb101a9e8817a77d1753cc61a46da4b0d8,INDIRECT,COMMIT_MODIFIES_FILE,3,PR:335918 -> COMMIT:adc9092582503ef136344e5d017aa68b3c10c944 -> FILE:src/vs/workbench/contrib/chat/browser/actions/chatAccessibilityHelp.ts -> COMMIT:67207feb101a9e8817a77d1753cc61a46da4b0d8
PR,335918,COMMIT,bcb6d46805611b8b41877d13006af21396d6fd30,INDIRECT,COMMIT_MODIFIES_FILE,3,PR:335918 -> COMMIT:adc9092582503ef136344e5d017aa68b3c10c944 -> FILE:src/vs/workbench/contrib/chat/browser/actions/chatAccessibilityHelp.ts -> COMMIT:bcb6d46805611b8b41877d13006af21396d6fd30
PR,335918,COMMIT,66f17c1d4e67fd718f3a418808fcf1bdc3727a62,INDIRECT,COMMIT_MODIFIES_FILE,3,PR:335918 -> COMMIT:adc9092582503ef136344e5d017aa68b3c10c944 -> FILE:src/vs/workbench/contrib/chat/browser/actions/chatAccessibilityHelp.ts -> COMMIT:66f17c1d4e67fd718f3a418808fcf1bdc3727a62
PR,335918,COMMIT,f4d5120a328e29666980134a1fee9e33ecff2e01,INDIRECT,COMMIT_MODIFIES_FILE,3,PR:335918 -> COMMIT:adc9092582503ef136344e5d017aa68b3c10c944 -> FILE:src/vs/workbench/contrib/chat/browser/actions/chatAccessibilityHelp.ts -> COMMIT:f4d5120a328e29666980134a1fee9e33ecff2e01
PR,335918,COMMIT,03e779419ece0dfa5f92fa33b1ebffa0d82f7ab7,INDIRECT,COMMIT_MODIFIES_FILE,3,PR:335918 -> COMMIT:adc9092582503ef136344e5d017aa68b3c10c944 -> FILE:src/vs/workbench/contrib/chat/browser/actions/chatAccessibilityHelp.ts -> COMMIT:03e779419ece0dfa5f92fa33b1ebffa0d82f7ab7
PR,335918,COMMIT,e7780d782abf3569217651de1ea10a3c80437f76,INDIRECT,COMMIT_MODIFIES_FILE,3,PR:335918 -> COMMIT:adc9092582503ef136344e5d017aa68b3c10c944 -> FILE:src/vs/workbench/contrib/chat/browser/actions/chatAccessibilityHelp.ts -> COMMIT:e7780d782abf3569217651de1ea10a3c80437f76
PR,335918,COMMIT,e6bf53e46fa4c78ab5e4ac2209f67666caf9262f,INDIRECT,COMMIT_MODIFIES_FILE,3,PR:335918 -> COMMIT:adc9092582503ef136344e5d017aa68b3c10c944 -> FILE:src/vs/workbench/contrib/chat/browser/actions/chatAccessibilityHelp.ts -> COMMIT:e6bf53e46fa4c78ab5e4ac2209f67666caf9262f
PR,335918,COMMIT,0d73f41e7d544984e5f52887d578cc506981be18,INDIRECT,COMMIT_MODIFIES_FILE,3,PR:335918 -> COMMIT:adc9092582503ef136344e5d017aa68b3c10c944 -> FILE:src/vs/workbench/contrib/chat/browser/actions/chatAccessibilityHelp.ts -> COMMIT:0d73f41e7d544984e5f52887d578cc506981be18
PR,335918,COMMIT,e1641e49f716848f2ebf7c1ee7e741bbf5b0cb18,INDIRECT,COMMIT_MODIFIES_FILE,3,PR:335918 -> COMMIT:adc9092582503ef136344e5d017aa68b3c10c944 -> FILE:src/vs/workbench/contrib/chat/browser/actions/chatAccessibilityHelp.ts -> COMMIT:e1641e49f716848f2ebf7c1ee7e741bbf5b0cb18
PR,335918,COMMIT,8685afa5ffcc2a6eef7ef22eb7a1d6f8fbe28c3d,INDIRECT,COMMIT_MODIFIES_FILE,3,PR:335918 -> COMMIT:adc9092582503ef136344e5d017aa68b3c10c944 -> FILE:src/vs/workbench/contrib/chat/browser/actions/chatAccessibilityHelp.ts -> COMMIT:8685afa5ffcc2a6eef7ef22eb7a1d6f8fbe28c3d
PR,335918,COMMIT,29fd1d69be27eff6522a3d0e911f0b302a8c52d6,INDIRECT,COMMIT_MODIFIES_FILE,3,PR:335918 -> COMMIT:adc9092582503ef136344e5d017aa68b3c10c944 -> FILE:src/vs/workbench/contrib/chat/browser/actions/chatAccessibilityHelp.ts -> COMMIT:29fd1d69be27eff6522a3d0e911f0b302a8c52d6
PR,335918,COMMIT,1b41a1510aaad47f811c9af75d547f6f8ed4401c,INDIRECT,COMMIT_MODIFIES_FILE,3,PR:335918 -> COMMIT:adc9092582503ef136344e5d017aa68b3c10c944 -> FILE:src/vs/workbench/contrib/chat/browser/actions/chatAccessibilityHelp.ts -> COMMIT:1b41a1510aaad47f811c9af75d547f6f8ed4401c
PR,335918,COMMIT,1ff299ed5c3235af4b340ba51dba41dfb6170c2a,INDIRECT,COMMIT_MODIFIES_FILE,3,PR:335918 -> COMMIT:adc9092582503ef136344e5d017aa68b3c10c944 -> FILE:src/vs/workbench/contrib/chat/browser/actions/chatAccessibilityHelp.ts -> COMMIT:1ff299ed5c3235af4b340ba51dba41dfb6170c2a
PR,335918,COMMIT,072a229298c11e3695df789c18ab89268caf2dd1,INDIRECT,COMMIT_MODIFIES_FILE,3,PR:335918 -> COMMIT:adc9092582503ef136344e5d017aa68b3c10c944 -> FILE:src/vs/workbench/contrib/chat/browser/actions/chatAccessibilityHelp.ts -> COMMIT:072a229298c11e3695df789c18ab89268caf2dd1
PR,335918,COMMIT,9da57c806ab91a4f5ff700957b9285700663bcf5,INDIRECT,COMMIT_MODIFIES_FILE,3,PR:335918 -> COMMIT:adc9092582503ef136344e5d017aa68b3c10c944 -> FILE:src/vs/workbench/contrib/chat/browser/actions/chatAccessibilityHelp.ts -> COMMIT:9da57c806ab91a4f5ff700957b9285700663bcf5
PR,335918,COMMIT,49881aef7eff8b8c854c754aef5649f0c66a1fc7,INDIRECT,COMMIT_MODIFIES_FILE,3,PR:335918 -> COMMIT:adc9092582503ef136344e5d017aa68b3c10c944 -> FILE:src/vs/workbench/contrib/chat/browser/actions/chatAccessibilityHelp.ts -> COMMIT:49881aef7eff8b8c854c754aef5649f0c66a1fc7
PR,335918,COMMIT,096f973a02e09cb9376012f917d7447d0ccdbe57,INDIRECT,COMMIT_MODIFIES_FILE,3,PR:335918 -> COMMIT:adc9092582503ef136344e5d017aa68b3c10c944 -> FILE:src/vs/workbench/contrib/chat/browser/actions/chatAccessibilityHelp.ts -> COMMIT:096f973a02e09cb9376012f917d7447d0ccdbe57
PR,335918,COMMIT,cbd63c80d153bec748b177ab648bf98e4115c66a,INDIRECT,COMMIT_MODIFIES_FILE,3,PR:335918 -> COMMIT:adc9092582503ef136344e5d017aa68b3c10c944 -> FILE:src/vs/workbench/contrib/chat/browser/actions/chatAccessibilityHelp.ts -> COMMIT:cbd63c80d153bec748b177ab648bf98e4115c66a
PR,335918,COMMIT,747261edf53ceb9afda41c916800d147fca93f1e,INDIRECT,COMMIT_MODIFIES_FILE,3,PR:335918 -> COMMIT:adc9092582503ef136344e5d017aa68b3c10c944 -> FILE:src/vs/workbench/contrib/chat/browser/actions/chatAccessibilityHelp.ts -> COMMIT:747261edf53ceb9afda41c916800d147fca93f1e
PR,335918,COMMIT,67b2df9a0c02bfd711d802397189e51b2772a4a0,INDIRECT,COMMIT_MODIFIES_FILE,3,PR:335918 -> COMMIT:adc9092582503ef136344e5d017aa68b3c10c944 -> FILE:src/vs/workbench/contrib/chat/browser/actions/chatAccessibilityHelp.ts -> COMMIT:67b2df9a0c02bfd711d802397189e51b2772a4a0
PR,335918,COMMIT,79ca3619ae850aee0fb522b441a7d41b259938fd,INDIRECT,COMMIT_MODIFIES_FILE,3,PR:335918 -> COMMIT:adc9092582503ef136344e5d017aa68b3c10c944 -> FILE:src/vs/workbench/contrib/chat/browser/actions/chatAccessibilityHelp.ts -> COMMIT:79ca3619ae850aee0fb522b441a7d41b259938fd
PR,335918,COMMIT,752f7c10eb1f00993ed5eb4694a9aaa99ad64704,INDIRECT,COMMIT_MODIFIES_FILE,3,PR:335918 -> COMMIT:adc9092582503ef136344e5d017aa68b3c10c944 -> FILE:src/vs/workbench/contrib/chat/browser/actions/chatAccessibilityHelp.ts -> COMMIT:752f7c10eb1f00993ed5eb4694a9aaa99ad64704
PR,335918,COMMIT,dd796934461a804479ff29439b2e6eef88a3b6d6,INDIRECT,COMMIT_MODIFIES_FILE,3,PR:335918 -> COMMIT:adc9092582503ef136344e5d017aa68b3c10c944 -> FILE:src/vs/workbench/contrib/chat/browser/actions/chatAccessibilityHelp.ts -> COMMIT:dd796934461a804479ff29439b2e6eef88a3b6d6
PR,335918,COMMIT,f508a4a7a801c671d279773192b87fde42b10281,INDIRECT,COMMIT_MODIFIES_FILE,3,PR:335918 -> COMMIT:adc9092582503ef136344e5d017aa68b3c10c944 -> FILE:src/vs/workbench/contrib/chat/browser/actions/chatAccessibilityHelp.ts -> COMMIT:f508a4a7a801c671d279773192b87fde42b10281
PR,335918,COMMIT,1dc3848d2011cdfbf4a08c81a27527336c16c7eb,INDIRECT,COMMIT_MODIFIES_FILE,3,PR:335918 -> COMMIT:adc9092582503ef136344e5d017aa68b3c10c944 -> FILE:src/vs/workbench/contrib/chat/browser/actions/chatAccessibilityHelp.ts -> COMMIT:1dc3848d2011cdfbf4a08c81a27527336c16c7eb
PR,335918,COMMIT,fe00ae9919b146da772322b377d4418f1dae64d4,INDIRECT,COMMIT_MODIFIES_FILE,3,PR:335918 -> COMMIT:adc9092582503ef136344e5d017aa68b3c10c944 -> FILE:src/vs/workbench/contrib/chat/browser/actions/chatAccessibilityHelp.ts -> COMMIT:fe00ae9919b146da772322b377d4418f1dae64d4
PR,335918,COMMIT,3d67f4ed5e0564caf1813319854756b90eb9297a,INDIRECT,COMMIT_MODIFIES_FILE,3,PR:335918 -> COMMIT:adc9092582503ef136344e5d017aa68b3c10c944 -> FILE:src/vs/workbench/contrib/chat/browser/actions/chatAccessibilityHelp.ts -> COMMIT:3d67f4ed5e0564caf1813319854756b90eb9297a
PR,335918,COMMIT,897c0509e8377d7a6ff670d1ebc31fe91fe4ff21,INDIRECT,COMMIT_MODIFIES_FILE,3,PR:335918 -> COMMIT:adc9092582503ef136344e5d017aa68b3c10c944 -> FILE:src/vs/workbench/contrib/chat/browser/actions/chatAccessibilityHelp.ts -> COMMIT:897c0509e8377d7a6ff670d1ebc31fe91fe4ff21
PR,335918,COMMIT,bfc38df5c54acd2a6393878fdfc2f54a04136f7a,INDIRECT,COMMIT_MODIFIES_FILE,3,PR:335918 -> COMMIT:adc9092582503ef136344e5d017aa68b3c10c944 -> FILE:src/vs/workbench/contrib/chat/browser/actions/chatAccessibilityHelp.ts -> COMMIT:bfc38df5c54acd2a6393878fdfc2f54a04136f7a
PR,335918,COMMIT,d2289e3b7585b70d701716ca2e6852859d523ec1,INDIRECT,COMMIT_MODIFIES_FILE,3,PR:335918 -> COMMIT:adc9092582503ef136344e5d017aa68b3c10c944 -> FILE:src/vs/workbench/contrib/chat/browser/actions/chatAccessibilityHelp.ts -> COMMIT:d2289e3b7585b70d701716ca2e6852859d523ec1
PR,335918,COMMIT,ccf79409d839e33d21a98c0112edc8327d0a045b,INDIRECT,COMMIT_MODIFIES_FILE,3,PR:335918 -> COMMIT:adc9092582503ef136344e5d017aa68b3c10c944 -> FILE:src/vs/workbench/contrib/chat/browser/actions/chatAccessibilityHelp.ts -> COMMIT:ccf79409d839e33d21a98c0112edc8327d0a045b
PR,335918,COMMIT,492b82bceea93d51d19542af965e4b1f62578ac7,INDIRECT,COMMIT_MODIFIES_FILE,3,PR:335918 -> COMMIT:adc9092582503ef136344e5d017aa68b3c10c944 -> FILE:src/vs/workbench/contrib/chat/browser/actions/chatAccessibilityHelp.ts -> COMMIT:492b82bceea93d51d19542af965e4b1f62578ac7
PR,335918,COMMIT,be8a88a9b8f9e19d9a7b894b2b38ca09523030a8,INDIRECT,COMMIT_MODIFIES_FILE,3,PR:335918 -> COMMIT:adc9092582503ef136344e5d017aa68b3c10c944 -> FILE:src/vs/workbench/contrib/chat/browser/actions/chatAccessibilityHelp.ts -> COMMIT:be8a88a9b8f9e19d9a7b894b2b38ca09523030a8
PR,335918,COMMIT,be0685b86fc9a86c5e872c241e04df53bfee125a,INDIRECT,COMMIT_MODIFIES_FILE,3,PR:335918 -> COMMIT:adc9092582503ef136344e5d017aa68b3c10c944 -> FILE:src/vs/workbench/contrib/chat/browser/actions/chatAccessibilityHelp.ts -> COMMIT:be0685b86fc9a86c5e872c241e04df53bfee125a
PR,335918,COMMIT,e798bea75c85148a99c88cc0683214354f89c0d8,INDIRECT,COMMIT_MODIFIES_FILE,3,PR:335918 -> COMMIT:adc9092582503ef136344e5d017aa68b3c10c944 -> FILE:src/vs/workbench/contrib/chat/browser/actions/chatAccessibilityHelp.ts -> COMMIT:e798bea75c85148a99c88cc0683214354f89c0d8
PR,335918,COMMIT,02395b7229fe50e4029708f36304cf8458b0fc8c,INDIRECT,COMMIT_MODIFIES_FILE,3,PR:335918 -> COMMIT:adc9092582503ef136344e5d017aa68b3c10c944 -> FILE:src/vs/workbench/contrib/chat/browser/actions/chatAccessibilityHelp.ts -> COMMIT:02395b7229fe50e4029708f36304cf8458b0fc8c
PR,335918,COMMIT,12d6d09f555a4acbd7bf9196074d0c2482b14872,INDIRECT,COMMIT_MODIFIES_FILE,3,PR:335918 -> COMMIT:adc9092582503ef136344e5d017aa68b3c10c944 -> FILE:src/vs/workbench/contrib/chat/browser/actions/chatAccessibilityHelp.ts -> COMMIT:12d6d09f555a4acbd7bf9196074d0c2482b14872
PR,335918,COMMIT,8423de67b7323f35b59a75d9cfa75018461d4650,INDIRECT,COMMIT_MODIFIES_FILE,3,PR:335918 -> COMMIT:adc9092582503ef136344e5d017aa68b3c10c944 -> FILE:src/vs/workbench/contrib/chat/browser/actions/chatAccessibilityHelp.ts -> COMMIT:8423de67b7323f35b59a75d9cfa75018461d4650
PR,335918,COMMIT,0c1e60130eccb4b38f0640d11f0400aa3a750ffa,INDIRECT,COMMIT_MODIFIES_FILE,3,PR:335918 -> COMMIT:adc9092582503ef136344e5d017aa68b3c10c944 -> FILE:src/vs/workbench/contrib/chat/browser/actions/chatAccessibilityHelp.ts -> COMMIT:0c1e60130eccb4b38f0640d11f0400aa3a750ffa
PR,335918,COMMIT,a315d49366bd6f1de74f1e72e3d025f06a3774e4,INDIRECT,COMMIT_MODIFIES_FILE,3,PR:335918 -> COMMIT:adc9092582503ef136344e5d017aa68b3c10c944 -> FILE:src/vs/workbench/contrib/chat/browser/actions/chatAccessibilityHelp.ts -> COMMIT:a315d49366bd6f1de74f1e72e3d025f06a3774e4
PR,335918,COMMIT,7d1ff5b227b5f081e3270ca9c4e398514acfd4ba,INDIRECT,COMMIT_MODIFIES_FILE,3,PR:335918 -> COMMIT:adc9092582503ef136344e5d017aa68b3c10c944 -> FILE:src/vs/workbench/contrib/chat/browser/actions/chatAccessibilityHelp.ts -> COMMIT:7d1ff5b227b5f081e3270ca9c4e398514acfd4ba
PR,335918,COMMIT,0d2f841b50d7680c2a0ce8a29cd5e3ec869aec07,INDIRECT,COMMIT_MODIFIES_FILE,3,PR:335918 -> COMMIT:adc9092582503ef136344e5d017aa68b3c10c944 -> FILE:src/vs/workbench/contrib/chat/browser/actions/chatAccessibilityHelp.ts -> COMMIT:0d2f841b50d7680c2a0ce8a29cd5e3ec869aec07
PR,335918,COMMIT,45424ae74a0fd352016417d3dc54eaa3703d8c0e,INDIRECT,COMMIT_MODIFIES_FILE,3,PR:335918 -> COMMIT:adc9092582503ef136344e5d017aa68b3c10c944 -> FILE:src/vs/workbench/contrib/chat/browser/actions/chatAccessibilityHelp.ts -> COMMIT:45424ae74a0fd352016417d3dc54eaa3703d8c0e
PR,335918,COMMIT,9e8a65745f7a8069436b2c4eae36ac55d7b6905c,INDIRECT,COMMIT_MODIFIES_FILE,3,PR:335918 -> COMMIT:adc9092582503ef136344e5d017aa68b3c10c944 -> FILE:src/vs/workbench/contrib/chat/browser/actions/chatAccessibilityHelp.ts -> COMMIT:9e8a65745f7a8069436b2c4eae36ac55d7b6905c
PR,335918,COMMIT,0c5f24ec250fab904b9f58d081e18f96263fc0e9,INDIRECT,COMMIT_MODIFIES_FILE,3,PR:335918 -> COMMIT:adc9092582503ef136344e5d017aa68b3c10c944 -> FILE:src/vs/workbench/contrib/chat/browser/actions/chatAccessibilityHelp.ts -> COMMIT:0c5f24ec250fab904b9f58d081e18f96263fc0e9
PR,335918,COMMIT,b4929cc949766f56a11ca7f4c36bbcc4b4f637e7,INDIRECT,COMMIT_MODIFIES_FILE,3,PR:335918 -> COMMIT:adc9092582503ef136344e5d017aa68b3c10c944 -> FILE:src/vs/workbench/contrib/chat/browser/actions/chatAccessibilityHelp.ts -> COMMIT:b4929cc949766f56a11ca7f4c36bbcc4b4f637e7
PR,335918,COMMIT,1735826bcfce625bd101dc4b2ee8ed169afd5118,INDIRECT,COMMIT_MODIFIES_FILE,3,PR:335918 -> COMMIT:adc9092582503ef136344e5d017aa68b3c10c944 -> FILE:src/vs/workbench/contrib/chat/browser/actions/chatAccessibilityHelp.ts -> COMMIT:1735826bcfce625bd101dc4b2ee8ed169afd5118
PR,335918,COMMIT,4db45fcb65bc8635687d914f70276efc1ae8618f,INDIRECT,COMMIT_MODIFIES_FILE,3,PR:335918 -> COMMIT:adc9092582503ef136344e5d017aa68b3c10c944 -> FILE:src/vs/workbench/contrib/chat/browser/actions/chatAccessibilityHelp.ts -> COMMIT:4db45fcb65bc8635687d914f70276efc1ae8618f
PR,335918,COMMIT,50c5240c4bb43768e77f36777385164cc0cb8c9d,INDIRECT,COMMIT_MODIFIES_FILE,3,PR:335918 -> COMMIT:adc9092582503ef136344e5d017aa68b3c10c944 -> FILE:src/vs/workbench/contrib/chat/browser/actions/chatAccessibilityHelp.ts -> COMMIT:50c5240c4bb43768e77f36777385164cc0cb8c9d
PR,335918,COMMIT,e399e91152735253a8cdd15a681b6a92b650139c,INDIRECT,COMMIT_MODIFIES_FILE,3,PR:335918 -> COMMIT:adc9092582503ef136344e5d017aa68b3c10c944 -> FILE:src/vs/workbench/contrib/chat/browser/actions/chatAccessibilityHelp.ts -> COMMIT:e399e91152735253a8cdd15a681b6a92b650139c
PR,335918,COMMIT,e1de5b49c7f175aa89b4798f4b27b3cbe8778449,INDIRECT,COMMIT_MODIFIES_FILE,3,PR:335918 -> COMMIT:adc9092582503ef136344e5d017aa68b3c10c944 -> FILE:src/vs/workbench/contrib/chat/browser/actions/chatAccessibilityHelp.ts -> COMMIT:e1de5b49c7f175aa89b4798f4b27b3cbe8778449
PR,335918,COMMIT,b179ab38b41394b3f72df1197f2905c35a0bc28b,INDIRECT,COMMIT_MODIFIES_FILE,3,PR:335918 -> COMMIT:adc9092582503ef136344e5d017aa68b3c10c944 -> FILE:src/vs/workbench/contrib/chat/browser/actions/chatAccessibilityHelp.ts -> COMMIT:b179ab38b41394b3f72df1197f2905c35a0bc28b
PR,335918,COMMIT,9eaf99a7193574a7ec594657b69d550fa6f736ff,INDIRECT,COMMIT_MODIFIES_FILE,3,PR:335918 -> COMMIT:adc9092582503ef136344e5d017aa68b3c10c944 -> FILE:src/vs/workbench/contrib/chat/browser/actions/chatAccessibilityHelp.ts -> COMMIT:9eaf99a7193574a7ec594657b69d550fa6f736ff
PR,335918,COMMIT,86f2e56853c04e70950d72c7c2e48fc6b40abeb5,INDIRECT,COMMIT_MODIFIES_FILE,3,PR:335918 -> COMMIT:adc9092582503ef136344e5d017aa68b3c10c944 -> FILE:src/vs/workbench/contrib/chat/browser/actions/chatAccessibilityHelp.ts -> COMMIT:86f2e56853c04e70950d72c7c2e48fc6b40abeb5
PR,335918,COMMIT,0a5026db8f9f7c4584299b7a5c0d0365ae5f277c,INDIRECT,COMMIT_MODIFIES_FILE,3,PR:335918 -> COMMIT:adc9092582503ef136344e5d017aa68b3c10c944 -> FILE:src/vs/workbench/contrib/chat/browser/actions/chatAccessibilityHelp.ts -> COMMIT:0a5026db8f9f7c4584299b7a5c0d0365ae5f277c
PR,335918,COMMIT,6dfd7c204404ac1bb65f8d9ff82aed6f683aeff0,INDIRECT,COMMIT_MODIFIES_FILE,3,PR:335918 -> COMMIT:adc9092582503ef136344e5d017aa68b3c10c944 -> FILE:src/vs/workbench/contrib/chat/browser/actions/chatAccessibilityHelp.ts -> COMMIT:6dfd7c204404ac1bb65f8d9ff82aed6f683aeff0
PR,335918,COMMIT,c360601866e83a47f3e4b9e497712aa976172913,INDIRECT,COMMIT_MODIFIES_FILE,3,PR:335918 -> COMMIT:adc9092582503ef136344e5d017aa68b3c10c944 -> FILE:src/vs/workbench/contrib/chat/browser/actions/chatAccessibilityHelp.ts -> COMMIT:c360601866e83a47f3e4b9e497712aa976172913
PR,335918,COMMIT,c0fa106a9743c7af8142c59914d5ab5cdae18976,INDIRECT,COMMIT_MODIFIES_FILE,3,PR:335918 -> COMMIT:adc9092582503ef136344e5d017aa68b3c10c944 -> FILE:src/vs/workbench/contrib/chat/browser/actions/chatAccessibilityHelp.ts -> COMMIT:c0fa106a9743c7af8142c59914d5ab5cdae18976
PR,335918,COMMIT,ced76c30970dae3342b332d9cc641d1f4b2c5765,INDIRECT,COMMIT_MODIFIES_FILE,3,PR:335918 -> COMMIT:adc9092582503ef136344e5d017aa68b3c10c944 -> FILE:src/vs/workbench/contrib/chat/browser/actions/chatAccessibilityHelp.ts -> COMMIT:ced76c30970dae3342b332d9cc641d1f4b2c5765
PR,335918,COMMIT,0b9684279462ab23d1cb552c5bfb30721d122982,INDIRECT,COMMIT_MODIFIES_FILE,3,PR:335918 -> COMMIT:adc9092582503ef136344e5d017aa68b3c10c944 -> FILE:src/vs/workbench/contrib/chat/browser/actions/chatAccessibilityHelp.ts -> COMMIT:0b9684279462ab23d1cb552c5bfb30721d122982
PR,335918,COMMIT,3589fad9f7a70020c1bcc522d02cfebc8fd6f9a2,INDIRECT,COMMIT_MODIFIES_FILE,3,PR:335918 -> COMMIT:adc9092582503ef136344e5d017aa68b3c10c944 -> FILE:src/vs/workbench/contrib/chat/browser/actions/chatAccessibilityHelp.ts -> COMMIT:3589fad9f7a70020c1bcc522d02cfebc8fd6f9a2
PR,335918,COMMIT,fc0ece61250cf26586ae6230bbefda7c4fa21d06,INDIRECT,COMMIT_MODIFIES_FILE,3,PR:335918 -> COMMIT:adc9092582503ef136344e5d017aa68b3c10c944 -> FILE:src/vs/workbench/contrib/chat/browser/actions/chatAccessibilityHelp.ts -> COMMIT:fc0ece61250cf26586ae6230bbefda7c4fa21d06
PR,335918,COMMIT,14be3c3f9545fb1508bb291a52c3050667354018,INDIRECT,COMMIT_MODIFIES_FILE,3,PR:335918 -> COMMIT:adc9092582503ef136344e5d017aa68b3c10c944 -> FILE:src/vs/workbench/contrib/chat/browser/actions/chatAccessibilityHelp.ts -> COMMIT:14be3c3f9545fb1508bb291a52c3050667354018
PR,335918,COMMIT,b63e6b32f6accb5d65acb9d86555ab819ef89af9,INDIRECT,COMMIT_MODIFIES_FILE,3,PR:335918 -> COMMIT:adc9092582503ef136344e5d017aa68b3c10c944 -> FILE:src/vs/workbench/contrib/chat/browser/actions/chatAccessibilityHelp.ts -> COMMIT:b63e6b32f6accb5d65acb9d86555ab819ef89af9
PR,335918,COMMIT,b0cfcfdbc1d964cb38f50545bb7e3d0fe593a74f,INDIRECT,COMMIT_MODIFIES_FILE,3,PR:335918 -> COMMIT:adc9092582503ef136344e5d017aa68b3c10c944 -> FILE:src/vs/workbench/contrib/chat/browser/actions/chatAccessibilityHelp.ts -> COMMIT:b0cfcfdbc1d964cb38f50545bb7e3d0fe593a74f
PR,335918,COMMIT,cb72dba89b92dae8fc55f034c1e02d5710efd9dd,INDIRECT,COMMIT_MODIFIES_FILE,3,PR:335918 -> COMMIT:adc9092582503ef136344e5d017aa68b3c10c944 -> FILE:src/vs/workbench/contrib/chat/browser/actions/chatAccessibilityHelp.ts -> COMMIT:cb72dba89b92dae8fc55f034c1e02d5710efd9dd
PR,335918,COMMIT,17c63cd7f3b578bb263269f500901d525810bd9b,INDIRECT,COMMIT_MODIFIES_FILE,3,PR:335918 -> COMMIT:adc9092582503ef136344e5d017aa68b3c10c944 -> FILE:src/vs/workbench/contrib/chat/browser/actions/chatAccessibilityHelp.ts -> COMMIT:17c63cd7f3b578bb263269f500901d525810bd9b
PR,335918,COMMIT,13b90868c712eb364a5716d14dcf1fb5630a5949,INDIRECT,COMMIT_MODIFIES_FILE,3,PR:335918 -> COMMIT:adc9092582503ef136344e5d017aa68b3c10c944 -> FILE:src/vs/workbench/contrib/chat/browser/actions/chatAccessibilityHelp.ts -> COMMIT:13b90868c712eb364a5716d14dcf1fb5630a5949
PR,335918,COMMIT,f27929ce20d22a75f7e8556622f1ade4d0806156,INDIRECT,COMMIT_MODIFIES_FILE,3,PR:335918 -> COMMIT:adc9092582503ef136344e5d017aa68b3c10c944 -> FILE:src/vs/workbench/contrib/chat/browser/actions/chatAccessibilityHelp.ts -> COMMIT:f27929ce20d22a75f7e8556622f1ade4d0806156
PR,335918,COMMIT,9efaceb1a6672ae2c99b96b45f6179eab095851b,INDIRECT,COMMIT_MODIFIES_FILE,3,PR:335918 -> COMMIT:adc9092582503ef136344e5d017aa68b3c10c944 -> FILE:src/vs/workbench/contrib/chat/browser/actions/chatAccessibilityHelp.ts -> COMMIT:9efaceb1a6672ae2c99b96b45f6179eab095851b
PR,335918,COMMIT,2b634520fc700181d101f944e6c13da168ab5c1b,INDIRECT,COMMIT_MODIFIES_FILE,3,PR:335918 -> COMMIT:adc9092582503ef136344e5d017aa68b3c10c944 -> FILE:src/vs/workbench/contrib/chat/browser/actions/chatAccessibilityHelp.ts -> COMMIT:2b634520fc700181d101f944e6c13da168ab5c1b
PR,335918,COMMIT,152b4ce826064504392c9478b97708f8a37b98a2,INDIRECT,COMMIT_MODIFIES_FILE,3,PR:335918 -> COMMIT:adc9092582503ef136344e5d017aa68b3c10c944 -> FILE:src/vs/workbench/contrib/chat/browser/actions/chatAccessibilityHelp.ts -> COMMIT:152b4ce826064504392c9478b97708f8a37b98a2
PR,335918,COMMIT,4d713d7ee1b7fb7151748fb5277837446627a463,INDIRECT,COMMIT_MODIFIES_FILE,3,PR:335918 -> COMMIT:adc9092582503ef136344e5d017aa68b3c10c944 -> FILE:src/vs/workbench/contrib/chat/browser/actions/chatAccessibilityHelp.ts -> COMMIT:4d713d7ee1b7fb7151748fb5277837446627a463
PR,335918,COMMIT,ef0c0ec8d1fa859c07888f4559ea5c64b3a149f2,INDIRECT,COMMIT_MODIFIES_FILE,3,PR:335918 -> COMMIT:adc9092582503ef136344e5d017aa68b3c10c944 -> FILE:src/vs/workbench/contrib/chat/browser/actions/chatAccessibilityHelp.ts -> COMMIT:ef0c0ec8d1fa859c07888f4559ea5c64b3a149f2
PR,335918,COMMIT,524cf5d317607a1a157bd4e1a520b72ebeeb17c3,INDIRECT,COMMIT_MODIFIES_FILE,3,PR:335918 -> COMMIT:adc9092582503ef136344e5d017aa68b3c10c944 -> FILE:src/vs/workbench/contrib/chat/browser/actions/chatAccessibilityHelp.ts -> COMMIT:524cf5d317607a1a157bd4e1a520b72ebeeb17c3
PR,335918,COMMIT,6e7442527cc69251842893059da329282fcfd08d,INDIRECT,COMMIT_MODIFIES_FILE,3,PR:335918 -> COMMIT:adc9092582503ef136344e5d017aa68b3c10c944 -> FILE:src/vs/workbench/contrib/chat/browser/actions/chatAccessibilityHelp.ts -> COMMIT:6e7442527cc69251842893059da329282fcfd08d
PR,335918,COMMIT,498d88e30eec66e606ef2d13f3a3dc490049cb4d,INDIRECT,COMMIT_MODIFIES_FILE,3,PR:335918 -> COMMIT:adc9092582503ef136344e5d017aa68b3c10c944 -> FILE:src/vs/workbench/contrib/chat/browser/actions/chatAccessibilityHelp.ts -> COMMIT:498d88e30eec66e606ef2d13f3a3dc490049cb4d
PR,335918,COMMIT,8f616922b6e49c0435cfc6f3c4ec3020e4bf9d9e,INDIRECT,COMMIT_MODIFIES_FILE,3,PR:335918 -> COMMIT:adc9092582503ef136344e5d017aa68b3c10c944 -> FILE:src/vs/workbench/contrib/chat/browser/actions/chatAccessibilityHelp.ts -> COMMIT:8f616922b6e49c0435cfc6f3c4ec3020e4bf9d9e
PR,335918,COMMIT,b1d6d8bf296982408403b76dbd7010af8b06c509,INDIRECT,COMMIT_MODIFIES_FILE,3,PR:335918 -> COMMIT:adc9092582503ef136344e5d017aa68b3c10c944 -> FILE:src/vs/workbench/contrib/chat/browser/actions/chatAccessibilityHelp.ts -> COMMIT:b1d6d8bf296982408403b76dbd7010af8b06c509
PR,335918,COMMIT,386f4b340699ec69f6d4906e7fe44773961c569a,INDIRECT,COMMIT_MODIFIES_FILE,3,PR:335918 -> COMMIT:adc9092582503ef136344e5d017aa68b3c10c944 -> FILE:src/vs/workbench/contrib/chat/browser/actions/chatAccessibilityHelp.ts -> COMMIT:386f4b340699ec69f6d4906e7fe44773961c569a
PR,335918,COMMIT,e24c5a761155657a319656e07055ca0641adb448,INDIRECT,COMMIT_MODIFIES_FILE,3,PR:335918 -> COMMIT:adc9092582503ef136344e5d017aa68b3c10c944 -> FILE:src/vs/workbench/contrib/chat/browser/actions/chatAccessibilityHelp.ts -> COMMIT:e24c5a761155657a319656e07055ca0641adb448
PR,335918,COMMIT,319976a440968d0a415a913d79c272d1daa8ee0b,INDIRECT,COMMIT_MODIFIES_FILE,3,PR:335918 -> COMMIT:adc9092582503ef136344e5d017aa68b3c10c944 -> FILE:src/vs/workbench/contrib/chat/browser/actions/chatAccessibilityHelp.ts -> COMMIT:319976a440968d0a415a913d79c272d1daa8ee0b
PR,335918,COMMIT,38553e9ba542642a48b55af51ff8b8a9a5b1f622,INDIRECT,COMMIT_MODIFIES_FILE,3,PR:335918 -> COMMIT:adc9092582503ef136344e5d017aa68b3c10c944 -> FILE:src/vs/workbench/contrib/chat/browser/actions/chatAccessibilityHelp.ts -> COMMIT:38553e9ba542642a48b55af51ff8b8a9a5b1f622
PR,335918,COMMIT,21b70ec33835a88b7d17271135c05fe44df10ada,INDIRECT,COMMIT_MODIFIES_FILE,3,PR:335918 -> COMMIT:adc9092582503ef136344e5d017aa68b3c10c944 -> FILE:src/vs/workbench/contrib/chat/browser/actions/chatAccessibilityHelp.ts -> COMMIT:21b70ec33835a88b7d17271135c05fe44df10ada
PR,335918,COMMIT,4981c135cabf9457def762ccd492b95627637647,INDIRECT,COMMIT_MODIFIES_FILE,3,PR:335918 -> COMMIT:adc9092582503ef136344e5d017aa68b3c10c944 -> FILE:src/vs/workbench/contrib/chat/browser/actions/chatAccessibilityHelp.ts -> COMMIT:4981c135cabf9457def762ccd492b95627637647
PR,335918,COMMIT,ed06cf8633ef3a9955e6c9571597bc7f1d772166,INDIRECT,COMMIT_MODIFIES_FILE,3,PR:335918 -> COMMIT:adc9092582503ef136344e5d017aa68b3c10c944 -> FILE:src/vs/workbench/contrib/chat/browser/actions/chatAccessibilityHelp.ts -> COMMIT:ed06cf8633ef3a9955e6c9571597bc7f1d772166
PR,335918,COMMIT,25ef85bf4be526f37eda8da4d2ca673788a9c3ef,INDIRECT,COMMIT_MODIFIES_FILE,3,PR:335918 -> COMMIT:adc9092582503ef136344e5d017aa68b3c10c944 -> FILE:src/vs/workbench/contrib/chat/browser/actions/chatAccessibilityHelp.ts -> COMMIT:25ef85bf4be526f37eda8da4d2ca673788a9c3ef
PR,335918,COMMIT,8ab306396e61c119a10c18a2362850dc86ff98d2,INDIRECT,COMMIT_MODIFIES_FILE,3,PR:335918 -> COMMIT:adc9092582503ef136344e5d017aa68b3c10c944 -> FILE:src/vs/workbench/contrib/chat/browser/actions/chatAccessibilityHelp.ts -> COMMIT:8ab306396e61c119a10c18a2362850dc86ff98d2
PR,335918,COMMIT,d805333fd193c50c3171f5813ee5769660837212,INDIRECT,COMMIT_MODIFIES_FILE,3,PR:335918 -> COMMIT:adc9092582503ef136344e5d017aa68b3c10c944 -> FILE:src/vs/workbench/contrib/chat/browser/actions/chatAccessibilityHelp.ts -> COMMIT:d805333fd193c50c3171f5813ee5769660837212
PR,335918,COMMIT,229888f4f53f5305a4e3579f4df9759cf0a36431,INDIRECT,COMMIT_MODIFIES_FILE,3,PR:335918 -> COMMIT:adc9092582503ef136344e5d017aa68b3c10c944 -> FILE:src/vs/workbench/contrib/chat/browser/actions/chatAccessibilityHelp.ts -> COMMIT:229888f4f53f5305a4e3579f4df9759cf0a36431
PR,335918,COMMIT,e9ee69ca9f267a062266afd0d948283805c189b6,INDIRECT,COMMIT_MODIFIES_FILE,3,PR:335918 -> COMMIT:adc9092582503ef136344e5d017aa68b3c10c944 -> FILE:src/vs/workbench/contrib/chat/browser/actions/chatAccessibilityHelp.ts -> COMMIT:e9ee69ca9f267a062266afd0d948283805c189b6
PR,335918,COMMIT,000101241f09ce68bb980d464f17c0ab621d4ea1,INDIRECT,COMMIT_MODIFIES_FILE,3,PR:335918 -> COMMIT:adc9092582503ef136344e5d017aa68b3c10c944 -> FILE:src/vs/workbench/contrib/chat/browser/actions/chatAccessibilityHelp.ts -> COMMIT:000101241f09ce68bb980d464f17c0ab621d4ea1
PR,335918,COMMIT,cb96dee32af89402dc7146578d27ee50e9c4a824,INDIRECT,COMMIT_MODIFIES_FILE,3,PR:335918 -> COMMIT:adc9092582503ef136344e5d017aa68b3c10c944 -> FILE:src/vs/workbench/contrib/chat/browser/actions/chatAccessibilityHelp.ts -> COMMIT:cb96dee32af89402dc7146578d27ee50e9c4a824
PR,335918,COMMIT,22a7417b0216447a6f670052dcb4b10db3de62d1,INDIRECT,COMMIT_MODIFIES_FILE,3,PR:335918 -> COMMIT:adc9092582503ef136344e5d017aa68b3c10c944 -> FILE:src/vs/workbench/contrib/chat/browser/actions/chatAccessibilityHelp.ts -> COMMIT:22a7417b0216447a6f670052dcb4b10db3de62d1
PR,335918,COMMIT,ae628654aaab8815fadca81c43196f4c162d5082,INDIRECT,COMMIT_MODIFIES_FILE,3,PR:335918 -> COMMIT:adc9092582503ef136344e5d017aa68b3c10c944 -> FILE:src/vs/workbench/contrib/chat/browser/actions/chatAccessibilityHelp.ts -> COMMIT:ae628654aaab8815fadca81c43196f4c162d5082
PR,335918,COMMIT,1340931c9ec0299d1ed42ff7a287dfc424e9a03b,INDIRECT,COMMIT_MODIFIES_FILE,3,PR:335918 -> COMMIT:adc9092582503ef136344e5d017aa68b3c10c944 -> FILE:src/vs/workbench/contrib/chat/browser/actions/chatAccessibilityHelp.ts -> COMMIT:1340931c9ec0299d1ed42ff7a287dfc424e9a03b
PR,335918,COMMIT,846db41fcc6cdbef688659f57cacf1327005426e,INDIRECT,COMMIT_MODIFIES_FILE,3,PR:335918 -> COMMIT:adc9092582503ef136344e5d017aa68b3c10c944 -> FILE:src/vs/workbench/contrib/chat/browser/actions/chatAccessibilityHelp.ts -> COMMIT:846db41fcc6cdbef688659f57cacf1327005426e
PR,335918,COMMIT,2e2f093be7109f6aa678efa8d192a75d90925e86,INDIRECT,COMMIT_MODIFIES_FILE,3,PR:335918 -> COMMIT:adc9092582503ef136344e5d017aa68b3c10c944 -> FILE:src/vs/workbench/contrib/chat/browser/actions/chatAccessibilityHelp.ts -> COMMIT:2e2f093be7109f6aa678efa8d192a75d90925e86
PR,335918,COMMIT,86ed77ca56c0c50ca0c23355fd69734bcd6cea3a,INDIRECT,COMMIT_MODIFIES_FILE,3,PR:335918 -> COMMIT:adc9092582503ef136344e5d017aa68b3c10c944 -> FILE:src/vs/workbench/contrib/chat/browser/actions/chatAccessibilityHelp.ts -> COMMIT:86ed77ca56c0c50ca0c23355fd69734bcd6cea3a
PR,335918,COMMIT,365afae271566cf342d3fc2788341872a3b07ef2,INDIRECT,COMMIT_MODIFIES_FILE,3,PR:335918 -> COMMIT:adc9092582503ef136344e5d017aa68b3c10c944 -> FILE:src/vs/workbench/contrib/chat/browser/actions/chatAccessibilityHelp.ts -> COMMIT:365afae271566cf342d3fc2788341872a3b07ef2
PR,335918,COMMIT,f7414e47444def0857e5d999426ddd6a2cfbde13,INDIRECT,COMMIT_MODIFIES_FILE,3,PR:335918 -> COMMIT:adc9092582503ef136344e5d017aa68b3c10c944 -> FILE:src/vs/workbench/contrib/chat/browser/actions/chatAccessibilityHelp.ts -> COMMIT:f7414e47444def0857e5d999426ddd6a2cfbde13
PR,335918,COMMIT,c5329947d1f9468618b3008464f6975636b64d16,INDIRECT,COMMIT_MODIFIES_FILE,3,PR:335918 -> COMMIT:adc9092582503ef136344e5d017aa68b3c10c944 -> FILE:src/vs/workbench/contrib/chat/browser/actions/chatAccessibilityHelp.ts -> COMMIT:c5329947d1f9468618b3008464f6975636b64d16
PR,335918,COMMIT,992c12586b706b0e9a6dfeb2e3f32a412336d3fc,INDIRECT,COMMIT_MODIFIES_FILE,3,PR:335918 -> COMMIT:adc9092582503ef136344e5d017aa68b3c10c944 -> FILE:src/vs/workbench/contrib/chat/browser/actions/chatAccessibilityHelp.ts -> COMMIT:992c12586b706b0e9a6dfeb2e3f32a412336d3fc
PR,335918,COMMIT,7400f5e1d6710255b190bc69fee1af1b98555899,INDIRECT,COMMIT_MODIFIES_FILE,3,PR:335918 -> COMMIT:adc9092582503ef136344e5d017aa68b3c10c944 -> FILE:src/vs/workbench/contrib/chat/browser/actions/chatAccessibilityHelp.ts -> COMMIT:7400f5e1d6710255b190bc69fee1af1b98555899
PR,335918,COMMIT,b488fb60627194f548cd34f6d4c595260a0496c5,INDIRECT,COMMIT_MODIFIES_FILE,3,PR:335918 -> COMMIT:adc9092582503ef136344e5d017aa68b3c10c944 -> FILE:src/vs/workbench/contrib/chat/browser/actions/chatAccessibilityHelp.ts -> COMMIT:b488fb60627194f548cd34f6d4c595260a0496c5
PR,335918,COMMIT,a80fc946adb5adff27a31fc88446342dc11ae676,INDIRECT,COMMIT_MODIFIES_FILE,3,PR:335918 -> COMMIT:adc9092582503ef136344e5d017aa68b3c10c944 -> FILE:src/vs/workbench/contrib/chat/browser/actions/chatAccessibilityHelp.ts -> COMMIT:a80fc946adb5adff27a31fc88446342dc11ae676
PR,335918,COMMIT,bf370d6dea3a282babee11c8ee35def5b26fe7dc,INDIRECT,COMMIT_MODIFIES_FILE,3,PR:335918 -> COMMIT:adc9092582503ef136344e5d017aa68b3c10c944 -> FILE:src/vs/workbench/contrib/chat/browser/actions/chatAccessibilityHelp.ts -> COMMIT:bf370d6dea3a282babee11c8ee35def5b26fe7dc
PR,335918,COMMIT,aeb4395f178ad99e83649b7c6dbba052be27e9d9,INDIRECT,COMMIT_MODIFIES_FILE,3,PR:335918 -> COMMIT:adc9092582503ef136344e5d017aa68b3c10c944 -> FILE:src/vs/workbench/contrib/chat/browser/actions/chatAccessibilityHelp.ts -> COMMIT:aeb4395f178ad99e83649b7c6dbba052be27e9d9
PR,335918,COMMIT,4026e2ff181d58c029ceb9e8750d4aab783a089c,INDIRECT,COMMIT_MODIFIES_FILE,3,PR:335918 -> COMMIT:adc9092582503ef136344e5d017aa68b3c10c944 -> FILE:src/vs/workbench/contrib/chat/browser/actions/chatAccessibilityHelp.ts -> COMMIT:4026e2ff181d58c029ceb9e8750d4aab783a089c
PR,335918,COMMIT,691dfdc48d7b7f2c274e9d121c391f3fd1ec62fc,INDIRECT,COMMIT_MODIFIES_FILE,3,PR:335918 -> COMMIT:adc9092582503ef136344e5d017aa68b3c10c944 -> FILE:src/vs/workbench/contrib/chat/browser/actions/chatAccessibilityHelp.ts -> COMMIT:691dfdc48d7b7f2c274e9d121c391f3fd1ec62fc
PR,335918,COMMIT,63e921dd8dddeafadc460ce76848e233ba5b3479,INDIRECT,COMMIT_MODIFIES_FILE,3,PR:335918 -> COMMIT:adc9092582503ef136344e5d017aa68b3c10c944 -> FILE:src/vs/workbench/contrib/chat/browser/actions/chatAccessibilityHelp.ts -> COMMIT:63e921dd8dddeafadc460ce76848e233ba5b3479
PR,335918,COMMIT,76396dfbb7e36088f4d28bf16ae17fb8d720b7f1,INDIRECT,COMMIT_MODIFIES_FILE,3,PR:335918 -> COMMIT:adc9092582503ef136344e5d017aa68b3c10c944 -> FILE:src/vs/workbench/contrib/chat/browser/actions/chatAccessibilityHelp.ts -> COMMIT:76396dfbb7e36088f4d28bf16ae17fb8d720b7f1
PR,335918,COMMIT,6aa2bd6702bf10c51564081bf5241ff5035aede5,INDIRECT,COMMIT_MODIFIES_FILE,3,PR:335918 -> COMMIT:adc9092582503ef136344e5d017aa68b3c10c944 -> FILE:src/vs/workbench/contrib/chat/browser/actions/chatAccessibilityHelp.ts -> COMMIT:6aa2bd6702bf10c51564081bf5241ff5035aede5
PR,335918,COMMIT,ccf7245a54d6e19f7eeeeb44ff29953316d814ee,INDIRECT,COMMIT_MODIFIES_FILE,3,PR:335918 -> COMMIT:adc9092582503ef136344e5d017aa68b3c10c944 -> FILE:src/vs/workbench/contrib/chat/browser/actions/chatAccessibilityHelp.ts -> COMMIT:ccf7245a54d6e19f7eeeeb44ff29953316d814ee
PR,335918,COMMIT,05ac72b1625144c43cd4ac0bae6bd2b6a8043001,INDIRECT,COMMIT_MODIFIES_FILE,3,PR:335918 -> COMMIT:adc9092582503ef136344e5d017aa68b3c10c944 -> FILE:src/vs/workbench/contrib/chat/browser/actions/chatAccessibilityHelp.ts -> COMMIT:05ac72b1625144c43cd4ac0bae6bd2b6a8043001
PR,335918,COMMIT,7aa84aa7dc1731a99074c088f3c8bfeece383f4b,INDIRECT,COMMIT_MODIFIES_FILE,3,PR:335918 -> COMMIT:adc9092582503ef136344e5d017aa68b3c10c944 -> FILE:src/vs/workbench/contrib/chat/browser/actions/chatAccessibilityHelp.ts -> COMMIT:7aa84aa7dc1731a99074c088f3c8bfeece383f4b
PR,335918,COMMIT,450f3bbd803db4b8ef27b01d8b8a28a412ac1e0f,INDIRECT,COMMIT_MODIFIES_FILE,3,PR:335918 -> COMMIT:adc9092582503ef136344e5d017aa68b3c10c944 -> FILE:src/vs/workbench/contrib/chat/browser/actions/chatAccessibilityHelp.ts -> COMMIT:450f3bbd803db4b8ef27b01d8b8a28a412ac1e0f
PR,335918,COMMIT,d767f563026578bbe28d763c7492407fee0dc939,INDIRECT,COMMIT_MODIFIES_FILE,3,PR:335918 -> COMMIT:adc9092582503ef136344e5d017aa68b3c10c944 -> FILE:src/vs/workbench/contrib/chat/browser/actions/chatAccessibilityHelp.ts -> COMMIT:d767f563026578bbe28d763c7492407fee0dc939
PR,335918,COMMIT,a2d590496ad0b4665b228fe162dc3e49d24a6805,INDIRECT,COMMIT_MODIFIES_FILE,3,PR:335918 -> COMMIT:adc9092582503ef136344e5d017aa68b3c10c944 -> FILE:src/vs/workbench/contrib/chat/browser/actions/chatAccessibilityHelp.ts -> COMMIT:a2d590496ad0b4665b228fe162dc3e49d24a6805
PR,335918,COMMIT,b33bbfe088368ea49e2dc428b4c9add32e3a08a5,INDIRECT,COMMIT_MODIFIES_FILE,3,PR:335918 -> COMMIT:adc9092582503ef136344e5d017aa68b3c10c944 -> FILE:src/vs/workbench/contrib/chat/browser/actions/chatAccessibilityHelp.ts -> COMMIT:b33bbfe088368ea49e2dc428b4c9add32e3a08a5
PR,335918,COMMIT,f2bec7d5440ed3e399db20fa9a57744e6cf6d306,INDIRECT,COMMIT_MODIFIES_FILE,3,PR:335918 -> COMMIT:adc9092582503ef136344e5d017aa68b3c10c944 -> FILE:src/vs/workbench/contrib/chat/browser/actions/chatAccessibilityHelp.ts -> COMMIT:f2bec7d5440ed3e399db20fa9a57744e6cf6d306
PR,335918,COMMIT,0cfe821863b0e146589dc40a0c83dfe3a0733737,INDIRECT,COMMIT_MODIFIES_FILE,3,PR:335918 -> COMMIT:adc9092582503ef136344e5d017aa68b3c10c944 -> FILE:src/vs/workbench/contrib/chat/browser/actions/chatAccessibilityHelp.ts -> COMMIT:0cfe821863b0e146589dc40a0c83dfe3a0733737
PR,335918,COMMIT,560044cc53dafbdd99fae7b977601c25de2107ae,INDIRECT,COMMIT_MODIFIES_FILE,3,PR:335918 -> COMMIT:adc9092582503ef136344e5d017aa68b3c10c944 -> FILE:src/vs/workbench/contrib/chat/browser/actions/chatAccessibilityHelp.ts -> COMMIT:560044cc53dafbdd99fae7b977601c25de2107ae
PR,335918,COMMIT,66e3bef3d864cb9e39318f04a2e29f032571a6c6,INDIRECT,COMMIT_MODIFIES_FILE,3,PR:335918 -> COMMIT:adc9092582503ef136344e5d017aa68b3c10c944 -> FILE:src/vs/workbench/contrib/chat/browser/actions/chatAccessibilityHelp.ts -> COMMIT:66e3bef3d864cb9e39318f04a2e29f032571a6c6
PR,335918,COMMIT,4f1a366e443fb6bdec047580566464d973697c01,INDIRECT,COMMIT_MODIFIES_FILE,3,PR:335918 -> COMMIT:adc9092582503ef136344e5d017aa68b3c10c944 -> FILE:src/vs/workbench/contrib/chat/browser/actions/chatAccessibilityHelp.ts -> COMMIT:4f1a366e443fb6bdec047580566464d973697c01
PR,335918,COMMIT,e24d77c320ebd369da3adf7a89fc120af03b6beb,INDIRECT,COMMIT_MODIFIES_FILE,3,PR:335918 -> COMMIT:adc9092582503ef136344e5d017aa68b3c10c944 -> FILE:src/vs/workbench/contrib/chat/browser/actions/chatAccessibilityHelp.ts -> COMMIT:e24d77c320ebd369da3adf7a89fc120af03b6beb
PR,335918,COMMIT,337e6da496574a28474922b8d2f4f47ede493c76,INDIRECT,COMMIT_MODIFIES_FILE,3,PR:335918 -> COMMIT:adc9092582503ef136344e5d017aa68b3c10c944 -> FILE:src/vs/workbench/contrib/chat/browser/actions/chatAccessibilityHelp.ts -> COMMIT:337e6da496574a28474922b8d2f4f47ede493c76
PR,335918,COMMIT,5bc0ebd436442157b84a580bff9a4194a7c91e8b,INDIRECT,COMMIT_MODIFIES_FILE,3,PR:335918 -> COMMIT:adc9092582503ef136344e5d017aa68b3c10c944 -> FILE:src/vs/workbench/contrib/chat/browser/actions/chatAccessibilityHelp.ts -> COMMIT:5bc0ebd436442157b84a580bff9a4194a7c91e8b
PR,335918,COMMIT,05a8becff951e1251101bea60d1c980641d74521,INDIRECT,COMMIT_MODIFIES_FILE,3,PR:335918 -> COMMIT:adc9092582503ef136344e5d017aa68b3c10c944 -> FILE:src/vs/workbench/contrib/chat/browser/actions/chatAccessibilityHelp.ts -> COMMIT:05a8becff951e1251101bea60d1c980641d74521
PR,335918,COMMIT,d368e7a62a0a1efdaccb4cc659c29a36dbf59f13,INDIRECT,COMMIT_MODIFIES_FILE,3,PR:335918 -> COMMIT:adc9092582503ef136344e5d017aa68b3c10c944 -> FILE:src/vs/workbench/contrib/chat/browser/actions/chatAccessibilityHelp.ts -> COMMIT:d368e7a62a0a1efdaccb4cc659c29a36dbf59f13
PR,335918,COMMIT,c6c5493e7d645f96d89b84c707c09ccc388eb8cb,INDIRECT,COMMIT_MODIFIES_FILE,3,PR:335918 -> COMMIT:adc9092582503ef136344e5d017aa68b3c10c944 -> FILE:src/vs/workbench/contrib/chat/browser/actions/chatAccessibilityHelp.ts -> COMMIT:c6c5493e7d645f96d89b84c707c09ccc388eb8cb
PR,335918,COMMIT,1e285e6da947604215ba11a66aee73d1a731f8c6,INDIRECT,COMMIT_MODIFIES_FILE,3,PR:335918 -> COMMIT:adc9092582503ef136344e5d017aa68b3c10c944 -> FILE:src/vs/workbench/contrib/chat/browser/actions/chatAccessibilityHelp.ts -> COMMIT:1e285e6da947604215ba11a66aee73d1a731f8c6
PR,335918,COMMIT,e87eda83af19707af5742b3d3d9a405840f66317,INDIRECT,COMMIT_MODIFIES_FILE,3,PR:335918 -> COMMIT:adc9092582503ef136344e5d017aa68b3c10c944 -> FILE:src/vs/workbench/contrib/chat/browser/actions/chatAccessibilityHelp.ts -> COMMIT:e87eda83af19707af5742b3d3d9a405840f66317
PR,335918,COMMIT,68807523cd435f382ad1fce08ddf9bf5e949841e,INDIRECT,COMMIT_MODIFIES_FILE,3,PR:335918 -> COMMIT:adc9092582503ef136344e5d017aa68b3c10c944 -> FILE:src/vs/workbench/contrib/chat/browser/actions/chatAccessibilityHelp.ts -> COMMIT:68807523cd435f382ad1fce08ddf9bf5e949841e
PR,335918,COMMIT,233ac238011e95b6e32de54688052560cb635df4,INDIRECT,COMMIT_MODIFIES_FILE,3,PR:335918 -> COMMIT:adc9092582503ef136344e5d017aa68b3c10c944 -> FILE:src/vs/workbench/contrib/chat/browser/actions/chatAccessibilityHelp.ts -> COMMIT:233ac238011e95b6e32de54688052560cb635df4
PR,335918,COMMIT,b3ead34db40d1f74ddca45014170b425064d8be6,INDIRECT,COMMIT_MODIFIES_FILE,3,PR:335918 -> COMMIT:adc9092582503ef136344e5d017aa68b3c10c944 -> FILE:src/vs/workbench/contrib/chat/browser/actions/chatAccessibilityHelp.ts -> COMMIT:b3ead34db40d1f74ddca45014170b425064d8be6
PR,335918,COMMIT,76c911eeb087264cf49502cd9d5489c65ed9b220,INDIRECT,COMMIT_MODIFIES_FILE,3,PR:335918 -> COMMIT:adc9092582503ef136344e5d017aa68b3c10c944 -> FILE:src/vs/workbench/contrib/chat/browser/actions/chatAccessibilityHelp.ts -> COMMIT:76c911eeb087264cf49502cd9d5489c65ed9b220
PR,335918,COMMIT,c72674a9facde6968ac85aa1c7dab0e80d77a062,INDIRECT,COMMIT_MODIFIES_FILE,3,PR:335918 -> COMMIT:adc9092582503ef136344e5d017aa68b3c10c944 -> FILE:src/vs/workbench/contrib/chat/browser/actions/chatAccessibilityHelp.ts -> COMMIT:c72674a9facde6968ac85aa1c7dab0e80d77a062
PR,335918,COMMIT,6861e351e31e6b55d4edc5f4f5afd8e17afcad32,INDIRECT,COMMIT_MODIFIES_FILE,3,PR:335918 -> COMMIT:adc9092582503ef136344e5d017aa68b3c10c944 -> FILE:src/vs/workbench/contrib/chat/browser/agentSessions/agentHost/stateToProgressAdapter.ts -> COMMIT:6861e351e31e6b55d4edc5f4f5afd8e17afcad32
PR,335918,COMMIT,f9a273540ca38e6ef68902a61d1ff229e132868d,INDIRECT,COMMIT_MODIFIES_FILE,3,PR:335918 -> COMMIT:adc9092582503ef136344e5d017aa68b3c10c944 -> FILE:src/vs/workbench/contrib/chat/browser/agentSessions/agentHost/stateToProgressAdapter.ts -> COMMIT:f9a273540ca38e6ef68902a61d1ff229e132868d
PR,335918,COMMIT,d0baeafd3459a0614bb25de86bb054498644aa53,INDIRECT,COMMIT_MODIFIES_FILE,3,PR:335918 -> COMMIT:adc9092582503ef136344e5d017aa68b3c10c944 -> FILE:src/vs/workbench/contrib/chat/browser/agentSessions/agentHost/stateToProgressAdapter.ts -> COMMIT:d0baeafd3459a0614bb25de86bb054498644aa53
PR,335918,COMMIT,7d26f172ce79c4178abe4875e6bb671d8abe1cf6,INDIRECT,COMMIT_MODIFIES_FILE,3,PR:335918 -> COMMIT:adc9092582503ef136344e5d017aa68b3c10c944 -> FILE:src/vs/workbench/contrib/chat/browser/agentSessions/agentHost/stateToProgressAdapter.ts -> COMMIT:7d26f172ce79c4178abe4875e6bb671d8abe1cf6
PR,335918,COMMIT,fb5d1e1c3384e039d00b1085a911d075834aad64,INDIRECT,COMMIT_MODIFIES_FILE,3,PR:335918 -> COMMIT:adc9092582503ef136344e5d017aa68b3c10c944 -> FILE:src/vs/workbench/contrib/chat/browser/agentSessions/agentHost/stateToProgressAdapter.ts -> COMMIT:fb5d1e1c3384e039d00b1085a911d075834aad64
PR,335918,COMMIT,4c70b71b53f16181d89e2a8362c1f33fdd80a10f,INDIRECT,COMMIT_MODIFIES_FILE,3,PR:335918 -> COMMIT:adc9092582503ef136344e5d017aa68b3c10c944 -> FILE:src/vs/workbench/contrib/chat/browser/agentSessions/agentHost/stateToProgressAdapter.ts -> COMMIT:4c70b71b53f16181d89e2a8362c1f33fdd80a10f
PR,335918,COMMIT,3fba0257ad24bd70e3806cac4048049133ebd30a,INDIRECT,COMMIT_MODIFIES_FILE,3,PR:335918 -> COMMIT:adc9092582503ef136344e5d017aa68b3c10c944 -> FILE:src/vs/workbench/contrib/chat/browser/agentSessions/agentHost/stateToProgressAdapter.ts -> COMMIT:3fba0257ad24bd70e3806cac4048049133ebd30a
PR,335918,COMMIT,6385cc2dc4e467732a77c0ec8d5b55e462605f62,INDIRECT,COMMIT_MODIFIES_FILE,3,PR:335918 -> COMMIT:adc9092582503ef136344e5d017aa68b3c10c944 -> FILE:src/vs/workbench/contrib/chat/browser/agentSessions/agentHost/stateToProgressAdapter.ts -> COMMIT:6385cc2dc4e467732a77c0ec8d5b55e462605f62
PR,335918,COMMIT,2be1758bd75fd8adf7e6fb82f8f739776c0e04f8,INDIRECT,COMMIT_MODIFIES_FILE,3,PR:335918 -> COMMIT:adc9092582503ef136344e5d017aa68b3c10c944 -> FILE:src/vs/workbench/contrib/chat/browser/agentSessions/agentHost/stateToProgressAdapter.ts -> COMMIT:2be1758bd75fd8adf7e6fb82f8f739776c0e04f8
PR,335918,COMMIT,e593170d65fae8e51dfbe99b1eee7ff2a2a0b8da,INDIRECT,COMMIT_MODIFIES_FILE,3,PR:335918 -> COMMIT:adc9092582503ef136344e5d017aa68b3c10c944 -> FILE:src/vs/workbench/contrib/chat/browser/agentSessions/agentHost/stateToProgressAdapter.ts -> COMMIT:e593170d65fae8e51dfbe99b1eee7ff2a2a0b8da
PR,335918,COMMIT,fc5c799ba0d9f7f2ad333a507735253a90de5295,INDIRECT,COMMIT_MODIFIES_FILE,3,PR:335918 -> COMMIT:adc9092582503ef136344e5d017aa68b3c10c944 -> FILE:src/vs/workbench/contrib/chat/browser/agentSessions/agentHost/stateToProgressAdapter.ts -> COMMIT:fc5c799ba0d9f7f2ad333a507735253a90de5295
PR,335918,COMMIT,96c334c09812f69b975c37c67c3518998e20b452,INDIRECT,COMMIT_MODIFIES_FILE,3,PR:335918 -> COMMIT:adc9092582503ef136344e5d017aa68b3c10c944 -> FILE:src/vs/workbench/contrib/chat/browser/agentSessions/agentHost/stateToProgressAdapter.ts -> COMMIT:96c334c09812f69b975c37c67c3518998e20b452
PR,335918,COMMIT,34226af698263ae84df995e6c560f565414ebe90,INDIRECT,COMMIT_MODIFIES_FILE,3,PR:335918 -> COMMIT:adc9092582503ef136344e5d017aa68b3c10c944 -> FILE:src/vs/workbench/contrib/chat/browser/agentSessions/agentHost/stateToProgressAdapter.ts -> COMMIT:34226af698263ae84df995e6c560f565414ebe90
PR,335918,COMMIT,a16e51de118ff949e3e2efcef91eef58d9ae0427,INDIRECT,COMMIT_MODIFIES_FILE,3,PR:335918 -> COMMIT:adc9092582503ef136344e5d017aa68b3c10c944 -> FILE:src/vs/workbench/contrib/chat/browser/agentSessions/agentHost/stateToProgressAdapter.ts -> COMMIT:a16e51de118ff949e3e2efcef91eef58d9ae0427
PR,335918,COMMIT,58e113c79e6bbf5576ae4832bed3fe259ec8fc82,INDIRECT,COMMIT_MODIFIES_FILE,3,PR:335918 -> COMMIT:adc9092582503ef136344e5d017aa68b3c10c944 -> FILE:src/vs/workbench/contrib/chat/browser/agentSessions/agentHost/stateToProgressAdapter.ts -> COMMIT:58e113c79e6bbf5576ae4832bed3fe259ec8fc82
PR,335918,COMMIT,f5aed3225ed73a60e5d4a6bc95db8423dd5687bf,INDIRECT,COMMIT_MODIFIES_FILE,3,PR:335918 -> COMMIT:adc9092582503ef136344e5d017aa68b3c10c944 -> FILE:src/vs/workbench/contrib/chat/browser/agentSessions/agentHost/stateToProgressAdapter.ts -> COMMIT:f5aed3225ed73a60e5d4a6bc95db8423dd5687bf
PR,335918,COMMIT,8a5345da4a3d31d018b009257651b31a7a7c2474,INDIRECT,COMMIT_MODIFIES_FILE,3,PR:335918 -> COMMIT:adc9092582503ef136344e5d017aa68b3c10c944 -> FILE:src/vs/workbench/contrib/chat/browser/agentSessions/agentHost/stateToProgressAdapter.ts -> COMMIT:8a5345da4a3d31d018b009257651b31a7a7c2474
PR,335918,COMMIT,5fe10260d7198764ead24abb3cbe875455291aa6,INDIRECT,COMMIT_MODIFIES_FILE,3,PR:335918 -> COMMIT:adc9092582503ef136344e5d017aa68b3c10c944 -> FILE:src/vs/workbench/contrib/chat/browser/agentSessions/agentHost/stateToProgressAdapter.ts -> COMMIT:5fe10260d7198764ead24abb3cbe875455291aa6
PR,335918,COMMIT,1e724e6e9c35207810ddd49b5d1a3cd6a57a5cde,INDIRECT,COMMIT_MODIFIES_FILE,3,PR:335918 -> COMMIT:adc9092582503ef136344e5d017aa68b3c10c944 -> FILE:src/vs/workbench/contrib/chat/browser/agentSessions/agentHost/stateToProgressAdapter.ts -> COMMIT:1e724e6e9c35207810ddd49b5d1a3cd6a57a5cde
PR,335918,COMMIT,b65e332fb2ba19b92bdd889dc326215274392e47,INDIRECT,COMMIT_MODIFIES_FILE,3,PR:335918 -> COMMIT:adc9092582503ef136344e5d017aa68b3c10c944 -> FILE:src/vs/workbench/contrib/chat/browser/agentSessions/agentHost/stateToProgressAdapter.ts -> COMMIT:b65e332fb2ba19b92bdd889dc326215274392e47
PR,335918,COMMIT,de2bb7a904eb681289136eb8ba069b70cc8951bc,INDIRECT,COMMIT_MODIFIES_FILE,3,PR:335918 -> COMMIT:adc9092582503ef136344e5d017aa68b3c10c944 -> FILE:src/vs/workbench/contrib/chat/browser/agentSessions/agentHost/stateToProgressAdapter.ts -> COMMIT:de2bb7a904eb681289136eb8ba069b70cc8951bc
PR,335918,COMMIT,26cf07ce180117a3d76034ceceb0c220f8175294,INDIRECT,COMMIT_MODIFIES_FILE,3,PR:335918 -> COMMIT:adc9092582503ef136344e5d017aa68b3c10c944 -> FILE:src/vs/workbench/contrib/chat/browser/agentSessions/agentHost/stateToProgressAdapter.ts -> COMMIT:26cf07ce180117a3d76034ceceb0c220f8175294
PR,335918,COMMIT,d4cbff462e6b3b1347031a9d0d3b09595801b0d9,INDIRECT,COMMIT_MODIFIES_FILE,3,PR:335918 -> COMMIT:adc9092582503ef136344e5d017aa68b3c10c944 -> FILE:src/vs/workbench/contrib/chat/browser/agentSessions/agentHost/stateToProgressAdapter.ts -> COMMIT:d4cbff462e6b3b1347031a9d0d3b09595801b0d9
PR,335918,COMMIT,65c23c13239c0cee0382945719a41a0ad509187b,INDIRECT,COMMIT_MODIFIES_FILE,3,PR:335918 -> COMMIT:adc9092582503ef136344e5d017aa68b3c10c944 -> FILE:src/vs/workbench/contrib/chat/browser/agentSessions/agentHost/stateToProgressAdapter.ts -> COMMIT:65c23c13239c0cee0382945719a41a0ad509187b
PR,335918,COMMIT,7a7e2d22c84b0ffc0926778243d9cf2410ea88d5,INDIRECT,COMMIT_MODIFIES_FILE,3,PR:335918 -> COMMIT:adc9092582503ef136344e5d017aa68b3c10c944 -> FILE:src/vs/workbench/contrib/chat/browser/agentSessions/agentHost/stateToProgressAdapter.ts -> COMMIT:7a7e2d22c84b0ffc0926778243d9cf2410ea88d5
PR,335918,COMMIT,53020e61f90775dd8148d04ac1b3c01145ee5597,INDIRECT,COMMIT_MODIFIES_FILE,3,PR:335918 -> COMMIT:adc9092582503ef136344e5d017aa68b3c10c944 -> FILE:src/vs/workbench/contrib/chat/browser/agentSessions/agentHost/stateToProgressAdapter.ts -> COMMIT:53020e61f90775dd8148d04ac1b3c01145ee5597
PR,335918,COMMIT,735c7376c1febaa709374e830fa9a2f0566c7092,INDIRECT,COMMIT_MODIFIES_FILE,3,PR:335918 -> COMMIT:adc9092582503ef136344e5d017aa68b3c10c944 -> FILE:src/vs/workbench/contrib/chat/browser/agentSessions/agentHost/stateToProgressAdapter.ts -> COMMIT:735c7376c1febaa709374e830fa9a2f0566c7092
PR,335918,COMMIT,98807d2985e96ef88b6aae5335f8d5e123d5930f,INDIRECT,COMMIT_MODIFIES_FILE,3,PR:335918 -> COMMIT:adc9092582503ef136344e5d017aa68b3c10c944 -> FILE:src/vs/workbench/contrib/chat/browser/agentSessions/agentHost/stateToProgressAdapter.ts -> COMMIT:98807d2985e96ef88b6aae5335f8d5e123d5930f
PR,335918,COMMIT,63acf083e3a67ffcd4c62536908001e695c157cd,INDIRECT,COMMIT_MODIFIES_FILE,3,PR:335918 -> COMMIT:adc9092582503ef136344e5d017aa68b3c10c944 -> FILE:src/vs/workbench/contrib/chat/browser/agentSessions/agentHost/stateToProgressAdapter.ts -> COMMIT:63acf083e3a67ffcd4c62536908001e695c157cd
PR,335918,COMMIT,79f132ec3a12aba7194c475feadf39acf7228c15,INDIRECT,COMMIT_MODIFIES_FILE,3,PR:335918 -> COMMIT:adc9092582503ef136344e5d017aa68b3c10c944 -> FILE:src/vs/workbench/contrib/chat/browser/agentSessions/agentHost/stateToProgressAdapter.ts -> COMMIT:79f132ec3a12aba7194c475feadf39acf7228c15
PR,335918,COMMIT,ea742eb8ea33725fda1f0c3528bda6b214084977,INDIRECT,COMMIT_MODIFIES_FILE,3,PR:335918 -> COMMIT:adc9092582503ef136344e5d017aa68b3c10c944 -> FILE:src/vs/workbench/contrib/chat/browser/agentSessions/agentHost/stateToProgressAdapter.ts -> COMMIT:ea742eb8ea33725fda1f0c3528bda6b214084977
PR,335918,COMMIT,ba368bcf3d87d65b0c9340b2b6224a213d63ebfb,INDIRECT,COMMIT_MODIFIES_FILE,3,PR:335918 -> COMMIT:adc9092582503ef136344e5d017aa68b3c10c944 -> FILE:src/vs/workbench/contrib/chat/browser/agentSessions/agentHost/stateToProgressAdapter.ts -> COMMIT:ba368bcf3d87d65b0c9340b2b6224a213d63ebfb
PR,335918,COMMIT,5e0855c0941ff13326468074c3928efcc32a77c3,INDIRECT,COMMIT_MODIFIES_FILE,3,PR:335918 -> COMMIT:adc9092582503ef136344e5d017aa68b3c10c944 -> FILE:src/vs/workbench/contrib/chat/browser/agentSessions/agentHost/stateToProgressAdapter.ts -> COMMIT:5e0855c0941ff13326468074c3928efcc32a77c3
PR,335918,COMMIT,0302170effdf314f2418e962ec6fdf324f6924fb,INDIRECT,COMMIT_MODIFIES_FILE,3,PR:335918 -> COMMIT:adc9092582503ef136344e5d017aa68b3c10c944 -> FILE:src/vs/workbench/contrib/chat/browser/agentSessions/agentHost/stateToProgressAdapter.ts -> COMMIT:0302170effdf314f2418e962ec6fdf324f6924fb
PR,335918,COMMIT,8d07e299bdbf968fed20c2bdbe354c7155d8b317,INDIRECT,COMMIT_MODIFIES_FILE,3,PR:335918 -> COMMIT:adc9092582503ef136344e5d017aa68b3c10c944 -> FILE:src/vs/workbench/contrib/chat/browser/agentSessions/agentHost/stateToProgressAdapter.ts -> COMMIT:8d07e299bdbf968fed20c2bdbe354c7155d8b317
PR,335918,COMMIT,ac75a87e0152e3435b1e4c458cae3a9955422485,INDIRECT,COMMIT_MODIFIES_FILE,3,PR:335918 -> COMMIT:adc9092582503ef136344e5d017aa68b3c10c944 -> FILE:src/vs/workbench/contrib/chat/browser/agentSessions/agentHost/stateToProgressAdapter.ts -> COMMIT:ac75a87e0152e3435b1e4c458cae3a9955422485
PR,335918,COMMIT,684c07317df6b9553b671f286e02a7fd35c19a5b,INDIRECT,COMMIT_MODIFIES_FILE,3,PR:335918 -> COMMIT:adc9092582503ef136344e5d017aa68b3c10c944 -> FILE:src/vs/workbench/contrib/chat/browser/agentSessions/agentHost/stateToProgressAdapter.ts -> COMMIT:684c07317df6b9553b671f286e02a7fd35c19a5b
PR,335918,COMMIT,6eed6a43e3bc6c055a0e7bb0307773ec3bb534ae,INDIRECT,COMMIT_MODIFIES_FILE,3,PR:335918 -> COMMIT:adc9092582503ef136344e5d017aa68b3c10c944 -> FILE:src/vs/workbench/contrib/chat/browser/agentSessions/agentHost/stateToProgressAdapter.ts -> COMMIT:6eed6a43e3bc6c055a0e7bb0307773ec3bb534ae
PR,335918,COMMIT,96b3522981a7dfaed0241acfc03dd8d856fcc24b,INDIRECT,COMMIT_MODIFIES_FILE,3,PR:335918 -> COMMIT:adc9092582503ef136344e5d017aa68b3c10c944 -> FILE:src/vs/workbench/contrib/chat/browser/agentSessions/agentHost/stateToProgressAdapter.ts -> COMMIT:96b3522981a7dfaed0241acfc03dd8d856fcc24b
PR,335918,COMMIT,0e4cdb9c82336250cac573a57edd52e043fc5c71,INDIRECT,COMMIT_MODIFIES_FILE,3,PR:335918 -> COMMIT:adc9092582503ef136344e5d017aa68b3c10c944 -> FILE:src/vs/workbench/contrib/chat/browser/agentSessions/agentHost/stateToProgressAdapter.ts -> COMMIT:0e4cdb9c82336250cac573a57edd52e043fc5c71
PR,335918,COMMIT,6359562100ff1672cde1f002ef4792270426a43e,INDIRECT,COMMIT_MODIFIES_FILE,3,PR:335918 -> COMMIT:adc9092582503ef136344e5d017aa68b3c10c944 -> FILE:src/vs/workbench/contrib/chat/browser/agentSessions/agentHost/stateToProgressAdapter.ts -> COMMIT:6359562100ff1672cde1f002ef4792270426a43e
PR,335918,COMMIT,965b5fbea2fd30bfac4d5a745d6a3196a2be2789,INDIRECT,COMMIT_MODIFIES_FILE,3,PR:335918 -> COMMIT:adc9092582503ef136344e5d017aa68b3c10c944 -> FILE:src/vs/workbench/contrib/chat/browser/agentSessions/agentHost/stateToProgressAdapter.ts -> COMMIT:965b5fbea2fd30bfac4d5a745d6a3196a2be2789
PR,335918,COMMIT,8a642e47e5454696b2c9a8350ef128cc6a42ddff,INDIRECT,COMMIT_MODIFIES_FILE,3,PR:335918 -> COMMIT:adc9092582503ef136344e5d017aa68b3c10c944 -> FILE:src/vs/workbench/contrib/chat/browser/agentSessions/agentHost/stateToProgressAdapter.ts -> COMMIT:8a642e47e5454696b2c9a8350ef128cc6a42ddff
PR,335918,COMMIT,1f53280e83ad3d6fd7a583154b1c671673d726a9,INDIRECT,COMMIT_MODIFIES_FILE,3,PR:335918 -> COMMIT:adc9092582503ef136344e5d017aa68b3c10c944 -> FILE:src/vs/workbench/contrib/chat/browser/agentSessions/agentHost/stateToProgressAdapter.ts -> COMMIT:1f53280e83ad3d6fd7a583154b1c671673d726a9
PR,335918,COMMIT,0e3810813d5df28ecf9b1f32101c4198fdb69235,INDIRECT,COMMIT_MODIFIES_FILE,3,PR:335918 -> COMMIT:adc9092582503ef136344e5d017aa68b3c10c944 -> FILE:src/vs/workbench/contrib/chat/browser/agentSessions/agentHost/stateToProgressAdapter.ts -> COMMIT:0e3810813d5df28ecf9b1f32101c4198fdb69235
PR,335918,COMMIT,52e93928506f7442006b072b6abda0bb2bc9f7d9,INDIRECT,COMMIT_MODIFIES_FILE,3,PR:335918 -> COMMIT:adc9092582503ef136344e5d017aa68b3c10c944 -> FILE:src/vs/workbench/contrib/chat/browser/agentSessions/agentHost/stateToProgressAdapter.ts -> COMMIT:52e93928506f7442006b072b6abda0bb2bc9f7d9
PR,335918,COMMIT,9978b2b0bae9231783da7c6ed06205071a18a570,INDIRECT,COMMIT_MODIFIES_FILE,3,PR:335918 -> COMMIT:adc9092582503ef136344e5d017aa68b3c10c944 -> FILE:src/vs/workbench/contrib/chat/browser/agentSessions/agentHost/stateToProgressAdapter.ts -> COMMIT:9978b2b0bae9231783da7c6ed06205071a18a570
PR,335918,COMMIT,b7881e7a31861d85805f323e6ae0967b89829c9a,INDIRECT,COMMIT_MODIFIES_FILE,3,PR:335918 -> COMMIT:adc9092582503ef136344e5d017aa68b3c10c944 -> FILE:src/vs/workbench/contrib/chat/browser/agentSessions/agentHost/stateToProgressAdapter.ts -> COMMIT:b7881e7a31861d85805f323e6ae0967b89829c9a
PR,335918,COMMIT,ffdcf288dc6b43eeef23fa5e82a67ee883b6e16d,INDIRECT,COMMIT_MODIFIES_FILE,3,PR:335918 -> COMMIT:adc9092582503ef136344e5d017aa68b3c10c944 -> FILE:src/vs/workbench/contrib/chat/browser/agentSessions/agentHost/stateToProgressAdapter.ts -> COMMIT:ffdcf288dc6b43eeef23fa5e82a67ee883b6e16d
PR,335918,COMMIT,d242451b7207cd8618114e2d2928b4a7a949767f,INDIRECT,COMMIT_MODIFIES_FILE,3,PR:335918 -> COMMIT:adc9092582503ef136344e5d017aa68b3c10c944 -> FILE:src/vs/workbench/contrib/chat/browser/agentSessions/agentHost/stateToProgressAdapter.ts -> COMMIT:d242451b7207cd8618114e2d2928b4a7a949767f
PR,335918,COMMIT,3b0eeaf4bc640dba09935ce1a352ac4335636d4d,INDIRECT,COMMIT_MODIFIES_FILE,3,PR:335918 -> COMMIT:adc9092582503ef136344e5d017aa68b3c10c944 -> FILE:src/vs/workbench/contrib/chat/browser/agentSessions/agentHost/stateToProgressAdapter.ts -> COMMIT:3b0eeaf4bc640dba09935ce1a352ac4335636d4d
PR,335918,COMMIT,77d2edb6f193c45e3a62d76fb47f84d0a17e985f,INDIRECT,COMMIT_MODIFIES_FILE,3,PR:335918 -> COMMIT:adc9092582503ef136344e5d017aa68b3c10c944 -> FILE:src/vs/workbench/contrib/chat/browser/agentSessions/agentHost/stateToProgressAdapter.ts -> COMMIT:77d2edb6f193c45e3a62d76fb47f84d0a17e985f
PR,335918,COMMIT,b68fde49e11db6e515e19168b1793bfa2c047045,INDIRECT,COMMIT_MODIFIES_FILE,3,PR:335918 -> COMMIT:adc9092582503ef136344e5d017aa68b3c10c944 -> FILE:src/vs/workbench/contrib/chat/browser/agentSessions/agentHost/stateToProgressAdapter.ts -> COMMIT:b68fde49e11db6e515e19168b1793bfa2c047045
PR,335918,COMMIT,2637e67a3c99e231f892dee6f6046432002c4a0a,INDIRECT,COMMIT_MODIFIES_FILE,3,PR:335918 -> COMMIT:adc9092582503ef136344e5d017aa68b3c10c944 -> FILE:src/vs/workbench/contrib/chat/browser/agentSessions/agentHost/stateToProgressAdapter.ts -> COMMIT:2637e67a3c99e231f892dee6f6046432002c4a0a
PR,335918,COMMIT,b11d2cab6bd853d51a1478c8d40cf4282c485550,INDIRECT,COMMIT_MODIFIES_FILE,3,PR:335918 -> COMMIT:adc9092582503ef136344e5d017aa68b3c10c944 -> FILE:src/vs/workbench/contrib/chat/browser/agentSessions/agentHost/stateToProgressAdapter.ts -> COMMIT:b11d2cab6bd853d51a1478c8d40cf4282c485550
PR,335918,COMMIT,96e204f0b1b2f38d5866eecea6da5991f87a3cfa,INDIRECT,COMMIT_MODIFIES_FILE,3,PR:335918 -> COMMIT:adc9092582503ef136344e5d017aa68b3c10c944 -> FILE:src/vs/workbench/contrib/chat/browser/agentSessions/agentHost/stateToProgressAdapter.ts -> COMMIT:96e204f0b1b2f38d5866eecea6da5991f87a3cfa
PR,335918,COMMIT,81e59bd1a4ae5554c602e1bf0ba42a48fab3df52,INDIRECT,COMMIT_MODIFIES_FILE,3,PR:335918 -> COMMIT:adc9092582503ef136344e5d017aa68b3c10c944 -> FILE:src/vs/workbench/contrib/chat/browser/agentSessions/agentHost/stateToProgressAdapter.ts -> COMMIT:81e59bd1a4ae5554c602e1bf0ba42a48fab3df52
PR,335918,COMMIT,2f6a10d4200d3c6048c6b6aee9e9eda077f494e4,INDIRECT,COMMIT_MODIFIES_FILE,3,PR:335918 -> COMMIT:adc9092582503ef136344e5d017aa68b3c10c944 -> FILE:src/vs/workbench/contrib/chat/browser/agentSessions/agentHost/stateToProgressAdapter.ts -> COMMIT:2f6a10d4200d3c6048c6b6aee9e9eda077f494e4
PR,335918,COMMIT,89f5a0031282e50996f3c3a8c574a8f40afe95a8,INDIRECT,COMMIT_MODIFIES_FILE,3,PR:335918 -> COMMIT:adc9092582503ef136344e5d017aa68b3c10c944 -> FILE:src/vs/workbench/contrib/chat/browser/agentSessions/agentHost/stateToProgressAdapter.ts -> COMMIT:89f5a0031282e50996f3c3a8c574a8f40afe95a8
PR,335918,COMMIT,c270f0593aa1cdc96018adae12a4d8899dd468d7,INDIRECT,COMMIT_MODIFIES_FILE,3,PR:335918 -> COMMIT:adc9092582503ef136344e5d017aa68b3c10c944 -> FILE:src/vs/workbench/contrib/chat/browser/agentSessions/agentHost/stateToProgressAdapter.ts -> COMMIT:c270f0593aa1cdc96018adae12a4d8899dd468d7
PR,335918,COMMIT,cc28c7d6ee283856d78e11ca8f5479002680fb27,INDIRECT,COMMIT_MODIFIES_FILE,3,PR:335918 -> COMMIT:adc9092582503ef136344e5d017aa68b3c10c944 -> FILE:src/vs/workbench/contrib/chat/browser/agentSessions/agentHost/stateToProgressAdapter.ts -> COMMIT:cc28c7d6ee283856d78e11ca8f5479002680fb27
PR,335918,COMMIT,4bdc50b61673b5606f76a8cec68d3f63c41aeae8,INDIRECT,COMMIT_MODIFIES_FILE,3,PR:335918 -> COMMIT:adc9092582503ef136344e5d017aa68b3c10c944 -> FILE:src/vs/workbench/contrib/chat/browser/agentSessions/agentHost/stateToProgressAdapter.ts -> COMMIT:4bdc50b61673b5606f76a8cec68d3f63c41aeae8
PR,335918,COMMIT,95d790ccdc6b847c2a54ea473c4d6e3d61237982,INDIRECT,COMMIT_MODIFIES_FILE,3,PR:335918 -> COMMIT:adc9092582503ef136344e5d017aa68b3c10c944 -> FILE:src/vs/workbench/contrib/chat/browser/agentSessions/agentHost/stateToProgressAdapter.ts -> COMMIT:95d790ccdc6b847c2a54ea473c4d6e3d61237982
PR,335918,COMMIT,c95c9c0afcc242d1d43f30f3e4a068b9fc39a077,INDIRECT,COMMIT_MODIFIES_FILE,3,PR:335918 -> COMMIT:adc9092582503ef136344e5d017aa68b3c10c944 -> FILE:src/vs/workbench/contrib/chat/browser/agentSessions/agentHost/stateToProgressAdapter.ts -> COMMIT:c95c9c0afcc242d1d43f30f3e4a068b9fc39a077
PR,335918,COMMIT,322617495da1cfaf4e2092faa4be768b8a756937,INDIRECT,COMMIT_MODIFIES_FILE,3,PR:335918 -> COMMIT:adc9092582503ef136344e5d017aa68b3c10c944 -> FILE:src/vs/workbench/contrib/chat/browser/agentSessions/agentHost/stateToProgressAdapter.ts -> COMMIT:322617495da1cfaf4e2092faa4be768b8a756937
PR,335918,COMMIT,d19737cfbaa731f9cd9009b915aa65f936ea8362,INDIRECT,COMMIT_MODIFIES_FILE,3,PR:335918 -> COMMIT:adc9092582503ef136344e5d017aa68b3c10c944 -> FILE:src/vs/workbench/contrib/chat/browser/agentSessions/agentHost/stateToProgressAdapter.ts -> COMMIT:d19737cfbaa731f9cd9009b915aa65f936ea8362
PR,335918,COMMIT,ed69f65284ee13a21ff5c9cf8b781396115768ef,INDIRECT,COMMIT_MODIFIES_FILE,3,PR:335918 -> COMMIT:adc9092582503ef136344e5d017aa68b3c10c944 -> FILE:src/vs/workbench/contrib/chat/browser/agentSessions/agentHost/stateToProgressAdapter.ts -> COMMIT:ed69f65284ee13a21ff5c9cf8b781396115768ef
PR,335918,COMMIT,8d8a46ffe5d96dd29f1d0e63ca6e28f902479524,INDIRECT,COMMIT_MODIFIES_FILE,3,PR:335918 -> COMMIT:adc9092582503ef136344e5d017aa68b3c10c944 -> FILE:src/vs/workbench/contrib/chat/browser/agentSessions/agentHost/stateToProgressAdapter.ts -> COMMIT:8d8a46ffe5d96dd29f1d0e63ca6e28f902479524
PR,335918,COMMIT,7082e591d6ea047b35005e4d4bb66d16f50ce42c,INDIRECT,COMMIT_MODIFIES_FILE,3,PR:335918 -> COMMIT:adc9092582503ef136344e5d017aa68b3c10c944 -> FILE:src/vs/workbench/contrib/chat/browser/agentSessions/agentHost/stateToProgressAdapter.ts -> COMMIT:7082e591d6ea047b35005e4d4bb66d16f50ce42c
PR,335918,COMMIT,1e294413e6d5fe8385b86a7156ff602c82d3677a,INDIRECT,COMMIT_MODIFIES_FILE,3,PR:335918 -> COMMIT:adc9092582503ef136344e5d017aa68b3c10c944 -> FILE:src/vs/workbench/contrib/chat/browser/agentSessions/agentHost/stateToProgressAdapter.ts -> COMMIT:1e294413e6d5fe8385b86a7156ff602c82d3677a
PR,335918,COMMIT,4a5953179d9e0cf4bd09d623f3480da5e0a4480c,INDIRECT,COMMIT_MODIFIES_FILE,3,PR:335918 -> COMMIT:adc9092582503ef136344e5d017aa68b3c10c944 -> FILE:src/vs/workbench/contrib/chat/browser/agentSessions/agentHost/stateToProgressAdapter.ts -> COMMIT:4a5953179d9e0cf4bd09d623f3480da5e0a4480c
PR,335918,COMMIT,6f1910b48341d39b33057cbd669040ff29818d9c,INDIRECT,COMMIT_MODIFIES_FILE,3,PR:335918 -> COMMIT:adc9092582503ef136344e5d017aa68b3c10c944 -> FILE:src/vs/workbench/contrib/chat/browser/agentSessions/agentHost/stateToProgressAdapter.ts -> COMMIT:6f1910b48341d39b33057cbd669040ff29818d9c
PR,335918,COMMIT,b93940ee8c232c029bc77a6149b7ceac298c0d8c,INDIRECT,COMMIT_MODIFIES_FILE,3,PR:335918 -> COMMIT:adc9092582503ef136344e5d017aa68b3c10c944 -> FILE:src/vs/workbench/contrib/chat/browser/agentSessions/agentHost/stateToProgressAdapter.ts -> COMMIT:b93940ee8c232c029bc77a6149b7ceac298c0d8c
PR,335918,COMMIT,ecd58e15e19910074a74da9fb0f98e0214229043,INDIRECT,COMMIT_MODIFIES_FILE,3,PR:335918 -> COMMIT:adc9092582503ef136344e5d017aa68b3c10c944 -> FILE:src/vs/workbench/contrib/chat/browser/agentSessions/agentHost/stateToProgressAdapter.ts -> COMMIT:ecd58e15e19910074a74da9fb0f98e0214229043
PR,335918,COMMIT,acda17bc0b9e5560954caf643851ff0536c5155e,INDIRECT,COMMIT_MODIFIES_FILE,3,PR:335918 -> COMMIT:adc9092582503ef136344e5d017aa68b3c10c944 -> FILE:src/vs/workbench/contrib/chat/browser/agentSessions/agentHost/stateToProgressAdapter.ts -> COMMIT:acda17bc0b9e5560954caf643851ff0536c5155e
PR,335918,COMMIT,62ae77f372cc9dbf3f3da01148c0eb876c7dca0d,INDIRECT,COMMIT_MODIFIES_FILE,3,PR:335918 -> COMMIT:adc9092582503ef136344e5d017aa68b3c10c944 -> FILE:src/vs/workbench/contrib/chat/browser/agentSessions/agentHost/stateToProgressAdapter.ts -> COMMIT:62ae77f372cc9dbf3f3da01148c0eb876c7dca0d
PR,335918,COMMIT,b5d5000b7c2f8d4941329a95ca8dc17f3443ef65,INDIRECT,COMMIT_MODIFIES_FILE,3,PR:335918 -> COMMIT:adc9092582503ef136344e5d017aa68b3c10c944 -> FILE:src/vs/workbench/contrib/chat/browser/agentSessions/agentHost/stateToProgressAdapter.ts -> COMMIT:b5d5000b7c2f8d4941329a95ca8dc17f3443ef65
PR,335918,COMMIT,11b7b1aff626537abb3e197c67654feca1622b8f,INDIRECT,COMMIT_MODIFIES_FILE,3,PR:335918 -> COMMIT:adc9092582503ef136344e5d017aa68b3c10c944 -> FILE:src/vs/workbench/contrib/chat/browser/agentSessions/agentHost/stateToProgressAdapter.ts -> COMMIT:11b7b1aff626537abb3e197c67654feca1622b8f
PR,335918,COMMIT,dee41350086688b172138efa406cfa086ed12faa,INDIRECT,COMMIT_MODIFIES_FILE,3,PR:335918 -> COMMIT:adc9092582503ef136344e5d017aa68b3c10c944 -> FILE:src/vs/workbench/contrib/chat/browser/agentSessions/agentHost/stateToProgressAdapter.ts -> COMMIT:dee41350086688b172138efa406cfa086ed12faa
PR,335918,COMMIT,639ac22e9bcf8154236ff36f4f82dd3f276be49f,INDIRECT,COMMIT_MODIFIES_FILE,3,PR:335918 -> COMMIT:adc9092582503ef136344e5d017aa68b3c10c944 -> FILE:src/vs/workbench/contrib/chat/browser/agentSessions/agentHost/stateToProgressAdapter.ts -> COMMIT:639ac22e9bcf8154236ff36f4f82dd3f276be49f
PR,335918,COMMIT,b9e83abdc2563183cedb779856dbb767de9738b3,INDIRECT,COMMIT_MODIFIES_FILE,3,PR:335918 -> COMMIT:adc9092582503ef136344e5d017aa68b3c10c944 -> FILE:src/vs/workbench/contrib/chat/browser/agentSessions/agentHost/stateToProgressAdapter.ts -> COMMIT:b9e83abdc2563183cedb779856dbb767de9738b3
PR,335918,COMMIT,02329a30b68d708b54412193c0d8d5aae216eac9,INDIRECT,COMMIT_MODIFIES_FILE,3,PR:335918 -> COMMIT:adc9092582503ef136344e5d017aa68b3c10c944 -> FILE:src/vs/workbench/contrib/chat/browser/agentSessions/agentHost/stateToProgressAdapter.ts -> COMMIT:02329a30b68d708b54412193c0d8d5aae216eac9
PR,335918,COMMIT,736e0220ff60fa58fcf0a7b3bd1c9b6fa84072ac,INDIRECT,COMMIT_MODIFIES_FILE,3,PR:335918 -> COMMIT:adc9092582503ef136344e5d017aa68b3c10c944 -> FILE:src/vs/workbench/contrib/chat/browser/agentSessions/agentHost/stateToProgressAdapter.ts -> COMMIT:736e0220ff60fa58fcf0a7b3bd1c9b6fa84072ac
PR,335918,COMMIT,327998f905b4ba5df62b6e3eb1d7f14054ee860d,INDIRECT,COMMIT_MODIFIES_FILE,3,PR:335918 -> COMMIT:adc9092582503ef136344e5d017aa68b3c10c944 -> FILE:src/vs/workbench/contrib/chat/browser/agentSessions/agentHost/stateToProgressAdapter.ts -> COMMIT:327998f905b4ba5df62b6e3eb1d7f14054ee860d
PR,335918,COMMIT,f3e03d8954d0c454ee6b07adb12481bbd8ac9dd1,INDIRECT,COMMIT_MODIFIES_FILE,3,PR:335918 -> COMMIT:adc9092582503ef136344e5d017aa68b3c10c944 -> FILE:src/vs/workbench/contrib/chat/browser/agentSessions/agentHost/stateToProgressAdapter.ts -> COMMIT:f3e03d8954d0c454ee6b07adb12481bbd8ac9dd1
PR,335918,COMMIT,918fd307ffdc14b920b8d6622618f6b9e340b48f,INDIRECT,COMMIT_MODIFIES_FILE,3,PR:335918 -> COMMIT:adc9092582503ef136344e5d017aa68b3c10c944 -> FILE:src/vs/workbench/contrib/chat/browser/agentSessions/agentHost/stateToProgressAdapter.ts -> COMMIT:918fd307ffdc14b920b8d6622618f6b9e340b48f
PR,335918,COMMIT,f028935e6e1c093c47a8ef66e0184551984536fa,INDIRECT,COMMIT_MODIFIES_FILE,3,PR:335918 -> COMMIT:adc9092582503ef136344e5d017aa68b3c10c944 -> FILE:src/vs/workbench/contrib/chat/browser/agentSessions/agentHost/stateToProgressAdapter.ts -> COMMIT:f028935e6e1c093c47a8ef66e0184551984536fa
PR,335918,COMMIT,5385ec3551e452e8be1c0e2d36c6f9f7fbf16a0f,INDIRECT,COMMIT_MODIFIES_FILE,3,PR:335918 -> COMMIT:adc9092582503ef136344e5d017aa68b3c10c944 -> FILE:src/vs/workbench/contrib/chat/browser/agentSessions/agentHost/stateToProgressAdapter.ts -> COMMIT:5385ec3551e452e8be1c0e2d36c6f9f7fbf16a0f
PR,335918,COMMIT,b710821054f6ca98d758d3fda39b7ae51d371738,INDIRECT,COMMIT_MODIFIES_FILE,3,PR:335918 -> COMMIT:adc9092582503ef136344e5d017aa68b3c10c944 -> FILE:src/vs/workbench/contrib/chat/browser/agentSessions/agentHost/stateToProgressAdapter.ts -> COMMIT:b710821054f6ca98d758d3fda39b7ae51d371738
PR,335918,COMMIT,5f59617ec6516b9b98ee2ce5669e790f986874ff,INDIRECT,COMMIT_MODIFIES_FILE,3,PR:335918 -> COMMIT:adc9092582503ef136344e5d017aa68b3c10c944 -> FILE:src/vs/workbench/contrib/chat/browser/agentSessions/agentHost/stateToProgressAdapter.ts -> COMMIT:5f59617ec6516b9b98ee2ce5669e790f986874ff
PR,335918,COMMIT,cde50285dd734ba090a271855380b3528d191d01,INDIRECT,COMMIT_MODIFIES_FILE,3,PR:335918 -> COMMIT:adc9092582503ef136344e5d017aa68b3c10c944 -> FILE:src/vs/workbench/contrib/chat/browser/agentSessions/agentHost/stateToProgressAdapter.ts -> COMMIT:cde50285dd734ba090a271855380b3528d191d01
PR,335918,COMMIT,78ad5aa0eed5ba7a2828913a9a9153c0d69c8b3c,INDIRECT,COMMIT_MODIFIES_FILE,3,PR:335918 -> COMMIT:adc9092582503ef136344e5d017aa68b3c10c944 -> FILE:src/vs/workbench/contrib/chat/browser/agentSessions/agentHost/stateToProgressAdapter.ts -> COMMIT:78ad5aa0eed5ba7a2828913a9a9153c0d69c8b3c
PR,335918,COMMIT,c7cfef8a6159930f4f44c68777655cba35b32d66,INDIRECT,COMMIT_MODIFIES_FILE,3,PR:335918 -> COMMIT:adc9092582503ef136344e5d017aa68b3c10c944 -> FILE:src/vs/workbench/contrib/chat/browser/agentSessions/agentHost/stateToProgressAdapter.ts -> COMMIT:c7cfef8a6159930f4f44c68777655cba35b32d66
PR,335918,COMMIT,65935689a05ad31386666808dbf3f100b0937587,INDIRECT,COMMIT_MODIFIES_FILE,3,PR:335918 -> COMMIT:adc9092582503ef136344e5d017aa68b3c10c944 -> FILE:src/vs/workbench/contrib/chat/browser/agentSessions/agentHost/stateToProgressAdapter.ts -> COMMIT:65935689a05ad31386666808dbf3f100b0937587
PR,335918,COMMIT,5cda2f5bde576e1a41e1d5057332bd5738feb16b,INDIRECT,COMMIT_MODIFIES_FILE,3,PR:335918 -> COMMIT:adc9092582503ef136344e5d017aa68b3c10c944 -> FILE:src/vs/workbench/contrib/chat/browser/agentSessions/agentHost/stateToProgressAdapter.ts -> COMMIT:5cda2f5bde576e1a41e1d5057332bd5738feb16b
PR,335918,COMMIT,8d469709283f449a5eee7f63fb293eb2ce60536e,INDIRECT,COMMIT_MODIFIES_FILE,3,PR:335918 -> COMMIT:adc9092582503ef136344e5d017aa68b3c10c944 -> FILE:src/vs/workbench/contrib/chat/browser/agentSessions/agentHost/stateToProgressAdapter.ts -> COMMIT:8d469709283f449a5eee7f63fb293eb2ce60536e
PR,335918,COMMIT,4b0dd9d7cbc31d856bb5800c1f696becedefa26a,INDIRECT,COMMIT_MODIFIES_FILE,3,PR:335918 -> COMMIT:adc9092582503ef136344e5d017aa68b3c10c944 -> FILE:src/vs/workbench/contrib/chat/browser/agentSessions/agentHost/stateToProgressAdapter.ts -> COMMIT:4b0dd9d7cbc31d856bb5800c1f696becedefa26a
PR,335918,COMMIT,8994deaa7ba82e68a28819bca9d98dcd823303f4,INDIRECT,COMMIT_MODIFIES_FILE,3,PR:335918 -> COMMIT:adc9092582503ef136344e5d017aa68b3c10c944 -> FILE:src/vs/workbench/contrib/chat/browser/agentSessions/agentHost/stateToProgressAdapter.ts -> COMMIT:8994deaa7ba82e68a28819bca9d98dcd823303f4
PR,335918,COMMIT,c8320832fc4c16f38cf8e7b26b5ac03aff61dfb4,INDIRECT,COMMIT_MODIFIES_FILE,3,PR:335918 -> COMMIT:adc9092582503ef136344e5d017aa68b3c10c944 -> FILE:src/vs/workbench/contrib/chat/browser/agentSessions/agentHost/stateToProgressAdapter.ts -> COMMIT:c8320832fc4c16f38cf8e7b26b5ac03aff61dfb4
PR,335918,COMMIT,c8f06a9fa1c7c64bcaaed88d8e6f4e72e35b6a32,INDIRECT,COMMIT_MODIFIES_FILE,3,PR:335918 -> COMMIT:adc9092582503ef136344e5d017aa68b3c10c944 -> FILE:src/vs/workbench/contrib/chat/browser/agentSessions/agentHost/stateToProgressAdapter.ts -> COMMIT:c8f06a9fa1c7c64bcaaed88d8e6f4e72e35b6a32
PR,335918,COMMIT,b02ff5c0b640a4aa1d7b76d33855da365604653d,INDIRECT,COMMIT_MODIFIES_FILE,3,PR:335918 -> COMMIT:adc9092582503ef136344e5d017aa68b3c10c944 -> FILE:src/vs/workbench/contrib/chat/browser/agentSessions/agentHost/stateToProgressAdapter.ts -> COMMIT:b02ff5c0b640a4aa1d7b76d33855da365604653d
PR,335918,COMMIT,61a6de5a6a8c37fd76e7776b03e39e660a6e7a6e,INDIRECT,COMMIT_MODIFIES_FILE,3,PR:335918 -> COMMIT:adc9092582503ef136344e5d017aa68b3c10c944 -> FILE:src/vs/workbench/contrib/chat/browser/agentSessions/agentHost/stateToProgressAdapter.ts -> COMMIT:61a6de5a6a8c37fd76e7776b03e39e660a6e7a6e
PR,335918,COMMIT,309eb654b7d0484d1a06e42c3f2c7bd493135aae,INDIRECT,COMMIT_MODIFIES_FILE,3,PR:335918 -> COMMIT:adc9092582503ef136344e5d017aa68b3c10c944 -> FILE:src/vs/workbench/contrib/chat/browser/agentSessions/agentHost/stateToProgressAdapter.ts -> COMMIT:309eb654b7d0484d1a06e42c3f2c7bd493135aae
PR,335918,COMMIT,7a43fd3834dac8bed5c32cba73b9e9f669f0ca63,INDIRECT,COMMIT_MODIFIES_FILE,3,PR:335918 -> COMMIT:adc9092582503ef136344e5d017aa68b3c10c944 -> FILE:src/vs/workbench/contrib/chat/browser/agentSessions/agentHost/stateToProgressAdapter.ts -> COMMIT:7a43fd3834dac8bed5c32cba73b9e9f669f0ca63
PR,335918,COMMIT,1a5c740e1d4816c4ebc1938028d92e9d72ad7fbc,INDIRECT,COMMIT_MODIFIES_FILE,3,PR:335918 -> COMMIT:adc9092582503ef136344e5d017aa68b3c10c944 -> FILE:src/vs/workbench/contrib/chat/browser/agentSessions/agentHost/stateToProgressAdapter.ts -> COMMIT:1a5c740e1d4816c4ebc1938028d92e9d72ad7fbc
PR,335918,COMMIT,a7dedcd0131c0a9151f850acbc84f36a514f93a8,INDIRECT,COMMIT_MODIFIES_FILE,3,PR:335918 -> COMMIT:adc9092582503ef136344e5d017aa68b3c10c944 -> FILE:src/vs/workbench/contrib/chat/browser/agentSessions/agentHost/stateToProgressAdapter.ts -> COMMIT:a7dedcd0131c0a9151f850acbc84f36a514f93a8
PR,335918,COMMIT,d6dd9964bf97b97e9fd86b9ef76a1eaa5ead7f5b,INDIRECT,COMMIT_MODIFIES_FILE,3,PR:335918 -> COMMIT:adc9092582503ef136344e5d017aa68b3c10c944 -> FILE:src/vs/workbench/contrib/chat/browser/agentSessions/agentHost/stateToProgressAdapter.ts -> COMMIT:d6dd9964bf97b97e9fd86b9ef76a1eaa5ead7f5b
PR,335918,COMMIT,5cc00d403e82f72480c6d82b4a30753b8d6599ff,INDIRECT,COMMIT_MODIFIES_FILE,3,PR:335918 -> COMMIT:adc9092582503ef136344e5d017aa68b3c10c944 -> FILE:src/vs/workbench/contrib/chat/browser/agentSessions/agentHost/stateToProgressAdapter.ts -> COMMIT:5cc00d403e82f72480c6d82b4a30753b8d6599ff
PR,335918,COMMIT,11cd3eeccdde607491b604c4d576d739f864f2cf,INDIRECT,COMMIT_MODIFIES_FILE,3,PR:335918 -> COMMIT:adc9092582503ef136344e5d017aa68b3c10c944 -> FILE:src/vs/workbench/contrib/chat/browser/agentSessions/agentHost/stateToProgressAdapter.ts -> COMMIT:11cd3eeccdde607491b604c4d576d739f864f2cf
PR,335918,COMMIT,ef3a1ca72a61949ba501cfb7355d9fdc9955b877,INDIRECT,COMMIT_MODIFIES_FILE,3,PR:335918 -> COMMIT:adc9092582503ef136344e5d017aa68b3c10c944 -> FILE:src/vs/workbench/contrib/chat/browser/agentSessions/agentHost/stateToProgressAdapter.ts -> COMMIT:ef3a1ca72a61949ba501cfb7355d9fdc9955b877
PR,335918,COMMIT,53e6f421775742828213a930f18a347d5db028c3,INDIRECT,COMMIT_MODIFIES_FILE,3,PR:335918 -> COMMIT:adc9092582503ef136344e5d017aa68b3c10c944 -> FILE:src/vs/workbench/contrib/chat/browser/agentSessions/agentHost/stateToProgressAdapter.ts -> COMMIT:53e6f421775742828213a930f18a347d5db028c3
PR,335918,COMMIT,848488291f4aeee3527075a4b685ed3070e17967,INDIRECT,COMMIT_MODIFIES_FILE,3,PR:335918 -> COMMIT:adc9092582503ef136344e5d017aa68b3c10c944 -> FILE:src/vs/workbench/contrib/chat/browser/agentSessions/agentHost/stateToProgressAdapter.ts -> COMMIT:848488291f4aeee3527075a4b685ed3070e17967
PR,335918,COMMIT,7cbf07eb592036d37124c5232878c0c2b5223ba5,INDIRECT,COMMIT_MODIFIES_FILE,3,PR:335918 -> COMMIT:adc9092582503ef136344e5d017aa68b3c10c944 -> FILE:src/vs/workbench/contrib/chat/browser/agentSessions/agentHost/stateToProgressAdapter.ts -> COMMIT:7cbf07eb592036d37124c5232878c0c2b5223ba5
PR,335918,COMMIT,bffadde2f0ab0d7381284f8086a90b40b9c184c1,INDIRECT,COMMIT_MODIFIES_FILE,3,PR:335918 -> COMMIT:adc9092582503ef136344e5d017aa68b3c10c944 -> FILE:src/vs/workbench/contrib/chat/browser/agentSessions/agentHost/stateToProgressAdapter.ts -> COMMIT:bffadde2f0ab0d7381284f8086a90b40b9c184c1
PR,335918,COMMIT,3295bdf91050e5480b31ea217a3960cea768d7af,INDIRECT,COMMIT_MODIFIES_FILE,3,PR:335918 -> COMMIT:adc9092582503ef136344e5d017aa68b3c10c944 -> FILE:src/vs/workbench/contrib/chat/browser/agentSessions/agentHost/stateToProgressAdapter.ts -> COMMIT:3295bdf91050e5480b31ea217a3960cea768d7af
PR,335918,COMMIT,cc34c95d065d3b89affede17ea566215bae6b5fc,INDIRECT,COMMIT_MODIFIES_FILE,3,PR:335918 -> COMMIT:adc9092582503ef136344e5d017aa68b3c10c944 -> FILE:src/vs/workbench/contrib/chat/browser/agentSessions/agentHost/stateToProgressAdapter.ts -> COMMIT:cc34c95d065d3b89affede17ea566215bae6b5fc
PR,335918,COMMIT,5d9c5f2cb6009a27941fe6479a557f908f607258,INDIRECT,COMMIT_MODIFIES_FILE,3,PR:335918 -> COMMIT:adc9092582503ef136344e5d017aa68b3c10c944 -> FILE:src/vs/workbench/contrib/chat/browser/agentSessions/agentHost/stateToProgressAdapter.ts -> COMMIT:5d9c5f2cb6009a27941fe6479a557f908f607258
PR,335918,COMMIT,5d6d513f9ef3cf9fc9bcdac59b4d6f782fc92e07,INDIRECT,COMMIT_MODIFIES_FILE,3,PR:335918 -> COMMIT:adc9092582503ef136344e5d017aa68b3c10c944 -> FILE:src/vs/workbench/contrib/chat/browser/agentSessions/agentHost/stateToProgressAdapter.ts -> COMMIT:5d6d513f9ef3cf9fc9bcdac59b4d6f782fc92e07
PR,335918,COMMIT,d16d9eb8b3325d35ab8261903bec0b0e3b295472,INDIRECT,COMMIT_MODIFIES_FILE,3,PR:335918 -> COMMIT:adc9092582503ef136344e5d017aa68b3c10c944 -> FILE:src/vs/workbench/contrib/chat/browser/agentSessions/agentHost/stateToProgressAdapter.ts -> COMMIT:d16d9eb8b3325d35ab8261903bec0b0e3b295472
PR,335918,COMMIT,d00a0bba2319726c399b5b30484e387e56664bcb,INDIRECT,COMMIT_MODIFIES_FILE,3,PR:335918 -> COMMIT:adc9092582503ef136344e5d017aa68b3c10c944 -> FILE:src/vs/workbench/contrib/chat/browser/agentSessions/agentHost/stateToProgressAdapter.ts -> COMMIT:d00a0bba2319726c399b5b30484e387e56664bcb
PR,335918,COMMIT,aa7f34450e87f13f9bbc4b2e99ad3af6df32bec3,INDIRECT,COMMIT_MODIFIES_FILE,3,PR:335918 -> COMMIT:adc9092582503ef136344e5d017aa68b3c10c944 -> FILE:src/vs/workbench/contrib/chat/browser/agentSessions/agentHost/stateToProgressAdapter.ts -> COMMIT:aa7f34450e87f13f9bbc4b2e99ad3af6df32bec3
PR,335918,COMMIT,73d287ba5c70ff1ad2004f8cffedc70ef927d478,INDIRECT,COMMIT_MODIFIES_FILE,3,PR:335918 -> COMMIT:adc9092582503ef136344e5d017aa68b3c10c944 -> FILE:src/vs/workbench/contrib/chat/browser/agentSessions/agentHost/stateToProgressAdapter.ts -> COMMIT:73d287ba5c70ff1ad2004f8cffedc70ef927d478
PR,335918,COMMIT,f0f856ffd9044abe19e4d0bbd2aa8f04d4353cc9,INDIRECT,COMMIT_MODIFIES_FILE,3,PR:335918 -> COMMIT:adc9092582503ef136344e5d017aa68b3c10c944 -> FILE:src/vs/workbench/contrib/chat/browser/agentSessions/agentHost/stateToProgressAdapter.ts -> COMMIT:f0f856ffd9044abe19e4d0bbd2aa8f04d4353cc9
PR,335918,COMMIT,21a7d1fc34f411def99a45967b13935ee6b001c3,INDIRECT,COMMIT_MODIFIES_FILE,3,PR:335918 -> COMMIT:adc9092582503ef136344e5d017aa68b3c10c944 -> FILE:src/vs/workbench/contrib/chat/browser/agentSessions/agentHost/stateToProgressAdapter.ts -> COMMIT:21a7d1fc34f411def99a45967b13935ee6b001c3
PR,335918,COMMIT,bbc83bddc3244ddbfddfcff5479b042781430126,INDIRECT,COMMIT_MODIFIES_FILE,3,PR:335918 -> COMMIT:adc9092582503ef136344e5d017aa68b3c10c944 -> FILE:src/vs/workbench/contrib/chat/browser/agentSessions/agentHost/stateToProgressAdapter.ts -> COMMIT:bbc83bddc3244ddbfddfcff5479b042781430126
PR,335918,COMMIT,a868e4e7cb39b3a666506162e6d4379fc681525a,INDIRECT,COMMIT_MODIFIES_FILE,3,PR:335918 -> COMMIT:adc9092582503ef136344e5d017aa68b3c10c944 -> FILE:src/vs/workbench/contrib/chat/browser/agentSessions/agentHost/stateToProgressAdapter.ts -> COMMIT:a868e4e7cb39b3a666506162e6d4379fc681525a
PR,335918,COMMIT,1812d1b44c3652372e3010d8c5c58708d091fac7,INDIRECT,COMMIT_MODIFIES_FILE,3,PR:335918 -> COMMIT:adc9092582503ef136344e5d017aa68b3c10c944 -> FILE:src/vs/workbench/contrib/chat/browser/agentSessions/agentHost/stateToProgressAdapter.ts -> COMMIT:1812d1b44c3652372e3010d8c5c58708d091fac7
PR,335918,COMMIT,3507c5e058d6cc261fbbe0458a3fb86fc4f667c5,INDIRECT,COMMIT_MODIFIES_FILE,3,PR:335918 -> COMMIT:adc9092582503ef136344e5d017aa68b3c10c944 -> FILE:src/vs/workbench/contrib/chat/browser/agentSessions/agentHost/stateToProgressAdapter.ts -> COMMIT:3507c5e058d6cc261fbbe0458a3fb86fc4f667c5
PR,335918,COMMIT,070bee907f297f28c5ed672d4860bc071d0589cd,INDIRECT,COMMIT_MODIFIES_FILE,3,PR:335918 -> COMMIT:adc9092582503ef136344e5d017aa68b3c10c944 -> FILE:src/vs/workbench/contrib/chat/browser/agentSessions/agentHost/stateToProgressAdapter.ts -> COMMIT:070bee907f297f28c5ed672d4860bc071d0589cd
PR,335918,COMMIT,65726b804f56f85ea2af9a0c264d6e6db6c70c92,INDIRECT,COMMIT_MODIFIES_FILE,3,PR:335918 -> COMMIT:adc9092582503ef136344e5d017aa68b3c10c944 -> FILE:src/vs/workbench/contrib/chat/browser/agentSessions/agentHost/stateToProgressAdapter.ts -> COMMIT:65726b804f56f85ea2af9a0c264d6e6db6c70c92
PR,335918,COMMIT,e1e714e828331fd06d05b6579ce03453eb82a71f,INDIRECT,COMMIT_MODIFIES_FILE,3,PR:335918 -> COMMIT:adc9092582503ef136344e5d017aa68b3c10c944 -> FILE:src/vs/workbench/contrib/chat/browser/agentSessions/agentHost/stateToProgressAdapter.ts -> COMMIT:e1e714e828331fd06d05b6579ce03453eb82a71f
PR,335918,COMMIT,b79a6a60843fa61a7e3ffa8d20fc946940c0983b,INDIRECT,COMMIT_MODIFIES_FILE,3,PR:335918 -> COMMIT:adc9092582503ef136344e5d017aa68b3c10c944 -> FILE:src/vs/workbench/contrib/chat/browser/agentSessions/agentHost/stateToProgressAdapter.ts -> COMMIT:b79a6a60843fa61a7e3ffa8d20fc946940c0983b
PR,335918,COMMIT,a926e53b5ba22a9c7c8b461de1955d95984e60c2,INDIRECT,COMMIT_MODIFIES_FILE,3,PR:335918 -> COMMIT:adc9092582503ef136344e5d017aa68b3c10c944 -> FILE:src/vs/workbench/contrib/chat/browser/agentSessions/agentHost/stateToProgressAdapter.ts -> COMMIT:a926e53b5ba22a9c7c8b461de1955d95984e60c2
PR,335918,COMMIT,e9f8fa644e30b8aafe331d7aab781b973bb11441,INDIRECT,COMMIT_MODIFIES_FILE,3,PR:335918 -> COMMIT:adc9092582503ef136344e5d017aa68b3c10c944 -> FILE:src/vs/workbench/contrib/chat/browser/agentSessions/agentHost/stateToProgressAdapter.ts -> COMMIT:e9f8fa644e30b8aafe331d7aab781b973bb11441
PR,335918,COMMIT,2cb4f4078e924756e5c17f9510d6ccb14ab70154,INDIRECT,COMMIT_MODIFIES_FILE,3,PR:335918 -> COMMIT:adc9092582503ef136344e5d017aa68b3c10c944 -> FILE:src/vs/workbench/contrib/chat/browser/agentSessions/agentHost/stateToProgressAdapter.ts -> COMMIT:2cb4f4078e924756e5c17f9510d6ccb14ab70154
PR,335918,COMMIT,52dde1fa8fcbc608dea6cbba19edd5064e406814,INDIRECT,COMMIT_MODIFIES_FILE,3,PR:335918 -> COMMIT:adc9092582503ef136344e5d017aa68b3c10c944 -> FILE:src/vs/workbench/contrib/chat/browser/agentSessions/agentHost/stateToProgressAdapter.ts -> COMMIT:52dde1fa8fcbc608dea6cbba19edd5064e406814
PR,335918,COMMIT,f507db9374b67b966de3ab92ee3ed0389fc074ae,INDIRECT,COMMIT_MODIFIES_FILE,3,PR:335918 -> COMMIT:adc9092582503ef136344e5d017aa68b3c10c944 -> FILE:src/vs/workbench/contrib/chat/browser/agentSessions/agentHost/stateToProgressAdapter.ts -> COMMIT:f507db9374b67b966de3ab92ee3ed0389fc074ae
PR,335918,COMMIT,d38816526e7d6aca9596e55edfb3fff91beea383,INDIRECT,COMMIT_MODIFIES_FILE,3,PR:335918 -> COMMIT:adc9092582503ef136344e5d017aa68b3c10c944 -> FILE:src/vs/workbench/contrib/chat/browser/agentSessions/agentHost/stateToProgressAdapter.ts -> COMMIT:d38816526e7d6aca9596e55edfb3fff91beea383
PR,335918,COMMIT,8612ed1ea45c72a313218c114142382b47d11bc3,INDIRECT,COMMIT_MODIFIES_FILE,3,PR:335918 -> COMMIT:adc9092582503ef136344e5d017aa68b3c10c944 -> FILE:src/vs/workbench/contrib/chat/browser/agentSessions/agentHost/stateToProgressAdapter.ts -> COMMIT:8612ed1ea45c72a313218c114142382b47d11bc3
PR,335918,COMMIT,6d7feebe8fa931ac4254dbc74cd5139954035e63,INDIRECT,COMMIT_MODIFIES_FILE,3,PR:335918 -> COMMIT:adc9092582503ef136344e5d017aa68b3c10c944 -> FILE:src/vs/workbench/contrib/chat/browser/agentSessions/agentHost/stateToProgressAdapter.ts -> COMMIT:6d7feebe8fa931ac4254dbc74cd5139954035e63
PR,335918,COMMIT,cd6c4ba08c808757659cf718530283ba314a17ff,INDIRECT,COMMIT_MODIFIES_FILE,3,PR:335918 -> COMMIT:adc9092582503ef136344e5d017aa68b3c10c944 -> FILE:src/vs/workbench/contrib/chat/browser/agentSessions/agentHost/stateToProgressAdapter.ts -> COMMIT:cd6c4ba08c808757659cf718530283ba314a17ff
PR,335918,COMMIT,5e861ecbeec7b273cf37bf2d0a65e971a152133e,INDIRECT,COMMIT_MODIFIES_FILE,3,PR:335918 -> COMMIT:adc9092582503ef136344e5d017aa68b3c10c944 -> FILE:src/vs/workbench/contrib/chat/browser/widget/chatContentParts/chatInlineAnchorWidget.ts -> COMMIT:5e861ecbeec7b273cf37bf2d0a65e971a152133e
PR,335918,COMMIT,e355695ac8b4947838c3728dd36729348a43b331,INDIRECT,COMMIT_MODIFIES_FILE,3,PR:335918 -> COMMIT:adc9092582503ef136344e5d017aa68b3c10c944 -> FILE:src/vs/workbench/contrib/chat/browser/widget/chatContentParts/chatInlineAnchorWidget.ts -> COMMIT:e355695ac8b4947838c3728dd36729348a43b331
PR,335918,COMMIT,14800bde0a6cc47ee2e9143d4eef1d2562b515b4,INDIRECT,COMMIT_MODIFIES_FILE,3,PR:335918 -> COMMIT:adc9092582503ef136344e5d017aa68b3c10c944 -> FILE:src/vs/workbench/contrib/chat/browser/widget/chatContentParts/chatInlineAnchorWidget.ts -> COMMIT:14800bde0a6cc47ee2e9143d4eef1d2562b515b4
PR,335918,COMMIT,8ef54d1cf3952e639fcf098caf5d34ccdf306a81,INDIRECT,COMMIT_MODIFIES_FILE,3,PR:335918 -> COMMIT:adc9092582503ef136344e5d017aa68b3c10c944 -> FILE:src/vs/workbench/contrib/chat/browser/widget/chatContentParts/chatInlineAnchorWidget.ts -> COMMIT:8ef54d1cf3952e639fcf098caf5d34ccdf306a81
PR,335918,COMMIT,f0353880768bbb3c70bdaaa3864bfc5482f07fb5,INDIRECT,COMMIT_MODIFIES_FILE,3,PR:335918 -> COMMIT:adc9092582503ef136344e5d017aa68b3c10c944 -> FILE:src/vs/workbench/contrib/chat/browser/widget/chatContentParts/chatInlineAnchorWidget.ts -> COMMIT:f0353880768bbb3c70bdaaa3864bfc5482f07fb5
PR,335918,COMMIT,dc5c57a87d09b36ff1c31af2395be30cdfbd96c2,INDIRECT,COMMIT_MODIFIES_FILE,3,PR:335918 -> COMMIT:adc9092582503ef136344e5d017aa68b3c10c944 -> FILE:src/vs/workbench/contrib/chat/browser/widget/chatContentParts/chatMarkdownDecorationsRenderer.ts -> COMMIT:dc5c57a87d09b36ff1c31af2395be30cdfbd96c2
PR,335918,COMMIT,50f10f63c4af185cff57fed90bfd2fb1a13afc2d,INDIRECT,COMMIT_MODIFIES_FILE,3,PR:335918 -> COMMIT:adc9092582503ef136344e5d017aa68b3c10c944 -> FILE:src/vs/workbench/contrib/chat/browser/widget/chatContentParts/chatMarkdownDecorationsRenderer.ts -> COMMIT:50f10f63c4af185cff57fed90bfd2fb1a13afc2d
PR,335918,COMMIT,1216cc805d300dcf80761b5cc8681c7e847b663a,INDIRECT,COMMIT_MODIFIES_FILE,3,PR:335918 -> COMMIT:adc9092582503ef136344e5d017aa68b3c10c944 -> FILE:src/vs/workbench/contrib/chat/browser/widget/chatContentParts/chatMarkdownDecorationsRenderer.ts -> COMMIT:1216cc805d300dcf80761b5cc8681c7e847b663a
PR,335918,COMMIT,cac9761ba5be431ed19eb97c5e48a508bd686f2a,INDIRECT,COMMIT_MODIFIES_FILE,3,PR:335918 -> COMMIT:adc9092582503ef136344e5d017aa68b3c10c944 -> FILE:src/vs/workbench/contrib/chat/browser/widget/chatContentParts/chatMarkdownDecorationsRenderer.ts -> COMMIT:cac9761ba5be431ed19eb97c5e48a508bd686f2a
PR,335918,COMMIT,aba5b1d57b097c4371a2d1dbe78ac2bb7eddb8c0,INDIRECT,COMMIT_MODIFIES_FILE,3,PR:335918 -> COMMIT:adc9092582503ef136344e5d017aa68b3c10c944 -> FILE:src/vs/workbench/contrib/chat/browser/widget/chatContentParts/chatMarkdownDecorationsRenderer.ts -> COMMIT:aba5b1d57b097c4371a2d1dbe78ac2bb7eddb8c0
PR,335918,COMMIT,19b0bae34cba563024d68f1942a901b5d5336083,INDIRECT,COMMIT_MODIFIES_FILE,3,PR:335918 -> COMMIT:adc9092582503ef136344e5d017aa68b3c10c944 -> FILE:src/vs/workbench/contrib/chat/browser/widget/chatContentParts/chatMarkdownDecorationsRenderer.ts -> COMMIT:19b0bae34cba563024d68f1942a901b5d5336083
PR,335918,COMMIT,b7e56e69cbbc061f9606c9117313be10456e6cff,INDIRECT,COMMIT_MODIFIES_FILE,3,PR:335918 -> COMMIT:adc9092582503ef136344e5d017aa68b3c10c944 -> FILE:src/vs/workbench/contrib/chat/browser/widget/chatContentParts/chatMarkdownDecorationsRenderer.ts -> COMMIT:b7e56e69cbbc061f9606c9117313be10456e6cff
PR,335918,COMMIT,032c287829b2cb3aab14983c7a497bff5775fe42,INDIRECT,COMMIT_MODIFIES_FILE,3,PR:335918 -> COMMIT:adc9092582503ef136344e5d017aa68b3c10c944 -> FILE:src/vs/workbench/contrib/chat/browser/widget/chatContentParts/chatMarkdownDecorationsRenderer.ts -> COMMIT:032c287829b2cb3aab14983c7a497bff5775fe42
PR,335918,COMMIT,97aef8a3b6f1b42bbfddc36b5428379aae76c309,INDIRECT,COMMIT_MODIFIES_FILE,3,PR:335918 -> COMMIT:adc9092582503ef136344e5d017aa68b3c10c944 -> FILE:src/vs/workbench/contrib/chat/browser/widget/chatContentParts/chatMarkdownDecorationsRenderer.ts -> COMMIT:97aef8a3b6f1b42bbfddc36b5428379aae76c309
PR,335918,COMMIT,89e0c3bc7ad169f8fd2d787492a79b563115b211,INDIRECT,COMMIT_MODIFIES_FILE,3,PR:335918 -> COMMIT:adc9092582503ef136344e5d017aa68b3c10c944 -> FILE:src/vs/workbench/contrib/chat/browser/widget/chatContentParts/chatMarkdownDecorationsRenderer.ts -> COMMIT:89e0c3bc7ad169f8fd2d787492a79b563115b211
PR,335918,COMMIT,1784173e5b017ca9603f5296f726187f209133f5,INDIRECT,COMMIT_MODIFIES_FILE,3,PR:335918 -> COMMIT:adc9092582503ef136344e5d017aa68b3c10c944 -> FILE:src/vs/workbench/contrib/chat/browser/widget/chatContentParts/media/chatInlineAnchorWidget.css -> COMMIT:1784173e5b017ca9603f5296f726187f209133f5
PR,335918,COMMIT,b2e1af0fa7c8f9fe14bf8aff83c777de7e63be5b,INDIRECT,COMMIT_MODIFIES_FILE,3,PR:335918 -> COMMIT:adc9092582503ef136344e5d017aa68b3c10c944 -> FILE:src/vs/workbench/contrib/chat/browser/widget/chatContentParts/media/chatInlineAnchorWidget.css -> COMMIT:b2e1af0fa7c8f9fe14bf8aff83c777de7e63be5b
PR,335918,COMMIT,359cba2f0b72a099db9d2fa502de4a2f09894908,INDIRECT,COMMIT_MODIFIES_FILE,3,PR:335918 -> COMMIT:adc9092582503ef136344e5d017aa68b3c10c944 -> FILE:src/vs/workbench/contrib/chat/test/browser/agentSessions/stateToProgressAdapter.test.ts -> COMMIT:359cba2f0b72a099db9d2fa502de4a2f09894908
PR,335918,COMMIT,c9eb1ba85a5e42e9cd0ba81622187d29f1c98188,INDIRECT,COMMIT_MODIFIES_FILE,3,PR:335918 -> COMMIT:adc9092582503ef136344e5d017aa68b3c10c944 -> FILE:src/vs/workbench/contrib/chat/test/browser/agentSessions/stateToProgressAdapter.test.ts -> COMMIT:c9eb1ba85a5e42e9cd0ba81622187d29f1c98188
PR,335918,COMMIT,66591e8c985c5ad72fdcadce65ae638944b47b8c,INDIRECT,COMMIT_MODIFIES_FILE,3,PR:335918 -> COMMIT:adc9092582503ef136344e5d017aa68b3c10c944 -> FILE:src/vs/workbench/contrib/chat/test/browser/agentSessions/stateToProgressAdapter.test.ts -> COMMIT:66591e8c985c5ad72fdcadce65ae638944b47b8c
PR,335918,COMMIT,119d7e99cfe846f39c9ff5b8acb23e419534051f,INDIRECT,COMMIT_MODIFIES_FILE,3,PR:335918 -> COMMIT:adc9092582503ef136344e5d017aa68b3c10c944 -> FILE:src/vs/workbench/contrib/chat/test/browser/agentSessions/stateToProgressAdapter.test.ts -> COMMIT:119d7e99cfe846f39c9ff5b8acb23e419534051f
PR,335918,COMMIT,55a5a9dee76fb9bb4cb0463b7610cb5f34b46d46,INDIRECT,COMMIT_MODIFIES_FILE,3,PR:335918 -> COMMIT:adc9092582503ef136344e5d017aa68b3c10c944 -> FILE:src/vs/workbench/contrib/chat/test/browser/agentSessions/stateToProgressAdapter.test.ts -> COMMIT:55a5a9dee76fb9bb4cb0463b7610cb5f34b46d46
PR,335918,COMMIT,0e8f2ce5039305b709a02c5e4d5aef91c9f618c3,INDIRECT,COMMIT_MODIFIES_FILE,3,PR:335918 -> COMMIT:adc9092582503ef136344e5d017aa68b3c10c944 -> FILE:src/vs/workbench/contrib/chat/test/browser/agentSessions/stateToProgressAdapter.test.ts -> COMMIT:0e8f2ce5039305b709a02c5e4d5aef91c9f618c3
PR,335918,COMMIT,ddbe4fa4bf8dc3a8df1dacda20e1315585ed3d0a,INDIRECT,COMMIT_MODIFIES_FILE,3,PR:335918 -> COMMIT:adc9092582503ef136344e5d017aa68b3c10c944 -> FILE:src/vs/workbench/contrib/chat/test/browser/agentSessions/stateToProgressAdapter.test.ts -> COMMIT:ddbe4fa4bf8dc3a8df1dacda20e1315585ed3d0a
PR,335918,COMMIT,a70fb7d0988e6d987fb31960235ebf1d1161fa07,INDIRECT,COMMIT_MODIFIES_FILE,3,PR:335918 -> COMMIT:adc9092582503ef136344e5d017aa68b3c10c944 -> FILE:src/vs/workbench/contrib/chat/test/browser/agentSessions/stateToProgressAdapter.test.ts -> COMMIT:a70fb7d0988e6d987fb31960235ebf1d1161fa07
PR,335918,COMMIT,28edfc9f3c5d387aba35ab81ad3816db4b540097,INDIRECT,COMMIT_MODIFIES_FILE,3,PR:335918 -> COMMIT:adc9092582503ef136344e5d017aa68b3c10c944 -> FILE:src/vs/workbench/contrib/chat/test/browser/agentSessions/stateToProgressAdapter.test.ts -> COMMIT:28edfc9f3c5d387aba35ab81ad3816db4b540097
PR,335918,COMMIT,47e22b3b304073da0931cb2c0a96b5f9b58eedbb,INDIRECT,COMMIT_MODIFIES_FILE,3,PR:335918 -> COMMIT:adc9092582503ef136344e5d017aa68b3c10c944 -> FILE:src/vs/workbench/contrib/chat/test/browser/widget/chatContentParts/chatInlineAnchorWidget.test.ts -> COMMIT:47e22b3b304073da0931cb2c0a96b5f9b58eedbb
PR,335918,COMMIT,f4f6b016e2f9f293f9870b96dd0bcbde42735519,INDIRECT,COMMIT_MODIFIES_FILE,3,PR:335918 -> COMMIT:adc9092582503ef136344e5d017aa68b3c10c944 -> FILE:src/vs/workbench/contrib/chat/test/browser/widget/chatContentParts/chatMarkdownContentPart.test.ts -> COMMIT:f4f6b016e2f9f293f9870b96dd0bcbde42735519
PR,335918,COMMIT,584bb844a84bf0960b5fc4c34dd0deebdf64ee55,INDIRECT,COMMIT_MODIFIES_FILE,3,PR:335918 -> COMMIT:adc9092582503ef136344e5d017aa68b3c10c944 -> FILE:src/vs/workbench/contrib/chat/test/browser/widget/chatContentParts/chatMarkdownContentPart.test.ts -> COMMIT:584bb844a84bf0960b5fc4c34dd0deebdf64ee55
PR,335918,COMMIT,4743ec332526500a39b442863b781a87719d0de9,INDIRECT,COMMIT_MODIFIES_FILE,3,PR:335918 -> COMMIT:adc9092582503ef136344e5d017aa68b3c10c944 -> FILE:src/vs/workbench/contrib/chat/test/browser/widget/chatContentParts/chatMarkdownContentPart.test.ts -> COMMIT:4743ec332526500a39b442863b781a87719d0de9
PR,335918,COMMIT,62761016dc21f186dba952e33a080cc467a21ba4,INDIRECT,COMMIT_MODIFIES_FILE,3,PR:335918 -> COMMIT:adc9092582503ef136344e5d017aa68b3c10c944 -> FILE:src/vs/workbench/contrib/chat/test/browser/widget/chatContentParts/chatMarkdownContentPart.test.ts -> COMMIT:62761016dc21f186dba952e33a080cc467a21ba4
PR,335918,COMMIT,d7ded29d9e42fff74e7ba4005650ed40185bcbdb,INDIRECT,COMMIT_MODIFIES_FILE,3,PR:335918 -> COMMIT:adc9092582503ef136344e5d017aa68b3c10c944 -> FILE:src/vs/workbench/contrib/chat/test/browser/widget/chatContentParts/chatMarkdownContentPart.test.ts -> COMMIT:d7ded29d9e42fff74e7ba4005650ed40185bcbdb
PR,335918,COMMIT,e203ce32008fab407dfdbee995f11eab5ad530e4,INDIRECT,COMMIT_MODIFIES_FILE,3,PR:335918 -> COMMIT:adc9092582503ef136344e5d017aa68b3c10c944 -> FILE:src/vs/workbench/contrib/chat/test/browser/widget/chatContentParts/chatMarkdownContentPart.test.ts -> COMMIT:e203ce32008fab407dfdbee995f11eab5ad530e4
PR,335918,COMMIT,207a3901a3d7b4ee77f81633093aff6d370940b4,INDIRECT,COMMIT_MODIFIES_FILE,3,PR:335918 -> COMMIT:adc9092582503ef136344e5d017aa68b3c10c944 -> FILE:src/vs/workbench/contrib/chat/test/browser/widget/chatContentParts/chatMarkdownContentPart.test.ts -> COMMIT:207a3901a3d7b4ee77f81633093aff6d370940b4
PR,335918,COMMIT,75e255763cffc4d6cc8fbe6ea5509300611e2d0f,INDIRECT,COMMIT_MODIFIES_FILE,3,PR:335918 -> COMMIT:adc9092582503ef136344e5d017aa68b3c10c944 -> FILE:src/vs/workbench/contrib/chat/test/browser/widget/chatContentParts/chatMarkdownContentPart.test.ts -> COMMIT:75e255763cffc4d6cc8fbe6ea5509300611e2d0f
PR,335918,COMMIT,c84907a95b3ccfafb1304396c2fe36b07e428020,INDIRECT,COMMIT_MODIFIES_FILE,3,PR:335918 -> COMMIT:adc9092582503ef136344e5d017aa68b3c10c944 -> FILE:src/vs/workbench/contrib/chat/test/browser/widget/chatContentParts/chatMarkdownContentPart.test.ts -> COMMIT:c84907a95b3ccfafb1304396c2fe36b07e428020
PR,335918,COMMIT,8f0fb90ebca0aaf035492f751b5ca4a31f4bd69a,INDIRECT,COMMIT_MODIFIES_FILE,3,PR:335918 -> COMMIT:adc9092582503ef136344e5d017aa68b3c10c944 -> FILE:src/vs/workbench/contrib/chat/test/browser/widget/chatContentParts/chatMarkdownContentPart.test.ts -> COMMIT:8f0fb90ebca0aaf035492f751b5ca4a31f4bd69a
PR,335918,COMMIT,fface9953ceb9b464697526f2c46a32808822021,INDIRECT,COMMIT_MODIFIES_FILE,3,PR:335918 -> COMMIT:adc9092582503ef136344e5d017aa68b3c10c944 -> FILE:src/vs/workbench/test/browser/componentFixtures/chat/chatWidget.fixture.ts -> COMMIT:fface9953ceb9b464697526f2c46a32808822021
PR,335918,COMMIT,d5df669bf348d433f747f3a0405231307a651200,INDIRECT,COMMIT_MODIFIES_FILE,3,PR:335918 -> COMMIT:adc9092582503ef136344e5d017aa68b3c10c944 -> FILE:src/vs/workbench/test/browser/componentFixtures/chat/chatWidget.fixture.ts -> COMMIT:d5df669bf348d433f747f3a0405231307a651200
PR,335918,COMMIT,bb94114336d6a6360d1702e58dc14c2682562b16,INDIRECT,COMMIT_MODIFIES_FILE,3,PR:335918 -> COMMIT:adc9092582503ef136344e5d017aa68b3c10c944 -> FILE:src/vs/workbench/test/browser/componentFixtures/chat/chatWidget.fixture.ts -> COMMIT:bb94114336d6a6360d1702e58dc14c2682562b16
PR,335918,COMMIT,8f675ab28bd29ebd9743dfba80c6900ac5aa3d29,INDIRECT,COMMIT_MODIFIES_FILE,3,PR:335918 -> COMMIT:adc9092582503ef136344e5d017aa68b3c10c944 -> FILE:src/vs/workbench/test/browser/componentFixtures/chat/chatWidget.fixture.ts -> COMMIT:8f675ab28bd29ebd9743dfba80c6900ac5aa3d29
PR,335918,COMMIT,f2addf420a8561a159527529c0923f6bde637d43,INDIRECT,COMMIT_MODIFIES_FILE,3,PR:335918 -> COMMIT:adc9092582503ef136344e5d017aa68b3c10c944 -> FILE:src/vs/workbench/test/browser/componentFixtures/chat/chatWidget.fixture.ts -> COMMIT:f2addf420a8561a159527529c0923f6bde637d43
PR,335918,COMMIT,1e12e5957eb60cb007cecd8050bcd49c871a8c4a,INDIRECT,COMMIT_MODIFIES_FILE,3,PR:335918 -> COMMIT:adc9092582503ef136344e5d017aa68b3c10c944 -> FILE:src/vs/workbench/test/browser/componentFixtures/chat/chatWidget.fixture.ts -> COMMIT:1e12e5957eb60cb007cecd8050bcd49c871a8c4a
PR,335918,COMMIT,1521370ae805c793f5cd4029303665c9054bb8a4,INDIRECT,COMMIT_MODIFIES_FILE,3,PR:335918 -> COMMIT:adc9092582503ef136344e5d017aa68b3c10c944 -> FILE:src/vs/workbench/test/browser/componentFixtures/chat/chatWidget.fixture.ts -> COMMIT:1521370ae805c793f5cd4029303665c9054bb8a4
PR,335918,COMMIT,f416c523c7a7c38e1db27282a700ebb96d92232a,INDIRECT,COMMIT_MODIFIES_FILE,3,PR:335918 -> COMMIT:adc9092582503ef136344e5d017aa68b3c10c944 -> FILE:src/vs/workbench/test/browser/componentFixtures/chat/chatWidget.fixture.ts -> COMMIT:f416c523c7a7c38e1db27282a700ebb96d92232a
PR,335918,COMMIT,978a00a0a2c267638d626eaa8029da81e827aeaa,INDIRECT,COMMIT_MODIFIES_FILE,3,PR:335918 -> COMMIT:adc9092582503ef136344e5d017aa68b3c10c944 -> FILE:src/vs/workbench/test/browser/componentFixtures/chat/chatWidget.fixture.ts -> COMMIT:978a00a0a2c267638d626eaa8029da81e827aeaa
PR,335918,COMMIT,0e56abb6e8673071c3244973d11febebb6e91877,INDIRECT,COMMIT_MODIFIES_FILE,3,PR:335918 -> COMMIT:adc9092582503ef136344e5d017aa68b3c10c944 -> FILE:src/vs/workbench/test/browser/componentFixtures/chat/chatWidget.fixture.ts -> COMMIT:0e56abb6e8673071c3244973d11febebb6e91877
PR,335918,COMMIT,37a9b45ea358f53500f3edb478e58febc25ff7e0,INDIRECT,COMMIT_MODIFIES_FILE,3,PR:335918 -> COMMIT:adc9092582503ef136344e5d017aa68b3c10c944 -> FILE:src/vs/workbench/test/browser/componentFixtures/chat/chatWidget.fixture.ts -> COMMIT:37a9b45ea358f53500f3edb478e58febc25ff7e0
PR,335918,COMMIT,5d9d5e3446be65b1b80b1af310c2edc65f21052e,INDIRECT,COMMIT_MODIFIES_FILE,3,PR:335918 -> COMMIT:adc9092582503ef136344e5d017aa68b3c10c944 -> FILE:src/vs/workbench/test/browser/componentFixtures/chat/chatWidget.fixture.ts -> COMMIT:5d9d5e3446be65b1b80b1af310c2edc65f21052e
PR,335918,COMMIT,6763cb2fbc32c66e77e80b8ecee4cb1c80b7dbba,INDIRECT,COMMIT_MODIFIES_FILE,3,PR:335918 -> COMMIT:adc9092582503ef136344e5d017aa68b3c10c944 -> FILE:src/vs/workbench/test/browser/componentFixtures/chat/chatWidget.fixture.ts -> COMMIT:6763cb2fbc32c66e77e80b8ecee4cb1c80b7dbba
PR,335918,COMMIT,cb0c4a7be2bd6e3e4d0ec267498c6b782fbc4abc,INDIRECT,COMMIT_MODIFIES_FILE,3,PR:335918 -> COMMIT:adc9092582503ef136344e5d017aa68b3c10c944 -> FILE:src/vs/workbench/test/browser/componentFixtures/chat/chatWidget.fixture.ts -> COMMIT:cb0c4a7be2bd6e3e4d0ec267498c6b782fbc4abc
PR,335918,COMMIT,680fa78f8db5505febb3e7b933ae065f688545b0,INDIRECT,COMMIT_MODIFIES_FILE,3,PR:335918 -> COMMIT:adc9092582503ef136344e5d017aa68b3c10c944 -> FILE:src/vs/workbench/test/browser/componentFixtures/chat/chatWidget.fixture.ts -> COMMIT:680fa78f8db5505febb3e7b933ae065f688545b0
PR,335918,COMMIT,18ce28e8b96e38c4c58782d0655c2d93e68928c5,INDIRECT,COMMIT_MODIFIES_FILE,3,PR:335918 -> COMMIT:adc9092582503ef136344e5d017aa68b3c10c944 -> FILE:src/vs/workbench/test/browser/componentFixtures/chat/chatWidget.fixture.ts -> COMMIT:18ce28e8b96e38c4c58782d0655c2d93e68928c5
PR,335918,COMMIT,4ae3944a7392d6e3aacae4902f1b717391a4278a,INDIRECT,COMMIT_MODIFIES_FILE,3,PR:335918 -> COMMIT:adc9092582503ef136344e5d017aa68b3c10c944 -> FILE:src/vs/workbench/test/browser/componentFixtures/chat/chatWidget.fixture.ts -> COMMIT:4ae3944a7392d6e3aacae4902f1b717391a4278a
PR,335918,COMMIT,292c974d61794441389025d19a2527b917f213e7,INDIRECT,COMMIT_MODIFIES_FILE,3,PR:335918 -> COMMIT:adc9092582503ef136344e5d017aa68b3c10c944 -> FILE:src/vs/workbench/test/browser/componentFixtures/chat/chatWidget.fixture.ts -> COMMIT:292c974d61794441389025d19a2527b917f213e7
PR,335918,COMMIT,f5fce1c4dfaa4def3f818b837a86a362a9c15531,INDIRECT,COMMIT_MODIFIES_FILE,3,PR:335918 -> COMMIT:adc9092582503ef136344e5d017aa68b3c10c944 -> FILE:src/vs/workbench/test/browser/componentFixtures/chat/chatWidget.fixture.ts -> COMMIT:f5fce1c4dfaa4def3f818b837a86a362a9c15531
PR,335918,COMMIT,8710639499ce8c8b26c8d0fd7279c0e6663d22e7,INDIRECT,COMMIT_MODIFIES_FILE,3,PR:335918 -> COMMIT:adc9092582503ef136344e5d017aa68b3c10c944 -> FILE:src/vs/workbench/test/browser/componentFixtures/chat/chatWidget.fixture.ts -> COMMIT:8710639499ce8c8b26c8d0fd7279c0e6663d22e7
PR,335918,COMMIT,535b954653d6e1c7535d23eae166a5b3f9dcfc80,INDIRECT,COMMIT_MODIFIES_FILE,3,PR:335918 -> COMMIT:adc9092582503ef136344e5d017aa68b3c10c944 -> FILE:src/vs/workbench/test/browser/componentFixtures/chat/chatWidget.fixture.ts -> COMMIT:535b954653d6e1c7535d23eae166a5b3f9dcfc80
PR,335918,COMMIT,d5f1401b32c5effb67d7e2db4b4d117804451b61,INDIRECT,COMMIT_MODIFIES_FILE,3,PR:335918 -> COMMIT:adc9092582503ef136344e5d017aa68b3c10c944 -> FILE:src/vs/workbench/test/browser/componentFixtures/chat/chatWidget.fixture.ts -> COMMIT:d5f1401b32c5effb67d7e2db4b4d117804451b61
PR,335918,COMMIT,3269a141bfc892bc2b2cae5ed840959ade8f4807,INDIRECT,COMMIT_MODIFIES_FILE,3,PR:335918 -> COMMIT:adc9092582503ef136344e5d017aa68b3c10c944 -> FILE:src/vs/workbench/test/browser/componentFixtures/chat/chatWidget.fixture.ts -> COMMIT:3269a141bfc892bc2b2cae5ed840959ade8f4807
PR,335918,COMMIT,9a2df21aa070a40ff5cc66d66331fe68bd8fc33f,INDIRECT,COMMIT_MODIFIES_FILE,3,PR:335918 -> COMMIT:adc9092582503ef136344e5d017aa68b3c10c944 -> FILE:src/vs/workbench/test/browser/componentFixtures/chat/chatWidget.fixture.ts -> COMMIT:9a2df21aa070a40ff5cc66d66331fe68bd8fc33f
PR,335918,COMMIT,c62597e1796266857b49b9b25bb635f3c581b79e,INDIRECT,COMMIT_MODIFIES_FILE,3,PR:335918 -> COMMIT:adc9092582503ef136344e5d017aa68b3c10c944 -> FILE:src/vs/workbench/test/browser/componentFixtures/chat/chatWidget.fixture.ts -> COMMIT:c62597e1796266857b49b9b25bb635f3c581b79e
PR,335918,COMMIT,25df637702628490d490e97a72b53e9b105c501f,INDIRECT,COMMIT_MODIFIES_FILE,3,PR:335918 -> COMMIT:adc9092582503ef136344e5d017aa68b3c10c944 -> FILE:src/vs/workbench/test/browser/componentFixtures/chat/chatWidget.fixture.ts -> COMMIT:25df637702628490d490e97a72b53e9b105c501f
PR,335918,COMMIT,b52172fb93dae7cedc80689bf42ab110dd219295,INDIRECT,COMMIT_MODIFIES_FILE,3,PR:335918 -> COMMIT:adc9092582503ef136344e5d017aa68b3c10c944 -> FILE:src/vs/workbench/test/browser/componentFixtures/chat/chatWidget.fixture.ts -> COMMIT:b52172fb93dae7cedc80689bf42ab110dd219295
PR,335918,COMMIT,af9680bc99bb9230c63992f3cb92acbb771a8bdd,INDIRECT,COMMIT_MODIFIES_FILE,3,PR:335918 -> COMMIT:adc9092582503ef136344e5d017aa68b3c10c944 -> FILE:src/vs/workbench/test/browser/componentFixtures/chat/chatWidget.fixture.ts -> COMMIT:af9680bc99bb9230c63992f3cb92acbb771a8bdd
PR,335918,COMMIT,ab99b63101fc91bceb167e0e177c6d438e51d369,INDIRECT,COMMIT_MODIFIES_FILE,3,PR:335918 -> COMMIT:adc9092582503ef136344e5d017aa68b3c10c944 -> FILE:src/vs/workbench/test/browser/componentFixtures/chat/chatWidget.fixture.ts -> COMMIT:ab99b63101fc91bceb167e0e177c6d438e51d369
PR,335918,COMMIT,aa78e8ea686e3f6812acc3af68ca05812eea1f0d,INDIRECT,COMMIT_MODIFIES_FILE,3,PR:335918 -> COMMIT:adc9092582503ef136344e5d017aa68b3c10c944 -> FILE:src/vs/workbench/test/browser/componentFixtures/chat/chatWidget.fixture.ts -> COMMIT:aa78e8ea686e3f6812acc3af68ca05812eea1f0d
PR,335918,COMMIT,ade5816eb07da529766c550380c3ac7f1a3cb6f8,INDIRECT,COMMIT_MODIFIES_FILE,3,PR:335918 -> COMMIT:adc9092582503ef136344e5d017aa68b3c10c944 -> FILE:src/vs/workbench/test/browser/componentFixtures/chat/chatWidget.fixture.ts -> COMMIT:ade5816eb07da529766c550380c3ac7f1a3cb6f8
PR,335918,COMMIT,4755ea0e0f07c75f2d5939719f95e24e9a73e2c3,INDIRECT,COMMIT_MODIFIES_FILE,3,PR:335918 -> COMMIT:adc9092582503ef136344e5d017aa68b3c10c944 -> FILE:src/vs/workbench/test/browser/componentFixtures/chat/chatWidget.fixture.ts -> COMMIT:4755ea0e0f07c75f2d5939719f95e24e9a73e2c3
PR,335918,COMMIT,95fb24a7e93c164b250fdf7f97542e439286a8f8,INDIRECT,COMMIT_MODIFIES_FILE,3,PR:335918 -> COMMIT:adc9092582503ef136344e5d017aa68b3c10c944 -> FILE:src/vs/workbench/test/browser/componentFixtures/chat/chatWidget.fixture.ts -> COMMIT:95fb24a7e93c164b250fdf7f97542e439286a8f8
PR,335918,COMMIT,875dda7707d64e11d65c5264e87ff62146a102a6,INDIRECT,DEVELOPER_AUTHORED_COMMIT,3,PR:335918 -> COMMIT:adc9092582503ef136344e5d017aa68b3c10c944 -> DEVELOPER:dileepyavan -> COMMIT:875dda7707d64e11d65c5264e87ff62146a102a6
PR,335918,COMMIT,d756d71913f31c761c723a5a896c73a1b5fe8d5b,INDIRECT,DEVELOPER_AUTHORED_COMMIT,3,PR:335918 -> COMMIT:adc9092582503ef136344e5d017aa68b3c10c944 -> DEVELOPER:dileepyavan -> COMMIT:d756d71913f31c761c723a5a896c73a1b5fe8d5b
PR,335918,COMMIT,e07138ad6e5d2bcbd135ce06e762c42d7c1db59c,INDIRECT,DEVELOPER_AUTHORED_COMMIT,3,PR:335918 -> COMMIT:adc9092582503ef136344e5d017aa68b3c10c944 -> DEVELOPER:dileepyavan -> COMMIT:e07138ad6e5d2bcbd135ce06e762c42d7c1db59c
PR,335918,COMMIT,66aa71bf796b1604f2e038ecb4ba5af80e5b7ad2,INDIRECT,DEVELOPER_AUTHORED_COMMIT,3,PR:335918 -> COMMIT:adc9092582503ef136344e5d017aa68b3c10c944 -> DEVELOPER:dileepyavan -> COMMIT:66aa71bf796b1604f2e038ecb4ba5af80e5b7ad2
PR,335918,COMMIT,5b8baa70b70250f1a1518a018b549f25d4353a4b,INDIRECT,DEVELOPER_AUTHORED_COMMIT,3,PR:335918 -> COMMIT:adc9092582503ef136344e5d017aa68b3c10c944 -> DEVELOPER:dileepyavan -> COMMIT:5b8baa70b70250f1a1518a018b549f25d4353a4b
PR,335918,COMMIT,b055b7fd683749310a524d34a527e499ca633516,INDIRECT,DEVELOPER_AUTHORED_COMMIT,3,PR:335918 -> COMMIT:adc9092582503ef136344e5d017aa68b3c10c944 -> DEVELOPER:dileepyavan -> COMMIT:b055b7fd683749310a524d34a527e499ca633516
PR,335918,COMMIT,7d996c0f9f7ad3807d4f9e86c9652b877ea3789c,INDIRECT,DEVELOPER_AUTHORED_COMMIT,3,PR:335918 -> COMMIT:adc9092582503ef136344e5d017aa68b3c10c944 -> DEVELOPER:dileepyavan -> COMMIT:7d996c0f9f7ad3807d4f9e86c9652b877ea3789c
PR,335918,COMMIT,8bfa8be4dbf439e1922de08d1275d222f3b8835b,INDIRECT,DEVELOPER_AUTHORED_COMMIT,3,PR:335918 -> COMMIT:adc9092582503ef136344e5d017aa68b3c10c944 -> DEVELOPER:dileepyavan -> COMMIT:8bfa8be4dbf439e1922de08d1275d222f3b8835b
PR,335918,COMMIT,d1da1e8a5f1a6dfc9b8b9a2701fef3acdbd2d7fd,INDIRECT,DEVELOPER_AUTHORED_COMMIT,3,PR:335918 -> COMMIT:adc9092582503ef136344e5d017aa68b3c10c944 -> DEVELOPER:dileepyavan -> COMMIT:d1da1e8a5f1a6dfc9b8b9a2701fef3acdbd2d7fd
PR,335918,COMMIT,88c27ad8477d3a9e9ccd1a999e3b3801a3ba5d55,INDIRECT,DEVELOPER_AUTHORED_COMMIT,3,PR:335918 -> COMMIT:adc9092582503ef136344e5d017aa68b3c10c944 -> DEVELOPER:dileepyavan -> COMMIT:88c27ad8477d3a9e9ccd1a999e3b3801a3ba5d55
PR,335918,COMMIT,3f3b6c606a0079b3da4a1aaccaae0cb37e812015,INDIRECT,DEVELOPER_AUTHORED_COMMIT,3,PR:335918 -> COMMIT:adc9092582503ef136344e5d017aa68b3c10c944 -> DEVELOPER:dileepyavan -> COMMIT:3f3b6c606a0079b3da4a1aaccaae0cb37e812015
PR,335918,COMMIT,7e3f2ab3df101e7164125c2dc779e08413554edf,INDIRECT,DEVELOPER_AUTHORED_COMMIT,3,PR:335918 -> COMMIT:adc9092582503ef136344e5d017aa68b3c10c944 -> DEVELOPER:dileepyavan -> COMMIT:7e3f2ab3df101e7164125c2dc779e08413554edf
PR,335918,COMMIT,5cf3e2d5554dec936596eda69c81a042f2f741ce,INDIRECT,DEVELOPER_AUTHORED_COMMIT,3,PR:335918 -> COMMIT:adc9092582503ef136344e5d017aa68b3c10c944 -> DEVELOPER:dileepyavan -> COMMIT:5cf3e2d5554dec936596eda69c81a042f2f741ce
PR,335918,COMMIT,0f6d3e3e2e9d900f4b9c4f663df6554eb82c2417,INDIRECT,DEVELOPER_AUTHORED_COMMIT,3,PR:335918 -> COMMIT:adc9092582503ef136344e5d017aa68b3c10c944 -> DEVELOPER:dileepyavan -> COMMIT:0f6d3e3e2e9d900f4b9c4f663df6554eb82c2417
PR,335918,COMMIT,f286f26330b912cf3a6da3edfd5f47502c3285df,INDIRECT,DEVELOPER_AUTHORED_COMMIT,3,PR:335918 -> COMMIT:adc9092582503ef136344e5d017aa68b3c10c944 -> DEVELOPER:dileepyavan -> COMMIT:f286f26330b912cf3a6da3edfd5f47502c3285df
PR,335918,COMMIT,8142e0a8a5027ef976b4e441ef5ae1b69771891d,INDIRECT,DEVELOPER_AUTHORED_COMMIT,3,PR:335918 -> COMMIT:adc9092582503ef136344e5d017aa68b3c10c944 -> DEVELOPER:dileepyavan -> COMMIT:8142e0a8a5027ef976b4e441ef5ae1b69771891d
PR,335918,COMMIT,80e975a3a97a5baa46e3a2e9316673a4a4b7a1ce,INDIRECT,DEVELOPER_AUTHORED_COMMIT,3,PR:335918 -> COMMIT:adc9092582503ef136344e5d017aa68b3c10c944 -> DEVELOPER:dileepyavan -> COMMIT:80e975a3a97a5baa46e3a2e9316673a4a4b7a1ce
PR,335918,COMMIT,c3d8e06c89301985f4fc90b4968fa4be3c5c3530,INDIRECT,DEVELOPER_AUTHORED_COMMIT,3,PR:335918 -> COMMIT:adc9092582503ef136344e5d017aa68b3c10c944 -> DEVELOPER:dileepyavan -> COMMIT:c3d8e06c89301985f4fc90b4968fa4be3c5c3530
PR,335918,COMMIT,8d584864110613faca16fb35c13908839c2e7cf8,INDIRECT,DEVELOPER_AUTHORED_COMMIT,3,PR:335918 -> COMMIT:adc9092582503ef136344e5d017aa68b3c10c944 -> DEVELOPER:dileepyavan -> COMMIT:8d584864110613faca16fb35c13908839c2e7cf8
PR,335918,COMMIT,91460aa13c2f8fe6c5d198dd83afe6ad6d1f65a2,INDIRECT,DEVELOPER_AUTHORED_COMMIT,3,PR:335918 -> COMMIT:adc9092582503ef136344e5d017aa68b3c10c944 -> DEVELOPER:dileepyavan -> COMMIT:91460aa13c2f8fe6c5d198dd83afe6ad6d1f65a2
PR,335918,COMMIT,34b004a8d5b4bbe140d3909199121a61d0174672,INDIRECT,DEVELOPER_AUTHORED_COMMIT,3,PR:335918 -> COMMIT:adc9092582503ef136344e5d017aa68b3c10c944 -> DEVELOPER:dileepyavan -> COMMIT:34b004a8d5b4bbe140d3909199121a61d0174672
PR,335918,COMMIT,a44adf7f53e00964ab890f9f8758a334f1fc15bc,INDIRECT,DEVELOPER_AUTHORED_COMMIT,3,PR:335918 -> COMMIT:adc9092582503ef136344e5d017aa68b3c10c944 -> DEVELOPER:dileepyavan -> COMMIT:a44adf7f53e00964ab890f9f8758a334f1fc15bc
PR,335918,COMMIT,325fb7717c22699933da08b06d52c94b5b2388b8,INDIRECT,DEVELOPER_AUTHORED_COMMIT,3,PR:335918 -> COMMIT:adc9092582503ef136344e5d017aa68b3c10c944 -> DEVELOPER:dileepyavan -> COMMIT:325fb7717c22699933da08b06d52c94b5b2388b8
PR,335918,COMMIT,19a771c20244b0feb71466a2f2ae0ff5c6fea629,INDIRECT,DEVELOPER_AUTHORED_COMMIT,3,PR:335918 -> COMMIT:adc9092582503ef136344e5d017aa68b3c10c944 -> DEVELOPER:dileepyavan -> COMMIT:19a771c20244b0feb71466a2f2ae0ff5c6fea629
PR,335918,COMMIT,96be0d614435f87e6258c1ba049800e0072f9eae,INDIRECT,DEVELOPER_AUTHORED_COMMIT,3,PR:335918 -> COMMIT:adc9092582503ef136344e5d017aa68b3c10c944 -> DEVELOPER:dileepyavan -> COMMIT:96be0d614435f87e6258c1ba049800e0072f9eae
PR,335918,COMMIT,3edd4c912c3575e5ff207931e6a4e7e30c43e7f6,INDIRECT,DEVELOPER_AUTHORED_COMMIT,3,PR:335918 -> COMMIT:adc9092582503ef136344e5d017aa68b3c10c944 -> DEVELOPER:dileepyavan -> COMMIT:3edd4c912c3575e5ff207931e6a4e7e30c43e7f6
PR,335918,COMMIT,337fd44071cace800acacd65707eb4581367773e,INDIRECT,DEVELOPER_AUTHORED_COMMIT,3,PR:335918 -> COMMIT:adc9092582503ef136344e5d017aa68b3c10c944 -> DEVELOPER:dileepyavan -> COMMIT:337fd44071cace800acacd65707eb4581367773e
PR,335918,COMMIT,e6355d0dd14d43c878be75dc21eaf0672959297d,INDIRECT,DEVELOPER_AUTHORED_COMMIT,3,PR:335918 -> COMMIT:adc9092582503ef136344e5d017aa68b3c10c944 -> DEVELOPER:dileepyavan -> COMMIT:e6355d0dd14d43c878be75dc21eaf0672959297d
PR,335918,COMMIT,5cf555d74793f457c3eddb8c4da611e2f6057588,INDIRECT,DEVELOPER_AUTHORED_COMMIT,3,PR:335918 -> COMMIT:adc9092582503ef136344e5d017aa68b3c10c944 -> DEVELOPER:dileepyavan -> COMMIT:5cf555d74793f457c3eddb8c4da611e2f6057588
PR,335918,COMMIT,1f58bf839d1ea871c40ff544a99f1093b915c637,INDIRECT,DEVELOPER_AUTHORED_COMMIT,3,PR:335918 -> COMMIT:adc9092582503ef136344e5d017aa68b3c10c944 -> DEVELOPER:dileepyavan -> COMMIT:1f58bf839d1ea871c40ff544a99f1093b915c637
PR,335918,COMMIT,3b604c070b7c3177f50d329e5265e57a12b25017,INDIRECT,DEVELOPER_AUTHORED_COMMIT,3,PR:335918 -> COMMIT:adc9092582503ef136344e5d017aa68b3c10c944 -> DEVELOPER:dileepyavan -> COMMIT:3b604c070b7c3177f50d329e5265e57a12b25017
PR,335918,COMMIT,7b86930640849fd1ed302d63803e181fcbe82551,INDIRECT,DEVELOPER_AUTHORED_COMMIT,3,PR:335918 -> COMMIT:adc9092582503ef136344e5d017aa68b3c10c944 -> DEVELOPER:dileepyavan -> COMMIT:7b86930640849fd1ed302d63803e181fcbe82551
PR,335918,COMMIT,a191ac6d10a21cde00e7d621a5f08d7a3cb329a0,INDIRECT,DEVELOPER_AUTHORED_COMMIT,3,PR:335918 -> COMMIT:adc9092582503ef136344e5d017aa68b3c10c944 -> DEVELOPER:dileepyavan -> COMMIT:a191ac6d10a21cde00e7d621a5f08d7a3cb329a0
PR,335918,COMMIT,ee8f4d6b581d01bff7c272bb3abb6d05ab3931ba,INDIRECT,DEVELOPER_AUTHORED_COMMIT,3,PR:335918 -> COMMIT:adc9092582503ef136344e5d017aa68b3c10c944 -> DEVELOPER:dileepyavan -> COMMIT:ee8f4d6b581d01bff7c272bb3abb6d05ab3931ba
PR,335918,COMMIT,8977388ea6dc82d600927cfcba5f41e85c388ea0,INDIRECT,DEVELOPER_AUTHORED_COMMIT,3,PR:335918 -> COMMIT:adc9092582503ef136344e5d017aa68b3c10c944 -> DEVELOPER:dileepyavan -> COMMIT:8977388ea6dc82d600927cfcba5f41e85c388ea0
PR,335918,COMMIT,df680e6448f5c55151306bc6325821d876ce41e1,INDIRECT,DEVELOPER_AUTHORED_COMMIT,3,PR:335918 -> COMMIT:adc9092582503ef136344e5d017aa68b3c10c944 -> DEVELOPER:dileepyavan -> COMMIT:df680e6448f5c55151306bc6325821d876ce41e1
PR,335918,COMMIT,74e9ba3cbebd00d6e98451b45c4d903dd5044127,INDIRECT,DEVELOPER_AUTHORED_COMMIT,3,PR:335918 -> COMMIT:adc9092582503ef136344e5d017aa68b3c10c944 -> DEVELOPER:dileepyavan -> COMMIT:74e9ba3cbebd00d6e98451b45c4d903dd5044127
PR,335918,COMMIT,dbebed0dff4792a811ef9d696c07158e56e10897,INDIRECT,DEVELOPER_AUTHORED_COMMIT,3,PR:335918 -> COMMIT:adc9092582503ef136344e5d017aa68b3c10c944 -> DEVELOPER:dileepyavan -> COMMIT:dbebed0dff4792a811ef9d696c07158e56e10897
PR,335918,COMMIT,210498059531cb47d304285c19167bf4a2b0d1f6,INDIRECT,DEVELOPER_AUTHORED_COMMIT,3,PR:335918 -> COMMIT:adc9092582503ef136344e5d017aa68b3c10c944 -> DEVELOPER:dileepyavan -> COMMIT:210498059531cb47d304285c19167bf4a2b0d1f6
PR,335918,COMMIT,62be3262d392f85a62ee59e289f5599f476174c7,INDIRECT,DEVELOPER_AUTHORED_COMMIT,3,PR:335918 -> COMMIT:adc9092582503ef136344e5d017aa68b3c10c944 -> DEVELOPER:dileepyavan -> COMMIT:62be3262d392f85a62ee59e289f5599f476174c7
PR,335918,COMMIT,c68d719b3cb14fade235441e3135f0a87274e43e,INDIRECT,DEVELOPER_AUTHORED_COMMIT,3,PR:335918 -> COMMIT:adc9092582503ef136344e5d017aa68b3c10c944 -> DEVELOPER:dileepyavan -> COMMIT:c68d719b3cb14fade235441e3135f0a87274e43e
PR,335918,COMMIT,c5c5b560a4c6e344eb2847a9ff0b860e3f2cd33f,INDIRECT,DEVELOPER_AUTHORED_COMMIT,3,PR:335918 -> COMMIT:adc9092582503ef136344e5d017aa68b3c10c944 -> DEVELOPER:dileepyavan -> COMMIT:c5c5b560a4c6e344eb2847a9ff0b860e3f2cd33f
PR,335918,COMMIT,73520172541ead4ba89d1c5185919764ea9d23e6,INDIRECT,DEVELOPER_AUTHORED_COMMIT,3,PR:335918 -> COMMIT:adc9092582503ef136344e5d017aa68b3c10c944 -> DEVELOPER:dileepyavan -> COMMIT:73520172541ead4ba89d1c5185919764ea9d23e6
PR,335918,COMMIT,f92d54fd458198e7dfe0bd04c5e627c2fde577f8,INDIRECT,DEVELOPER_AUTHORED_COMMIT,3,PR:335918 -> COMMIT:adc9092582503ef136344e5d017aa68b3c10c944 -> DEVELOPER:dileepyavan -> COMMIT:f92d54fd458198e7dfe0bd04c5e627c2fde577f8
PR,335918,COMMIT,ebdff560ce79c89111f302ea4c1cd8fecdfd422f,INDIRECT,DEVELOPER_AUTHORED_COMMIT,3,PR:335918 -> COMMIT:adc9092582503ef136344e5d017aa68b3c10c944 -> DEVELOPER:dileepyavan -> COMMIT:ebdff560ce79c89111f302ea4c1cd8fecdfd422f
PR,335918,COMMIT,e13d4489e14771b5bcce6a890ef36f0e71f89b30,INDIRECT,DEVELOPER_AUTHORED_COMMIT,3,PR:335918 -> COMMIT:adc9092582503ef136344e5d017aa68b3c10c944 -> DEVELOPER:dileepyavan -> COMMIT:e13d4489e14771b5bcce6a890ef36f0e71f89b30
PR,335918,COMMIT,c9cfe38b4a8b607ecffdd19fc7e30e6cc5dfa3cf,INDIRECT,DEVELOPER_AUTHORED_COMMIT,3,PR:335918 -> COMMIT:adc9092582503ef136344e5d017aa68b3c10c944 -> DEVELOPER:dileepyavan -> COMMIT:c9cfe38b4a8b607ecffdd19fc7e30e6cc5dfa3cf
PR,335918,COMMIT,134d38f712463985fa8eb2c20b4c5804b66a6cd2,INDIRECT,DEVELOPER_AUTHORED_COMMIT,3,PR:335918 -> COMMIT:adc9092582503ef136344e5d017aa68b3c10c944 -> DEVELOPER:dileepyavan -> COMMIT:134d38f712463985fa8eb2c20b4c5804b66a6cd2
PR,335918,COMMIT,230fd6cc5e7b8498836893c8992b4f75ad37f233,INDIRECT,DEVELOPER_AUTHORED_COMMIT,3,PR:335918 -> COMMIT:adc9092582503ef136344e5d017aa68b3c10c944 -> DEVELOPER:dileepyavan -> COMMIT:230fd6cc5e7b8498836893c8992b4f75ad37f233
PR,335918,COMMIT,5a22772aa0f7d3f8db89fe4e50223e8d9cb37cba,INDIRECT,DEVELOPER_AUTHORED_COMMIT,3,PR:335918 -> COMMIT:adc9092582503ef136344e5d017aa68b3c10c944 -> DEVELOPER:dileepyavan -> COMMIT:5a22772aa0f7d3f8db89fe4e50223e8d9cb37cba
PR,335918,COMMIT,c36e1db1c9ac80c5f4d132b3cc3455daab8bb5ff,INDIRECT,DEVELOPER_AUTHORED_COMMIT,3,PR:335918 -> COMMIT:adc9092582503ef136344e5d017aa68b3c10c944 -> DEVELOPER:dileepyavan -> COMMIT:c36e1db1c9ac80c5f4d132b3cc3455daab8bb5ff
PR,335918,COMMIT,b53ec00bb6c054886846b2618d575b78890473b6,INDIRECT,DEVELOPER_AUTHORED_COMMIT,3,PR:335918 -> COMMIT:adc9092582503ef136344e5d017aa68b3c10c944 -> DEVELOPER:dileepyavan -> COMMIT:b53ec00bb6c054886846b2618d575b78890473b6
PR,335918,COMMIT,58b1ee401f8b48514f316bad5bca4af9c4c75665,INDIRECT,DEVELOPER_AUTHORED_COMMIT,3,PR:335918 -> COMMIT:adc9092582503ef136344e5d017aa68b3c10c944 -> DEVELOPER:dileepyavan -> COMMIT:58b1ee401f8b48514f316bad5bca4af9c4c75665
PR,335918,COMMIT,cf92b0d9c56a54bca4d78c77112d295e93a7ccbc,INDIRECT,DEVELOPER_AUTHORED_COMMIT,3,PR:335918 -> COMMIT:adc9092582503ef136344e5d017aa68b3c10c944 -> DEVELOPER:dileepyavan -> COMMIT:cf92b0d9c56a54bca4d78c77112d295e93a7ccbc
PR,335918,COMMIT,2a210f1dffac0e6f000bf9fbd4175270b72b8df0,INDIRECT,DEVELOPER_AUTHORED_COMMIT,3,PR:335918 -> COMMIT:adc9092582503ef136344e5d017aa68b3c10c944 -> DEVELOPER:dileepyavan -> COMMIT:2a210f1dffac0e6f000bf9fbd4175270b72b8df0
PR,335918,COMMIT,3a03d6f72d628a7741c29f456b4ddbb5ae68502c,INDIRECT,DEVELOPER_AUTHORED_COMMIT,3,PR:335918 -> COMMIT:adc9092582503ef136344e5d017aa68b3c10c944 -> DEVELOPER:dileepyavan -> COMMIT:3a03d6f72d628a7741c29f456b4ddbb5ae68502c
PR,335918,COMMIT,91db9e74b80c33b99bf451e9137cc4f9efa10a0d,INDIRECT,DEVELOPER_AUTHORED_COMMIT,3,PR:335918 -> COMMIT:adc9092582503ef136344e5d017aa68b3c10c944 -> DEVELOPER:dileepyavan -> COMMIT:91db9e74b80c33b99bf451e9137cc4f9efa10a0d
PR,335918,COMMIT,4a7228c8af8fc4cb6930837299863dedf22b0280,INDIRECT,DEVELOPER_AUTHORED_COMMIT,3,PR:335918 -> COMMIT:adc9092582503ef136344e5d017aa68b3c10c944 -> DEVELOPER:dileepyavan -> COMMIT:4a7228c8af8fc4cb6930837299863dedf22b0280
PR,335918,COMMIT,717ce9a88a6043570420e7b84932ad235ff1a211,INDIRECT,DEVELOPER_AUTHORED_COMMIT,3,PR:335918 -> COMMIT:adc9092582503ef136344e5d017aa68b3c10c944 -> DEVELOPER:dileepyavan -> COMMIT:717ce9a88a6043570420e7b84932ad235ff1a211
PR,335918,COMMIT,b2573bf9f948598b545d7b2cdd417e91cc77c273,INDIRECT,DEVELOPER_AUTHORED_COMMIT,3,PR:335918 -> COMMIT:adc9092582503ef136344e5d017aa68b3c10c944 -> DEVELOPER:dileepyavan -> COMMIT:b2573bf9f948598b545d7b2cdd417e91cc77c273
PR,335918,COMMIT,cdaf0963b6481e413a8e626cc7e73c34a9cc2b3c,INDIRECT,DEVELOPER_AUTHORED_COMMIT,3,PR:335918 -> COMMIT:adc9092582503ef136344e5d017aa68b3c10c944 -> DEVELOPER:dileepyavan -> COMMIT:cdaf0963b6481e413a8e626cc7e73c34a9cc2b3c
PR,335918,COMMIT,f6c37095c42bcd4566fe9de47b6a8e8688d32c30,INDIRECT,DEVELOPER_AUTHORED_COMMIT,3,PR:335918 -> COMMIT:adc9092582503ef136344e5d017aa68b3c10c944 -> DEVELOPER:dileepyavan -> COMMIT:f6c37095c42bcd4566fe9de47b6a8e8688d32c30
PR,335918,COMMIT,a5a09c97e97b0110af141ba5e0e6e5683b5ef3ca,INDIRECT,DEVELOPER_AUTHORED_COMMIT,3,PR:335918 -> COMMIT:adc9092582503ef136344e5d017aa68b3c10c944 -> DEVELOPER:dileepyavan -> COMMIT:a5a09c97e97b0110af141ba5e0e6e5683b5ef3ca
PR,335918,COMMIT,995f0c21f2134b87a3b0a9e62455e1a87d414f98,INDIRECT,DEVELOPER_AUTHORED_COMMIT,3,PR:335918 -> COMMIT:adc9092582503ef136344e5d017aa68b3c10c944 -> DEVELOPER:dileepyavan -> COMMIT:995f0c21f2134b87a3b0a9e62455e1a87d414f98
PR,335918,COMMIT,6eea0952bb5f0809d6ebb5fe103574f020a1b26e,INDIRECT,DEVELOPER_AUTHORED_COMMIT,3,PR:335918 -> COMMIT:adc9092582503ef136344e5d017aa68b3c10c944 -> DEVELOPER:dileepyavan -> COMMIT:6eea0952bb5f0809d6ebb5fe103574f020a1b26e
PR,335918,COMMIT,504098acea04a5f76ccbc550834f59ea20e91d12,INDIRECT,DEVELOPER_AUTHORED_COMMIT,3,PR:335918 -> COMMIT:adc9092582503ef136344e5d017aa68b3c10c944 -> DEVELOPER:dileepyavan -> COMMIT:504098acea04a5f76ccbc550834f59ea20e91d12
PR,335918,COMMIT,351ac038cbc6807d541b5bb82a9de9a9770f5db6,INDIRECT,DEVELOPER_AUTHORED_COMMIT,3,PR:335918 -> COMMIT:adc9092582503ef136344e5d017aa68b3c10c944 -> DEVELOPER:dileepyavan -> COMMIT:351ac038cbc6807d541b5bb82a9de9a9770f5db6
PR,335918,COMMIT,2ac33d99a31c0ecbd73e9952edce82e1a033ea98,INDIRECT,DEVELOPER_AUTHORED_COMMIT,3,PR:335918 -> COMMIT:adc9092582503ef136344e5d017aa68b3c10c944 -> DEVELOPER:dileepyavan -> COMMIT:2ac33d99a31c0ecbd73e9952edce82e1a033ea98
PR,335918,COMMIT,83d8d0217c3292c84461ff6793b1e0211720ffa3,INDIRECT,DEVELOPER_AUTHORED_COMMIT,3,PR:335918 -> COMMIT:adc9092582503ef136344e5d017aa68b3c10c944 -> DEVELOPER:dileepyavan -> COMMIT:83d8d0217c3292c84461ff6793b1e0211720ffa3
PR,335918,COMMIT,6499596daef3d155680992a9c293275468074d97,INDIRECT,DEVELOPER_AUTHORED_COMMIT,3,PR:335918 -> COMMIT:adc9092582503ef136344e5d017aa68b3c10c944 -> DEVELOPER:dileepyavan -> COMMIT:6499596daef3d155680992a9c293275468074d97
PR,335918,COMMIT,eed923f117591f66e717002548822d3701283201,INDIRECT,DEVELOPER_AUTHORED_COMMIT,3,PR:335918 -> COMMIT:adc9092582503ef136344e5d017aa68b3c10c944 -> DEVELOPER:dileepyavan -> COMMIT:eed923f117591f66e717002548822d3701283201
PR,335918,COMMIT,a8242f4f62ceb4b9e3559cb0a8eca1971e6b8e9f,INDIRECT,DEVELOPER_AUTHORED_COMMIT,3,PR:335918 -> COMMIT:adc9092582503ef136344e5d017aa68b3c10c944 -> DEVELOPER:dileepyavan -> COMMIT:a8242f4f62ceb4b9e3559cb0a8eca1971e6b8e9f
PR,335918,COMMIT,cf7c1e4136d3f2c4e18c7abcce96c41bcede953e,INDIRECT,DEVELOPER_AUTHORED_COMMIT,3,PR:335918 -> COMMIT:adc9092582503ef136344e5d017aa68b3c10c944 -> DEVELOPER:dileepyavan -> COMMIT:cf7c1e4136d3f2c4e18c7abcce96c41bcede953e
PR,335918,COMMIT,dab4a9bd57c5c8c185fc911d32a12448be2a51ad,INDIRECT,DEVELOPER_AUTHORED_COMMIT,3,PR:335918 -> COMMIT:adc9092582503ef136344e5d017aa68b3c10c944 -> DEVELOPER:dileepyavan -> COMMIT:dab4a9bd57c5c8c185fc911d32a12448be2a51ad
PR,335918,COMMIT,48287a644b53c858d7edfb6876b7747840406ad1,INDIRECT,DEVELOPER_AUTHORED_COMMIT,3,PR:335918 -> COMMIT:adc9092582503ef136344e5d017aa68b3c10c944 -> DEVELOPER:dileepyavan -> COMMIT:48287a644b53c858d7edfb6876b7747840406ad1
PR,335918,COMMIT,807f69aedd7298c2140dab40a1662f860c7b9c6c,INDIRECT,DEVELOPER_AUTHORED_COMMIT,3,PR:335918 -> COMMIT:adc9092582503ef136344e5d017aa68b3c10c944 -> DEVELOPER:dileepyavan -> COMMIT:807f69aedd7298c2140dab40a1662f860c7b9c6c
PR,335918,COMMIT,e5e34bd60e6e7e7fbb1e624ae35704fdfaff9d09,INDIRECT,DEVELOPER_AUTHORED_COMMIT,3,PR:335918 -> COMMIT:adc9092582503ef136344e5d017aa68b3c10c944 -> DEVELOPER:dileepyavan -> COMMIT:e5e34bd60e6e7e7fbb1e624ae35704fdfaff9d09
PR,335918,COMMIT,5c9219ca8931c5bcba8b385add1dc66dc6a13d65,INDIRECT,DEVELOPER_AUTHORED_COMMIT,3,PR:335918 -> COMMIT:adc9092582503ef136344e5d017aa68b3c10c944 -> DEVELOPER:dileepyavan -> COMMIT:5c9219ca8931c5bcba8b385add1dc66dc6a13d65
PR,335918,COMMIT,997f05298810ae7964a5d8f14f53f1d442fb6111,INDIRECT,DEVELOPER_AUTHORED_COMMIT,3,PR:335918 -> COMMIT:adc9092582503ef136344e5d017aa68b3c10c944 -> DEVELOPER:dileepyavan -> COMMIT:997f05298810ae7964a5d8f14f53f1d442fb6111
PR,335918,COMMIT,e778474beb9448f9c5b936e8ac71be401f0e056f,INDIRECT,DEVELOPER_AUTHORED_COMMIT,3,PR:335918 -> COMMIT:adc9092582503ef136344e5d017aa68b3c10c944 -> DEVELOPER:dileepyavan -> COMMIT:e778474beb9448f9c5b936e8ac71be401f0e056f
PR,335918,COMMIT,1e1b2521277afe0ff105dde403240f0a6cc03ede,INDIRECT,DEVELOPER_AUTHORED_COMMIT,3,PR:335918 -> COMMIT:adc9092582503ef136344e5d017aa68b3c10c944 -> DEVELOPER:dileepyavan -> COMMIT:1e1b2521277afe0ff105dde403240f0a6cc03ede
PR,335918,COMMIT,f843212732ddbea287a914b7f6c5a38b8c27fdd8,INDIRECT,DEVELOPER_AUTHORED_COMMIT,3,PR:335918 -> COMMIT:adc9092582503ef136344e5d017aa68b3c10c944 -> DEVELOPER:dileepyavan -> COMMIT:f843212732ddbea287a914b7f6c5a38b8c27fdd8
PR,335918,COMMIT,2fe0769cb9da39693f8de2fecadaba5494c4fd83,INDIRECT,DEVELOPER_AUTHORED_COMMIT,3,PR:335918 -> COMMIT:adc9092582503ef136344e5d017aa68b3c10c944 -> DEVELOPER:dileepyavan -> COMMIT:2fe0769cb9da39693f8de2fecadaba5494c4fd83
PR,335918,COMMIT,78ef96c6d6725ba06e9cdf7eb3f468b319b2ebfb,INDIRECT,DEVELOPER_AUTHORED_COMMIT,3,PR:335918 -> COMMIT:adc9092582503ef136344e5d017aa68b3c10c944 -> DEVELOPER:dileepyavan -> COMMIT:78ef96c6d6725ba06e9cdf7eb3f468b319b2ebfb
PR,335918,COMMIT,9b9d900fe286fb567322fa981269217404e16308,INDIRECT,DEVELOPER_AUTHORED_COMMIT,3,PR:335918 -> COMMIT:adc9092582503ef136344e5d017aa68b3c10c944 -> DEVELOPER:dileepyavan -> COMMIT:9b9d900fe286fb567322fa981269217404e16308
PR,335918,COMMIT,21c43a9cc8a35d73285834d5099e17e01e765234,INDIRECT,DEVELOPER_AUTHORED_COMMIT,3,PR:335918 -> COMMIT:adc9092582503ef136344e5d017aa68b3c10c944 -> DEVELOPER:dileepyavan -> COMMIT:21c43a9cc8a35d73285834d5099e17e01e765234
PR,335918,COMMIT,36a336f0216d381afeb7bdcb84e8c7c1cfe251e0,INDIRECT,DEVELOPER_AUTHORED_COMMIT,3,PR:335918 -> COMMIT:adc9092582503ef136344e5d017aa68b3c10c944 -> DEVELOPER:dileepyavan -> COMMIT:36a336f0216d381afeb7bdcb84e8c7c1cfe251e0
PR,335918,COMMIT,66e6673a6797fd088a3111e18e86dd9e58eb4510,INDIRECT,DEVELOPER_AUTHORED_COMMIT,3,PR:335918 -> COMMIT:adc9092582503ef136344e5d017aa68b3c10c944 -> DEVELOPER:dileepyavan -> COMMIT:66e6673a6797fd088a3111e18e86dd9e58eb4510
PR,335918,COMMIT,d4719402c739b195e91649eddb675a80f9c2cf9c,INDIRECT,DEVELOPER_AUTHORED_COMMIT,3,PR:335918 -> COMMIT:adc9092582503ef136344e5d017aa68b3c10c944 -> DEVELOPER:dileepyavan -> COMMIT:d4719402c739b195e91649eddb675a80f9c2cf9c
PR,335918,COMMIT,04206f282dc78e79ba36e364aa7699a391862b35,INDIRECT,DEVELOPER_AUTHORED_COMMIT,3,PR:335918 -> COMMIT:adc9092582503ef136344e5d017aa68b3c10c944 -> DEVELOPER:dileepyavan -> COMMIT:04206f282dc78e79ba36e364aa7699a391862b35
PR,335918,COMMIT,1d3e02bfba9e50ed3eafb47adc47d2f521573189,INDIRECT,DEVELOPER_AUTHORED_COMMIT,3,PR:335918 -> COMMIT:adc9092582503ef136344e5d017aa68b3c10c944 -> DEVELOPER:dileepyavan -> COMMIT:1d3e02bfba9e50ed3eafb47adc47d2f521573189
PR,335918,COMMIT,d2a85284f9ef2d595e9308b4cabe61730e6e5f04,INDIRECT,DEVELOPER_AUTHORED_COMMIT,3,PR:335918 -> COMMIT:adc9092582503ef136344e5d017aa68b3c10c944 -> DEVELOPER:dileepyavan -> COMMIT:d2a85284f9ef2d595e9308b4cabe61730e6e5f04
PR,335918,COMMIT,856008423004707e5743813dfd88a94fb2ff0532,INDIRECT,DEVELOPER_AUTHORED_COMMIT,3,PR:335918 -> COMMIT:adc9092582503ef136344e5d017aa68b3c10c944 -> DEVELOPER:dileepyavan -> COMMIT:856008423004707e5743813dfd88a94fb2ff0532
PR,335918,COMMIT,e2a0e080258cecec7a930934b05adbfda6877bb6,INDIRECT,DEVELOPER_AUTHORED_COMMIT,3,PR:335918 -> COMMIT:adc9092582503ef136344e5d017aa68b3c10c944 -> DEVELOPER:dileepyavan -> COMMIT:e2a0e080258cecec7a930934b05adbfda6877bb6
PR,335918,COMMIT,c66d9534d1f6c3f693cdbf5237ec7def6691cb7a,INDIRECT,DEVELOPER_AUTHORED_COMMIT,3,PR:335918 -> COMMIT:adc9092582503ef136344e5d017aa68b3c10c944 -> DEVELOPER:dileepyavan -> COMMIT:c66d9534d1f6c3f693cdbf5237ec7def6691cb7a
PR,335918,COMMIT,2ddc06f615de3c41411ca56bf9f31610e0814170,INDIRECT,DEVELOPER_AUTHORED_COMMIT,3,PR:335918 -> COMMIT:adc9092582503ef136344e5d017aa68b3c10c944 -> DEVELOPER:dileepyavan -> COMMIT:2ddc06f615de3c41411ca56bf9f31610e0814170
PR,335918,COMMIT,e479e01e61df7014d27813ed1f332e773b84c6ab,INDIRECT,DEVELOPER_AUTHORED_COMMIT,3,PR:335918 -> COMMIT:adc9092582503ef136344e5d017aa68b3c10c944 -> DEVELOPER:dileepyavan -> COMMIT:e479e01e61df7014d27813ed1f332e773b84c6ab
PR,335918,COMMIT,40bf00b51fa48bd3fb4106d543bc982b65cdcd4a,INDIRECT,DEVELOPER_AUTHORED_COMMIT,3,PR:335918 -> COMMIT:adc9092582503ef136344e5d017aa68b3c10c944 -> DEVELOPER:dileepyavan -> COMMIT:40bf00b51fa48bd3fb4106d543bc982b65cdcd4a
PR,335918,COMMIT,e3483d848f7b9a898e9678ee3a6393f4cf839ebd,INDIRECT,DEVELOPER_AUTHORED_COMMIT,3,PR:335918 -> COMMIT:adc9092582503ef136344e5d017aa68b3c10c944 -> DEVELOPER:dileepyavan -> COMMIT:e3483d848f7b9a898e9678ee3a6393f4cf839ebd
PR,335918,COMMIT,e5faa0ee7ba401dbd1d0a7371c94f8413e6dfe93,INDIRECT,DEVELOPER_AUTHORED_COMMIT,3,PR:335918 -> COMMIT:adc9092582503ef136344e5d017aa68b3c10c944 -> DEVELOPER:dileepyavan -> COMMIT:e5faa0ee7ba401dbd1d0a7371c94f8413e6dfe93
PR,335918,COMMIT,bd3672ba51ead1d546e523e2051469169d769818,INDIRECT,DEVELOPER_AUTHORED_COMMIT,3,PR:335918 -> COMMIT:adc9092582503ef136344e5d017aa68b3c10c944 -> DEVELOPER:dileepyavan -> COMMIT:bd3672ba51ead1d546e523e2051469169d769818
PR,335918,COMMIT,e574378dcd1452442b49cdf8b4da136fc92ba15f,INDIRECT,DEVELOPER_AUTHORED_COMMIT,3,PR:335918 -> COMMIT:adc9092582503ef136344e5d017aa68b3c10c944 -> DEVELOPER:dileepyavan -> COMMIT:e574378dcd1452442b49cdf8b4da136fc92ba15f
PR,335918,COMMIT,e8451e67dbb367d3b11e2572e6aaad160c0d636f,INDIRECT,DEVELOPER_AUTHORED_COMMIT,3,PR:335918 -> COMMIT:adc9092582503ef136344e5d017aa68b3c10c944 -> DEVELOPER:dileepyavan -> COMMIT:e8451e67dbb367d3b11e2572e6aaad160c0d636f
PR,335918,COMMIT,749e6330339d2740fcd463526887c7963c89432f,INDIRECT,DEVELOPER_AUTHORED_COMMIT,3,PR:335918 -> COMMIT:adc9092582503ef136344e5d017aa68b3c10c944 -> DEVELOPER:dileepyavan -> COMMIT:749e6330339d2740fcd463526887c7963c89432f
PR,335918,COMMIT,9ecfa73f4bace7944d4d2ecc85d9a4f3f70b895c,INDIRECT,DEVELOPER_AUTHORED_COMMIT,3,PR:335918 -> COMMIT:adc9092582503ef136344e5d017aa68b3c10c944 -> DEVELOPER:dileepyavan -> COMMIT:9ecfa73f4bace7944d4d2ecc85d9a4f3f70b895c
PR,335918,COMMIT,12c8330620a89972b1ad589ff3f65a563a123680,INDIRECT,DEVELOPER_AUTHORED_COMMIT,3,PR:335918 -> COMMIT:adc9092582503ef136344e5d017aa68b3c10c944 -> DEVELOPER:dileepyavan -> COMMIT:12c8330620a89972b1ad589ff3f65a563a123680
PR,335918,COMMIT,a5a0f37cbc910be30cbfad0b24a89393558c1c57,INDIRECT,DEVELOPER_AUTHORED_COMMIT,3,PR:335918 -> COMMIT:adc9092582503ef136344e5d017aa68b3c10c944 -> DEVELOPER:dileepyavan -> COMMIT:a5a0f37cbc910be30cbfad0b24a89393558c1c57
PR,335918,COMMIT,3922fd4bf682091e04a6912d47073531cdb70889,INDIRECT,DEVELOPER_AUTHORED_COMMIT,3,PR:335918 -> COMMIT:adc9092582503ef136344e5d017aa68b3c10c944 -> DEVELOPER:dileepyavan -> COMMIT:3922fd4bf682091e04a6912d47073531cdb70889
PR,335918,COMMIT,34d4937d00c4160831ac296b6abe1856376bb01b,INDIRECT,DEVELOPER_AUTHORED_COMMIT,3,PR:335918 -> COMMIT:adc9092582503ef136344e5d017aa68b3c10c944 -> DEVELOPER:dileepyavan -> COMMIT:34d4937d00c4160831ac296b6abe1856376bb01b
PR,335918,COMMIT,a35de78e08634a07c9342ccfa0907a264b65552e,INDIRECT,DEVELOPER_AUTHORED_COMMIT,3,PR:335918 -> COMMIT:adc9092582503ef136344e5d017aa68b3c10c944 -> DEVELOPER:dileepyavan -> COMMIT:a35de78e08634a07c9342ccfa0907a264b65552e
PR,335918,COMMIT,6d0e54b21067dd405a2e5b5196ab613e23c3cae1,INDIRECT,DEVELOPER_AUTHORED_COMMIT,3,PR:335918 -> COMMIT:adc9092582503ef136344e5d017aa68b3c10c944 -> DEVELOPER:dileepyavan -> COMMIT:6d0e54b21067dd405a2e5b5196ab613e23c3cae1
PR,335918,COMMIT,90ddc18537f787f37bd8daae56199958b622b6dd,INDIRECT,DEVELOPER_AUTHORED_COMMIT,3,PR:335918 -> COMMIT:adc9092582503ef136344e5d017aa68b3c10c944 -> DEVELOPER:dileepyavan -> COMMIT:90ddc18537f787f37bd8daae56199958b622b6dd
PR,335918,COMMIT,6ac8a16200a8f0a2d1948271f072b1350861af5b,INDIRECT,DEVELOPER_AUTHORED_COMMIT,3,PR:335918 -> COMMIT:adc9092582503ef136344e5d017aa68b3c10c944 -> DEVELOPER:dileepyavan -> COMMIT:6ac8a16200a8f0a2d1948271f072b1350861af5b
PR,335918,COMMIT,9b5afe9bb20b848c798e75be1734652d56d02ebc,INDIRECT,DEVELOPER_AUTHORED_COMMIT,3,PR:335918 -> COMMIT:adc9092582503ef136344e5d017aa68b3c10c944 -> DEVELOPER:dileepyavan -> COMMIT:9b5afe9bb20b848c798e75be1734652d56d02ebc
PR,335918,COMMIT,fda83251cd39a5b38120617e398cc761a76c05b0,INDIRECT,DEVELOPER_AUTHORED_COMMIT,3,PR:335918 -> COMMIT:adc9092582503ef136344e5d017aa68b3c10c944 -> DEVELOPER:dileepyavan -> COMMIT:fda83251cd39a5b38120617e398cc761a76c05b0
PR,335918,COMMIT,75964558c5e4ef6899e05dc0b68723e29647159f,INDIRECT,DEVELOPER_AUTHORED_COMMIT,3,PR:335918 -> COMMIT:adc9092582503ef136344e5d017aa68b3c10c944 -> DEVELOPER:dileepyavan -> COMMIT:75964558c5e4ef6899e05dc0b68723e29647159f
PR,335918,COMMIT,ff6d32891eca066fc6be3eec066b2c77afea8fd4,INDIRECT,DEVELOPER_AUTHORED_COMMIT,3,PR:335918 -> COMMIT:adc9092582503ef136344e5d017aa68b3c10c944 -> DEVELOPER:dileepyavan -> COMMIT:ff6d32891eca066fc6be3eec066b2c77afea8fd4
PR,335918,COMMIT,2d178eea7e6c375e1abb73c3205df0920cd1e12d,INDIRECT,DEVELOPER_AUTHORED_COMMIT,3,PR:335918 -> COMMIT:adc9092582503ef136344e5d017aa68b3c10c944 -> DEVELOPER:dileepyavan -> COMMIT:2d178eea7e6c375e1abb73c3205df0920cd1e12d
PR,335918,COMMIT,9d0d25dc290d2144fead6447aa5c3406a3a5bbbb,INDIRECT,DEVELOPER_AUTHORED_COMMIT,3,PR:335918 -> COMMIT:adc9092582503ef136344e5d017aa68b3c10c944 -> DEVELOPER:dileepyavan -> COMMIT:9d0d25dc290d2144fead6447aa5c3406a3a5bbbb
PR,335918,COMMIT,be91eb5f9106f26540f8e912fbb451002116db8d,INDIRECT,DEVELOPER_AUTHORED_COMMIT,3,PR:335918 -> COMMIT:adc9092582503ef136344e5d017aa68b3c10c944 -> DEVELOPER:dileepyavan -> COMMIT:be91eb5f9106f26540f8e912fbb451002116db8d
PR,335918,COMMIT,144008d5017a59c7a0f49353165a2109c732b2cc,INDIRECT,DEVELOPER_AUTHORED_COMMIT,3,PR:335918 -> COMMIT:adc9092582503ef136344e5d017aa68b3c10c944 -> DEVELOPER:dileepyavan -> COMMIT:144008d5017a59c7a0f49353165a2109c732b2cc
PR,335918,COMMIT,23dedd9794e61080ef5301d6990682cb59c8e092,INDIRECT,DEVELOPER_AUTHORED_COMMIT,3,PR:335918 -> COMMIT:adc9092582503ef136344e5d017aa68b3c10c944 -> DEVELOPER:dileepyavan -> COMMIT:23dedd9794e61080ef5301d6990682cb59c8e092
PR,335918,COMMIT,51d1169f02a4d3a188caf916bff46af216a207de,INDIRECT,DEVELOPER_AUTHORED_COMMIT,3,PR:335918 -> COMMIT:adc9092582503ef136344e5d017aa68b3c10c944 -> DEVELOPER:dileepyavan -> COMMIT:51d1169f02a4d3a188caf916bff46af216a207de
PR,335918,COMMIT,cd4c11e08fe4e1b217cf6703a463dede8dd7e7f1,INDIRECT,DEVELOPER_AUTHORED_COMMIT,3,PR:335918 -> COMMIT:adc9092582503ef136344e5d017aa68b3c10c944 -> DEVELOPER:dileepyavan -> COMMIT:cd4c11e08fe4e1b217cf6703a463dede8dd7e7f1
PR,335918,COMMIT,e5de1d4d1b69c3a303d5d395776e7c049eded465,INDIRECT,DEVELOPER_AUTHORED_COMMIT,3,PR:335918 -> COMMIT:adc9092582503ef136344e5d017aa68b3c10c944 -> DEVELOPER:dileepyavan -> COMMIT:e5de1d4d1b69c3a303d5d395776e7c049eded465
PR,335918,COMMIT,048534d20ddabd25c714c225eb66d3337828d4a1,INDIRECT,DEVELOPER_AUTHORED_COMMIT,3,PR:335918 -> COMMIT:adc9092582503ef136344e5d017aa68b3c10c944 -> DEVELOPER:dileepyavan -> COMMIT:048534d20ddabd25c714c225eb66d3337828d4a1
PR,335918,COMMIT,fd81681e21a64dd4a4fdcc5c8e950c395af6286a,INDIRECT,DEVELOPER_AUTHORED_COMMIT,3,PR:335918 -> COMMIT:adc9092582503ef136344e5d017aa68b3c10c944 -> DEVELOPER:dileepyavan -> COMMIT:fd81681e21a64dd4a4fdcc5c8e950c395af6286a
PR,335918,COMMIT,2499c5cc56645192423f7c38849e0ad85422ec8b,INDIRECT,DEVELOPER_AUTHORED_COMMIT,3,PR:335918 -> COMMIT:adc9092582503ef136344e5d017aa68b3c10c944 -> DEVELOPER:dileepyavan -> COMMIT:2499c5cc56645192423f7c38849e0ad85422ec8b
PR,335918,COMMIT,c5a43691ecc46b6d5fbf9d5e056580a3316b8125,INDIRECT,DEVELOPER_AUTHORED_COMMIT,3,PR:335918 -> COMMIT:adc9092582503ef136344e5d017aa68b3c10c944 -> DEVELOPER:dileepyavan -> COMMIT:c5a43691ecc46b6d5fbf9d5e056580a3316b8125
PR,335918,COMMIT,fc3ae2bcd2e1e396ed2cd3f0f9a76e06c51781d2,INDIRECT,DEVELOPER_AUTHORED_COMMIT,3,PR:335918 -> COMMIT:adc9092582503ef136344e5d017aa68b3c10c944 -> DEVELOPER:dileepyavan -> COMMIT:fc3ae2bcd2e1e396ed2cd3f0f9a76e06c51781d2
PR,335918,COMMIT,3a4f00ffd9511c95a729f3daa67fd7a78fb1afc7,INDIRECT,DEVELOPER_AUTHORED_COMMIT,3,PR:335918 -> COMMIT:adc9092582503ef136344e5d017aa68b3c10c944 -> DEVELOPER:dileepyavan -> COMMIT:3a4f00ffd9511c95a729f3daa67fd7a78fb1afc7
PR,335918,COMMIT,48cd462d05063c80c06741bb21c36c27a3373eea,INDIRECT,DEVELOPER_AUTHORED_COMMIT,3,PR:335918 -> COMMIT:adc9092582503ef136344e5d017aa68b3c10c944 -> DEVELOPER:dileepyavan -> COMMIT:48cd462d05063c80c06741bb21c36c27a3373eea
PR,335918,COMMIT,3a073f4466d4cf22b022e8943088af40b9267dac,INDIRECT,DEVELOPER_AUTHORED_COMMIT,3,PR:335918 -> COMMIT:adc9092582503ef136344e5d017aa68b3c10c944 -> DEVELOPER:dileepyavan -> COMMIT:3a073f4466d4cf22b022e8943088af40b9267dac
PR,335918,COMMIT,3859d8e469fb851c962a4437e80ee7389a8a2fc3,INDIRECT,DEVELOPER_AUTHORED_COMMIT,3,PR:335918 -> COMMIT:adc9092582503ef136344e5d017aa68b3c10c944 -> DEVELOPER:dileepyavan -> COMMIT:3859d8e469fb851c962a4437e80ee7389a8a2fc3
PR,335918,COMMIT,5d473a07c403243304a61b3d842ab93d8f72a571,INDIRECT,DEVELOPER_AUTHORED_COMMIT,3,PR:335918 -> COMMIT:adc9092582503ef136344e5d017aa68b3c10c944 -> DEVELOPER:dileepyavan -> COMMIT:5d473a07c403243304a61b3d842ab93d8f72a571
