pr_number,created_at,updated_at,closed_at,observed_resolution_days,observation_age_days,bottleneck_label
335918,2026-09-12 01:01:56+00:00,2026-09-12 01:01:57+00:00,,,1.1574074074074073e-05,
335917,2026-09-12 00:41:06+00:00,2026-09-12 00:53:39+00:00,,,0.014479166666666666,
335913,2026-09-11 23:40:23+00:00,2026-09-12 00:38:21+00:00,2026-09-12 00:37:12+00:00,0.039456018518518515,0.05664351851851852,0
335912,2026-09-11 23:40:04+00:00,2026-09-12 00:12:49+00:00,2026-09-12 00:11:47+00:00,0.022025462962962962,0.05686342592592593,0
335911,2026-09-11 23:38:21+00:00,2026-09-12 00:09:37+00:00,2026-09-12 00:08:48+00:00,0.021145833333333332,0.058055555555555555,0
335910,2026-09-11 23:11:57+00:00,2026-09-12 00:38:06+00:00,,,0.0763888888888889,
335909,2026-09-11 22:56:43+00:00,2026-09-12 00:47:58+00:00,,,0.0869675925925926,
335905,2026-09-11 22:12:12+00:00,2026-09-11 23:15:39+00:00,,,0.11788194444444444,
335902,2026-09-11 22:10:38+00:00,2026-09-11 23:15:42+00:00,,,0.11896990740740741,
335901,2026-09-11 22:10:01+00:00,2026-09-11 23:06:23+00:00,,,0.11939814814814814,
335899,2026-09-11 21:54:07+00:00,2026-09-11 23:15:44+00:00,,,0.13043981481481481,
335898,2026-09-11 21:24:40+00:00,2026-09-12 00:38:18+00:00,,,0.1508912037037037,
335897,2026-09-11 21:13:03+00:00,2026-09-12 00:29:10+00:00,,,0.15895833333333334,
335895,2026-09-11 20:55:16+00:00,2026-09-11 21:55:04+00:00,2026-09-11 21:51:29+00:00,0.03903935185185185,0.17130787037037037,0
335890,2026-09-11 20:25:22+00:00,2026-09-11 21:55:58+00:00,2026-09-11 21:23:17+00:00,0.040219907407407406,0.19207175925925926,0
335886,2026-09-11 20:15:57+00:00,2026-09-11 20:39:04+00:00,2026-09-11 20:21:55+00:00,0.004143518518518519,0.1986111111111111,0
335882,2026-09-11 20:05:03+00:00,2026-09-11 21:11:41+00:00,2026-09-11 21:10:09+00:00,0.045208333333333336,0.20618055555555556,0
335880,2026-09-11 20:01:20+00:00,2026-09-11 20:55:20+00:00,2026-09-11 20:53:37+00:00,0.03630787037037037,0.20876157407407409,0
335878,2026-09-11 19:53:21+00:00,2026-09-11 20:54:45+00:00,2026-09-11 20:53:40+00:00,0.041886574074074076,0.21430555555555555,0
335874,2026-09-11 19:45:55+00:00,2026-09-11 20:56:41+00:00,2026-09-11 20:55:43+00:00,0.04847222222222222,0.2194675925925926,0
335872,2026-09-11 19:25:42+00:00,2026-09-11 21:00:27+00:00,2026-09-11 20:59:13+00:00,0.06494212962962963,0.23350694444444445,0
335864,2026-09-11 18:57:25+00:00,2026-09-11 19:46:58+00:00,2026-09-11 19:45:37+00:00,0.03347222222222222,0.2531481481481481,0
335860,2026-09-11 18:52:28+00:00,2026-09-11 23:50:08+00:00,2026-09-11 23:49:13+00:00,0.20607638888888888,0.25658564814814816,0
335853,2026-09-11 18:38:52+00:00,2026-09-11 20:54:35+00:00,2026-09-11 20:53:02+00:00,0.0931712962962963,0.2660300925925926,0
335851,2026-09-11 18:38:23+00:00,2026-09-11 19:47:02+00:00,2026-09-11 19:44:13+00:00,0.045717592592592594,0.26636574074074076,0
335850,2026-09-11 18:38:01+00:00,2026-09-11 23:09:02+00:00,,,0.2666203703703704,
335849,2026-09-11 18:35:53+00:00,2026-09-11 21:17:24+00:00,,,0.26810185185185187,
335847,2026-09-11 18:34:00+00:00,2026-09-11 20:57:39+00:00,2026-09-11 20:55:54+00:00,0.09854166666666667,0.2694097222222222,0
335846,2026-09-11 18:33:45+00:00,2026-09-11 18:42:10+00:00,,,0.26958333333333334,
335845,2026-09-11 18:32:35+00:00,2026-09-11 19:50:43+00:00,2026-09-11 19:48:32+00:00,0.05274305555555556,0.2703935185185185,0
335843,2026-09-11 18:31:26+00:00,2026-09-11 23:49:32+00:00,2026-09-11 23:48:02+00:00,0.21986111111111112,0.27119212962962963,0
335831,2026-09-11 18:15:26+00:00,2026-09-11 18:38:55+00:00,2026-09-11 18:37:09+00:00,0.015081018518518518,0.28230324074074076,0
335828,2026-09-11 18:09:14+00:00,2026-09-11 22:47:53+00:00,2026-09-11 22:38:55+00:00,0.1872800925925926,0.2866087962962963,0
335827,2026-09-11 18:06:23+00:00,2026-09-11 18:26:20+00:00,2026-09-11 18:25:36+00:00,0.013344907407407408,0.28858796296296296,0
335823,2026-09-11 18:00:34+00:00,2026-09-11 18:33:24+00:00,2026-09-11 18:30:58+00:00,0.021111111111111112,0.2926273148148148,0
335817,2026-09-11 17:49:05+00:00,2026-09-11 19:42:01+00:00,2026-09-11 19:40:47+00:00,0.07756944444444444,0.30060185185185184,0
335814,2026-09-11 17:38:38+00:00,2026-09-11 18:15:33+00:00,,,0.3078587962962963,
335812,2026-09-11 17:27:12+00:00,2026-09-11 20:58:33+00:00,2026-09-11 20:56:57+00:00,0.14565972222222223,0.3157986111111111,0
335807,2026-09-11 17:18:02+00:00,2026-09-11 18:34:03+00:00,2026-09-11 18:32:42+00:00,0.05185185185185185,0.3221643518518518,0
335806,2026-09-11 17:15:58+00:00,2026-09-11 19:17:36+00:00,2026-09-11 19:16:09+00:00,0.08346064814814814,0.32359953703703703,0
335805,2026-09-11 17:15:29+00:00,2026-09-11 19:59:15+00:00,2026-09-11 19:58:12+00:00,0.11299768518518519,0.32393518518518516,0
335800,2026-09-11 17:04:21+00:00,2026-09-11 18:55:44+00:00,2026-09-11 18:52:35+00:00,0.07516203703703704,0.33166666666666667,0
335799,2026-09-11 17:02:25+00:00,2026-09-11 17:13:03+00:00,2026-09-11 17:13:03+00:00,0.00738425925925926,0.3330092592592593,0
335795,2026-09-11 16:51:58+00:00,2026-09-11 17:27:16+00:00,2026-09-11 17:25:46+00:00,0.02347222222222222,0.3402662037037037,0
335793,2026-09-11 16:47:59+00:00,2026-09-11 16:54:55+00:00,2026-09-11 16:54:55+00:00,0.004814814814814815,0.3430324074074074,0
335791,2026-09-11 16:47:43+00:00,2026-09-11 18:46:24+00:00,2026-09-11 18:46:23+00:00,0.0824074074074074,0.3432175925925926,0
335785,2026-09-11 16:32:52+00:00,2026-09-11 16:51:37+00:00,2026-09-11 16:51:37+00:00,0.013020833333333334,0.3535300925925926,0
335784,2026-09-11 16:32:32+00:00,2026-09-11 17:51:02+00:00,2026-09-11 17:49:53+00:00,0.05371527777777778,0.35376157407407405,0
335783,2026-09-11 16:27:54+00:00,2026-09-11 17:16:02+00:00,2026-09-11 17:14:36+00:00,0.03243055555555555,0.3569791666666667,0
335772,2026-09-11 16:03:17+00:00,2026-09-11 17:18:31+00:00,2026-09-11 17:16:46+00:00,0.05103009259259259,0.37407407407407406,0
335770,2026-09-11 16:00:00+00:00,2026-09-11 17:04:25+00:00,2026-09-11 16:48:24+00:00,0.03361111111111111,0.37635416666666666,0
335769,2026-09-11 15:59:49+00:00,2026-09-11 18:29:07+00:00,,,0.3764814814814815,
335766,2026-09-11 15:57:32+00:00,2026-09-11 21:02:43+00:00,2026-09-11 21:01:31+00:00,0.21109953703703704,0.37806712962962963,0
335762,2026-09-11 15:50:25+00:00,2026-09-11 15:58:30+00:00,2026-09-11 15:58:30+00:00,0.005613425925925926,0.38300925925925927,0
335760,2026-09-11 15:50:00+00:00,2026-09-12 00:53:59+00:00,,,0.38329861111111113,
335759,2026-09-11 15:48:57+00:00,2026-09-11 17:15:35+00:00,2026-09-11 17:14:48+00:00,0.059618055555555556,0.3840277777777778,0
335753,2026-09-11 15:31:10+00:00,2026-09-11 16:09:47+00:00,2026-09-11 15:50:11+00:00,0.013206018518518518,0.3963773148148148,0
335751,2026-09-11 15:24:22+00:00,2026-09-11 15:34:33+00:00,,,0.40109953703703705,
335750,2026-09-11 15:19:28+00:00,2026-09-11 17:49:54+00:00,2026-09-11 17:45:25+00:00,0.10135416666666666,0.4045023148148148,0
335748,2026-09-11 15:11:57+00:00,2026-09-11 15:33:16+00:00,,,0.4097222222222222,
335746,2026-09-11 15:00:13+00:00,2026-09-11 18:12:22+00:00,2026-09-11 18:11:20+00:00,0.1327199074074074,0.4178703703703704,0
335743,2026-09-11 14:51:40+00:00,2026-09-11 14:57:06+00:00,,,0.4238078703703704,
335742,2026-09-11 14:47:37+00:00,2026-09-11 17:49:01+00:00,2026-09-11 17:46:22+00:00,0.12413194444444445,0.42662037037037037,0
335741,2026-09-11 14:47:26+00:00,2026-09-11 18:11:59+00:00,2026-09-11 18:10:58+00:00,0.1413425925925926,0.4267476851851852,0
335739,2026-09-11 14:41:48+00:00,2026-09-11 15:15:04+00:00,2026-09-11 15:12:57+00:00,0.021631944444444443,0.4306597222222222,0
335736,2026-09-11 14:22:22+00:00,2026-09-12 00:51:08+00:00,2026-09-12 00:49:29+00:00,0.43549768518518517,0.4441550925925926,0
335735,2026-09-11 14:18:23+00:00,2026-09-11 16:01:27+00:00,,,0.4469212962962963,
335733,2026-09-11 14:03:14+00:00,2026-09-11 14:39:29+00:00,2026-09-11 14:38:29+00:00,0.024479166666666666,0.45744212962962966,0
335732,2026-09-11 13:59:38+00:00,2026-09-11 15:19:44+00:00,,,0.4599421296296296,
335730,2026-09-11 13:55:49+00:00,2026-09-11 14:12:03+00:00,2026-09-11 14:11:04+00:00,0.010590277777777778,0.4625925925925926,0
335729,2026-09-11 13:54:26+00:00,2026-09-11 15:17:58+00:00,,,0.4635532407407407,
335728,2026-09-11 13:53:48+00:00,2026-09-11 15:18:00+00:00,,,0.46399305555555553,
335727,2026-09-11 13:52:53+00:00,2026-09-11 14:22:26+00:00,2026-09-11 14:21:00+00:00,0.019525462962962963,0.4646296296296296,0
335721,2026-09-11 13:35:36+00:00,2026-09-11 14:11:56+00:00,2026-09-11 14:08:40+00:00,0.022962962962962963,0.47663194444444446,0
335717,2026-09-11 13:20:15+00:00,2026-09-11 16:11:56+00:00,2026-09-11 16:02:04+00:00,0.11237268518518519,0.4872916666666667,0
335715,2026-09-11 13:05:37+00:00,2026-09-11 14:19:50+00:00,2026-09-11 14:18:44+00:00,0.05077546296296296,0.49745370370370373,0
335714,2026-09-11 12:58:17+00:00,2026-09-11 14:21:32+00:00,,,0.5025462962962963,
335712,2026-09-11 12:46:08+00:00,2026-09-11 14:56:50+00:00,2026-09-11 14:56:50+00:00,0.0907638888888889,0.5109837962962963,0
335711,2026-09-11 12:43:51+00:00,2026-09-11 14:21:37+00:00,,,0.5125694444444444,
335706,2026-09-11 12:21:14+00:00,2026-09-11 14:07:45+00:00,2026-09-11 14:03:58+00:00,0.0713425925925926,0.528275462962963,0
335705,2026-09-11 12:19:27+00:00,2026-09-11 14:21:40+00:00,,,0.5295138888888888,
335700,2026-09-11 11:49:44+00:00,2026-09-11 16:16:29+00:00,2026-09-11 14:55:45+00:00,0.12917824074074075,0.550150462962963,0
335699,2026-09-11 11:49:08+00:00,2026-09-11 19:32:48+00:00,2026-09-11 19:30:53+00:00,0.3206597222222222,0.5505671296296296,0
335698,2026-09-11 11:49:08+00:00,2026-09-11 13:32:40+00:00,2026-09-11 13:32:40+00:00,0.07189814814814814,0.5505671296296296,0
335697,2026-09-11 11:49:08+00:00,2026-09-11 13:38:13+00:00,2026-09-11 13:37:17+00:00,0.07510416666666667,0.5505671296296296,0
335696,2026-09-11 11:48:33+00:00,2026-09-11 12:39:32+00:00,2026-09-11 12:38:26+00:00,0.0346412037037037,0.5509722222222222,0
335694,2026-09-11 11:41:46+00:00,2026-09-11 14:05:42+00:00,2026-09-11 14:04:09+00:00,0.09887731481481482,0.5556828703703703,0
335689,2026-09-11 10:29:18+00:00,2026-09-11 10:45:49+00:00,2026-09-11 10:44:07+00:00,0.010289351851851852,0.6060069444444445,0
335682,2026-09-11 10:22:20+00:00,2026-09-11 10:38:42+00:00,2026-09-11 10:37:33+00:00,0.01056712962962963,0.6108449074074074,0
335667,2026-09-11 09:40:22+00:00,2026-09-11 19:56:15+00:00,2026-09-11 19:56:14+00:00,0.42768518518518517,0.639988425925926,0
335664,2026-09-11 09:36:33+00:00,2026-09-11 11:16:59+00:00,,,0.6426388888888889,
335659,2026-09-11 09:23:25+00:00,2026-09-11 11:17:01+00:00,,,0.6517592592592593,
335648,2026-09-11 08:43:25+00:00,2026-09-11 11:04:15+00:00,2026-09-11 11:02:47+00:00,0.09678240740740741,0.679537037037037,0
335646,2026-09-11 08:29:14+00:00,2026-09-11 08:58:25+00:00,2026-09-11 08:58:24+00:00,0.02025462962962963,0.6893865740740741,0
335641,2026-09-11 07:56:05+00:00,2026-09-11 09:21:18+00:00,,,0.7124074074074074,
335640,2026-09-11 07:42:56+00:00,2026-09-11 09:21:22+00:00,,,0.7215393518518518,
335637,2026-09-11 07:32:17+00:00,2026-09-11 11:45:31+00:00,2026-09-11 11:44:30+00:00,0.17515046296296297,0.7289351851851852,0
335636,2026-09-11 07:32:16+00:00,2026-09-11 11:45:15+00:00,2026-09-11 11:44:01+00:00,0.17482638888888888,0.7289467592592592,0
335634,2026-09-11 07:22:59+00:00,2026-09-11 08:56:57+00:00,,,0.7353935185185185,
335633,2026-09-11 07:06:09+00:00,2026-09-11 07:28:09+00:00,2026-09-11 07:27:15+00:00,0.014652777777777778,0.7470833333333333,0
335631,2026-09-11 07:00:52+00:00,2026-09-11 16:32:35+00:00,2026-09-11 09:01:46+00:00,0.08395833333333333,0.7507523148148149,0
335628,2026-09-11 06:45:52+00:00,2026-09-11 16:51:51+00:00,2026-09-11 07:57:23+00:00,0.04966435185185185,0.7611689814814815,0
335625,2026-09-11 05:20:05+00:00,2026-09-11 05:25:57+00:00,,,0.8207407407407408,
335620,2026-09-11 04:14:39+00:00,2026-09-11 14:23:27+00:00,,,0.8661805555555555,
335618,2026-09-11 03:27:00+00:00,2026-09-11 05:18:47+00:00,,,0.8992708333333334,
335615,2026-09-11 02:49:55+00:00,2026-09-11 04:22:37+00:00,,,0.9250231481481481,
335613,2026-09-11 02:41:05+00:00,2026-09-11 05:58:43+00:00,2026-09-11 05:46:19+00:00,0.12863425925925925,0.9311574074074074,0
335611,2026-09-11 02:04:49+00:00,2026-09-11 07:32:02+00:00,2026-09-11 07:31:07+00:00,0.22659722222222223,0.9563425925925926,0
335610,2026-09-11 01:23:20+00:00,2026-09-11 07:30:30+00:00,2026-09-11 07:30:29+00:00,0.2549652777777778,0.9851504629629629,0
335606,2026-09-11 00:51:56+00:00,2026-09-11 02:15:21+00:00,2026-09-11 02:13:57+00:00,0.05695601851851852,1.0069560185185185,0
335605,2026-09-11 00:51:02+00:00,2026-09-12 00:11:39+00:00,2026-09-12 00:00:35+00:00,0.9649652777777777,1.0075810185185186,0
335604,2026-09-11 00:31:06+00:00,2026-09-11 02:17:59+00:00,2026-09-11 02:16:57+00:00,0.07350694444444444,1.021423611111111,0
335601,2026-09-11 00:23:17+00:00,2026-09-11 02:14:19+00:00,2026-09-11 02:13:13+00:00,0.07634259259259259,1.026851851851852,0
335600,2026-09-11 00:05:58+00:00,2026-09-11 01:29:00+00:00,,,1.0388773148148147,
335599,2026-09-11 00:05:29+00:00,2026-09-11 20:04:30+00:00,2026-09-11 20:03:01+00:00,0.8316203703703704,1.039212962962963,0
335597,2026-09-10 23:52:17+00:00,2026-09-11 01:17:48+00:00,2026-09-11 01:15:35+00:00,0.057847222222222223,1.0483796296296297,0
335596,2026-09-10 23:29:43+00:00,2026-09-11 17:50:27+00:00,2026-09-11 17:48:45+00:00,0.7632175925925926,1.0640509259259259,0
335595,2026-09-10 23:28:11+00:00,2026-09-11 00:48:45+00:00,,,1.0651157407407408,
335594,2026-09-10 23:23:15+00:00,2026-09-11 00:50:45+00:00,,,1.0685416666666667,
335593,2026-09-10 23:17:43+00:00,2026-09-11 00:48:48+00:00,,,1.0723842592592592,
335592,2026-09-10 23:14:46+00:00,2026-09-11 17:09:47+00:00,,,1.0744328703703703,
335591,2026-09-10 23:12:56+00:00,2026-09-10 23:48:04+00:00,2026-09-10 23:47:07+00:00,0.023738425925925927,1.0757060185185185,0
335589,2026-09-10 23:01:05+00:00,2026-09-11 00:48:52+00:00,,,1.0839351851851853,
335586,2026-09-10 22:52:35+00:00,2026-09-10 22:56:42+00:00,,,1.0898379629629629,
335585,2026-09-10 22:48:44+00:00,2026-09-11 22:43:56+00:00,,,1.092511574074074,
335583,2026-09-10 22:36:53+00:00,2026-09-12 00:40:36+00:00,2026-09-12 00:39:28+00:00,1.0851273148148148,1.1007407407407408,0
335582,2026-09-10 22:28:06+00:00,2026-09-10 23:55:12+00:00,2026-09-10 23:55:10+00:00,0.06046296296296296,1.1068402777777777,0
335580,2026-09-10 22:19:54+00:00,2026-09-10 22:27:31+00:00,2026-09-10 22:25:13+00:00,0.00369212962962963,1.1125347222222222,0
335579,2026-09-10 22:18:33+00:00,2026-09-11 18:15:20+00:00,2026-09-11 00:10:59+00:00,0.0780787037037037,1.1134722222222222,0
335578,2026-09-10 22:16:11+00:00,2026-09-11 11:59:54+00:00,,,1.1151157407407408,
335577,2026-09-10 22:13:08+00:00,2026-09-11 09:53:52+00:00,2026-09-11 09:52:51+00:00,0.48591435185185183,1.1172337962962964,0
335576,2026-09-10 21:55:31+00:00,2026-09-10 23:06:38+00:00,2026-09-10 23:04:47+00:00,0.048101851851851854,1.1294675925925926,0
335568,2026-09-10 21:32:56+00:00,2026-09-11 13:38:03+00:00,2026-09-11 10:57:23+00:00,0.5586458333333333,1.145150462962963,0
335567,2026-09-10 21:31:30+00:00,2026-09-10 22:17:08+00:00,2026-09-10 22:15:59+00:00,0.030891203703703702,1.1461458333333334,0
335566,2026-09-10 21:28:32+00:00,2026-09-10 21:55:26+00:00,2026-09-10 21:54:22+00:00,0.017939814814814815,1.1482060185185186,0
335564,2026-09-10 21:27:40+00:00,2026-09-10 22:45:39+00:00,2026-09-10 22:44:36+00:00,0.053425925925925925,1.1488078703703704,0
335562,2026-09-10 21:24:30+00:00,2026-09-10 23:14:47+00:00,,,1.1510069444444444,
335560,2026-09-10 21:07:48+00:00,2026-09-10 21:16:45+00:00,,,1.1626041666666667,
335557,2026-09-10 20:48:30+00:00,2026-09-10 21:11:17+00:00,2026-09-10 21:11:16+00:00,0.015810185185185184,1.1760069444444445,0
335553,2026-09-10 20:31:18+00:00,2026-09-10 22:02:41+00:00,2026-09-10 22:01:05+00:00,0.06234953703703704,1.1879513888888888,0
335552,2026-09-10 20:27:02+00:00,2026-09-10 21:27:51+00:00,2026-09-10 21:26:03+00:00,0.040983796296296296,1.190914351851852,0
335551,2026-09-10 20:21:22+00:00,2026-09-11 15:56:12+00:00,2026-09-11 15:55:08+00:00,0.8151157407407408,1.1948495370370371,0
335550,2026-09-10 20:14:48+00:00,2026-09-10 21:18:02+00:00,2026-09-10 21:18:00+00:00,0.04388888888888889,1.1994097222222222,0
335549,2026-09-10 20:09:48+00:00,2026-09-11 20:21:58+00:00,2026-09-10 20:26:22+00:00,0.01150462962962963,1.2028819444444445,0
335547,2026-09-10 19:54:29+00:00,2026-09-11 18:57:53+00:00,,,1.2135185185185184,
335543,2026-09-10 19:47:25+00:00,2026-09-10 20:04:39+00:00,2026-09-10 20:03:28+00:00,0.011145833333333334,1.218425925925926,0
335542,2026-09-10 19:41:40+00:00,2026-09-10 19:59:19+00:00,2026-09-10 19:58:05+00:00,0.011400462962962963,1.2224189814814814,0
335539,2026-09-10 19:30:21+00:00,2026-09-10 21:47:13+00:00,2026-09-10 21:45:45+00:00,0.09402777777777778,1.2302777777777778,0
335537,2026-09-10 19:27:03+00:00,2026-09-10 21:15:17+00:00,,,1.2325694444444444,
335535,2026-09-10 19:25:20+00:00,2026-09-10 21:17:22+00:00,,,1.2337615740740742,
335533,2026-09-10 18:53:20+00:00,2026-09-11 13:57:07+00:00,2026-09-11 13:55:58+00:00,0.7934953703703703,1.2559837962962963,0
335527,2026-09-10 18:16:16+00:00,2026-09-10 20:17:19+00:00,,,1.281724537037037,
335526,2026-09-10 18:16:12+00:00,2026-09-10 19:01:31+00:00,2026-09-10 19:01:30+00:00,0.03145833333333333,1.2817708333333333,0
335525,2026-09-10 18:15:22+00:00,2026-09-10 23:19:54+00:00,2026-09-10 23:18:52+00:00,0.2107638888888889,1.282349537037037,0
335522,2026-09-10 18:03:46+00:00,2026-09-10 22:43:29+00:00,2026-09-10 22:40:21+00:00,0.19207175925925926,1.2904050925925925,0
335520,2026-09-10 17:38:54+00:00,2026-09-10 19:55:35+00:00,2026-09-10 19:54:13+00:00,0.0939699074074074,1.3076736111111111,0
335518,2026-09-10 17:26:23+00:00,2026-09-10 21:48:28+00:00,2026-09-10 21:46:06+00:00,0.1803587962962963,1.3163657407407408,0
335517,2026-09-10 17:21:37+00:00,2026-09-10 18:49:34+00:00,2026-09-10 18:47:12+00:00,0.05943287037037037,1.3196759259259259,0
335515,2026-09-10 17:10:53+00:00,2026-09-10 17:56:58+00:00,2026-09-10 17:55:36+00:00,0.031053240740740742,1.3271296296296295,0
335511,2026-09-10 16:47:36+00:00,2026-09-10 18:46:53+00:00,2026-09-10 18:45:51+00:00,0.08211805555555556,1.3432986111111112,0
335510,2026-09-10 16:47:06+00:00,2026-09-10 18:55:55+00:00,2026-09-10 18:54:38+00:00,0.08856481481481482,1.3436458333333334,0
335506,2026-09-10 16:37:16+00:00,2026-09-10 17:28:02+00:00,2026-09-10 17:26:41+00:00,0.03431712962962963,1.350474537037037,0
335504,2026-09-10 16:29:55+00:00,2026-09-10 18:52:23+00:00,2026-09-10 18:51:02+00:00,0.09799768518518519,1.3555787037037037,0
335502,2026-09-10 16:25:41+00:00,2026-09-10 18:46:56+00:00,2026-09-10 18:45:54+00:00,0.09737268518518519,1.3585185185185185,0
335501,2026-09-10 16:23:46+00:00,2026-09-10 20:27:52+00:00,2026-09-10 20:26:42+00:00,0.16870370370370372,1.359849537037037,0
335500,2026-09-10 16:23:38+00:00,2026-09-11 17:46:24+00:00,,,1.3599421296296297,
335498,2026-09-10 16:21:45+00:00,2026-09-11 20:14:06+00:00,,,1.36125,
335497,2026-09-10 16:19:46+00:00,2026-09-10 16:42:50+00:00,2026-09-10 16:40:52+00:00,0.014652777777777778,1.362627314814815,0
335491,2026-09-10 15:51:45+00:00,2026-09-10 16:35:56+00:00,2026-09-10 16:34:06+00:00,0.029409722222222223,1.3820833333333333,0
335490,2026-09-10 15:49:52+00:00,2026-09-10 17:20:56+00:00,2026-09-10 17:19:55+00:00,0.06253472222222223,1.3833912037037037,0
335488,2026-09-10 15:46:00+00:00,2026-09-10 21:17:35+00:00,,,1.386076388888889,
335487,2026-09-10 15:43:33+00:00,2026-09-10 18:07:36+00:00,2026-09-10 18:06:01+00:00,0.09893518518518518,1.3877777777777778,0
335484,2026-09-10 15:26:53+00:00,2026-09-10 15:30:36+00:00,,,1.399351851851852,
335483,2026-09-10 15:19:30+00:00,2026-09-12 00:54:14+00:00,,,1.4044791666666667,
335482,2026-09-10 15:07:31+00:00,2026-09-10 15:26:35+00:00,2026-09-10 15:23:39+00:00,0.011203703703703704,1.412800925925926,0
335481,2026-09-10 15:04:54+00:00,2026-09-10 15:21:45+00:00,2026-09-10 15:21:43+00:00,0.01167824074074074,1.4146180555555556,0
335480,2026-09-10 14:58:01+00:00,2026-09-10 21:48:24+00:00,2026-09-10 21:46:46+00:00,0.2838541666666667,1.4193981481481481,0
335479,2026-09-10 14:57:46+00:00,2026-09-11 17:46:17+00:00,2026-09-11 17:44:47+00:00,1.1159837962962964,1.4195717592592592,0
335478,2026-09-10 14:57:44+00:00,2026-09-10 15:16:15+00:00,2026-09-10 15:13:58+00:00,0.011273148148148148,1.4195949074074075,0
335475,2026-09-10 14:25:31+00:00,2026-09-11 00:45:40+00:00,,,1.4419675925925926,
335474,2026-09-10 14:20:35+00:00,2026-09-10 18:15:52+00:00,2026-09-10 18:15:08+00:00,0.16288194444444445,1.4453935185185185,0
335472,2026-09-10 14:05:44+00:00,2026-09-10 15:19:50+00:00,,,1.4557060185185184,
335471,2026-09-10 14:03:45+00:00,2026-09-10 14:25:24+00:00,2026-09-10 14:23:17+00:00,0.013564814814814814,1.4570833333333333,0
335466,2026-09-10 13:29:07+00:00,2026-09-10 13:46:39+00:00,2026-09-10 13:45:23+00:00,0.011296296296296296,1.4811342592592593,0
335465,2026-09-10 13:10:54+00:00,2026-09-11 20:11:55+00:00,,,1.4937847222222222,
335464,2026-09-10 12:36:29+00:00,2026-09-10 14:18:11+00:00,,,1.5176851851851851,
335463,2026-09-10 12:28:19+00:00,2026-09-10 15:56:47+00:00,2026-09-10 14:20:54+00:00,0.07818287037037037,1.5233564814814815,0
335462,2026-09-10 12:25:16+00:00,2026-09-10 12:52:34+00:00,2026-09-10 12:51:38+00:00,0.018310185185185186,1.525474537037037,0
335461,2026-09-10 12:14:18+00:00,2026-09-11 11:37:51+00:00,2026-09-11 11:36:55+00:00,0.9740393518518519,1.5330902777777777,0
335459,2026-09-10 12:11:22+00:00,2026-09-10 14:23:00+00:00,2026-09-10 13:42:07+00:00,0.06302083333333333,1.5351273148148148,0
335455,2026-09-10 11:32:06+00:00,2026-09-10 12:50:25+00:00,2026-09-10 12:49:27+00:00,0.05371527777777778,1.5623958333333334,0
335454,2026-09-10 11:31:17+00:00,2026-09-10 14:54:27+00:00,2026-09-10 14:53:32+00:00,0.1404513888888889,1.5629629629629629,0
335453,2026-09-10 11:28:24+00:00,2026-09-10 14:55:03+00:00,2026-09-10 14:53:14+00:00,0.14224537037037038,1.5649652777777778,0
335452,2026-09-10 11:27:30+00:00,2026-09-10 13:56:04+00:00,2026-09-10 13:55:15+00:00,0.10260416666666666,1.5655902777777777,0
335450,2026-09-10 11:25:07+00:00,2026-09-10 12:38:22+00:00,2026-09-10 12:37:19+00:00,0.050138888888888886,1.5672453703703704,0
335447,2026-09-10 10:58:30+00:00,2026-09-10 12:11:07+00:00,2026-09-10 12:09:36+00:00,0.049375,1.5857291666666666,0
335443,2026-09-10 10:40:49+00:00,2026-09-10 11:00:02+00:00,2026-09-10 10:58:54+00:00,0.01255787037037037,1.5980092592592592,0
335439,2026-09-10 10:22:11+00:00,2026-09-10 10:42:54+00:00,2026-09-10 10:41:37+00:00,0.013495370370370371,1.6109490740740742,0
335437,2026-09-10 10:09:40+00:00,2026-09-10 10:21:31+00:00,,,1.6196412037037038,
335436,2026-09-10 10:02:09+00:00,2026-09-10 10:33:43+00:00,2026-09-10 10:30:41+00:00,0.019814814814814816,1.624861111111111,0
335434,2026-09-10 09:44:00+00:00,2026-09-10 10:05:21+00:00,2026-09-10 10:04:01+00:00,0.013900462962962963,1.6374652777777778,0
335433,2026-09-10 09:39:31+00:00,2026-09-10 11:10:30+00:00,2026-09-10 11:09:17+00:00,0.06233796296296296,1.6405787037037036,0
335431,2026-09-10 09:29:46+00:00,2026-09-11 16:16:06+00:00,2026-09-10 15:50:42+00:00,0.264537037037037,1.647349537037037,0
335430,2026-09-10 09:29:03+00:00,2026-09-10 10:09:57+00:00,2026-09-10 10:09:57+00:00,0.028402777777777777,1.6478472222222222,0
335428,2026-09-10 09:21:36+00:00,2026-09-10 15:12:57+00:00,,,1.6530208333333334,
335427,2026-09-10 09:20:19+00:00,2026-09-10 09:40:39+00:00,2026-09-10 09:39:23+00:00,0.01324074074074074,1.653912037037037,0
335424,2026-09-10 09:13:48+00:00,2026-09-10 11:42:03+00:00,2026-09-10 11:40:07+00:00,0.1016087962962963,1.6584375,0
335421,2026-09-10 09:06:16+00:00,2026-09-10 09:07:35+00:00,,,1.6636689814814816,
335420,2026-09-10 09:06:07+00:00,2026-09-10 09:11:37+00:00,,,1.6637731481481481,
335419,2026-09-10 08:55:17+00:00,2026-09-10 11:16:53+00:00,2026-09-10 11:15:32+00:00,0.09739583333333333,1.6712962962962963,0
335417,2026-09-10 08:44:51+00:00,2026-09-10 10:26:59+00:00,2026-09-10 10:25:41+00:00,0.07002314814814815,1.6785416666666666,0
335416,2026-09-10 08:40:51+00:00,2026-09-10 08:44:04+00:00,,,1.6813194444444444,
335415,2026-09-10 08:39:53+00:00,2026-09-10 10:19:25+00:00,,,1.6819907407407408,
335414,2026-09-10 08:37:52+00:00,2026-09-10 13:56:38+00:00,2026-09-10 13:56:38+00:00,0.22136574074074075,1.6833912037037038,0
335413,2026-09-10 08:37:37+00:00,2026-09-10 09:05:18+00:00,2026-09-10 09:04:10+00:00,0.0184375,1.6835648148148148,0
335410,2026-09-10 08:35:18+00:00,2026-09-10 11:03:46+00:00,2026-09-10 11:03:46+00:00,0.10310185185185185,1.685173611111111,0
335409,2026-09-10 08:27:39+00:00,2026-09-10 08:45:49+00:00,2026-09-10 08:44:13+00:00,0.01150462962962963,1.6904861111111111,0
335408,2026-09-10 08:15:45+00:00,2026-09-11 10:08:55+00:00,2026-09-11 10:08:55+00:00,1.0785879629629629,1.69875,0
335406,2026-09-10 08:11:11+00:00,2026-09-11 19:08:09+00:00,2026-09-10 14:54:06+00:00,0.27980324074074076,1.7019212962962964,0
335401,2026-09-10 06:51:44+00:00,2026-09-10 08:26:04+00:00,,,1.7570949074074074,
335398,2026-09-10 06:23:11+00:00,2026-09-10 14:41:20+00:00,2026-09-10 14:40:08+00:00,0.34510416666666666,1.7769212962962964,0
335393,2026-09-10 04:33:41+00:00,2026-09-10 06:32:01+00:00,,,1.852962962962963,
335391,2026-09-10 04:24:42+00:00,2026-09-10 16:03:48+00:00,2026-09-10 16:03:48+00:00,0.4854861111111111,1.859201388888889,0
335390,2026-09-10 04:02:59+00:00,2026-09-10 14:07:46+00:00,2026-09-10 14:05:40+00:00,0.4185300925925926,1.8742824074074074,0
335387,2026-09-10 02:09:38+00:00,2026-09-11 21:25:49+00:00,2026-09-10 18:30:02+00:00,0.6808333333333333,1.9529976851851851,0
335386,2026-09-10 02:02:58+00:00,2026-09-10 03:22:44+00:00,,,1.957627314814815,
335385,2026-09-10 01:49:58+00:00,2026-09-10 01:57:05+00:00,,,1.9666550925925925,
335384,2026-09-10 01:47:42+00:00,2026-09-10 06:20:52+00:00,2026-09-10 06:19:06+00:00,0.18847222222222224,1.9682291666666667,0
335379,2026-09-10 00:47:57+00:00,2026-09-10 05:32:21+00:00,2026-09-10 05:29:14+00:00,0.19533564814814816,2.0097222222222224,0
335377,2026-09-10 00:38:26+00:00,2026-09-10 05:00:05+00:00,,,2.0163310185185184,
335376,2026-09-10 00:31:52+00:00,2026-09-10 01:16:38+00:00,2026-09-10 01:15:38+00:00,0.030393518518518518,2.020891203703704,0
335375,2026-09-10 00:26:51+00:00,2026-09-10 00:52:00+00:00,2026-09-10 00:47:31+00:00,0.014351851851851852,2.024375,0
335373,2026-09-10 00:05:50+00:00,2026-09-10 00:21:36+00:00,2026-09-10 00:20:15+00:00,0.010011574074074074,2.0389699074074072,0
335369,2026-09-09 22:39:14+00:00,2026-09-11 23:34:21+00:00,,,2.099108796296296,
335368,2026-09-09 22:34:05+00:00,2026-09-09 23:36:36+00:00,2026-09-09 23:35:13+00:00,0.0424537037037037,2.102685185185185,0
335366,2026-09-09 22:20:28+00:00,2026-09-10 05:53:15+00:00,2026-09-10 05:52:18+00:00,0.31377314814814816,2.1121412037037035,0
335364,2026-09-09 22:08:12+00:00,2026-09-10 08:19:59+00:00,2026-09-10 08:06:22+00:00,0.4153935185185185,2.1206597222222223,0
335363,2026-09-09 22:07:02+00:00,2026-09-10 17:04:48+00:00,,,2.1214699074074073,
335361,2026-09-09 21:52:41+00:00,2026-09-09 23:21:14+00:00,2026-09-09 23:18:02+00:00,0.059270833333333335,2.131435185185185,0
335360,2026-09-09 21:50:05+00:00,2026-09-11 19:08:08+00:00,2026-09-09 22:30:10+00:00,0.027835648148148148,2.1332407407407405,0
335358,2026-09-09 21:34:32+00:00,2026-09-09 22:36:28+00:00,2026-09-09 22:35:03+00:00,0.042025462962962966,2.144039351851852,0
335356,2026-09-09 21:14:34+00:00,2026-09-09 22:31:43+00:00,2026-09-09 22:30:41+00:00,0.0528587962962963,2.1579050925925927,0
335355,2026-09-09 21:09:31+00:00,2026-09-11 00:48:52+00:00,2026-09-11 00:47:13+00:00,1.1511805555555557,2.161412037037037,0
335353,2026-09-09 20:58:05+00:00,2026-09-09 22:31:25+00:00,2026-09-09 22:29:44+00:00,0.06364583333333333,2.169351851851852,0
335352,2026-09-09 20:50:05+00:00,2026-09-10 06:07:26+00:00,2026-09-10 05:55:31+00:00,0.37877314814814816,2.1749074074074075,0
335350,2026-09-09 20:46:21+00:00,2026-09-11 01:05:41+00:00,,,2.1775,
335349,2026-09-09 20:45:56+00:00,2026-09-09 20:56:57+00:00,,,2.177789351851852,
335346,2026-09-09 20:12:25+00:00,2026-09-11 01:05:41+00:00,,,2.201064814814815,
335345,2026-09-09 20:09:37+00:00,2026-09-10 23:34:14+00:00,,,2.203009259259259,
335344,2026-09-09 19:57:35+00:00,2026-09-11 18:14:46+00:00,2026-09-11 18:14:46+00:00,1.928599537037037,2.2113657407407405,0
335343,2026-09-09 19:54:56+00:00,2026-09-09 23:19:21+00:00,2026-09-09 23:17:19+00:00,0.14054398148148148,2.2132060185185187,0
335342,2026-09-09 19:53:54+00:00,2026-09-09 22:42:30+00:00,2026-09-09 22:39:17+00:00,0.11484953703703704,2.213923611111111,0
335341,2026-09-09 19:52:36+00:00,2026-09-09 20:27:06+00:00,2026-09-09 20:25:56+00:00,0.023148148148148147,2.214826388888889,0
335337,2026-09-09 19:33:41+00:00,2026-09-11 11:38:33+00:00,2026-09-09 20:01:16+00:00,0.01915509259259259,2.227962962962963,0
335336,2026-09-09 19:28:59+00:00,2026-09-09 19:51:15+00:00,2026-09-09 19:51:13+00:00,0.015439814814814814,2.2312268518518517,0
335335,2026-09-09 19:10:19+00:00,2026-09-09 20:18:48+00:00,,,2.2441898148148147,
335333,2026-09-09 18:55:50+00:00,2026-09-10 21:44:11+00:00,2026-09-10 21:43:11+00:00,1.1162152777777778,2.2542476851851854,0
335329,2026-09-09 18:48:32+00:00,2026-09-11 22:00:19+00:00,,,2.2593171296296295,
335328,2026-09-09 18:48:15+00:00,2026-09-11 18:23:28+00:00,,,2.259513888888889,
335325,2026-09-09 18:28:24+00:00,2026-09-09 20:18:39+00:00,2026-09-09 20:17:10+00:00,0.07553240740740741,2.273298611111111,0
335324,2026-09-09 18:24:38+00:00,2026-09-09 22:43:00+00:00,2026-09-09 22:40:27+00:00,0.17765046296296297,2.275914351851852,0
335323,2026-09-09 18:21:53+00:00,2026-09-09 20:20:52+00:00,,,2.2778240740740743,
335322,2026-09-09 18:19:18+00:00,2026-09-09 20:18:53+00:00,,,2.2796180555555554,
335318,2026-09-09 18:03:37+00:00,2026-09-09 20:14:37+00:00,2026-09-09 20:13:05+00:00,0.08990740740740741,2.290509259259259,0
335317,2026-09-09 17:38:33+00:00,2026-09-09 17:56:12+00:00,2026-09-09 17:55:00+00:00,0.011423611111111112,2.307916666666667,0
335308,2026-09-09 16:52:24+00:00,2026-09-09 23:19:33+00:00,2026-09-09 23:18:14+00:00,0.2679398148148148,2.339965277777778,0
335307,2026-09-09 16:52:04+00:00,2026-09-09 18:23:42+00:00,,,2.340196759259259,
335305,2026-09-09 16:37:29+00:00,2026-09-09 21:16:03+00:00,2026-09-09 21:14:07+00:00,0.1921064814814815,2.350324074074074,0
335304,2026-09-09 16:36:43+00:00,2026-09-09 23:20:57+00:00,2026-09-09 23:18:41+00:00,0.27914351851851854,2.3508564814814816,0
335303,2026-09-09 16:34:01+00:00,2026-09-11 05:36:05+00:00,2026-09-10 13:57:35+00:00,0.8913657407407407,2.3527314814814817,0
335301,2026-09-09 16:29:41+00:00,2026-09-09 18:28:32+00:00,2026-09-09 18:23:15+00:00,0.07886574074074074,2.3557407407407407,0
335298,2026-09-09 16:17:58+00:00,2026-09-09 16:47:15+00:00,2026-09-09 16:44:34+00:00,0.018472222222222223,2.3638773148148147,0
335296,2026-09-09 16:09:08+00:00,2026-09-09 16:48:00+00:00,2026-09-09 16:46:58+00:00,0.02627314814814815,2.370011574074074,0
335294,2026-09-09 16:04:00+00:00,2026-09-09 16:49:00+00:00,2026-09-09 16:47:48+00:00,0.030416666666666668,2.373576388888889,0
335291,2026-09-09 15:57:51+00:00,2026-09-10 16:52:35+00:00,,,2.377847222222222,
335290,2026-09-09 15:40:19+00:00,2026-09-09 16:40:13+00:00,2026-09-09 16:40:11+00:00,0.041574074074074076,2.390023148148148,0
335289,2026-09-09 15:35:35+00:00,2026-09-10 14:17:54+00:00,2026-09-10 14:17:54+00:00,0.9460532407407407,2.393310185185185,0
335286,2026-09-09 15:29:44+00:00,2026-09-09 22:31:46+00:00,2026-09-09 22:30:30+00:00,0.2921990740740741,2.3973726851851853,0
335285,2026-09-09 15:29:42+00:00,2026-09-09 17:39:43+00:00,2026-09-09 17:38:31+00:00,0.08945601851851852,2.3973958333333334,0
335284,2026-09-09 15:27:08+00:00,2026-09-09 15:45:06+00:00,2026-09-09 15:43:38+00:00,0.011458333333333333,2.3991782407407407,0
335282,2026-09-09 15:23:12+00:00,2026-09-09 18:05:06+00:00,2026-09-09 18:04:05+00:00,0.11172453703703704,2.4019097222222223,0
335281,2026-09-09 15:22:30+00:00,2026-09-10 00:51:51+00:00,,,2.4023958333333333,
335280,2026-09-09 15:20:41+00:00,2026-09-10 07:48:29+00:00,2026-09-10 07:47:17+00:00,0.6851388888888889,2.4036574074074073,0
335276,2026-09-09 14:53:59+00:00,2026-09-11 08:44:29+00:00,,,2.422199074074074,
335275,2026-09-09 14:52:36+00:00,2026-09-09 21:23:56+00:00,2026-09-09 21:23:56+00:00,0.27175925925925926,2.423159722222222,0
335273,2026-09-09 14:52:00+00:00,2026-09-10 09:08:41+00:00,2026-09-10 09:08:41+00:00,0.7615856481481481,2.423576388888889,0
335270,2026-09-09 14:34:31+00:00,2026-09-09 20:44:50+00:00,2026-09-09 20:42:11+00:00,0.2553240740740741,2.4357175925925927,0
335268,2026-09-09 14:27:51+00:00,2026-09-09 14:53:13+00:00,2026-09-09 14:52:06+00:00,0.016840277777777777,2.440347222222222,0
335266,2026-09-09 14:25:47+00:00,2026-09-09 15:35:58+00:00,2026-09-09 15:34:20+00:00,0.04760416666666667,2.4417824074074073,0
335265,2026-09-09 14:14:21+00:00,2026-09-09 15:36:16+00:00,2026-09-09 15:34:03+00:00,0.05534722222222222,2.4497222222222224,0
335263,2026-09-09 14:05:47+00:00,2026-09-09 15:41:40+00:00,2026-09-09 15:39:42+00:00,0.06521990740740741,2.455671296296296,0
335262,2026-09-09 14:02:23+00:00,2026-09-09 14:16:29+00:00,2026-09-09 14:03:07+00:00,0.0005092592592592592,2.4580324074074076,0
335261,2026-09-09 13:57:13+00:00,2026-09-09 14:39:06+00:00,2026-09-09 14:39:04+00:00,0.0290625,2.4616203703703703,0
335259,2026-09-09 13:45:43+00:00,2026-09-10 08:44:02+00:00,2026-09-10 08:42:55+00:00,0.7897222222222222,2.4696064814814815,0
335258,2026-09-09 13:43:34+00:00,2026-09-09 14:50:59+00:00,2026-09-09 14:48:24+00:00,0.045023148148148145,2.471099537037037,0
335255,2026-09-09 13:18:26+00:00,2026-09-11 11:38:33+00:00,2026-09-09 13:33:55+00:00,0.010752314814814815,2.4885532407407407,0
335254,2026-09-09 13:04:09+00:00,2026-09-09 14:03:07+00:00,2026-09-09 14:02:10+00:00,0.040289351851851854,2.4984722222222224,0
335253,2026-09-09 13:00:11+00:00,2026-09-11 11:38:32+00:00,2026-09-09 14:31:34+00:00,0.06346064814814815,2.5012268518518517,0
335247,2026-09-09 12:05:43+00:00,2026-09-11 11:38:31+00:00,2026-09-09 19:37:58+00:00,0.3140625,2.5390509259259257,0
335246,2026-09-09 12:03:58+00:00,2026-09-09 14:06:39+00:00,2026-09-09 14:03:24+00:00,0.08293981481481481,2.5402662037037036,0
335245,2026-09-09 11:57:08+00:00,2026-09-09 12:08:41+00:00,2026-09-09 12:08:41+00:00,0.008020833333333333,2.545011574074074,0
335243,2026-09-09 11:02:05+00:00,2026-09-09 11:17:32+00:00,2026-09-09 11:16:12+00:00,0.00980324074074074,2.5832407407407407,0
335242,2026-09-09 10:59:56+00:00,2026-09-09 11:15:08+00:00,2026-09-09 11:15:06+00:00,0.010532407407407407,2.5847337962962964,0
335241,2026-09-09 10:37:19+00:00,2026-09-09 14:15:04+00:00,2026-09-09 14:15:03+00:00,0.1512037037037037,2.600439814814815,0
335240,2026-09-09 10:36:52+00:00,2026-09-09 18:17:50+00:00,2026-09-09 18:16:16+00:00,0.3190277777777778,2.6007523148148146,0
335239,2026-09-09 10:16:50+00:00,2026-09-09 12:59:14+00:00,2026-09-09 10:31:24+00:00,0.010115740740740741,2.614664351851852,0
335238,2026-09-09 10:06:17+00:00,2026-09-09 12:38:42+00:00,2026-09-09 12:36:57+00:00,0.10462962962962963,2.6219907407407406,0
335236,2026-09-09 10:01:48+00:00,2026-09-09 10:32:01+00:00,2026-09-09 10:30:51+00:00,0.02017361111111111,2.6251041666666666,0
335235,2026-09-09 09:53:42+00:00,2026-09-09 10:13:00+00:00,2026-09-09 10:12:58+00:00,0.01337962962962963,2.630729166666667,0
335234,2026-09-09 09:51:46+00:00,2026-09-09 10:08:04+00:00,2026-09-09 10:06:27+00:00,0.01019675925925926,2.6320717592592593,0
335233,2026-09-09 09:46:48+00:00,2026-09-09 10:06:23+00:00,2026-09-09 10:04:05+00:00,0.012002314814814815,2.6355208333333335,0
335231,2026-09-09 09:41:31+00:00,2026-09-09 10:03:52+00:00,2026-09-09 09:57:51+00:00,0.011342592592592593,2.6391898148148147,0
335230,2026-09-09 09:37:57+00:00,2026-09-09 14:53:57+00:00,2026-09-09 14:53:57+00:00,0.21944444444444444,2.6416666666666666,0
335225,2026-09-09 09:07:50+00:00,2026-09-09 12:28:10+00:00,,,2.6625810185185186,
335222,2026-09-09 08:54:08+00:00,2026-09-09 09:40:30+00:00,2026-09-09 09:39:33+00:00,0.03153935185185185,2.6720949074074074,0
335216,2026-09-09 07:44:06+00:00,2026-09-09 09:24:29+00:00,,,2.7207291666666666,
335209,2026-09-09 07:04:20+00:00,2026-09-09 08:25:20+00:00,,,2.7483449074074073,
335208,2026-09-09 06:52:46+00:00,2026-09-11 10:56:25+00:00,,,2.7563773148148147,
335206,2026-09-09 06:13:55+00:00,2026-09-10 01:03:32+00:00,2026-09-10 01:00:46+00:00,0.7825347222222222,2.7833564814814813,0
335205,2026-09-09 05:46:34+00:00,2026-09-09 19:46:05+00:00,2026-09-09 19:44:08+00:00,0.5816435185185185,2.802349537037037,0
335203,2026-09-09 04:43:19+00:00,2026-09-09 06:32:36+00:00,,,2.846273148148148,
335201,2026-09-09 04:26:26+00:00,2026-09-09 06:37:39+00:00,2026-09-09 06:36:23+00:00,0.09024305555555556,2.857997685185185,0
335198,2026-09-09 03:36:13+00:00,2026-09-09 05:41:24+00:00,2026-09-09 05:40:11+00:00,0.08608796296296296,2.89287037037037,0
335195,2026-09-09 02:41:06+00:00,2026-09-09 12:05:47+00:00,2026-09-09 12:04:47+00:00,0.39144675925925926,2.9311458333333333,0
335190,2026-09-09 01:26:30+00:00,2026-09-09 01:29:24+00:00,,,2.982951388888889,
335186,2026-09-09 01:00:58+00:00,2026-09-09 01:20:29+00:00,,,3.0006828703703703,
335185,2026-09-09 00:47:57+00:00,2026-09-09 05:36:35+00:00,2026-09-09 05:36:35+00:00,0.20043981481481482,3.0097222222222224,0
335179,2026-09-09 00:06:48+00:00,2026-09-09 01:09:32+00:00,2026-09-09 01:08:27+00:00,0.0428125,3.038298611111111,0
335177,2026-09-08 23:56:14+00:00,2026-09-09 06:35:50+00:00,,,3.045636574074074,
335175,2026-09-08 23:47:00+00:00,2026-09-09 00:37:38+00:00,2026-09-09 00:36:42+00:00,0.034513888888888886,3.052048611111111,0
335174,2026-09-08 23:43:23+00:00,2026-09-09 01:29:01+00:00,,,3.0545601851851854,
335173,2026-09-08 23:21:00+00:00,2026-09-09 12:05:43+00:00,2026-09-09 12:05:43+00:00,0.5310532407407408,3.070104166666667,0
335170,2026-09-08 22:34:23+00:00,2026-09-09 02:57:38+00:00,2026-09-09 02:56:42+00:00,0.18216435185185184,3.102476851851852,0
335169,2026-09-08 22:11:47+00:00,2026-09-08 23:19:14+00:00,2026-09-08 23:18:06+00:00,0.04605324074074074,3.118171296296296,0
335167,2026-09-08 22:08:54+00:00,2026-09-08 22:09:51+00:00,,,3.120173611111111,
335166,2026-09-08 22:08:42+00:00,2026-09-08 22:15:21+00:00,,,3.1203125,
335165,2026-09-08 22:08:31+00:00,2026-09-08 22:14:12+00:00,,,3.120439814814815,
335164,2026-09-08 22:08:30+00:00,2026-09-08 22:11:18+00:00,,,3.1204513888888887,
335162,2026-09-08 21:30:53+00:00,2026-09-08 23:56:02+00:00,2026-09-08 23:54:29+00:00,0.09972222222222223,3.146574074074074,0
335161,2026-09-08 21:29:36+00:00,2026-09-08 21:46:57+00:00,2026-09-08 21:45:43+00:00,0.01119212962962963,3.1474652777777776,0
335160,2026-09-08 21:27:43+00:00,2026-09-08 22:45:08+00:00,2026-09-08 22:43:40+00:00,0.05274305555555556,3.1487731481481482,0
335159,2026-09-08 21:13:58+00:00,2026-09-08 22:54:24+00:00,2026-09-08 22:54:24+00:00,0.06974537037037037,3.1583217592592594,0
335157,2026-09-08 21:10:44+00:00,2026-09-09 18:34:08+00:00,2026-09-09 18:33:19+00:00,0.8906828703703704,3.1605671296296296,0
335155,2026-09-08 21:01:59+00:00,2026-09-09 00:12:12+00:00,2026-09-09 00:08:08+00:00,0.12927083333333333,3.1666435185185184,0
335152,2026-09-08 20:50:44+00:00,2026-09-08 21:20:50+00:00,2026-09-08 21:18:57+00:00,0.019594907407407408,3.1744560185185184,0
335151,2026-09-08 20:50:12+00:00,2026-09-08 21:22:58+00:00,2026-09-08 21:20:24+00:00,0.020972222222222222,3.174826388888889,0
335147,2026-09-08 20:32:03+00:00,2026-09-08 21:16:52+00:00,2026-09-08 21:14:08+00:00,0.02922453703703704,3.1874305555555558,0
335142,2026-09-08 19:28:01+00:00,2026-09-08 20:32:56+00:00,2026-09-08 20:31:21+00:00,0.04398148148148148,3.231898148148148,0
335141,2026-09-08 19:26:53+00:00,2026-09-08 21:49:26+00:00,2026-09-08 21:47:02+00:00,0.09732638888888889,3.232685185185185,0
335140,2026-09-08 19:23:14+00:00,2026-09-08 20:21:58+00:00,2026-09-08 20:20:23+00:00,0.0396875,3.2352199074074073,0
335139,2026-09-08 19:15:55+00:00,2026-09-08 21:46:17+00:00,2026-09-08 21:44:42+00:00,0.10332175925925927,3.240300925925926,0
335137,2026-09-08 19:14:33+00:00,2026-09-09 00:40:07+00:00,,,3.24125,
335136,2026-09-08 19:10:35+00:00,2026-09-08 20:18:30+00:00,,,3.2440046296296297,
335134,2026-09-08 19:01:00+00:00,2026-09-10 08:52:48+00:00,,,3.250659722222222,
335130,2026-09-08 18:39:41+00:00,2026-09-08 18:46:44+00:00,,,3.265462962962963,
335129,2026-09-08 18:37:56+00:00,2026-09-08 18:53:07+00:00,2026-09-08 18:52:01+00:00,0.009780092592592592,3.266678240740741,0
335128,2026-09-08 18:33:47+00:00,2026-09-08 20:45:14+00:00,2026-09-08 20:44:00+00:00,0.09042824074074074,3.269560185185185,0
335124,2026-09-08 18:17:06+00:00,2026-09-08 18:39:44+00:00,2026-09-08 18:37:34+00:00,0.014212962962962964,3.2811458333333334,0
335121,2026-09-08 17:56:36+00:00,2026-09-08 19:15:25+00:00,,,3.2953819444444443,
335120,2026-09-08 17:54:37+00:00,2026-09-08 18:33:52+00:00,2026-09-08 18:32:33+00:00,0.02634259259259259,3.296759259259259,0
335111,2026-09-08 17:19:26+00:00,2026-09-09 20:10:08+00:00,2026-09-09 20:09:01+00:00,1.1177662037037037,3.3211921296296296,0
335109,2026-09-08 17:05:59+00:00,2026-09-08 17:29:45+00:00,2026-09-08 17:27:36+00:00,0.015011574074074075,3.330532407407407,0
335108,2026-09-08 16:52:41+00:00,2026-09-08 18:16:32+00:00,2026-09-08 18:15:36+00:00,0.05758101851851852,3.3397685185185186,0
335107,2026-09-08 16:51:46+00:00,2026-09-08 18:29:11+00:00,2026-09-08 18:28:13+00:00,0.06697916666666667,3.3404050925925928,0
335105,2026-09-08 16:46:35+00:00,2026-09-08 21:17:57+00:00,2026-09-08 21:16:20+00:00,0.1873263888888889,3.3440046296296297,0
335103,2026-09-08 16:43:23+00:00,2026-09-08 21:59:38+00:00,2026-09-08 21:58:45+00:00,0.21900462962962963,3.346226851851852,0
335102,2026-09-08 16:43:07+00:00,2026-09-08 18:26:22+00:00,,,3.346412037037037,
335101,2026-09-08 16:39:17+00:00,2026-09-09 00:17:00+00:00,2026-09-09 00:15:08+00:00,0.3165625,3.349074074074074,0
335100,2026-09-08 16:36:36+00:00,2026-09-08 16:54:49+00:00,2026-09-08 16:53:24+00:00,0.011666666666666667,3.3509375,0
335098,2026-09-08 16:33:24+00:00,2026-09-08 18:26:24+00:00,,,3.3531597222222222,
335096,2026-09-08 16:29:33+00:00,2026-09-08 20:37:38+00:00,2026-09-08 20:35:47+00:00,0.17099537037037038,3.3558333333333334,0
335094,2026-09-08 16:28:01+00:00,2026-09-08 16:47:30+00:00,2026-09-08 16:47:28+00:00,0.013506944444444445,3.356898148148148,0
335092,2026-09-08 16:25:10+00:00,2026-09-08 18:24:28+00:00,,,3.3588773148148148,
335091,2026-09-08 16:22:19+00:00,2026-09-08 16:37:15+00:00,2026-09-08 16:37:15+00:00,0.01037037037037037,3.3608564814814814,0
335089,2026-09-08 16:09:30+00:00,2026-09-08 16:28:14+00:00,2026-09-08 16:25:01+00:00,0.010775462962962962,3.3697569444444446,0
335088,2026-09-08 16:06:03+00:00,2026-09-10 07:32:23+00:00,2026-09-10 07:30:06+00:00,1.641701388888889,3.372152777777778,0
335087,2026-09-08 16:01:21+00:00,2026-09-08 18:52:32+00:00,2026-09-08 18:50:31+00:00,0.11747685185185185,3.3754166666666667,0
335083,2026-09-08 15:25:56+00:00,2026-09-08 16:25:28+00:00,2026-09-08 16:24:22+00:00,0.04057870370370371,3.400011574074074,0
335080,2026-09-08 15:15:20+00:00,2026-09-08 18:45:13+00:00,2026-09-08 18:44:01+00:00,0.14491898148148147,3.407372685185185,0
335078,2026-09-08 15:03:05+00:00,2026-09-08 16:12:34+00:00,2026-09-08 16:09:51+00:00,0.04636574074074074,3.4158796296296297,0
335076,2026-09-08 14:49:18+00:00,2026-09-09 13:39:50+00:00,2026-09-09 13:39:48+00:00,0.9517361111111111,3.425451388888889,0
335075,2026-09-08 14:48:10+00:00,2026-09-08 15:03:50+00:00,2026-09-08 15:02:43+00:00,0.010104166666666666,3.4262384259259258,0
335074,2026-09-08 14:45:30+00:00,2026-09-08 15:02:56+00:00,2026-09-08 15:00:17+00:00,0.010266203703703704,3.4280902777777778,0
335073,2026-09-08 14:44:27+00:00,2026-09-11 07:42:35+00:00,,,3.4288194444444446,
335072,2026-09-08 14:32:02+00:00,2026-09-08 15:05:08+00:00,2026-09-08 15:02:34+00:00,0.021203703703703704,3.4374421296296296,0
335070,2026-09-08 14:31:13+00:00,2026-09-09 17:46:26+00:00,2026-09-09 17:44:55+00:00,1.1345138888888888,3.438009259259259,0
335067,2026-09-08 14:26:08+00:00,2026-09-08 15:09:53+00:00,2026-09-08 15:08:14+00:00,0.029236111111111112,3.441539351851852,0
335066,2026-09-08 14:19:10+00:00,2026-09-09 07:49:40+00:00,2026-09-08 14:52:17+00:00,0.022997685185185184,3.4463773148148147,0
335065,2026-09-08 14:17:19+00:00,2026-09-08 15:22:56+00:00,2026-09-08 15:20:41+00:00,0.04400462962962963,3.447662037037037,0
335063,2026-09-08 13:59:05+00:00,2026-09-08 14:27:04+00:00,2026-09-08 14:26:03+00:00,0.018726851851851852,3.460324074074074,0
335062,2026-09-08 13:56:54+00:00,2026-09-08 14:42:54+00:00,2026-09-08 14:41:28+00:00,0.030949074074074073,3.4618402777777777,0
335061,2026-09-08 13:56:12+00:00,2026-09-08 19:30:24+00:00,2026-09-08 19:30:24+00:00,0.23208333333333334,3.462326388888889,0
335060,2026-09-08 13:55:11+00:00,2026-09-08 14:59:23+00:00,2026-09-08 14:57:57+00:00,0.04358796296296296,3.4630324074074075,0
335059,2026-09-08 13:55:05+00:00,2026-09-09 13:11:11+00:00,2026-09-09 13:09:24+00:00,0.968275462962963,3.4631018518518517,0
335058,2026-09-08 13:48:48+00:00,2026-09-08 16:11:15+00:00,2026-09-08 16:10:05+00:00,0.09811342592592592,3.467465277777778,0
335057,2026-09-08 13:44:54+00:00,2026-09-09 06:32:19+00:00,2026-09-09 06:32:17+00:00,0.6995717592592593,3.470173611111111,0
335056,2026-09-08 13:41:03+00:00,2026-09-09 07:49:11+00:00,2026-09-08 15:38:59+00:00,0.08189814814814815,3.472847222222222,0
335055,2026-09-08 13:38:16+00:00,2026-09-09 14:52:16+00:00,2026-09-09 14:50:40+00:00,1.0502777777777779,3.4747800925925927,0
335053,2026-09-08 13:28:29+00:00,2026-09-09 11:03:48+00:00,2026-09-09 11:02:25+00:00,0.8985648148148148,3.481574074074074,0
335051,2026-09-08 13:17:23+00:00,2026-09-08 13:58:17+00:00,2026-09-08 13:38:38+00:00,0.014756944444444444,3.4892824074074076,0
335050,2026-09-08 13:03:37+00:00,2026-09-08 18:09:45+00:00,2026-09-08 18:08:15+00:00,0.21155092592592592,3.4988425925925926,0
335048,2026-09-08 12:55:24+00:00,2026-09-08 13:02:17+00:00,,,3.5045486111111113,
335046,2026-09-08 12:09:46+00:00,2026-09-08 13:19:37+00:00,,,3.536238425925926,
335044,2026-09-08 11:28:48+00:00,2026-09-08 13:37:48+00:00,2026-09-08 13:36:50+00:00,0.08891203703703704,3.5646875,0
335042,2026-09-08 11:17:48+00:00,2026-09-08 13:08:36+00:00,2026-09-08 13:07:02+00:00,0.07585648148148148,3.572326388888889,0
335040,2026-09-08 10:47:09+00:00,2026-09-08 14:43:00+00:00,2026-09-08 14:42:04+00:00,0.1631365740740741,3.593611111111111,0
335039,2026-09-08 10:39:55+00:00,2026-09-08 12:44:51+00:00,2026-09-08 12:43:04+00:00,0.08552083333333334,3.598634259259259,0
335038,2026-09-08 10:39:47+00:00,2026-09-08 10:55:46+00:00,2026-09-08 10:54:10+00:00,0.009988425925925927,3.598726851851852,0
335030,2026-09-08 09:59:06+00:00,2026-09-08 10:15:35+00:00,2026-09-08 10:13:35+00:00,0.01005787037037037,3.6269791666666666,0
335028,2026-09-08 09:54:41+00:00,2026-09-08 10:46:49+00:00,2026-09-08 10:45:51+00:00,0.03553240740740741,3.6300462962962965,0
335018,2026-09-08 09:09:15+00:00,2026-09-10 23:03:04+00:00,2026-09-10 23:01:54+00:00,2.5782291666666666,3.6615972222222224,0
335016,2026-09-08 09:07:55+00:00,2026-09-08 23:05:19+00:00,,,3.662523148148148,
335013,2026-09-08 08:11:38+00:00,2026-09-08 09:15:00+00:00,2026-09-08 09:14:10+00:00,0.04342592592592592,3.7016087962962962,0
335012,2026-09-08 08:08:43+00:00,2026-09-08 08:18:00+00:00,2026-09-08 08:18:00+00:00,0.006446759259259259,3.703634259259259,0
335011,2026-09-08 08:05:18+00:00,2026-09-08 08:20:52+00:00,2026-09-08 08:19:15+00:00,0.0096875,3.7060069444444443,0
335008,2026-09-08 07:44:43+00:00,2026-09-11 11:38:30+00:00,2026-09-08 07:57:57+00:00,0.009189814814814816,3.720300925925926,0
335007,2026-09-08 07:24:32+00:00,2026-09-08 07:57:21+00:00,2026-09-08 07:56:08+00:00,0.021944444444444444,3.7343171296296296,0
334994,2026-09-08 00:36:30+00:00,2026-09-09 14:08:19+00:00,,,4.017673611111111,
334990,2026-09-08 00:11:08+00:00,2026-09-08 03:49:38+00:00,2026-09-08 03:48:26+00:00,0.15090277777777777,4.035289351851852,0
334989,2026-09-07 23:01:03+00:00,2026-09-08 00:37:24+00:00,2026-09-08 00:36:21+00:00,0.06618055555555556,4.083958333333333,0
334988,2026-09-07 22:57:49+00:00,2026-09-10 02:21:25+00:00,,,4.086203703703704,
334987,2026-09-07 22:22:19+00:00,2026-09-07 23:17:03+00:00,2026-09-07 23:16:05+00:00,0.03733796296296296,4.110856481481481,0
334986,2026-09-07 22:21:31+00:00,2026-09-09 03:49:07+00:00,2026-09-09 03:47:50+00:00,1.2266087962962964,4.111412037037037,0
334985,2026-09-07 22:18:16+00:00,2026-09-08 16:19:10+00:00,2026-09-08 16:17:26+00:00,0.7494212962962963,4.1136689814814815,0
334984,2026-09-07 22:18:03+00:00,2026-09-07 23:28:31+00:00,2026-09-07 23:27:33+00:00,0.04826388888888889,4.113819444444444,0
334983,2026-09-07 22:16:26+00:00,2026-09-07 23:09:56+00:00,2026-09-07 23:09:03+00:00,0.03653935185185185,4.11494212962963,0
334981,2026-09-07 22:13:08+00:00,2026-09-07 23:17:01+00:00,2026-09-07 23:15:49+00:00,0.04353009259259259,4.117233796296296,0
334980,2026-09-07 22:03:29+00:00,2026-09-07 22:59:48+00:00,2026-09-07 22:58:51+00:00,0.03844907407407407,4.123935185185185,0
334978,2026-09-07 21:33:34+00:00,2026-09-08 00:36:43+00:00,2026-09-08 00:36:41+00:00,0.12716435185185185,4.144710648148148,0
334977,2026-09-07 21:33:30+00:00,2026-09-07 23:31:58+00:00,2026-09-07 23:30:35+00:00,0.08130787037037036,4.1447569444444445,0
334976,2026-09-07 21:28:35+00:00,2026-09-07 22:35:30+00:00,2026-09-07 22:35:28+00:00,0.04644675925925926,4.148171296296296,0
334975,2026-09-07 21:25:24+00:00,2026-09-07 22:12:21+00:00,2026-09-07 22:12:19+00:00,0.032581018518518516,4.150381944444445,0
334974,2026-09-07 21:21:51+00:00,2026-09-07 22:52:33+00:00,2026-09-07 22:51:40+00:00,0.062372685185185184,4.152847222222222,0
334973,2026-09-07 21:13:05+00:00,2026-09-08 07:24:17+00:00,2026-09-08 07:23:14+00:00,0.4237152777777778,4.158935185185185,0
334972,2026-09-07 21:11:52+00:00,2026-09-10 05:35:27+00:00,2026-09-10 05:33:51+00:00,2.348599537037037,4.159780092592593,0
334971,2026-09-07 20:15:07+00:00,2026-09-07 21:57:00+00:00,2026-09-07 21:56:58+00:00,0.07072916666666666,4.199189814814815,0
334969,2026-09-07 19:41:32+00:00,2026-09-08 16:33:00+00:00,,,4.222511574074074,
334968,2026-09-07 19:32:03+00:00,2026-09-07 21:19:20+00:00,2026-09-07 21:18:29+00:00,0.07391203703703704,4.229097222222222,0
334966,2026-09-07 18:55:19+00:00,2026-09-08 13:20:15+00:00,2026-09-08 13:18:36+00:00,0.7661689814814815,4.254606481481481,0
334965,2026-09-07 18:45:25+00:00,2026-09-08 07:07:50+00:00,2026-09-08 07:07:27+00:00,0.5153009259259259,4.261481481481481,0
334964,2026-09-07 18:28:16+00:00,2026-09-08 15:53:46+00:00,,,4.273391203703704,
334962,2026-09-07 18:14:26+00:00,2026-09-08 08:03:38+00:00,2026-09-08 08:02:16+00:00,0.5748842592592592,4.282997685185185,0
334961,2026-09-07 18:14:03+00:00,2026-09-08 07:07:00+00:00,2026-09-08 07:06:57+00:00,0.5367361111111111,4.2832638888888885,0
334960,2026-09-07 18:10:37+00:00,2026-09-07 20:05:22+00:00,2026-09-07 20:04:25+00:00,0.07902777777777778,4.285648148148148,0
334958,2026-09-07 18:05:59+00:00,2026-09-07 20:03:27+00:00,2026-09-07 20:02:35+00:00,0.08097222222222222,4.288865740740741,0
334957,2026-09-07 17:46:55+00:00,2026-09-07 19:42:19+00:00,2026-09-07 19:28:18+00:00,0.07040509259259259,4.302106481481482,0
334955,2026-09-07 17:19:25+00:00,2026-09-07 19:27:08+00:00,2026-09-07 19:26:10+00:00,0.08802083333333334,4.321203703703704,0
334952,2026-09-07 16:57:10+00:00,2026-09-08 09:33:03+00:00,2026-09-08 09:30:54+00:00,0.6900925925925926,4.336655092592593,0
334948,2026-09-07 16:26:32+00:00,2026-09-07 18:02:47+00:00,2026-09-07 18:01:37+00:00,0.0660300925925926,4.3579282407407405,0
334947,2026-09-07 16:17:53+00:00,2026-09-07 19:15:27+00:00,2026-09-07 19:14:18+00:00,0.12251157407407408,4.363935185185185,0
334946,2026-09-07 16:15:33+00:00,2026-09-07 19:00:50+00:00,2026-09-07 18:29:59+00:00,0.09335648148148148,4.365555555555556,0
334945,2026-09-07 16:12:27+00:00,2026-09-09 20:12:52+00:00,2026-09-09 20:11:15+00:00,2.1658333333333335,4.367708333333334,0
334944,2026-09-07 15:59:27+00:00,2026-09-07 19:11:37+00:00,2026-09-07 19:11:35+00:00,0.13342592592592592,4.376736111111111,0
334942,2026-09-07 15:55:53+00:00,2026-09-08 18:44:59+00:00,2026-09-08 18:42:15+00:00,1.1155324074074073,4.379212962962963,0
334934,2026-09-07 15:13:19+00:00,2026-09-07 21:33:14+00:00,2026-09-07 21:32:01+00:00,0.2629861111111111,4.408773148148148,0
334932,2026-09-07 15:02:08+00:00,2026-09-11 05:31:51+00:00,,,4.416539351851852,
334931,2026-09-07 14:56:53+00:00,2026-09-07 19:00:43+00:00,2026-09-07 18:59:32+00:00,0.16850694444444445,4.420185185185185,0
334929,2026-09-07 14:37:31+00:00,2026-09-07 17:19:09+00:00,2026-09-07 17:18:13+00:00,0.11159722222222222,4.433634259259259,0
334928,2026-09-07 14:33:11+00:00,2026-09-07 16:55:51+00:00,2026-09-07 16:54:49+00:00,0.09835648148148148,4.436643518518519,0
334927,2026-09-07 14:31:48+00:00,2026-09-08 06:31:57+00:00,,,4.437604166666667,
334926,2026-09-07 14:26:26+00:00,2026-09-07 16:19:39+00:00,,,4.441331018518518,
334924,2026-09-07 14:16:27+00:00,2026-09-08 07:26:32+00:00,2026-09-08 07:25:40+00:00,0.7147337962962963,4.448263888888889,0
334921,2026-09-07 13:57:45+00:00,2026-09-07 15:01:49+00:00,2026-09-07 15:01:49+00:00,0.04449074074074074,4.46125,0
334919,2026-09-07 13:52:31+00:00,2026-09-07 16:17:56+00:00,2026-09-07 16:16:27+00:00,0.0999537037037037,4.464884259259259,0
334913,2026-09-07 13:17:06+00:00,2026-09-07 13:29:10+00:00,,,4.4894791666666665,
334911,2026-09-07 13:05:02+00:00,2026-09-07 15:05:33+00:00,2026-09-07 15:04:26+00:00,0.08291666666666667,4.497858796296296,0
334909,2026-09-07 13:01:22+00:00,2026-09-11 18:46:17+00:00,2026-09-07 14:48:08+00:00,0.07414351851851853,4.500405092592593,0
334908,2026-09-07 12:40:47+00:00,2026-09-08 09:13:38+00:00,2026-09-08 09:12:29+00:00,0.8553472222222223,4.514699074074074,0
334907,2026-09-07 12:35:04+00:00,2026-09-07 14:37:27+00:00,2026-09-07 14:36:09+00:00,0.08408564814814815,4.518668981481482,0
334904,2026-09-07 12:00:29+00:00,2026-09-07 16:33:26+00:00,2026-09-07 16:31:55+00:00,0.18849537037037037,4.542685185185185,0
334898,2026-09-07 10:57:41+00:00,2026-09-07 15:59:32+00:00,2026-09-07 15:39:17+00:00,0.19555555555555557,4.586296296296296,0
334894,2026-09-07 10:46:42+00:00,2026-09-07 14:20:47+00:00,,,4.593923611111111,
334889,2026-09-07 10:27:39+00:00,2026-09-07 21:37:25+00:00,2026-09-07 21:36:34+00:00,0.464525462962963,4.607152777777777,0
334879,2026-09-07 09:48:11+00:00,2026-09-07 16:43:13+00:00,2026-09-07 16:41:47+00:00,0.2872222222222222,4.634560185185185,0
334878,2026-09-07 09:39:23+00:00,2026-09-07 11:21:07+00:00,,,4.640671296296296,
334877,2026-09-07 09:39:19+00:00,2026-09-07 15:09:23+00:00,2026-09-07 15:07:06+00:00,0.22762731481481482,4.640717592592592,0
334876,2026-09-07 09:32:29+00:00,2026-09-07 15:42:12+00:00,2026-09-07 15:42:12+00:00,0.2567476851851852,4.645462962962963,0
334874,2026-09-07 09:27:33+00:00,2026-09-07 14:14:05+00:00,2026-09-07 14:13:07+00:00,0.19831018518518517,4.648888888888889,0
334870,2026-09-07 09:07:17+00:00,2026-09-10 09:02:56+00:00,2026-09-10 09:01:29+00:00,2.995972222222222,4.662962962962963,0
334865,2026-09-07 08:21:08+00:00,2026-09-08 08:07:26+00:00,2026-09-08 08:07:25+00:00,0.990474537037037,4.695011574074074,0
334864,2026-09-07 08:18:37+00:00,2026-09-08 06:31:43+00:00,2026-09-07 16:41:58+00:00,0.34954861111111113,4.6967592592592595,0
334863,2026-09-07 08:10:37+00:00,2026-09-08 08:05:58+00:00,2026-09-08 08:04:44+00:00,0.9959143518518518,4.702314814814815,0
334862,2026-09-07 07:55:42+00:00,2026-09-07 12:52:00+00:00,2026-09-07 12:50:54+00:00,0.205,4.712673611111111,0
334861,2026-09-07 07:45:09+00:00,2026-09-07 07:58:08+00:00,2026-09-07 07:45:37+00:00,0.00032407407407407406,4.72,0
334849,2026-09-07 05:17:03+00:00,2026-09-12 00:31:36+00:00,,,4.822847222222222,
334845,2026-09-07 04:45:39+00:00,2026-09-07 08:34:57+00:00,,,4.844652777777778,
334838,2026-09-07 01:47:41+00:00,2026-09-07 06:25:27+00:00,2026-09-07 06:24:19+00:00,0.1921064814814815,4.9682407407407405,0
334836,2026-09-06 23:21:47+00:00,2026-09-07 02:31:48+00:00,2026-09-07 02:30:40+00:00,0.13116898148148148,5.0695601851851855,0
334835,2026-09-06 22:43:54+00:00,2026-09-07 07:30:13+00:00,2026-09-07 07:29:17+00:00,0.36484953703703704,5.095868055555556,0
334834,2026-09-06 22:26:39+00:00,2026-09-07 07:48:18+00:00,2026-09-07 07:48:18+00:00,0.39003472222222224,5.107847222222222,0
334833,2026-09-06 22:24:27+00:00,2026-09-08 21:25:39+00:00,2026-09-08 21:23:34+00:00,1.9577199074074074,5.109375,0
334831,2026-09-06 21:47:03+00:00,2026-09-06 22:25:20+00:00,2026-09-06 22:25:18+00:00,0.0265625,5.135347222222222,0
334830,2026-09-06 21:30:03+00:00,2026-09-07 10:05:56+00:00,2026-09-07 10:05:55+00:00,0.5249074074074074,5.1471527777777775,0
334829,2026-09-06 21:15:19+00:00,2026-09-07 09:16:57+00:00,2026-09-07 09:16:57+00:00,0.5011342592592593,5.157384259259259,0
334828,2026-09-06 21:02:32+00:00,2026-09-09 17:23:20+00:00,2026-09-06 21:30:34+00:00,0.019467592592592592,5.166261574074074,0
334827,2026-09-06 21:02:09+00:00,2026-09-07 06:15:42+00:00,,,5.166527777777778,
334826,2026-09-06 20:38:13+00:00,2026-09-06 21:28:05+00:00,2026-09-06 21:28:05+00:00,0.03462962962962963,5.183148148148148,0
334824,2026-09-06 20:07:09+00:00,2026-09-07 01:47:04+00:00,2026-09-07 01:46:18+00:00,0.23552083333333335,5.204722222222222,0
334823,2026-09-06 20:06:41+00:00,2026-09-09 01:08:55+00:00,2026-09-09 01:08:55+00:00,2.209884259259259,5.205046296296296,0
334818,2026-09-06 17:59:23+00:00,2026-09-09 00:00:48+00:00,2026-09-08 23:59:45+00:00,2.2502546296296297,5.293449074074074,0
334814,2026-09-06 16:21:07+00:00,2026-09-09 22:28:05+00:00,,,5.361689814814815,
334812,2026-09-06 16:06:00+00:00,2026-09-09 03:13:53+00:00,2026-09-09 03:13:52+00:00,2.4637962962962963,5.3721875,0
334811,2026-09-06 15:47:27+00:00,2026-09-06 17:13:51+00:00,,,5.3850694444444445,
334808,2026-09-06 13:09:16+00:00,2026-09-06 15:44:18+00:00,,,5.494918981481481,
334804,2026-09-06 12:56:58+00:00,2026-09-07 14:40:14+00:00,,,5.503460648148148,
334803,2026-09-06 12:51:45+00:00,2026-09-06 14:17:02+00:00,,,5.507083333333333,
334793,2026-09-06 11:02:11+00:00,2026-09-06 21:04:57+00:00,,,5.583171296296296,
334791,2026-09-06 10:36:34+00:00,2026-09-06 12:26:35+00:00,,,5.600960648148148,
334790,2026-09-06 10:31:11+00:00,2026-09-06 20:28:53+00:00,2026-09-06 20:28:00+00:00,0.41445601851851854,5.604699074074074,0
334787,2026-09-06 10:05:52+00:00,2026-09-07 09:14:56+00:00,2026-09-07 09:14:56+00:00,0.9646296296296296,5.622280092592592,0
334782,2026-09-06 08:56:16+00:00,2026-09-06 09:26:43+00:00,2026-09-06 09:25:41+00:00,0.02042824074074074,5.670613425925926,0
334781,2026-09-06 08:51:26+00:00,2026-09-09 17:23:29+00:00,2026-09-06 10:04:26+00:00,0.050694444444444445,5.6739699074074075,0
334780,2026-09-06 08:41:36+00:00,2026-09-06 09:05:35+00:00,2026-09-06 09:04:42+00:00,0.016041666666666666,5.680798611111111,0
334779,2026-09-06 08:39:53+00:00,2026-09-06 15:03:27+00:00,2026-09-06 15:02:33+00:00,0.2657407407407407,5.681990740740741,0
334778,2026-09-06 08:37:17+00:00,2026-09-06 08:40:31+00:00,2026-09-06 08:37:56+00:00,0.00045138888888888887,5.683796296296296,0
334774,2026-09-06 08:13:34+00:00,2026-09-11 21:35:28+00:00,,,5.700266203703704,
334773,2026-09-06 07:43:21+00:00,2026-09-07 14:13:07+00:00,2026-09-07 14:10:28+00:00,1.2688310185185185,5.72125,0
334771,2026-09-06 07:24:50+00:00,2026-09-11 21:34:54+00:00,,,5.734108796296296,
334770,2026-09-06 07:10:23+00:00,2026-09-11 21:34:48+00:00,,,5.744143518518518,
334769,2026-09-06 07:08:24+00:00,2026-09-09 03:47:15+00:00,2026-09-09 03:46:19+00:00,2.8596643518518516,5.745520833333333,0
334768,2026-09-06 06:59:05+00:00,2026-09-11 23:48:59+00:00,,,5.751990740740741,
334766,2026-09-06 06:48:08+00:00,2026-09-11 21:30:56+00:00,,,5.759594907407408,
334761,2026-09-06 05:53:44+00:00,2026-09-06 15:03:51+00:00,2026-09-06 15:02:55+00:00,0.3813773148148148,5.797372685185185,0
334756,2026-09-06 05:12:09+00:00,2026-09-06 15:03:42+00:00,2026-09-06 15:02:08+00:00,0.40971064814814817,5.82625,0
334753,2026-09-06 04:50:34+00:00,2026-09-06 08:54:56+00:00,2026-09-06 08:54:01+00:00,0.1690625,5.841238425925926,0
334752,2026-09-06 04:04:12+00:00,2026-09-10 07:47:29+00:00,,,5.8734375,
334751,2026-09-06 03:34:30+00:00,2026-09-06 08:55:37+00:00,2026-09-06 08:54:39+00:00,0.2223263888888889,5.8940625,0
334749,2026-09-06 02:36:22+00:00,2026-09-06 02:40:18+00:00,2026-09-06 02:36:39+00:00,0.00019675925925925926,5.934432870370371,0
334743,2026-09-06 01:37:53+00:00,2026-09-09 22:28:07+00:00,,,5.975046296296297,
334742,2026-09-06 01:22:51+00:00,2026-09-09 22:28:10+00:00,,,5.985486111111111,
334741,2026-09-06 00:56:27+00:00,2026-09-08 21:14:51+00:00,2026-09-08 21:14:51+00:00,2.846111111111111,6.003819444444445,0
334740,2026-09-06 00:51:23+00:00,2026-09-06 02:27:57+00:00,,,6.007337962962963,
334739,2026-09-05 23:49:26+00:00,2026-09-06 11:04:13+00:00,2026-09-06 11:03:24+00:00,0.4680324074074074,6.050358796296297,0
334736,2026-09-05 22:58:19+00:00,2026-09-06 00:58:13+00:00,,,6.085856481481481,
334730,2026-09-05 19:19:47+00:00,2026-09-05 21:49:25+00:00,,,6.237615740740741,
334720,2026-09-05 15:24:41+00:00,2026-09-05 17:14:36+00:00,,,6.40087962962963,
334719,2026-09-05 15:22:26+00:00,2026-09-06 01:11:40+00:00,2026-09-06 01:10:47+00:00,0.40857638888888886,6.402442129629629,0
334718,2026-09-05 15:16:06+00:00,2026-09-05 16:17:23+00:00,,,6.4068402777777775,
334712,2026-09-05 11:45:11+00:00,2026-09-05 13:15:25+00:00,,,6.553310185185185,
334710,2026-09-05 10:44:55+00:00,2026-09-05 12:24:23+00:00,,,6.595162037037037,
334708,2026-09-05 10:06:50+00:00,2026-09-05 12:26:13+00:00,,,6.621608796296297,
334705,2026-09-05 09:44:21+00:00,2026-09-08 17:55:20+00:00,2026-09-08 16:34:56+00:00,3.285127314814815,6.637222222222222,0
334702,2026-09-05 09:12:08+00:00,2026-09-05 15:29:35+00:00,2026-09-05 15:28:28+00:00,0.26134259259259257,6.659594907407407,0
334700,2026-09-05 09:02:10+00:00,2026-09-08 19:06:16+00:00,2026-09-08 19:04:38+00:00,3.4183796296296296,6.666516203703703,0
334698,2026-09-05 08:41:25+00:00,2026-09-05 10:16:10+00:00,,,6.6809259259259255,
334696,2026-09-05 08:35:53+00:00,2026-09-06 21:02:36+00:00,2026-09-05 15:28:39+00:00,0.2866435185185185,6.684768518518519,0
334695,2026-09-05 08:34:27+00:00,2026-09-05 22:10:11+00:00,2026-09-05 22:08:10+00:00,0.5650810185185186,6.685763888888889,0
334694,2026-09-05 08:22:18+00:00,2026-09-06 11:01:00+00:00,2026-09-06 11:00:57+00:00,1.1101736111111111,6.694201388888889,0
334691,2026-09-05 03:22:03+00:00,2026-09-11 16:53:33+00:00,,,6.902708333333333,
334689,2026-09-05 03:14:35+00:00,2026-09-05 03:30:50+00:00,2026-09-05 03:29:26+00:00,0.0103125,6.907893518518518,0
334688,2026-09-05 03:05:41+00:00,2026-09-07 09:50:09+00:00,2026-09-06 20:50:30+00:00,1.7394560185185186,6.914074074074074,0
334687,2026-09-05 03:04:57+00:00,2026-09-06 00:56:07+00:00,2026-09-06 00:55:05+00:00,0.9098148148148149,6.914583333333334,0
334686,2026-09-05 02:52:26+00:00,2026-09-05 02:56:00+00:00,,,6.923275462962963,
334682,2026-09-05 02:09:33+00:00,2026-09-08 04:11:32+00:00,,,6.953055555555555,
334681,2026-09-05 01:52:09+00:00,2026-09-05 02:58:46+00:00,,,6.965138888888889,
334680,2026-09-05 01:46:57+00:00,2026-09-05 02:10:17+00:00,2026-09-05 02:10:17+00:00,0.016203703703703703,6.96875,0
334678,2026-09-05 01:33:05+00:00,2026-09-07 23:11:40+00:00,,,6.97837962962963,
334677,2026-09-05 00:40:13+00:00,2026-09-05 00:58:22+00:00,2026-09-05 00:57:10+00:00,0.011770833333333333,7.015092592592593,0
334674,2026-09-05 00:22:27+00:00,2026-09-07 00:41:39+00:00,2026-09-05 02:06:17+00:00,0.07210648148148148,7.027430555555555,0
334672,2026-09-05 00:18:48+00:00,2026-09-05 00:24:26+00:00,2026-09-05 00:23:02+00:00,0.002939814814814815,7.0299652777777775,0
334671,2026-09-05 00:15:13+00:00,2026-09-05 00:44:54+00:00,2026-09-05 00:44:54+00:00,0.020613425925925927,7.032453703703704,0
334670,2026-09-05 00:02:35+00:00,2026-09-07 15:53:02+00:00,2026-09-07 15:51:50+00:00,2.659201388888889,7.041226851851852,0
334667,2026-09-04 23:33:01+00:00,2026-09-04 23:33:14+00:00,,,7.061759259259259,1
334665,2026-09-04 23:27:44+00:00,2026-09-08 11:06:36+00:00,,,7.065428240740741,1
334664,2026-09-04 23:26:13+00:00,2026-09-11 20:11:51+00:00,,,7.066481481481482,1
334661,2026-09-04 23:17:02+00:00,2026-09-04 23:49:40+00:00,2026-09-04 23:47:53+00:00,0.021423611111111112,7.0728587962962965,0
334658,2026-09-04 23:07:29+00:00,2026-09-04 23:49:40+00:00,2026-09-04 23:46:53+00:00,0.02736111111111111,7.079490740740741,0
334657,2026-09-04 23:06:56+00:00,2026-09-05 15:52:35+00:00,,,7.079872685185185,1
334655,2026-09-04 22:58:01+00:00,2026-09-05 03:07:52+00:00,2026-09-05 03:05:59+00:00,0.1721990740740741,7.086064814814815,0
334654,2026-09-04 22:55:59+00:00,2026-09-05 22:09:11+00:00,2026-09-05 22:08:13+00:00,0.9668287037037037,7.087476851851852,0
334652,2026-09-04 22:54:21+00:00,2026-09-05 00:50:25+00:00,,,7.088611111111111,1
334649,2026-09-04 22:44:51+00:00,2026-09-05 01:46:41+00:00,2026-09-05 01:45:18+00:00,0.1253125,7.095208333333333,0
334648,2026-09-04 22:44:44+00:00,2026-09-05 03:06:31+00:00,2026-09-05 03:05:02+00:00,0.1807638888888889,7.095289351851852,0
334645,2026-09-04 22:36:59+00:00,2026-09-04 22:44:34+00:00,2026-09-04 22:44:34+00:00,0.0052662037037037035,7.100671296296296,0
334644,2026-09-04 22:33:19+00:00,2026-09-05 02:11:38+00:00,2026-09-05 02:10:42+00:00,0.15096064814814814,7.103217592592593,0
334643,2026-09-04 22:25:06+00:00,2026-09-07 14:00:57+00:00,2026-09-07 13:59:20+00:00,2.6487731481481482,7.108923611111111,0
334642,2026-09-04 22:17:21+00:00,2026-09-04 22:25:00+00:00,,,7.114305555555555,1
334641,2026-09-04 22:15:04+00:00,2026-09-05 00:48:04+00:00,2026-09-05 00:48:02+00:00,0.10622685185185185,7.115891203703704,0
334638,2026-09-04 22:02:10+00:00,2026-09-06 06:34:05+00:00,2026-09-06 06:33:09+00:00,1.354849537037037,7.124849537037037,0
334637,2026-09-04 21:59:35+00:00,2026-09-04 23:17:40+00:00,,,7.126643518518518,1
334634,2026-09-04 21:47:37+00:00,2026-09-04 23:17:41+00:00,,,7.134953703703704,1
334633,2026-09-04 21:42:32+00:00,2026-09-11 22:10:34+00:00,2026-09-11 22:10:32+00:00,7.019444444444445,7.138483796296296,1
334627,2026-09-04 21:28:46+00:00,2026-09-08 18:52:23+00:00,2026-09-08 18:51:10+00:00,3.8905555555555558,7.148043981481481,0
334626,2026-09-04 21:26:57+00:00,2026-09-04 21:38:14+00:00,2026-09-04 21:38:14+00:00,0.007835648148148149,7.149305555555555,0
334625,2026-09-04 21:25:48+00:00,2026-09-11 19:21:56+00:00,2026-09-10 22:54:07+00:00,6.061331018518518,7.150104166666667,0
334624,2026-09-04 21:21:56+00:00,2026-09-11 22:10:36+00:00,2026-09-11 22:10:35+00:00,7.033784722222222,7.152789351851852,1
334620,2026-09-04 20:56:28+00:00,2026-09-05 02:13:03+00:00,2026-09-05 02:11:06+00:00,0.21849537037037037,7.170474537037037,0
334612,2026-09-04 20:11:16+00:00,2026-09-04 21:56:54+00:00,2026-09-04 21:54:50+00:00,0.0719212962962963,7.201863425925926,0
334609,2026-09-04 20:04:03+00:00,2026-09-04 22:44:32+00:00,2026-09-04 22:44:32+00:00,0.11144675925925926,7.206875,0
334607,2026-09-04 20:02:12+00:00,2026-09-07 09:36:39+00:00,,,7.208159722222222,1
334606,2026-09-04 19:59:38+00:00,2026-09-08 18:52:58+00:00,2026-09-08 18:50:41+00:00,3.9521180555555557,7.2099421296296295,0
334604,2026-09-04 19:55:32+00:00,2026-09-04 21:57:40+00:00,2026-09-04 21:55:20+00:00,0.08319444444444445,7.2127893518518515,0
334602,2026-09-04 19:50:53+00:00,2026-09-08 17:40:14+00:00,2026-09-08 17:37:34+00:00,3.9074189814814817,7.216018518518519,0
334594,2026-09-04 19:32:17+00:00,2026-09-05 00:02:38+00:00,2026-09-04 23:53:39+00:00,0.18150462962962963,7.228935185185185,0
334593,2026-09-04 19:30:38+00:00,2026-09-08 18:34:51+00:00,2026-09-08 18:33:04+00:00,3.960023148148148,7.2300810185185185,0
334591,2026-09-04 19:14:19+00:00,2026-09-05 00:35:00+00:00,2026-09-04 23:55:25+00:00,0.19520833333333334,7.241412037037037,0
334584,2026-09-04 18:54:29+00:00,2026-09-07 06:59:33+00:00,,,7.255185185185185,1
334568,2026-09-04 17:55:40+00:00,2026-09-11 08:58:52+00:00,2026-09-08 19:46:59+00:00,4.077303240740741,7.296030092592592,0
334566,2026-09-04 17:53:02+00:00,2026-09-04 19:16:10+00:00,,,7.297858796296296,1
334559,2026-09-04 17:19:10+00:00,2026-09-09 22:28:12+00:00,,,7.321377314814815,1
334554,2026-09-04 17:00:12+00:00,2026-09-05 00:44:34+00:00,2026-09-04 20:06:02+00:00,0.12905092592592593,7.334548611111111,0
334549,2026-09-04 16:30:11+00:00,2026-09-09 22:28:14+00:00,,,7.355393518518518,1
334546,2026-09-04 16:28:27+00:00,2026-09-07 12:35:08+00:00,2026-09-04 16:49:28+00:00,0.014594907407407407,7.356597222222222,0
334545,2026-09-04 16:27:56+00:00,2026-09-04 16:48:38+00:00,2026-09-04 16:47:35+00:00,0.013645833333333333,7.3569560185185185,0
334544,2026-09-04 16:27:20+00:00,2026-09-07 11:43:31+00:00,2026-09-04 18:54:29+00:00,0.1021875,7.357372685185185,0
334540,2026-09-04 16:10:12+00:00,2026-09-04 18:35:21+00:00,2026-09-04 18:32:52+00:00,0.09907407407407408,7.369270833333333,0
334539,2026-09-04 16:10:10+00:00,2026-09-04 18:34:35+00:00,2026-09-04 18:31:42+00:00,0.09828703703703703,7.369293981481482,0
334538,2026-09-04 16:07:57+00:00,2026-09-04 17:13:53+00:00,2026-09-04 17:12:34+00:00,0.04487268518518518,7.370833333333334,0
334535,2026-09-04 15:46:10+00:00,2026-09-11 22:10:39+00:00,2026-09-11 22:10:37+00:00,7.266979166666666,7.385960648148148,1
334534,2026-09-04 15:45:03+00:00,2026-09-05 08:10:17+00:00,2026-09-04 20:10:50+00:00,0.18457175925925925,7.386736111111111,0
334533,2026-09-04 15:44:15+00:00,2026-09-04 16:54:09+00:00,2026-09-04 16:52:56+00:00,0.04769675925925926,7.387291666666667,0
334532,2026-09-04 15:41:21+00:00,2026-09-05 06:43:27+00:00,,,7.389305555555556,1
334531,2026-09-04 15:41:18+00:00,2026-09-05 06:42:26+00:00,,,7.3893402777777775,1
334530,2026-09-04 15:41:14+00:00,2026-09-05 06:43:12+00:00,,,7.3893865740740745,1
334529,2026-09-04 15:41:11+00:00,2026-09-05 06:42:14+00:00,,,7.389421296296296,1
334528,2026-09-04 15:40:21+00:00,2026-09-09 15:26:50+00:00,2026-09-09 15:26:50+00:00,4.990613425925926,7.39,0
334526,2026-09-04 15:33:55+00:00,2026-09-04 16:29:01+00:00,2026-09-04 16:27:40+00:00,0.03732638888888889,7.3944675925925925,0
334524,2026-09-04 15:19:42+00:00,2026-09-08 18:58:17+00:00,2026-09-08 18:57:26+00:00,4.151203703703704,7.404340277777778,0
334522,2026-09-04 15:13:55+00:00,2026-09-04 16:22:05+00:00,2026-09-04 16:21:00+00:00,0.04658564814814815,7.408356481481482,0
334521,2026-09-04 15:13:26+00:00,2026-09-06 21:27:43+00:00,2026-09-06 19:33:41+00:00,2.1807291666666666,7.40869212962963,0
334520,2026-09-04 15:10:28+00:00,2026-09-08 09:33:49+00:00,2026-09-08 09:33:49+00:00,3.766215277777778,7.410752314814815,0
334518,2026-09-04 15:02:13+00:00,2026-09-07 11:22:38+00:00,2026-09-04 15:53:40+00:00,0.035729166666666666,7.4164814814814815,0
334516,2026-09-04 14:58:00+00:00,2026-09-04 15:43:25+00:00,,,7.419409722222222,1
334515,2026-09-04 14:54:46+00:00,2026-09-09 17:31:37+00:00,2026-09-06 21:13:46+00:00,2.2631944444444443,7.421655092592593,0
334514,2026-09-04 14:43:05+00:00,2026-09-04 15:11:29+00:00,2026-09-04 15:11:16+00:00,0.01957175925925926,7.429768518518519,0
334513,2026-09-04 14:40:18+00:00,2026-09-11 19:31:34+00:00,2026-09-11 19:30:31+00:00,7.201539351851852,7.4317013888888885,1
334512,2026-09-04 14:40:01+00:00,2026-09-04 16:50:37+00:00,,,7.431898148148148,1
334510,2026-09-04 14:38:13+00:00,2026-09-06 21:02:14+00:00,2026-09-06 09:12:34+00:00,1.7738541666666667,7.433148148148148,0
334509,2026-09-04 14:34:23+00:00,2026-09-07 16:34:29+00:00,2026-09-07 16:34:29+00:00,3.0834027777777777,7.435810185185185,0
334507,2026-09-04 14:21:40+00:00,2026-09-08 13:07:35+00:00,2026-09-08 13:06:16+00:00,3.9476388888888887,7.4446412037037035,0
334506,2026-09-04 14:12:34+00:00,2026-09-04 15:18:32+00:00,,,7.450960648148148,1
334505,2026-09-04 14:01:21+00:00,2026-09-04 14:04:39+00:00,,,7.45875,1
334498,2026-09-04 13:48:51+00:00,2026-09-07 08:37:26+00:00,2026-09-04 14:02:27+00:00,0.009444444444444445,7.467430555555556,0
334493,2026-09-04 13:27:47+00:00,2026-09-04 15:20:55+00:00,,,7.482060185185185,1
334490,2026-09-04 13:06:14+00:00,2026-09-04 13:38:25+00:00,2026-09-04 13:37:25+00:00,0.021655092592592594,7.497025462962963,0
334488,2026-09-04 12:59:03+00:00,2026-09-04 13:22:04+00:00,2026-09-04 13:20:42+00:00,0.015034722222222222,7.5020138888888885,0
334487,2026-09-04 12:55:48+00:00,2026-09-04 13:24:39+00:00,2026-09-04 13:24:37+00:00,0.020011574074074074,7.504270833333333,0
334471,2026-09-04 12:19:22+00:00,2026-09-04 13:08:29+00:00,2026-09-04 13:04:49+00:00,0.0315625,7.52957175925926,0
334465,2026-09-04 11:17:18+00:00,2026-09-04 11:40:01+00:00,2026-09-04 11:33:45+00:00,0.011423611111111112,7.572673611111111,0
334452,2026-09-04 09:49:49+00:00,2026-09-04 11:08:33+00:00,2026-09-04 11:06:36+00:00,0.053321759259259256,7.633425925925926,0
334450,2026-09-04 09:36:19+00:00,2026-09-07 09:12:37+00:00,2026-09-04 10:01:21+00:00,0.01738425925925926,7.6428009259259255,0
334449,2026-09-04 09:10:42+00:00,2026-09-07 11:15:11+00:00,2026-09-04 10:41:05+00:00,0.0627662037037037,7.660590277777778,0
334446,2026-09-04 08:38:14+00:00,2026-09-04 10:27:30+00:00,,,7.683136574074074,1
334430,2026-09-04 06:16:01+00:00,2026-09-04 08:25:03+00:00,2026-09-04 08:19:04+00:00,0.08545138888888888,7.781898148148148,0
334426,2026-09-04 06:03:01+00:00,2026-09-04 06:33:04+00:00,2026-09-04 06:26:56+00:00,0.016608796296296295,7.790925925925926,0
334418,2026-09-04 05:10:59+00:00,2026-09-09 02:57:54+00:00,2026-09-09 02:57:00+00:00,4.906956018518518,7.827060185185185,0
334417,2026-09-04 05:06:47+00:00,2026-09-08 21:57:57+00:00,2026-09-08 21:56:59+00:00,4.701527777777778,7.8299768518518515,0
334416,2026-09-04 05:02:18+00:00,2026-09-04 05:30:36+00:00,2026-09-04 05:28:58+00:00,0.018518518518518517,7.833090277777778,0
334413,2026-09-04 04:25:09+00:00,2026-09-04 06:42:56+00:00,,,7.858888888888889,1
334412,2026-09-04 04:16:19+00:00,2026-09-04 12:40:42+00:00,,,7.865023148148148,1
334411,2026-09-04 04:16:16+00:00,2026-09-04 12:33:05+00:00,,,7.865057870370371,1
334410,2026-09-04 04:16:13+00:00,2026-09-10 15:24:37+00:00,2026-09-10 15:24:37+00:00,6.464166666666666,7.8650925925925925,0
334408,2026-09-04 03:50:32+00:00,2026-09-04 05:22:11+00:00,,,7.882928240740741,1
334402,2026-09-04 03:06:24+00:00,2026-09-11 11:04:36+00:00,2026-09-11 11:04:33+00:00,7.332048611111111,7.913576388888889,1
334393,2026-09-04 01:46:24+00:00,2026-09-11 11:04:39+00:00,2026-09-11 11:04:37+00:00,7.387650462962963,7.969131944444444,1
334390,2026-09-04 00:22:40+00:00,2026-09-07 11:32:28+00:00,2026-09-04 06:25:58+00:00,0.2522916666666667,8.027280092592592,0
334388,2026-09-03 23:27:06+00:00,2026-09-11 11:04:42+00:00,2026-09-11 11:04:39+00:00,7.484409722222222,8.065868055555555,1
334385,2026-09-03 23:19:43+00:00,2026-09-05 02:11:25+00:00,2026-09-05 02:10:12+00:00,1.1183912037037036,8.07099537037037,0
334384,2026-09-03 23:17:57+00:00,2026-09-04 05:08:55+00:00,2026-09-04 05:08:04+00:00,0.24313657407407407,8.072222222222223,0
334382,2026-09-03 23:06:39+00:00,2026-09-12 00:51:26+00:00,2026-09-12 00:50:30+00:00,8.072118055555556,8.080069444444444,1
334381,2026-09-03 23:06:19+00:00,2026-09-04 04:31:26+00:00,2026-09-04 04:30:05+00:00,0.22483796296296296,8.080300925925926,0
334379,2026-09-03 22:46:41+00:00,2026-09-04 05:10:53+00:00,2026-09-04 05:07:08+00:00,0.2642013888888889,8.093935185185185,0
334378,2026-09-03 22:37:52+00:00,2026-09-03 23:13:59+00:00,2026-09-03 23:13:03+00:00,0.02443287037037037,8.100057870370371,0
334377,2026-09-03 22:15:40+00:00,2026-09-03 23:20:50+00:00,,,8.115474537037038,1
334376,2026-09-03 21:43:33+00:00,2026-09-03 23:20:53+00:00,,,8.137777777777778,1
334375,2026-09-03 21:43:29+00:00,2026-09-04 12:46:15+00:00,2026-09-04 12:44:28+00:00,0.6256828703703704,8.137824074074073,0
334374,2026-09-03 21:36:15+00:00,2026-09-04 05:33:43+00:00,2026-09-04 05:27:17+00:00,0.32710648148148147,8.142847222222223,0
334373,2026-09-03 21:35:53+00:00,2026-09-04 15:57:41+00:00,2026-09-04 15:57:41+00:00,0.7651388888888889,8.143101851851851,0
334372,2026-09-03 21:34:51+00:00,2026-09-04 16:43:39+00:00,2026-09-04 16:42:35+00:00,0.797037037037037,8.143819444444444,0
334371,2026-09-03 21:29:16+00:00,2026-09-11 10:07:29+00:00,,,8.14769675925926,1
334370,2026-09-03 21:27:44+00:00,2026-09-04 06:56:49+00:00,2026-09-04 06:55:47+00:00,0.39447916666666666,8.148761574074074,0
334369,2026-09-03 21:21:12+00:00,2026-09-11 20:20:35+00:00,2026-09-08 15:41:44+00:00,4.764259259259259,8.153298611111111,0
334368,2026-09-03 21:06:46+00:00,2026-09-08 08:07:46+00:00,2026-09-08 08:07:46+00:00,4.459027777777778,8.16332175925926,0
334367,2026-09-03 21:00:48+00:00,2026-09-04 02:10:13+00:00,,,8.167465277777778,1
334366,2026-09-03 20:59:17+00:00,2026-09-03 22:53:30+00:00,2026-09-03 22:47:09+00:00,0.07490740740740741,8.16851851851852,0
334365,2026-09-03 20:47:30+00:00,2026-09-03 21:16:34+00:00,2026-09-03 21:14:23+00:00,0.01866898148148148,8.176701388888889,0
334363,2026-09-03 20:24:58+00:00,2026-09-03 21:19:13+00:00,2026-09-03 21:18:20+00:00,0.03706018518518518,8.192349537037037,0
334361,2026-09-03 20:14:10+00:00,2026-09-03 22:20:58+00:00,2026-09-03 22:16:31+00:00,0.08496527777777778,8.199849537037037,0
334358,2026-09-03 19:55:46+00:00,2026-09-04 08:46:20+00:00,,,8.212627314814815,1
334357,2026-09-03 19:53:00+00:00,2026-09-03 20:49:52+00:00,2026-09-03 20:48:43+00:00,0.03869212962962963,8.21454861111111,0
334356,2026-09-03 19:27:15+00:00,2026-09-03 21:19:44+00:00,2026-09-03 21:17:44+00:00,0.07672453703703704,8.232430555555556,0
334354,2026-09-03 19:15:38+00:00,2026-09-03 22:22:24+00:00,2026-09-03 22:17:36+00:00,0.12636574074074075,8.240497685185185,0
334353,2026-09-03 19:12:32+00:00,2026-09-03 21:14:39+00:00,2026-09-03 21:13:02+00:00,0.08368055555555555,8.242650462962963,0
334348,2026-09-03 19:05:06+00:00,2026-09-03 21:21:37+00:00,2026-09-03 21:19:20+00:00,0.09321759259259259,8.2478125,0
334346,2026-09-03 18:54:52+00:00,2026-09-03 19:36:26+00:00,2026-09-03 19:35:04+00:00,0.027916666666666666,8.254918981481481,0
334344,2026-09-03 18:43:34+00:00,2026-09-08 09:12:55+00:00,,,8.262766203703704,1
334342,2026-09-03 18:35:38+00:00,2026-09-03 19:20:35+00:00,2026-09-03 19:19:12+00:00,0.03025462962962963,8.268275462962963,0
334341,2026-09-03 18:28:18+00:00,2026-09-12 00:10:01+00:00,2026-09-09 22:30:21+00:00,6.168090277777778,8.273368055555556,0
334339,2026-09-03 18:27:20+00:00,2026-09-03 19:06:32+00:00,2026-09-03 19:05:22+00:00,0.026412037037037036,8.274039351851853,0
334338,2026-09-03 18:24:51+00:00,2026-09-03 19:41:38+00:00,2026-09-03 19:38:11+00:00,0.05092592592592592,8.27576388888889,0
334337,2026-09-03 18:23:09+00:00,2026-09-03 20:19:20+00:00,,,8.276944444444444,1
334336,2026-09-03 18:21:31+00:00,2026-09-10 04:43:52+00:00,2026-09-04 04:30:12+00:00,0.42269675925925926,8.278078703703704,0
334335,2026-09-03 17:57:09+00:00,2026-09-03 18:55:07+00:00,2026-09-03 18:53:14+00:00,0.03894675925925926,8.295,0
334333,2026-09-03 17:44:02+00:00,2026-09-03 19:14:25+00:00,,,8.304108796296296,1
334332,2026-09-03 17:43:07+00:00,2026-09-03 21:20:43+00:00,2026-09-03 21:18:45+00:00,0.14974537037037036,8.30474537037037,0
334331,2026-09-03 17:36:18+00:00,2026-09-03 23:08:51+00:00,2026-09-03 23:02:53+00:00,0.22679398148148147,8.309479166666666,0
334330,2026-09-03 17:36:10+00:00,2026-09-03 19:16:26+00:00,,,8.30957175925926,1
334329,2026-09-03 17:35:46+00:00,2026-09-03 19:16:29+00:00,,,8.309849537037037,1
334328,2026-09-03 17:35:24+00:00,2026-09-03 19:16:32+00:00,,,8.310104166666667,1
334327,2026-09-03 17:31:44+00:00,2026-09-07 10:25:19+00:00,2026-09-03 18:58:02+00:00,0.059930555555555556,8.312650462962964,0
334325,2026-09-03 17:29:41+00:00,2026-09-03 17:58:52+00:00,2026-09-03 17:57:54+00:00,0.019594907407407408,8.314074074074075,0
334324,2026-09-03 17:28:58+00:00,2026-09-03 19:16:34+00:00,,,8.314571759259259,1
334322,2026-09-03 17:27:55+00:00,2026-09-07 09:21:35+00:00,2026-09-03 17:57:14+00:00,0.020358796296296295,8.315300925925927,0
334320,2026-09-03 17:07:18+00:00,2026-09-03 17:49:11+00:00,2026-09-03 17:47:59+00:00,0.028252314814814813,8.329618055555555,0
334319,2026-09-03 17:03:53+00:00,2026-09-03 17:27:48+00:00,,,8.331990740740741,1
334318,2026-09-03 17:01:38+00:00,2026-09-10 17:27:30+00:00,2026-09-10 17:27:28+00:00,7.017939814814815,8.333553240740741,1
334317,2026-09-03 16:54:45+00:00,2026-09-03 17:28:24+00:00,,,8.338333333333333,1
334316,2026-09-03 16:48:31+00:00,2026-09-05 02:11:22+00:00,2026-09-05 02:10:14+00:00,1.3900810185185186,8.342662037037037,0
334313,2026-09-03 16:44:46+00:00,2026-09-03 17:12:06+00:00,2026-09-03 17:10:44+00:00,0.018032407407407407,8.345266203703703,0
334312,2026-09-03 16:39:45+00:00,2026-09-03 17:13:25+00:00,2026-09-03 17:12:07+00:00,0.022476851851851852,8.34875,0
334311,2026-09-03 16:39:25+00:00,2026-09-09 22:28:16+00:00,2026-09-03 17:43:03+00:00,0.044189814814814814,8.34898148148148,0
334310,2026-09-03 16:39:08+00:00,2026-09-03 18:04:21+00:00,2026-09-03 18:02:32+00:00,0.057916666666666665,8.349178240740741,0
334309,2026-09-03 16:39:02+00:00,2026-09-03 16:45:44+00:00,2026-09-03 16:39:52+00:00,0.0005787037037037037,8.349247685185185,0
334308,2026-09-03 16:38:51+00:00,2026-09-03 18:14:50+00:00,2026-09-03 18:12:51+00:00,0.06527777777777778,8.349375,0
334307,2026-09-03 16:38:38+00:00,2026-09-03 19:35:28+00:00,2026-09-03 19:34:10+00:00,0.12189814814814814,8.349525462962964,0
334306,2026-09-03 16:38:03+00:00,2026-09-03 21:10:48+00:00,2026-09-03 21:09:46+00:00,0.18869212962962964,8.349930555555556,0
334304,2026-09-03 16:34:17+00:00,2026-09-03 19:23:11+00:00,2026-09-03 19:22:07+00:00,0.11655092592592593,8.352546296296296,0
334303,2026-09-03 16:30:09+00:00,2026-09-07 10:52:14+00:00,2026-09-04 13:55:43+00:00,0.8927546296296296,8.355416666666667,0
334302,2026-09-03 16:29:36+00:00,2026-09-03 16:33:50+00:00,,,8.355798611111112,1
334301,2026-09-03 16:29:14+00:00,2026-09-03 16:48:01+00:00,2026-09-03 16:45:00+00:00,0.010949074074074075,8.35605324074074,0
334300,2026-09-03 16:27:07+00:00,2026-09-04 17:32:27+00:00,2026-09-04 17:32:27+00:00,1.0453703703703703,8.357523148148148,0
334299,2026-09-03 16:27:06+00:00,2026-09-03 18:59:53+00:00,2026-09-03 18:57:11+00:00,0.10422453703703703,8.357534722222223,0
334297,2026-09-03 16:21:55+00:00,2026-09-04 22:20:14+00:00,2026-09-03 20:19:40+00:00,0.16510416666666666,8.36113425925926,0
334295,2026-09-03 16:19:06+00:00,2026-09-04 09:39:11+00:00,2026-09-03 18:31:26+00:00,0.09189814814814815,8.363090277777777,0
334294,2026-09-03 16:16:14+00:00,2026-09-07 09:39:51+00:00,2026-09-03 16:53:46+00:00,0.026064814814814815,8.365081018518518,0
334290,2026-09-03 15:59:35+00:00,2026-09-03 16:17:35+00:00,2026-09-03 16:16:39+00:00,0.011851851851851851,8.376643518518518,0
334289,2026-09-03 15:57:21+00:00,2026-09-07 10:05:43+00:00,2026-09-03 16:10:44+00:00,0.009293981481481481,8.378194444444444,0
334287,2026-09-03 15:45:05+00:00,2026-09-03 20:12:38+00:00,,,8.386712962962964,1
334280,2026-09-03 15:21:55+00:00,2026-09-03 15:32:56+00:00,2026-09-03 15:26:58+00:00,0.0035069444444444445,8.402800925925925,0
334279,2026-09-03 15:21:35+00:00,2026-09-03 15:41:58+00:00,2026-09-03 15:40:36+00:00,0.013206018518518518,8.403032407407407,0
334278,2026-09-03 15:20:07+00:00,2026-09-03 16:03:59+00:00,2026-09-03 15:35:33+00:00,0.010717592592592593,8.404050925925926,0
334277,2026-09-03 15:17:47+00:00,2026-09-03 16:20:27+00:00,,,8.405671296296296,1
334276,2026-09-03 15:17:41+00:00,2026-09-03 16:20:30+00:00,,,8.405740740740741,1
334270,2026-09-03 14:48:06+00:00,2026-09-07 10:05:29+00:00,2026-09-04 13:02:01+00:00,0.9263310185185185,8.426284722222222,0
334269,2026-09-03 14:47:45+00:00,2026-09-04 09:24:39+00:00,2026-09-04 09:18:17+00:00,0.7712037037037037,8.426527777777778,0
334260,2026-09-03 14:28:26+00:00,2026-09-04 09:34:10+00:00,2026-09-04 09:30:11+00:00,0.7928819444444445,8.43994212962963,0
334259,2026-09-03 14:18:50+00:00,2026-09-10 08:07:28+00:00,,,8.446608796296296,1
334258,2026-09-03 14:10:37+00:00,2026-09-03 14:54:00+00:00,2026-09-03 14:52:26+00:00,0.02903935185185185,8.452314814814814,0
334255,2026-09-03 13:54:22+00:00,2026-09-04 07:40:47+00:00,2026-09-04 07:40:44+00:00,0.7405324074074074,8.463599537037037,0
334250,2026-09-03 13:17:38+00:00,2026-09-11 11:38:30+00:00,2026-09-04 10:06:22+00:00,0.867175925925926,8.489108796296296,0
334249,2026-09-03 13:07:05+00:00,2026-09-04 10:53:22+00:00,2026-09-04 10:49:28+00:00,0.9044328703703703,8.496435185185184,0
334245,2026-09-03 12:38:38+00:00,2026-09-07 08:37:25+00:00,2026-09-03 14:20:17+00:00,0.07059027777777778,8.51619212962963,0
334242,2026-09-03 12:00:27+00:00,2026-09-03 13:21:38+00:00,,,8.542708333333334,1
334240,2026-09-03 11:50:21+00:00,2026-09-03 17:34:52+00:00,2026-09-03 17:33:53+00:00,0.2385648148148148,8.549722222222222,0
334238,2026-09-03 11:43:04+00:00,2026-09-03 11:53:43+00:00,,,8.554780092592592,1
334237,2026-09-03 11:42:55+00:00,2026-09-03 11:53:25+00:00,,,8.554884259259259,1
334235,2026-09-03 11:30:28+00:00,2026-09-03 12:03:05+00:00,2026-09-03 12:01:03+00:00,0.021238425925925924,8.563530092592593,0
334233,2026-09-03 11:18:51+00:00,2026-09-11 16:22:26+00:00,,,8.571597222222222,1
334231,2026-09-03 11:06:07+00:00,2026-09-03 11:36:46+00:00,2026-09-03 11:34:52+00:00,0.019965277777777776,8.580439814814815,0
334230,2026-09-03 11:03:48+00:00,2026-09-03 11:06:55+00:00,,,8.58204861111111,1
334226,2026-09-03 10:38:53+00:00,2026-09-07 09:39:50+00:00,2026-09-03 14:13:12+00:00,0.14883101851851852,8.599351851851852,0
334224,2026-09-03 10:30:09+00:00,2026-09-03 15:20:01+00:00,2026-09-03 15:19:00+00:00,0.20059027777777777,8.605416666666667,0
334223,2026-09-03 10:25:08+00:00,2026-09-04 09:03:46+00:00,,,8.608900462962962,1
334222,2026-09-03 10:23:26+00:00,2026-09-03 17:13:55+00:00,2026-09-03 15:15:34+00:00,0.20287037037037037,8.61008101851852,0
334221,2026-09-03 10:14:58+00:00,2026-09-03 10:32:06+00:00,,,8.615960648148148,1
334215,2026-09-03 09:59:44+00:00,2026-09-04 09:26:02+00:00,2026-09-04 09:20:12+00:00,0.9725462962962963,8.626539351851852,0
334213,2026-09-03 09:42:03+00:00,2026-09-03 10:39:13+00:00,2026-09-03 10:38:19+00:00,0.039074074074074074,8.638819444444444,0
334212,2026-09-03 09:38:13+00:00,2026-09-03 11:58:19+00:00,2026-09-03 11:56:40+00:00,0.09614583333333333,8.641481481481481,0
334209,2026-09-03 09:24:04+00:00,2026-09-03 10:54:27+00:00,2026-09-03 10:53:47+00:00,0.06230324074074074,8.65130787037037,0
334208,2026-09-03 09:23:46+00:00,2026-09-03 10:16:14+00:00,2026-09-03 10:15:31+00:00,0.0359375,8.651516203703704,0
334205,2026-09-03 09:12:35+00:00,2026-09-03 21:18:55+00:00,2026-09-03 21:17:29+00:00,0.5034027777777778,8.659282407407407,0
334204,2026-09-03 08:46:37+00:00,2026-09-03 09:08:37+00:00,2026-09-03 09:08:35+00:00,0.01525462962962963,8.677314814814816,0
334203,2026-09-03 08:34:34+00:00,2026-09-03 15:39:14+00:00,,,8.685682870370371,1
334202,2026-09-03 08:30:49+00:00,2026-09-03 09:08:40+00:00,2026-09-03 09:07:48+00:00,0.02568287037037037,8.688287037037037,0
334197,2026-09-03 08:16:05+00:00,2026-09-03 08:46:46+00:00,2026-09-03 08:29:33+00:00,0.009351851851851853,8.698518518518519,0
334192,2026-09-03 07:20:00+00:00,2026-09-08 00:58:22+00:00,,,8.737465277777778,1
334191,2026-09-03 07:19:16+00:00,2026-09-09 18:11:02+00:00,,,8.737974537037037,1
334189,2026-09-03 07:09:20+00:00,2026-09-03 15:55:28+00:00,2026-09-03 15:54:38+00:00,0.3647916666666667,8.744872685185186,0
334188,2026-09-03 07:02:30+00:00,2026-09-03 08:03:28+00:00,2026-09-03 08:01:42+00:00,0.04111111111111111,8.749618055555555,0
334184,2026-09-03 05:48:56+00:00,2026-09-08 21:53:46+00:00,2026-09-08 21:53:00+00:00,5.66949074074074,8.800706018518518,0
334180,2026-09-03 05:21:55+00:00,2026-09-03 08:00:06+00:00,2026-09-03 08:00:05+00:00,0.10983796296296296,8.819467592592593,0
334179,2026-09-03 05:08:14+00:00,2026-09-03 06:02:26+00:00,2026-09-03 06:01:43+00:00,0.037141203703703704,8.828969907407407,0
334177,2026-09-03 04:40:34+00:00,2026-09-03 06:46:31+00:00,2026-09-03 05:06:42+00:00,0.01814814814814815,8.84818287037037,0
334176,2026-09-03 04:20:51+00:00,2026-09-10 11:05:06+00:00,2026-09-10 11:05:04+00:00,7.280706018518519,8.861875,1
334175,2026-09-03 04:11:46+00:00,2026-09-03 17:13:35+00:00,2026-09-03 16:18:19+00:00,0.5045486111111112,8.86818287037037,0
334163,2026-09-03 02:56:01+00:00,2026-09-04 05:14:20+00:00,2026-09-04 05:11:46+00:00,1.0942708333333333,8.920787037037037,0
334154,2026-09-03 00:34:46+00:00,2026-09-03 06:40:42+00:00,2026-09-03 06:39:44+00:00,0.2534490740740741,9.018877314814814,0
334151,2026-09-03 00:10:52+00:00,2026-09-03 04:52:59+00:00,2026-09-03 04:51:28+00:00,0.19486111111111112,9.035474537037038,0
334150,2026-09-03 00:01:26+00:00,2026-09-10 00:31:10+00:00,2026-09-10 00:29:06+00:00,7.019212962962963,9.042025462962963,1
334147,2026-09-02 23:19:15+00:00,2026-09-03 00:10:27+00:00,2026-09-03 00:10:26+00:00,0.03554398148148148,9.071319444444445,0
334146,2026-09-02 23:09:13+00:00,2026-09-09 22:28:18+00:00,,,9.078287037037038,1
334145,2026-09-02 23:08:25+00:00,2026-09-09 22:28:20+00:00,,,9.078842592592592,1
334143,2026-09-02 23:07:38+00:00,2026-09-03 21:08:20+00:00,,,9.079386574074075,1
334141,2026-09-02 22:43:10+00:00,2026-09-08 23:49:29+00:00,,,9.096377314814815,1
334140,2026-09-02 22:37:55+00:00,2026-09-02 23:17:58+00:00,2026-09-02 23:17:56+00:00,0.027789351851851853,9.100023148148148,0
334139,2026-09-02 22:35:56+00:00,2026-09-02 22:41:35+00:00,2026-09-02 22:39:01+00:00,0.0021412037037037038,9.101400462962962,0
334137,2026-09-02 22:26:27+00:00,2026-09-03 00:52:10+00:00,,,9.107986111111112,1
334136,2026-09-02 22:25:42+00:00,2026-09-09 22:28:22+00:00,,,9.108506944444445,1
334135,2026-09-02 22:25:40+00:00,2026-09-02 23:44:52+00:00,2026-09-02 23:44:06+00:00,0.054467592592592595,9.108530092592593,0
334133,2026-09-02 22:22:25+00:00,2026-09-02 23:46:31+00:00,2026-09-02 23:45:43+00:00,0.057847222222222223,9.110787037037037,0
334132,2026-09-02 22:21:15+00:00,2026-09-09 22:28:25+00:00,,,9.111597222222223,1
334131,2026-09-02 22:20:34+00:00,2026-09-09 22:28:27+00:00,,,9.112071759259258,1
334130,2026-09-02 22:08:33+00:00,2026-09-02 23:19:37+00:00,2026-09-02 23:18:20+00:00,0.04846064814814815,9.120416666666667,0
334129,2026-09-02 22:03:17+00:00,2026-09-04 17:43:56+00:00,2026-09-04 17:41:36+00:00,1.818275462962963,9.124074074074073,0
334128,2026-09-02 21:59:19+00:00,2026-09-03 16:20:24+00:00,2026-09-03 16:19:12+00:00,0.7638078703703703,9.126828703703703,0
334127,2026-09-02 21:55:18+00:00,2026-09-09 22:28:29+00:00,,,9.129618055555556,1
334125,2026-09-02 21:43:44+00:00,2026-09-02 23:39:50+00:00,2026-09-02 23:38:57+00:00,0.08001157407407407,9.137650462962963,0
334124,2026-09-02 21:41:09+00:00,2026-09-02 23:39:54+00:00,2026-09-02 23:39:08+00:00,0.08193287037037036,9.139444444444445,0
334123,2026-09-02 21:39:14+00:00,2026-09-02 22:11:31+00:00,2026-09-02 22:10:51+00:00,0.021956018518518517,9.140775462962964,0
334122,2026-09-02 21:33:29+00:00,2026-09-02 23:41:14+00:00,2026-09-02 23:40:23+00:00,0.088125,9.144768518518518,0
334120,2026-09-02 21:24:50+00:00,2026-09-02 23:21:24+00:00,2026-09-02 23:21:23+00:00,0.0809375,9.150775462962963,0
334118,2026-09-02 20:57:13+00:00,2026-09-02 23:38:25+00:00,2026-09-02 23:37:42+00:00,0.11144675925925926,9.169953703703703,0
334117,2026-09-02 20:50:25+00:00,2026-09-03 00:07:07+00:00,2026-09-02 22:07:11+00:00,0.05331018518518518,9.174675925925927,0
334116,2026-09-02 20:43:58+00:00,2026-09-08 21:16:31+00:00,2026-09-08 21:16:28+00:00,6.022569444444445,9.179155092592593,0
334115,2026-09-02 20:42:48+00:00,2026-09-02 20:54:57+00:00,2026-09-02 20:43:39+00:00,0.0005902777777777778,9.179965277777777,0
334113,2026-09-02 20:39:41+00:00,2026-09-02 22:38:30+00:00,2026-09-02 22:37:41+00:00,0.08194444444444444,9.18212962962963,0
334111,2026-09-02 20:38:56+00:00,2026-09-03 02:27:00+00:00,2026-09-03 02:26:17+00:00,0.24121527777777776,9.182650462962963,0
334110,2026-09-02 20:37:20+00:00,2026-09-02 22:19:17+00:00,,,9.183761574074074,1
334108,2026-09-02 20:31:17+00:00,2026-09-02 21:37:26+00:00,2026-09-02 21:36:34+00:00,0.045335648148148146,9.187962962962963,0
334105,2026-09-02 20:18:22+00:00,2026-09-02 21:07:08+00:00,2026-09-02 21:05:59+00:00,0.03306712962962963,9.19693287037037,0
334104,2026-09-02 20:12:53+00:00,2026-09-02 23:25:29+00:00,2026-09-02 23:25:29+00:00,0.13375,9.200740740740741,0
334103,2026-09-02 20:05:43+00:00,2026-09-02 21:18:18+00:00,,,9.205717592592592,1
334102,2026-09-02 20:01:03+00:00,2026-09-02 21:18:21+00:00,,,9.208958333333333,1
334101,2026-09-02 19:57:57+00:00,2026-09-02 21:38:57+00:00,2026-09-02 21:38:06+00:00,0.06954861111111112,9.21111111111111,0
334100,2026-09-02 19:56:13+00:00,2026-09-03 16:01:06+00:00,2026-09-03 15:59:23+00:00,0.8355324074074074,9.212314814814814,0
334098,2026-09-02 19:46:12+00:00,2026-09-02 21:18:25+00:00,,,9.219270833333333,1
334096,2026-09-02 19:35:58+00:00,2026-09-02 21:18:28+00:00,,,9.226377314814815,1
334095,2026-09-02 19:26:37+00:00,2026-09-03 10:06:11+00:00,2026-09-03 10:06:11+00:00,0.6108101851851852,9.232870370370371,0
334094,2026-09-02 19:25:56+00:00,2026-09-02 20:54:04+00:00,2026-09-02 20:42:10+00:00,0.052939814814814815,9.233344907407407,0
334091,2026-09-02 19:14:19+00:00,2026-09-03 09:23:29+00:00,2026-09-03 09:16:06+00:00,0.5845717592592593,9.241412037037037,0
334089,2026-09-02 18:56:24+00:00,2026-09-02 20:21:45+00:00,2026-09-02 20:19:06+00:00,0.057430555555555554,9.253854166666667,0
334087,2026-09-02 18:48:41+00:00,2026-09-09 22:28:31+00:00,,,9.259212962962962,1
334086,2026-09-02 18:47:57+00:00,2026-09-02 22:12:19+00:00,2026-09-02 22:11:20+00:00,0.14123842592592592,9.259722222222223,0
334085,2026-09-02 18:47:31+00:00,2026-09-02 20:19:53+00:00,2026-09-02 20:18:50+00:00,0.06341435185185185,9.260023148148148,0
334084,2026-09-02 18:46:36+00:00,2026-09-03 02:25:36+00:00,2026-09-03 02:24:56+00:00,0.31828703703703703,9.260659722222222,0
334083,2026-09-02 18:44:37+00:00,2026-09-02 20:17:19+00:00,2026-09-02 20:16:11+00:00,0.06358796296296296,9.262037037037038,0
334082,2026-09-02 18:32:32+00:00,2026-09-02 19:56:20+00:00,2026-09-02 19:54:56+00:00,0.05722222222222222,9.27042824074074,0
334081,2026-09-02 18:31:18+00:00,2026-09-02 20:21:33+00:00,,,9.271284722222223,1
334080,2026-09-02 18:28:31+00:00,2026-09-09 08:34:05+00:00,2026-09-09 08:34:04+00:00,6.5871875,9.273217592592593,0
334079,2026-09-02 18:25:20+00:00,2026-09-02 20:19:05+00:00,,,9.275428240740741,1
334078,2026-09-02 18:24:58+00:00,2026-09-03 03:56:42+00:00,2026-09-03 03:55:54+00:00,0.3964814814814815,9.275682870370371,0
334072,2026-09-02 18:07:47+00:00,2026-09-09 22:28:33+00:00,,,9.28761574074074,1
334071,2026-09-02 18:00:22+00:00,2026-09-03 16:34:29+00:00,2026-09-03 16:32:42+00:00,0.9391203703703703,9.292766203703703,0
334068,2026-09-02 17:58:56+00:00,2026-09-02 19:44:18+00:00,2026-09-02 19:43:13+00:00,0.07241898148148149,9.293761574074074,0
334067,2026-09-02 17:58:19+00:00,2026-09-03 18:11:54+00:00,2026-09-03 18:11:54+00:00,1.0094328703703703,9.294189814814814,0
334066,2026-09-02 17:57:45+00:00,2026-09-09 22:28:35+00:00,,,9.294583333333334,1
334065,2026-09-02 17:57:05+00:00,2026-09-02 19:10:48+00:00,2026-09-02 19:09:50+00:00,0.050520833333333334,9.295046296296297,0
334063,2026-09-02 17:53:59+00:00,2026-09-11 07:32:15+00:00,2026-09-11 07:31:24+00:00,8.567650462962963,9.297199074074074,1
334060,2026-09-02 17:49:47+00:00,2026-09-08 21:16:46+00:00,,,9.300115740740742,1
334057,2026-09-02 17:36:38+00:00,2026-09-10 11:05:09+00:00,2026-09-10 11:05:07+00:00,7.728113425925926,9.309247685185186,1
334056,2026-09-02 17:26:23+00:00,2026-09-02 21:08:32+00:00,2026-09-02 21:07:37+00:00,0.15363425925925925,9.316365740740741,0
334053,2026-09-02 17:14:27+00:00,2026-09-09 22:28:37+00:00,2026-09-07 13:51:33+00:00,4.859097222222222,9.324652777777779,0
334052,2026-09-02 17:07:17+00:00,2026-09-02 17:56:27+00:00,2026-09-02 17:55:02+00:00,0.03315972222222222,9.329629629629629,0
334051,2026-09-02 17:06:36+00:00,2026-09-02 17:14:28+00:00,,,9.330104166666667,1
334049,2026-09-02 17:03:01+00:00,2026-09-09 22:28:39+00:00,,,9.332592592592592,1
334048,2026-09-02 17:01:52+00:00,2026-09-09 22:28:41+00:00,,,9.333391203703703,1
334047,2026-09-02 16:56:46+00:00,2026-09-09 22:28:44+00:00,,,9.33693287037037,1
334045,2026-09-02 16:52:02+00:00,2026-09-02 21:27:08+00:00,2026-09-02 21:25:14+00:00,0.1897222222222222,9.340219907407407,0
334044,2026-09-02 16:48:53+00:00,2026-09-09 22:28:46+00:00,,,9.342407407407407,1
334043,2026-09-02 16:47:48+00:00,2026-09-04 21:56:26+00:00,2026-09-02 19:05:18+00:00,0.0954861111111111,9.343159722222222,0
334042,2026-09-02 16:45:42+00:00,2026-09-03 15:37:44+00:00,2026-09-03 15:36:25+00:00,0.9518865740740741,9.344618055555555,0
334040,2026-09-02 16:43:02+00:00,2026-09-09 22:28:48+00:00,,,9.346469907407407,1
334039,2026-09-02 16:39:58+00:00,2026-09-03 08:02:13+00:00,2026-09-03 08:00:46+00:00,0.6394444444444445,9.348599537037037,0
334038,2026-09-02 16:31:46+00:00,2026-09-09 22:28:51+00:00,,,9.354293981481481,1
334037,2026-09-02 16:30:30+00:00,2026-09-09 22:28:53+00:00,,,9.35517361111111,1
334036,2026-09-02 16:29:30+00:00,2026-09-02 21:09:18+00:00,2026-09-02 21:06:42+00:00,0.1925,9.355868055555556,0
334034,2026-09-02 16:27:03+00:00,2026-09-09 22:28:55+00:00,,,9.357569444444444,1
334032,2026-09-02 16:17:26+00:00,2026-09-02 20:21:55+00:00,2026-09-02 20:20:58+00:00,0.16912037037037037,9.364247685185186,0
334030,2026-09-02 16:10:24+00:00,2026-09-03 19:18:11+00:00,,,9.369131944444444,1
334026,2026-09-02 15:43:21+00:00,2026-09-02 15:44:22+00:00,,,9.387916666666667,1
334025,2026-09-02 15:43:20+00:00,2026-09-02 15:44:33+00:00,,,9.387928240740742,1
334024,2026-09-02 15:43:12+00:00,2026-09-10 21:50:02+00:00,,,9.388020833333334,1
334022,2026-09-02 15:37:59+00:00,2026-09-07 10:11:13+00:00,2026-09-07 10:09:50+00:00,4.772118055555556,9.391643518518519,0
334021,2026-09-02 15:34:29+00:00,2026-09-04 21:57:04+00:00,2026-09-04 21:56:10+00:00,2.2650578703703705,9.394074074074075,0
334013,2026-09-02 15:21:28+00:00,2026-09-02 15:36:58+00:00,2026-09-02 15:35:35+00:00,0.00980324074074074,9.403113425925927,0
334011,2026-09-02 15:14:30+00:00,2026-09-09 22:28:57+00:00,,,9.40795138888889,1
334010,2026-09-02 15:13:57+00:00,2026-09-09 22:28:59+00:00,,,9.408333333333333,1
334008,2026-09-02 15:09:19+00:00,2026-09-09 22:29:02+00:00,,,9.411550925925926,1
334005,2026-09-02 15:02:21+00:00,2026-09-09 22:29:04+00:00,,,9.41638888888889,1
334003,2026-09-02 15:01:00+00:00,2026-09-03 08:57:32+00:00,2026-09-03 08:56:28+00:00,0.7468518518518519,9.417326388888888,0
334002,2026-09-02 14:58:26+00:00,2026-09-09 22:29:06+00:00,,,9.419108796296296,1
334001,2026-09-02 14:23:14+00:00,2026-09-02 15:38:45+00:00,2026-09-02 15:38:44+00:00,0.05243055555555556,9.44355324074074,0
334000,2026-09-02 14:21:59+00:00,2026-09-02 14:46:59+00:00,2026-09-02 14:46:56+00:00,0.017326388888888888,9.444421296296296,0
333999,2026-09-02 14:20:58+00:00,2026-09-02 16:00:38+00:00,2026-09-02 16:00:35+00:00,0.06917824074074073,9.445127314814815,0
333998,2026-09-02 14:20:36+00:00,2026-09-04 16:20:26+00:00,2026-09-04 16:18:53+00:00,2.0821412037037037,9.445381944444444,0
333992,2026-09-02 13:55:19+00:00,2026-09-02 18:42:40+00:00,2026-09-02 18:22:52+00:00,0.18579861111111112,9.462939814814815,0
333991,2026-09-02 13:54:25+00:00,2026-09-02 15:16:27+00:00,2026-09-02 15:15:24+00:00,0.05623842592592593,9.463564814814815,0
333989,2026-09-02 13:48:03+00:00,2026-09-03 06:19:01+00:00,,,9.467986111111111,1
333987,2026-09-02 13:41:21+00:00,2026-09-02 15:03:52+00:00,2026-09-02 15:02:54+00:00,0.05663194444444444,9.47263888888889,0
333986,2026-09-02 13:11:40+00:00,2026-09-04 17:53:01+00:00,,,9.493252314814814,1
333985,2026-09-02 13:06:25+00:00,2026-09-02 13:56:25+00:00,2026-09-02 13:55:35+00:00,0.03414351851851852,9.496898148148148,0
333984,2026-09-02 12:55:58+00:00,2026-09-02 16:09:34+00:00,2026-09-02 16:09:34+00:00,0.13444444444444445,9.504155092592592,0
333982,2026-09-02 12:50:59+00:00,2026-09-03 13:04:12+00:00,2026-09-03 13:03:05+00:00,1.0084027777777778,9.507615740740741,0
333981,2026-09-02 12:48:52+00:00,2026-09-02 16:23:50+00:00,,,9.509085648148147,1
333980,2026-09-02 12:36:35+00:00,2026-09-02 15:00:49+00:00,2026-09-02 15:00:47+00:00,0.10013888888888889,9.517615740740741,0
333973,2026-09-02 11:50:12+00:00,2026-09-03 02:24:53+00:00,2026-09-03 02:24:15+00:00,0.6069791666666666,9.549826388888889,0
333970,2026-09-02 11:04:59+00:00,2026-09-02 18:24:17+00:00,2026-09-02 18:23:01+00:00,0.30418981481481483,9.581226851851852,0
333969,2026-09-02 10:58:02+00:00,2026-09-02 12:50:03+00:00,2026-09-02 12:49:22+00:00,0.07731481481481481,9.58605324074074,0
333968,2026-09-02 10:49:34+00:00,2026-09-02 12:01:17+00:00,2026-09-02 12:00:23+00:00,0.04917824074074074,9.591932870370371,0
333965,2026-09-02 10:09:03+00:00,2026-09-08 20:46:29+00:00,,,9.620069444444445,1
333964,2026-09-02 10:08:29+00:00,2026-09-02 16:18:46+00:00,2026-09-02 16:17:59+00:00,0.2565972222222222,9.620462962962963,0
333963,2026-09-02 10:08:26+00:00,2026-09-02 11:19:43+00:00,,,9.620497685185185,1
333962,2026-09-02 09:51:43+00:00,2026-09-02 10:26:09+00:00,2026-09-02 10:25:13+00:00,0.02326388888888889,9.63210648148148,0
333961,2026-09-02 09:48:17+00:00,2026-09-02 10:46:15+00:00,2026-09-02 10:46:15+00:00,0.040254629629629626,9.634490740740741,0
333960,2026-09-02 09:45:10+00:00,2026-09-02 11:05:06+00:00,2026-09-02 11:04:22+00:00,0.055,9.636655092592592,0
333959,2026-09-02 09:17:43+00:00,2026-09-02 10:19:51+00:00,2026-09-02 10:18:59+00:00,0.0425462962962963,9.655717592592593,0
333956,2026-09-02 09:11:06+00:00,2026-09-03 16:33:17+00:00,2026-09-02 15:26:13+00:00,0.2604976851851852,9.6603125,0
333955,2026-09-02 09:05:41+00:00,2026-09-09 08:17:16+00:00,,,9.664074074074074,1
333953,2026-09-02 09:02:08+00:00,2026-09-02 17:48:50+00:00,2026-09-02 17:48:06+00:00,0.3652546296296296,9.666539351851851,0
333952,2026-09-02 08:55:18+00:00,2026-09-02 09:15:30+00:00,2026-09-02 09:13:43+00:00,0.012789351851851852,9.671284722222222,0
333949,2026-09-02 07:58:59+00:00,2026-09-02 14:24:39+00:00,2026-09-02 14:23:55+00:00,0.26731481481481484,9.710393518518519,0
333946,2026-09-02 07:45:33+00:00,2026-09-02 13:30:14+00:00,,,9.719722222222222,1
333945,2026-09-02 07:37:20+00:00,2026-09-02 07:59:22+00:00,2026-09-02 07:57:38+00:00,0.014097222222222223,9.72542824074074,0
333943,2026-09-02 07:33:28+00:00,2026-09-02 09:22:33+00:00,,,9.728113425925926,1
333942,2026-09-02 07:10:21+00:00,2026-09-02 09:58:25+00:00,2026-09-02 09:57:22+00:00,0.1159837962962963,9.744166666666667,0
333938,2026-09-02 06:11:56+00:00,2026-09-02 16:23:05+00:00,,,9.784733796296296,1
333937,2026-09-02 05:21:08+00:00,2026-09-02 06:39:28+00:00,2026-09-02 06:38:47+00:00,0.05392361111111111,9.820011574074075,0
333936,2026-09-02 04:59:17+00:00,2026-09-02 14:08:13+00:00,2026-09-02 14:07:15+00:00,0.3805324074074074,9.835185185185185,0
333930,2026-09-02 03:22:47+00:00,2026-09-02 04:27:11+00:00,2026-09-02 04:26:26+00:00,0.04420138888888889,9.902199074074074,0
333928,2026-09-02 02:10:17+00:00,2026-09-02 04:25:29+00:00,2026-09-02 04:24:41+00:00,0.09333333333333334,9.952546296296296,0
333926,2026-09-02 01:41:54+00:00,2026-09-11 19:50:40+00:00,2026-09-11 19:50:40+00:00,9.756087962962964,9.972256944444444,1
333925,2026-09-02 01:37:36+00:00,2026-09-02 15:05:47+00:00,2026-09-02 15:04:03+00:00,0.5600347222222222,9.975243055555556,0
333923,2026-09-02 01:15:53+00:00,2026-09-02 03:21:38+00:00,2026-09-02 03:20:51+00:00,0.0867824074074074,9.990324074074074,0
333922,2026-09-02 00:50:56+00:00,2026-09-02 18:00:42+00:00,2026-09-02 17:59:33+00:00,0.7143171296296297,10.007650462962962,0
333921,2026-09-02 00:50:52+00:00,2026-09-02 06:39:18+00:00,2026-09-02 06:38:20+00:00,0.2412962962962963,10.00769675925926,0
333920,2026-09-02 00:48:14+00:00,2026-09-02 04:13:22+00:00,2026-09-02 04:12:05+00:00,0.1415625,10.009525462962962,0
333919,2026-09-02 00:28:19+00:00,2026-09-09 22:29:08+00:00,,,10.023356481481482,1
333917,2026-09-02 00:10:50+00:00,2026-09-02 00:29:56+00:00,2026-09-02 00:29:54+00:00,0.01324074074074074,10.035497685185184,0
333916,2026-09-02 00:10:47+00:00,2026-09-02 00:41:15+00:00,2026-09-02 00:41:13+00:00,0.02113425925925926,10.035532407407407,0
333914,2026-09-02 00:10:30+00:00,2026-09-02 00:29:56+00:00,2026-09-02 00:29:54+00:00,0.013472222222222222,10.035729166666666,0
333909,2026-09-02 00:07:09+00:00,2026-09-07 07:01:40+00:00,,,10.038055555555555,1
333908,2026-09-02 00:03:59+00:00,2026-09-02 01:28:40+00:00,,,10.04025462962963,1
333905,2026-09-01 23:35:14+00:00,2026-09-02 00:32:04+00:00,,,10.060219907407408,1
333904,2026-09-01 23:33:26+00:00,2026-09-02 01:26:13+00:00,2026-09-02 01:25:00+00:00,0.07747685185185185,10.061469907407407,0
333903,2026-09-01 23:30:24+00:00,2026-09-02 00:28:26+00:00,,,10.063576388888889,1
333902,2026-09-01 23:28:19+00:00,2026-09-02 02:06:56+00:00,2026-09-02 02:05:50+00:00,0.10938657407407408,10.065023148148148,0
333899,2026-09-01 23:24:18+00:00,2026-09-09 01:01:36+00:00,2026-09-09 01:01:34+00:00,7.067546296296296,10.0678125,1
333897,2026-09-01 23:17:05+00:00,2026-09-02 03:19:55+00:00,2026-09-02 03:19:16+00:00,0.16818287037037036,10.072824074074074,0
333896,2026-09-01 23:15:17+00:00,2026-09-02 03:22:19+00:00,2026-09-02 03:21:39+00:00,0.17108796296296297,10.074074074074074,0
333893,2026-09-01 23:10:31+00:00,2026-09-01 23:40:01+00:00,2026-09-01 23:39:22+00:00,0.02003472222222222,10.07738425925926,0
333892,2026-09-01 23:06:17+00:00,2026-09-02 16:01:47+00:00,2026-09-02 16:01:45+00:00,0.7051851851851851,10.080324074074074,0
333891,2026-09-01 23:01:21+00:00,2026-09-02 15:26:20+00:00,2026-09-02 15:25:12+00:00,0.6832291666666667,10.08375,0
333889,2026-09-01 22:54:22+00:00,2026-09-02 16:22:25+00:00,2026-09-02 16:21:23+00:00,0.7270949074074075,10.088599537037037,0
333888,2026-09-01 22:52:13+00:00,2026-09-01 23:17:46+00:00,2026-09-01 23:16:49+00:00,0.017083333333333332,10.090092592592592,0
333886,2026-09-01 22:37:51+00:00,2026-09-02 02:02:49+00:00,2026-09-02 02:01:38+00:00,0.1415162037037037,10.100069444444445,0
333883,2026-09-01 22:10:06+00:00,2026-09-02 02:03:54+00:00,2026-09-02 02:02:32+00:00,0.16141203703703705,10.119340277777777,0
333881,2026-09-01 22:01:32+00:00,2026-09-01 22:47:01+00:00,2026-09-01 22:46:59+00:00,0.0315625,10.125289351851851,0
333878,2026-09-01 21:50:41+00:00,2026-09-11 18:46:16+00:00,2026-09-01 22:27:28+00:00,0.02554398148148148,10.132824074074074,0
333874,2026-09-01 21:43:40+00:00,2026-09-01 22:34:55+00:00,2026-09-01 22:33:58+00:00,0.034930555555555555,10.13769675925926,0
333873,2026-09-01 21:39:33+00:00,2026-09-01 22:52:04+00:00,2026-09-01 22:51:09+00:00,0.04972222222222222,10.140555555555556,0
333872,2026-09-01 21:34:56+00:00,2026-09-02 07:58:19+00:00,2026-09-02 07:56:56+00:00,0.43194444444444446,10.143761574074073,0
333871,2026-09-01 21:34:05+00:00,2026-09-01 22:14:39+00:00,2026-09-01 22:11:06+00:00,0.025706018518518517,10.144351851851852,0
333870,2026-09-01 21:26:41+00:00,2026-09-02 15:40:44+00:00,2026-09-02 15:40:41+00:00,0.7597222222222222,10.14949074074074,0
333869,2026-09-01 21:20:41+00:00,2026-09-02 22:02:26+00:00,2026-09-02 22:01:41+00:00,1.0284722222222222,10.153657407407408,0
333868,2026-09-01 21:14:44+00:00,2026-09-01 22:17:17+00:00,,,10.157789351851852,1
333864,2026-09-01 20:49:05+00:00,2026-09-01 21:28:43+00:00,2026-09-01 21:23:14+00:00,0.023715277777777776,10.175601851851852,0
333863,2026-09-01 20:47:39+00:00,2026-09-01 22:47:04+00:00,2026-09-01 22:20:13+00:00,0.06428240740740741,10.176597222222222,0
333862,2026-09-01 20:45:40+00:00,2026-09-01 21:17:31+00:00,2026-09-01 21:17:29+00:00,0.022094907407407407,10.177974537037038,0
333861,2026-09-01 20:39:02+00:00,2026-09-02 08:04:21+00:00,2026-09-02 08:03:13+00:00,0.4751273148148148,10.182581018518519,0
333859,2026-09-01 20:17:05+00:00,2026-09-03 20:04:02+00:00,,,10.197824074074074,1
333858,2026-09-01 20:13:32+00:00,2026-09-02 17:45:34+00:00,2026-09-02 17:44:30+00:00,0.8965046296296296,10.200289351851852,0
333857,2026-09-01 20:10:39+00:00,2026-09-01 20:40:31+00:00,2026-09-01 20:39:15+00:00,0.01986111111111111,10.202291666666667,0
333855,2026-09-01 20:03:49+00:00,2026-09-01 21:17:16+00:00,,,10.207037037037036,1
333854,2026-09-01 20:01:44+00:00,2026-09-01 23:43:45+00:00,,,10.208483796296296,1
333853,2026-09-01 20:01:27+00:00,2026-09-01 22:18:18+00:00,2026-09-01 22:17:08+00:00,0.09422453703703704,10.208680555555556,0
333851,2026-09-01 19:56:57+00:00,2026-09-01 21:12:41+00:00,2026-09-01 21:11:55+00:00,0.05206018518518519,10.211805555555555,0
333847,2026-09-01 19:50:20+00:00,2026-09-01 20:33:15+00:00,2026-09-01 20:30:27+00:00,0.027858796296296295,10.216400462962962,0
333846,2026-09-01 19:41:51+00:00,2026-09-01 20:33:32+00:00,2026-09-01 20:31:43+00:00,0.03462962962962963,10.222291666666667,0
333844,2026-09-01 19:34:24+00:00,2026-09-01 20:32:59+00:00,2026-09-01 20:30:23+00:00,0.038877314814814816,10.227465277777778,0
333842,2026-09-01 19:33:13+00:00,2026-09-01 20:38:19+00:00,2026-09-01 20:36:30+00:00,0.04394675925925926,10.228287037037036,0
333840,2026-09-01 19:25:49+00:00,2026-09-02 19:14:11+00:00,2026-09-02 19:13:22+00:00,0.9913541666666666,10.233425925925927,0
333839,2026-09-01 19:12:24+00:00,2026-09-02 17:25:19+00:00,2026-09-02 06:50:27+00:00,0.48475694444444445,10.242743055555556,0
333838,2026-09-01 19:11:57+00:00,2026-09-03 18:12:12+00:00,2026-09-03 18:12:12+00:00,1.9585069444444445,10.243055555555555,0
333837,2026-09-01 19:08:04+00:00,2026-09-04 10:35:08+00:00,2026-09-04 10:31:43+00:00,2.641423611111111,10.245752314814816,0
333835,2026-09-01 18:49:07+00:00,2026-09-01 21:36:00+00:00,2026-09-01 21:34:55+00:00,0.11513888888888889,10.258912037037037,0
333834,2026-09-01 18:28:37+00:00,2026-09-01 22:00:54+00:00,2026-09-01 21:59:37+00:00,0.14652777777777778,10.273148148148149,0
333833,2026-09-01 18:28:35+00:00,2026-09-09 05:12:17+00:00,2026-09-09 05:12:16+00:00,7.447002314814815,10.273171296296296,1
333831,2026-09-01 18:19:23+00:00,2026-09-01 19:10:20+00:00,2026-09-01 19:09:05+00:00,0.034513888888888886,10.279560185185185,0
333829,2026-09-01 18:07:21+00:00,2026-09-01 19:59:01+00:00,2026-09-01 19:57:36+00:00,0.0765625,10.287916666666666,0
333827,2026-09-01 17:52:33+00:00,2026-09-01 22:38:09+00:00,2026-09-01 22:36:57+00:00,0.1975,10.298194444444444,0
333826,2026-09-01 17:51:50+00:00,2026-09-01 18:17:07+00:00,2026-09-01 18:15:52+00:00,0.016689814814814814,10.298692129629629,0
333825,2026-09-01 17:50:54+00:00,2026-09-01 18:21:59+00:00,2026-09-01 18:20:59+00:00,0.020891203703703703,10.299340277777778,0
333823,2026-09-01 17:47:00+00:00,2026-09-01 22:47:04+00:00,2026-09-01 20:45:58+00:00,0.12428240740740741,10.302048611111111,0
333822,2026-09-01 17:42:13+00:00,2026-09-01 19:16:02+00:00,,,10.30537037037037,1
333821,2026-09-01 17:39:40+00:00,2026-09-01 17:40:35+00:00,,,10.307141203703704,1
333818,2026-09-01 17:34:49+00:00,2026-09-02 09:29:17+00:00,2026-09-02 09:26:59+00:00,0.6612268518518518,10.310509259259259,0
333815,2026-09-01 17:23:15+00:00,2026-09-02 19:11:38+00:00,2026-09-02 19:11:37+00:00,1.0752546296296297,10.318541666666667,0
333813,2026-09-01 16:57:59+00:00,2026-09-01 19:21:39+00:00,2026-09-01 19:20:59+00:00,0.09930555555555555,10.336087962962964,0
333812,2026-09-01 16:57:01+00:00,2026-09-01 21:18:04+00:00,2026-09-01 21:18:04+00:00,0.18128472222222222,10.33675925925926,0
333811,2026-09-01 16:48:01+00:00,2026-09-01 17:54:05+00:00,2026-09-01 17:53:14+00:00,0.04528935185185185,10.34300925925926,0
333810,2026-09-01 16:44:16+00:00,2026-09-01 18:13:24+00:00,2026-09-01 18:12:40+00:00,0.06138888888888889,10.345613425925926,0
333808,2026-09-01 16:40:26+00:00,2026-09-01 17:03:54+00:00,2026-09-01 17:03:52+00:00,0.016273148148148148,10.348275462962963,0
333804,2026-09-01 16:13:57+00:00,2026-09-01 16:40:00+00:00,2026-09-01 16:39:58+00:00,0.01806712962962963,10.366666666666667,0
333803,2026-09-01 16:11:44+00:00,2026-09-01 19:35:42+00:00,2026-09-01 19:34:15+00:00,0.14063657407407407,10.368206018518519,0
333801,2026-09-01 16:08:55+00:00,2026-09-01 16:14:06+00:00,,,10.370162037037037,1
333800,2026-09-01 16:03:08+00:00,2026-09-01 16:20:20+00:00,2026-09-01 16:17:17+00:00,0.00982638888888889,10.37417824074074,0
333798,2026-09-01 15:57:54+00:00,2026-09-01 16:01:49+00:00,,,10.3778125,1
333796,2026-09-01 15:54:51+00:00,2026-09-01 19:27:28+00:00,2026-09-01 19:26:41+00:00,0.14710648148148148,10.379930555555555,0
333795,2026-09-01 15:52:25+00:00,2026-09-01 16:56:33+00:00,2026-09-01 16:55:52+00:00,0.0440625,10.38162037037037,0
333791,2026-09-01 15:44:02+00:00,2026-09-01 17:49:05+00:00,2026-09-01 17:47:59+00:00,0.08607638888888888,10.38744212962963,0
333789,2026-09-01 15:40:16+00:00,2026-09-01 16:09:14+00:00,2026-09-01 16:08:03+00:00,0.01929398148148148,10.39005787037037,0
333787,2026-09-01 15:39:03+00:00,2026-09-03 20:27:20+00:00,2026-09-03 20:27:20+00:00,2.200196759259259,10.390902777777777,0
333784,2026-09-01 15:29:58+00:00,2026-09-01 21:11:39+00:00,2026-09-01 21:11:39+00:00,0.23728009259259258,10.397210648148148,0
333782,2026-09-01 15:15:31+00:00,2026-09-01 15:47:48+00:00,2026-09-01 15:46:52+00:00,0.021770833333333333,10.40724537037037,0
333781,2026-09-01 15:03:01+00:00,2026-09-02 04:28:10+00:00,2026-09-02 04:27:25+00:00,0.5586111111111111,10.415925925925926,0
333780,2026-09-01 15:02:59+00:00,2026-09-01 15:05:22+00:00,,,10.415949074074074,1
333775,2026-09-01 14:53:14+00:00,2026-09-01 20:01:52+00:00,2026-09-01 19:59:58+00:00,0.21300925925925926,10.422719907407407,0
333774,2026-09-01 14:51:44+00:00,2026-09-11 18:46:15+00:00,2026-09-01 15:22:26+00:00,0.021319444444444443,10.423761574074074,0
333773,2026-09-01 14:47:03+00:00,2026-09-01 15:01:14+00:00,2026-09-01 15:00:16+00:00,0.00917824074074074,10.427013888888888,0
333767,2026-09-01 14:04:59+00:00,2026-09-01 14:19:51+00:00,2026-09-01 14:18:31+00:00,0.009398148148148149,10.456226851851852,0
333762,2026-09-01 12:46:04+00:00,2026-09-07 08:48:56+00:00,2026-09-01 13:23:05+00:00,0.025706018518518517,10.511030092592593,0
333756,2026-09-01 11:59:25+00:00,2026-09-01 13:43:53+00:00,2026-09-01 13:43:03+00:00,0.0719675925925926,10.543425925925925,0
333754,2026-09-01 11:48:39+00:00,2026-09-07 08:20:06+00:00,2026-09-01 12:48:56+00:00,0.04186342592592593,10.550902777777777,0
333753,2026-09-01 11:48:25+00:00,2026-09-02 06:54:00+00:00,,,10.551064814814815,1
333751,2026-09-01 11:32:52+00:00,2026-09-07 08:54:04+00:00,2026-09-01 12:51:08+00:00,0.05435185185185185,10.561863425925926,0
333749,2026-09-01 11:04:49+00:00,2026-09-01 18:07:08+00:00,2026-09-01 18:06:08+00:00,0.29258101851851853,10.581342592592593,0
333748,2026-09-01 11:04:17+00:00,2026-09-01 16:07:48+00:00,2026-09-01 16:06:38+00:00,0.20996527777777776,10.581712962962962,0
333746,2026-09-01 10:07:24+00:00,2026-09-01 10:54:48+00:00,2026-09-01 10:54:09+00:00,0.03246527777777778,10.621215277777777,0
333745,2026-09-01 09:53:39+00:00,2026-09-07 15:02:20+00:00,2026-09-01 10:36:56+00:00,0.03005787037037037,10.63076388888889,0
333744,2026-09-01 09:47:58+00:00,2026-09-01 10:37:04+00:00,2026-09-01 10:36:02+00:00,0.03337962962962963,10.634710648148149,0
333743,2026-09-01 09:43:28+00:00,2026-09-01 10:35:55+00:00,2026-09-01 10:35:53+00:00,0.03640046296296296,10.637835648148148,0
333741,2026-09-01 09:29:18+00:00,2026-09-01 10:36:16+00:00,2026-09-01 10:36:14+00:00,0.046481481481481485,10.647673611111111,0
333739,2026-09-01 09:22:34+00:00,2026-09-01 10:55:23+00:00,2026-09-01 10:54:35+00:00,0.06390046296296296,10.652349537037036,0
333737,2026-09-01 09:21:46+00:00,2026-09-04 00:32:34+00:00,2026-09-04 00:29:55+00:00,2.630659722222222,10.652905092592592,0
333736,2026-09-01 09:17:53+00:00,2026-09-01 14:50:32+00:00,2026-09-01 14:48:44+00:00,0.22975694444444444,10.655601851851852,0
333734,2026-09-01 09:07:45+00:00,2026-09-01 09:26:36+00:00,2026-09-01 09:25:34+00:00,0.012372685185185184,10.662638888888889,0
333733,2026-09-01 09:06:24+00:00,2026-09-09 17:23:35+00:00,2026-09-03 21:28:26+00:00,2.515300925925926,10.663576388888888,0
333732,2026-09-01 09:05:55+00:00,2026-09-01 10:07:36+00:00,2026-09-01 10:06:36+00:00,0.0421412037037037,10.663912037037036,0
333727,2026-09-01 07:55:12+00:00,2026-09-01 10:15:11+00:00,2026-09-01 10:14:26+00:00,0.09668981481481481,10.713020833333333,0
333719,2026-09-01 06:45:55+00:00,2026-09-11 17:52:56+00:00,,,10.76113425925926,1
333712,2026-09-01 05:30:34+00:00,2026-09-01 06:33:48+00:00,,,10.813460648148148,1
333710,2026-09-01 04:43:12+00:00,2026-09-01 06:20:42+00:00,2026-09-01 06:17:35+00:00,0.06554398148148148,10.846354166666666,0
333708,2026-09-01 04:15:06+00:00,2026-09-01 04:55:35+00:00,2026-09-01 04:55:35+00:00,0.028113425925925927,10.865868055555556,0
333707,2026-09-01 03:18:38+00:00,2026-09-01 09:28:51+00:00,,,10.90508101851852,1
333706,2026-09-01 03:15:47+00:00,2026-09-01 04:27:30+00:00,2026-09-01 04:27:29+00:00,0.049791666666666665,10.907060185185186,0
333705,2026-09-01 03:11:38+00:00,2026-09-01 03:48:24+00:00,2026-09-01 03:47:36+00:00,0.02497685185185185,10.909942129629629,0
333704,2026-09-01 02:31:22+00:00,2026-09-01 03:18:08+00:00,2026-09-01 03:17:29+00:00,0.032025462962962964,10.937905092592592,0
333703,2026-09-01 02:28:48+00:00,2026-09-02 00:02:51+00:00,2026-09-02 00:01:32+00:00,0.8977314814814815,10.9396875,0
333702,2026-09-01 02:19:12+00:00,2026-09-11 02:09:28+00:00,,,10.946354166666667,1
333698,2026-09-01 01:00:22+00:00,2026-09-02 00:05:36+00:00,,,11.001099537037037,1
333697,2026-09-01 00:53:07+00:00,2026-09-01 03:21:46+00:00,2026-09-01 03:21:10+00:00,0.1028125,11.006134259259259,0
333696,2026-09-01 00:37:36+00:00,2026-09-01 01:38:18+00:00,,,11.016909722222222,1
333694,2026-09-01 00:02:36+00:00,2026-09-01 20:24:24+00:00,2026-09-01 18:46:34+00:00,0.7805324074074074,11.041215277777777,0
333693,2026-08-31 23:57:30+00:00,2026-09-08 18:20:44+00:00,2026-09-08 18:20:42+00:00,7.766111111111111,11.044756944444444,1
333692,2026-08-31 23:55:48+00:00,2026-09-01 00:15:25+00:00,2026-09-01 00:15:24+00:00,0.01361111111111111,11.0459375,0
333689,2026-08-31 23:36:13+00:00,2026-09-11 03:33:58+00:00,,,11.059537037037037,1
333687,2026-08-31 23:34:55+00:00,2026-09-01 09:28:47+00:00,2026-09-01 09:27:29+00:00,0.41150462962962964,11.060439814814815,0
333683,2026-08-31 23:24:59+00:00,2026-09-09 22:29:11+00:00,2026-09-03 14:23:22+00:00,2.623877314814815,11.067337962962963,0
333676,2026-08-31 23:09:50+00:00,2026-08-31 23:37:49+00:00,2026-08-31 23:37:46+00:00,0.019398148148148147,11.077858796296296,0
333673,2026-08-31 23:06:36+00:00,2026-09-01 01:00:50+00:00,,,11.080104166666667,1
333669,2026-08-31 22:54:32+00:00,2026-09-01 00:43:53+00:00,2026-09-01 00:43:11+00:00,0.07545138888888889,11.088483796296297,0
333668,2026-08-31 22:46:12+00:00,2026-09-01 00:08:28+00:00,2026-09-01 00:07:33+00:00,0.05649305555555555,11.094270833333333,0
333666,2026-08-31 22:37:27+00:00,2026-09-01 03:08:24+00:00,2026-09-01 01:06:16+00:00,0.10334490740740741,11.100347222222222,0
333664,2026-08-31 22:26:54+00:00,2026-09-01 19:30:19+00:00,2026-09-01 19:29:36+00:00,0.876875,11.10767361111111,0
333663,2026-08-31 22:21:27+00:00,2026-09-03 19:53:10+00:00,2026-09-03 19:49:06+00:00,2.894201388888889,11.111458333333333,0
333662,2026-08-31 22:10:13+00:00,2026-09-01 06:22:15+00:00,2026-09-01 06:20:55+00:00,0.34076388888888887,11.119259259259259,0
333661,2026-08-31 22:10:09+00:00,2026-08-31 23:04:38+00:00,2026-08-31 23:03:33+00:00,0.037083333333333336,11.119305555555556,0
333657,2026-08-31 22:00:10+00:00,2026-08-31 23:28:53+00:00,2026-08-31 23:28:05+00:00,0.06105324074074074,11.126238425925926,0
333655,2026-08-31 21:51:28+00:00,2026-09-01 06:42:47+00:00,2026-09-01 06:41:50+00:00,0.3683101851851852,11.132280092592593,0
333654,2026-08-31 21:50:47+00:00,2026-09-01 07:03:19+00:00,2026-09-01 07:02:28+00:00,0.3831134259259259,11.13275462962963,0
333653,2026-08-31 21:41:20+00:00,2026-09-01 18:01:56+00:00,2026-09-01 17:59:40+00:00,0.8460648148148148,11.13931712962963,0
333651,2026-08-31 21:40:09+00:00,2026-09-01 18:01:35+00:00,2026-09-01 18:00:35+00:00,0.8475231481481481,11.140138888888888,0
333650,2026-08-31 21:38:57+00:00,2026-09-01 17:37:54+00:00,2026-09-01 17:36:49+00:00,0.8318518518518518,11.140972222222222,0
333649,2026-08-31 21:37:21+00:00,2026-09-01 08:51:01+00:00,2026-09-01 08:49:59+00:00,0.4671064814814815,11.142083333333334,0
333647,2026-08-31 21:32:12+00:00,2026-09-01 07:24:06+00:00,2026-09-01 07:22:41+00:00,0.4100578703703704,11.145659722222222,0
333646,2026-08-31 21:22:06+00:00,2026-09-01 10:18:29+00:00,2026-09-01 10:17:45+00:00,0.5386458333333334,11.152673611111112,0
333645,2026-08-31 21:20:56+00:00,2026-09-01 16:51:06+00:00,2026-09-01 16:50:21+00:00,0.8120949074074074,11.153483796296296,0
333641,2026-08-31 20:58:18+00:00,2026-08-31 21:54:11+00:00,2026-08-31 21:52:48+00:00,0.03784722222222222,11.169201388888888,0
333640,2026-08-31 20:56:21+00:00,2026-08-31 22:17:18+00:00,,,11.170555555555556,1
333638,2026-08-31 20:52:21+00:00,2026-08-31 22:19:16+00:00,,,11.173333333333334,1
333636,2026-08-31 20:50:14+00:00,2026-08-31 23:09:35+00:00,2026-08-31 21:35:41+00:00,0.0315625,11.17480324074074,0
333635,2026-08-31 20:42:02+00:00,2026-08-31 23:56:52+00:00,2026-08-31 23:56:01+00:00,0.13471064814814815,11.180497685185186,0
333634,2026-08-31 20:28:56+00:00,2026-09-01 21:32:16+00:00,2026-09-01 21:31:23+00:00,1.0433680555555556,11.189594907407407,0
333632,2026-08-31 20:13:21+00:00,2026-08-31 22:32:40+00:00,2026-08-31 21:47:39+00:00,0.0654861111111111,11.200416666666667,0
333629,2026-08-31 19:32:12+00:00,2026-08-31 23:06:20+00:00,,,11.228993055555556,1
333628,2026-08-31 19:25:29+00:00,2026-08-31 20:50:18+00:00,2026-08-31 20:48:50+00:00,0.057881944444444444,11.233657407407408,0
333627,2026-08-31 19:23:23+00:00,2026-08-31 21:40:34+00:00,2026-08-31 21:40:34+00:00,0.0952662037037037,11.23511574074074,0
333626,2026-08-31 19:23:04+00:00,2026-08-31 21:29:06+00:00,2026-08-31 21:01:31+00:00,0.06836805555555556,11.235335648148148,0
333620,2026-08-31 19:04:40+00:00,2026-08-31 20:00:09+00:00,2026-08-31 19:59:20+00:00,0.03796296296296296,11.248113425925926,0
333618,2026-08-31 18:55:37+00:00,2026-08-31 23:16:43+00:00,2026-08-31 23:15:54+00:00,0.18075231481481482,11.254398148148148,0
333617,2026-08-31 18:54:24+00:00,2026-09-11 13:12:48+00:00,,,11.255243055555555,1
333615,2026-08-31 18:52:31+00:00,2026-08-31 19:53:42+00:00,2026-08-31 19:51:36+00:00,0.04103009259259259,11.256550925925925,0
333614,2026-08-31 18:47:36+00:00,2026-09-01 15:38:05+00:00,2026-09-01 15:37:12+00:00,0.8677777777777778,11.259965277777777,0
333612,2026-08-31 18:25:50+00:00,2026-09-01 03:19:22+00:00,2026-09-01 03:17:48+00:00,0.3694212962962963,11.275081018518518,0
333611,2026-08-31 18:24:32+00:00,2026-08-31 18:53:10+00:00,2026-08-31 18:51:54+00:00,0.019004629629629628,11.275983796296297,0
333610,2026-08-31 18:22:45+00:00,2026-09-01 09:06:13+00:00,2026-09-01 09:06:13+00:00,0.6135185185185185,11.277222222222223,0
333608,2026-08-31 18:16:51+00:00,2026-09-01 21:47:17+00:00,2026-08-31 19:08:15+00:00,0.035694444444444445,11.281319444444444,0
333606,2026-08-31 18:00:26+00:00,2026-09-06 20:38:16+00:00,2026-09-06 20:36:48+00:00,6.108587962962963,11.292719907407408,0
333604,2026-08-31 17:52:33+00:00,2026-09-01 09:06:20+00:00,2026-09-01 09:05:30+00:00,0.6339930555555555,11.298194444444444,0
333603,2026-08-31 17:49:53+00:00,2026-09-01 21:47:21+00:00,2026-08-31 19:33:23+00:00,0.071875,11.300046296296296,0
333602,2026-08-31 17:44:11+00:00,2026-08-31 18:58:54+00:00,2026-08-31 18:56:46+00:00,0.05040509259259259,11.30400462962963,0
333597,2026-08-31 17:20:05+00:00,2026-08-31 20:22:09+00:00,2026-08-31 20:21:21+00:00,0.12587962962962962,11.32074074074074,0
333596,2026-08-31 17:05:10+00:00,2026-09-01 09:05:44+00:00,2026-09-01 09:04:50+00:00,0.6664351851851852,11.331099537037037,0
333595,2026-08-31 16:52:42+00:00,2026-08-31 21:42:19+00:00,,,11.339756944444444,1
333590,2026-08-31 16:26:33+00:00,2026-09-01 09:05:19+00:00,2026-09-01 09:04:40+00:00,0.693136574074074,11.357916666666666,0
333582,2026-08-31 16:05:14+00:00,2026-08-31 18:22:18+00:00,2026-08-31 18:20:29+00:00,0.09392361111111111,11.372719907407408,0
333580,2026-08-31 16:03:46+00:00,2026-08-31 18:22:28+00:00,2026-08-31 18:20:54+00:00,0.09523148148148149,11.373738425925925,0
333579,2026-08-31 16:03:43+00:00,2026-08-31 21:21:31+00:00,2026-08-31 21:20:50+00:00,0.2202199074074074,11.373773148148148,0
333575,2026-08-31 15:56:12+00:00,2026-09-01 21:45:42+00:00,2026-08-31 17:43:10+00:00,0.07428240740740741,11.378993055555556,0
333574,2026-08-31 15:55:06+00:00,2026-08-31 16:00:15+00:00,,,11.379756944444445,1
333573,2026-08-31 15:53:12+00:00,2026-09-01 15:28:20+00:00,,,11.38107638888889,1
333570,2026-08-31 15:50:45+00:00,2026-08-31 17:35:09+00:00,2026-08-31 17:32:59+00:00,0.07099537037037038,11.382777777777777,0
333568,2026-08-31 15:50:16+00:00,2026-08-31 17:36:58+00:00,2026-08-31 17:35:25+00:00,0.07302083333333333,11.383113425925925,0
333567,2026-08-31 15:50:03+00:00,2026-08-31 17:20:09+00:00,2026-08-31 17:17:51+00:00,0.06097222222222222,11.383263888888889,0
333566,2026-08-31 15:47:48+00:00,2026-09-01 15:20:34+00:00,,,11.38482638888889,1
333565,2026-08-31 15:45:26+00:00,2026-08-31 15:49:56+00:00,,,11.386469907407408,1
333563,2026-08-31 15:44:45+00:00,2026-08-31 20:52:26+00:00,,,11.386944444444444,1
333558,2026-08-31 15:37:50+00:00,2026-08-31 18:31:01+00:00,2026-08-31 18:30:07+00:00,0.11964120370370371,11.391747685185186,0
333554,2026-08-31 15:28:00+00:00,2026-08-31 17:17:52+00:00,,,11.39857638888889,1
333541,2026-08-31 15:04:49+00:00,2026-09-01 17:42:05+00:00,2026-09-01 17:41:26+00:00,1.1087615740740742,11.414675925925925,0
333539,2026-08-31 14:56:40+00:00,2026-09-01 09:40:13+00:00,2026-09-01 09:39:19+00:00,0.7796180555555555,11.420335648148148,0
333532,2026-08-31 13:51:17+00:00,2026-08-31 17:32:07+00:00,,,11.46574074074074,1
333531,2026-08-31 13:40:51+00:00,2026-08-31 14:57:12+00:00,2026-08-31 14:57:12+00:00,0.053020833333333336,11.472986111111112,0
333530,2026-08-31 13:29:13+00:00,2026-08-31 17:44:15+00:00,2026-08-31 14:45:45+00:00,0.053148148148148146,11.481064814814815,0
333526,2026-08-31 12:23:09+00:00,2026-08-31 18:00:15+00:00,2026-08-31 17:58:28+00:00,0.2328587962962963,11.526944444444444,0
333525,2026-08-31 12:22:03+00:00,2026-08-31 14:56:43+00:00,2026-08-31 14:40:06+00:00,0.09586805555555555,11.527708333333333,0
333524,2026-08-31 11:42:31+00:00,2026-09-02 14:57:43+00:00,2026-09-02 14:57:43+00:00,2.1355555555555554,11.555162037037038,0
333511,2026-08-31 10:17:48+00:00,2026-08-31 13:09:49+00:00,2026-08-31 13:09:40+00:00,0.11935185185185185,11.613993055555556,0
333508,2026-08-31 10:10:56+00:00,2026-08-31 11:26:20+00:00,,,11.618761574074075,1
333499,2026-08-31 09:38:36+00:00,2026-09-01 00:11:08+00:00,2026-09-01 00:10:10+00:00,0.6052546296296296,11.641215277777778,0
333495,2026-08-31 09:24:37+00:00,2026-08-31 14:23:21+00:00,2026-08-31 14:21:45+00:00,0.2063425925925926,11.650925925925925,0
333488,2026-08-31 09:09:18+00:00,2026-08-31 14:37:44+00:00,2026-08-31 14:36:57+00:00,0.22753472222222224,11.6615625,0
333477,2026-08-31 08:19:54+00:00,2026-09-02 07:50:34+00:00,,,11.695868055555556,1
333475,2026-08-31 08:04:12+00:00,2026-08-31 18:23:28+00:00,2026-08-31 18:20:59+00:00,0.42832175925925925,11.706770833333334,0
333473,2026-08-31 07:53:09+00:00,2026-08-31 08:36:45+00:00,2026-08-31 08:35:49+00:00,0.02962962962962963,11.714444444444444,0
333472,2026-08-31 07:43:05+00:00,2026-08-31 08:12:42+00:00,2026-08-31 08:11:54+00:00,0.020011574074074074,11.721435185185186,0
333466,2026-08-31 07:16:18+00:00,2026-08-31 08:15:00+00:00,2026-08-31 08:14:00+00:00,0.04006944444444444,11.740034722222223,0
333465,2026-08-31 07:16:18+00:00,2026-08-31 08:15:49+00:00,2026-08-31 08:14:52+00:00,0.040671296296296296,11.740034722222223,0
333464,2026-08-31 07:07:17+00:00,2026-08-31 08:37:20+00:00,2026-08-31 08:36:35+00:00,0.06201388888888889,11.746296296296297,0
333463,2026-08-31 07:01:29+00:00,2026-08-31 08:37:26+00:00,2026-08-31 08:35:46+00:00,0.06547453703703704,11.750324074074074,0
333457,2026-08-31 05:19:05+00:00,2026-09-01 02:09:12+00:00,,,11.821435185185186,1
333454,2026-08-31 03:57:56+00:00,2026-09-01 04:43:38+00:00,2026-09-01 04:43:38+00:00,1.0317361111111112,11.877789351851852,0
333448,2026-08-31 02:02:23+00:00,2026-09-02 17:23:56+00:00,,,11.958032407407407,1
333443,2026-08-30 23:44:12+00:00,2026-09-01 00:21:22+00:00,2026-08-31 18:32:15+00:00,0.7833680555555556,12.053993055555555,0
333441,2026-08-30 23:15:26+00:00,2026-08-31 00:55:39+00:00,,,12.073969907407408,1
333439,2026-08-30 22:58:54+00:00,2026-08-31 11:27:39+00:00,,,12.085451388888888,1
333438,2026-08-30 22:58:41+00:00,2026-08-31 00:55:42+00:00,,,12.085601851851852,1
333436,2026-08-30 22:50:26+00:00,2026-08-31 09:19:09+00:00,2026-08-31 09:19:09+00:00,0.4366087962962963,12.091331018518519,0
333435,2026-08-30 22:48:24+00:00,2026-08-31 01:11:24+00:00,2026-08-31 01:11:22+00:00,0.0992824074074074,12.092743055555555,0
333432,2026-08-30 21:53:49+00:00,2026-08-31 21:51:29+00:00,2026-08-31 21:50:36+00:00,0.9977662037037037,12.130648148148149,0
333431,2026-08-30 21:17:27+00:00,2026-08-30 23:14:59+00:00,,,12.155902777777778,1
333429,2026-08-30 20:47:22+00:00,2026-08-31 18:23:13+00:00,2026-08-31 18:20:50+00:00,0.8982407407407408,12.176793981481481,0
333428,2026-08-30 20:34:04+00:00,2026-08-31 06:55:10+00:00,2026-08-31 06:54:03+00:00,0.4305439814814815,12.186030092592592,0
333426,2026-08-30 19:46:31+00:00,2026-08-31 01:11:50+00:00,2026-08-31 01:11:12+00:00,0.22547453703703704,12.219050925925925,0
333423,2026-08-30 19:15:03+00:00,2026-08-30 21:36:09+00:00,2026-08-30 21:35:18+00:00,0.09739583333333333,12.240902777777778,0
333418,2026-08-30 18:30:31+00:00,2026-09-10 17:24:59+00:00,,,12.271828703703704,1
333412,2026-08-30 17:15:02+00:00,2026-08-30 17:20:32+00:00,2026-08-30 17:15:21+00:00,0.0002199074074074074,12.324247685185185,0
333411,2026-08-30 16:41:15+00:00,2026-08-30 16:45:07+00:00,2026-08-30 16:41:29+00:00,0.00016203703703703703,12.347708333333333,0
333410,2026-08-30 16:00:50+00:00,2026-09-01 07:51:35+00:00,2026-09-01 07:51:35+00:00,1.6602430555555556,12.375775462962963,0
333404,2026-08-30 15:25:09+00:00,2026-08-30 22:10:49+00:00,2026-08-30 22:10:48+00:00,0.2817013888888889,12.400555555555556,0
333399,2026-08-30 14:27:57+00:00,2026-08-30 16:17:21+00:00,,,12.440277777777778,1
333398,2026-08-30 14:24:49+00:00,2026-08-30 18:19:21+00:00,2026-08-30 18:19:19+00:00,0.16284722222222223,12.442453703703704,0
333397,2026-08-30 14:16:44+00:00,2026-09-01 14:33:41+00:00,2026-08-31 18:30:34+00:00,1.176273148148148,12.44806712962963,0
333394,2026-08-30 13:39:02+00:00,2026-08-30 19:03:07+00:00,2026-08-30 19:02:07+00:00,0.22436342592592592,12.474247685185185,0
333391,2026-08-30 12:44:08+00:00,2026-08-30 22:54:03+00:00,,,12.512372685185186,1
333390,2026-08-30 11:30:14+00:00,2026-08-30 22:25:29+00:00,,,12.56369212962963,1
333389,2026-08-30 11:04:09+00:00,2026-09-01 19:10:08+00:00,2026-09-01 19:10:08+00:00,2.337488425925926,12.581805555555556,0
333385,2026-08-30 08:59:52+00:00,2026-08-30 10:15:54+00:00,,,12.668113425925926,1
333383,2026-08-30 08:09:31+00:00,2026-09-12 00:51:22+00:00,,,12.703078703703703,1
333381,2026-08-30 07:49:05+00:00,2026-09-01 14:33:44+00:00,2026-08-31 15:34:32+00:00,1.3232291666666667,12.717268518518518,0
333376,2026-08-30 05:53:37+00:00,2026-08-31 15:43:44+00:00,2026-08-31 15:39:55+00:00,1.4071527777777777,12.797453703703704,0
333372,2026-08-30 05:01:06+00:00,2026-08-31 11:56:16+00:00,,,12.83392361111111,1
333365,2026-08-30 01:01:07+00:00,2026-09-08 08:46:23+00:00,2026-09-08 08:45:25+00:00,9.322430555555556,13.000578703703704,1
333363,2026-08-30 00:09:18+00:00,2026-09-06 00:53:09+00:00,,,13.0365625,1
333360,2026-08-29 22:41:50+00:00,2026-09-01 07:56:20+00:00,2026-09-01 07:53:58+00:00,2.383425925925926,13.097303240740741,0
333359,2026-08-29 22:38:41+00:00,2026-09-02 16:00:02+00:00,2026-09-02 15:59:53+00:00,3.7230555555555553,13.099490740740741,0
333356,2026-08-29 21:36:28+00:00,2026-08-31 15:27:25+00:00,2026-08-31 15:26:18+00:00,1.7429398148148147,13.142696759259259,0
333353,2026-08-29 20:54:15+00:00,2026-09-02 15:57:22+00:00,,,13.17201388888889,1
333350,2026-08-29 18:50:06+00:00,2026-08-31 09:20:01+00:00,2026-08-31 09:20:01+00:00,1.6041087962962963,13.258229166666666,0
333340,2026-08-29 15:17:03+00:00,2026-08-29 19:51:23+00:00,,,13.406180555555556,1
333336,2026-08-29 13:57:07+00:00,2026-08-30 01:19:22+00:00,,,13.461689814814815,1
333334,2026-08-29 13:25:11+00:00,2026-08-31 07:37:01+00:00,2026-08-31 07:36:18+00:00,1.7577199074074075,13.483865740740741,0
333333,2026-08-29 12:59:01+00:00,2026-09-08 19:12:45+00:00,,,13.502037037037036,1
333328,2026-08-29 11:03:59+00:00,2026-09-01 19:10:17+00:00,2026-09-01 19:10:17+00:00,3.3377083333333335,13.581921296296295,0
333326,2026-08-29 09:49:54+00:00,2026-09-06 09:14:46+00:00,,,13.633368055555556,1
333319,2026-08-29 07:06:49+00:00,2026-08-29 08:20:52+00:00,,,13.74662037037037,1
333318,2026-08-29 07:05:21+00:00,2026-08-31 18:09:29+00:00,2026-08-31 18:09:18+00:00,2.461076388888889,13.747638888888888,0
333314,2026-08-29 05:32:34+00:00,2026-08-29 07:17:29+00:00,,,13.81207175925926,1
333308,2026-08-29 04:29:14+00:00,2026-08-29 07:04:40+00:00,2026-08-29 07:03:56+00:00,0.10743055555555556,13.85605324074074,0
333307,2026-08-29 04:29:06+00:00,2026-09-04 08:35:16+00:00,2026-09-04 08:28:16+00:00,6.166087962962963,13.856145833333333,0
333304,2026-08-29 04:04:03+00:00,2026-09-01 17:08:00+00:00,2026-09-01 17:07:09+00:00,3.5438194444444444,13.873541666666666,0
333302,2026-08-29 02:49:52+00:00,2026-09-08 00:36:06+00:00,2026-09-08 00:36:06+00:00,9.907106481481481,13.92505787037037,1
333300,2026-08-29 01:58:00+00:00,2026-08-31 15:41:33+00:00,2026-08-31 15:39:59+00:00,2.570821759259259,13.96107638888889,0
333296,2026-08-29 00:46:38+00:00,2026-08-31 04:02:18+00:00,2026-08-31 04:00:35+00:00,2.1346875,14.010636574074073,0
333295,2026-08-29 00:46:29+00:00,2026-08-29 01:56:45+00:00,2026-08-29 01:56:10+00:00,0.04839120370370371,14.01074074074074,0
333291,2026-08-29 00:05:32+00:00,2026-08-31 18:45:47+00:00,,,14.03917824074074,1
333290,2026-08-29 00:02:38+00:00,2026-08-31 18:49:30+00:00,,,14.04119212962963,1
333289,2026-08-29 00:01:38+00:00,2026-08-31 18:53:28+00:00,,,14.041886574074073,1
333288,2026-08-29 00:00:44+00:00,2026-08-29 22:18:42+00:00,,,14.042511574074075,1
333287,2026-08-29 00:00:34+00:00,2026-08-31 18:22:33+00:00,2026-08-31 18:22:33+00:00,2.7652662037037037,14.042627314814816,0
333286,2026-08-28 23:54:50+00:00,2026-09-10 15:24:15+00:00,2026-09-10 15:24:15+00:00,12.64542824074074,14.046608796296296,1
333285,2026-08-28 23:46:51+00:00,2026-08-29 01:17:52+00:00,,,14.052152777777778,1
333282,2026-08-28 23:26:36+00:00,2026-08-29 01:55:17+00:00,2026-08-29 01:54:41+00:00,0.10283564814814815,14.066215277777777,0
333281,2026-08-28 23:22:31+00:00,2026-08-29 13:29:49+00:00,2026-08-29 13:29:12+00:00,0.5879745370370371,14.069050925925925,0
333279,2026-08-28 23:15:05+00:00,2026-08-31 18:40:35+00:00,,,14.074212962962964,1
333277,2026-08-28 23:09:18+00:00,2026-08-30 21:59:37+00:00,,,14.078229166666667,1
333275,2026-08-28 22:37:07+00:00,2026-08-31 21:18:16+00:00,2026-08-31 21:17:04+00:00,2.9444097222222223,14.100578703703704,0
333274,2026-08-28 22:25:34+00:00,2026-08-29 00:10:33+00:00,2026-08-29 00:09:49+00:00,0.07239583333333334,14.108599537037037,0
333273,2026-08-28 22:17:52+00:00,2026-08-30 18:54:13+00:00,2026-08-30 18:53:30+00:00,1.8580787037037036,14.113946759259258,0
333272,2026-08-28 22:13:07+00:00,2026-08-29 00:07:31+00:00,2026-08-29 00:06:39+00:00,0.07884259259259259,14.11724537037037,0
333271,2026-08-28 22:06:20+00:00,2026-08-28 23:09:22+00:00,2026-08-28 23:08:45+00:00,0.04334490740740741,14.12195601851852,0
333264,2026-08-28 21:12:08+00:00,2026-08-29 03:35:05+00:00,2026-08-29 03:34:24+00:00,0.26546296296296296,14.159594907407408,0
333263,2026-08-28 21:09:39+00:00,2026-08-30 13:40:52+00:00,,,14.161319444444445,1
333262,2026-08-28 21:07:28+00:00,2026-08-28 22:48:17+00:00,2026-08-28 22:47:33+00:00,0.06950231481481481,14.162835648148148,0
333260,2026-08-28 21:03:19+00:00,2026-08-28 22:48:45+00:00,2026-08-28 22:48:08+00:00,0.07278935185185186,14.165717592592593,0
333258,2026-08-28 20:58:24+00:00,2026-08-28 22:07:42+00:00,2026-08-28 22:06:59+00:00,0.04762731481481482,14.169131944444445,0
333256,2026-08-28 20:45:16+00:00,2026-08-28 21:55:02+00:00,2026-08-28 21:54:22+00:00,0.04798611111111111,14.178252314814815,0
333251,2026-08-28 20:32:37+00:00,2026-09-01 16:40:38+00:00,2026-09-01 16:39:45+00:00,3.838287037037037,14.187037037037037,0
333249,2026-08-28 20:24:14+00:00,2026-08-31 14:32:22+00:00,2026-08-31 14:31:04+00:00,2.75474537037037,14.192858796296296,0
333247,2026-08-28 20:22:02+00:00,2026-08-28 20:42:47+00:00,2026-08-28 20:41:47+00:00,0.013715277777777778,14.194386574074073,0
333244,2026-08-28 20:03:21+00:00,2026-09-01 21:49:40+00:00,2026-09-01 21:48:57+00:00,4.073333333333333,14.207361111111112,0
333243,2026-08-28 20:01:36+00:00,2026-08-28 22:05:54+00:00,2026-08-28 22:05:12+00:00,0.08583333333333333,14.208576388888888,0
333241,2026-08-28 19:58:38+00:00,2026-09-07 13:51:19+00:00,2026-09-07 13:50:01+00:00,9.744016203703703,14.210636574074075,1
333240,2026-08-28 19:58:22+00:00,2026-08-31 17:13:46+00:00,2026-08-31 17:13:01+00:00,2.885173611111111,14.21082175925926,0
333238,2026-08-28 19:43:37+00:00,2026-08-29 00:48:43+00:00,2026-08-29 00:48:08+00:00,0.2114699074074074,14.221064814814815,0
333236,2026-08-28 19:32:49+00:00,2026-08-31 22:48:17+00:00,2026-08-31 22:47:14+00:00,3.135011574074074,14.228564814814815,0
333235,2026-08-28 19:31:43+00:00,2026-08-28 22:40:15+00:00,,,14.229328703703704,1
333231,2026-08-28 19:12:03+00:00,2026-08-28 19:15:36+00:00,,,14.242986111111112,1
333227,2026-08-28 19:00:47+00:00,2026-08-28 22:39:31+00:00,,,14.250810185185186,1
333226,2026-08-28 18:59:18+00:00,2026-08-28 23:01:00+00:00,2026-08-28 23:00:16+00:00,0.16733796296296297,14.251840277777777,0
333222,2026-08-28 18:48:54+00:00,2026-08-28 20:44:43+00:00,2026-08-28 20:43:48+00:00,0.07979166666666666,14.2590625,0
333218,2026-08-28 18:27:52+00:00,2026-08-28 18:51:28+00:00,2026-08-28 18:50:36+00:00,0.015787037037037037,14.273668981481482,0
333216,2026-08-28 18:18:06+00:00,2026-08-28 19:52:14+00:00,2026-08-28 19:51:33+00:00,0.06489583333333333,14.280451388888888,0
333215,2026-08-28 18:17:22+00:00,2026-08-28 23:27:04+00:00,,,14.280960648148149,1
333214,2026-08-28 18:00:08+00:00,2026-08-28 18:48:01+00:00,2026-08-28 18:47:15+00:00,0.032719907407407406,14.292928240740741,0
333212,2026-08-28 17:37:22+00:00,2026-08-28 19:12:00+00:00,2026-08-28 19:11:16+00:00,0.06520833333333333,14.308738425925926,0
333211,2026-08-28 17:34:38+00:00,2026-08-28 18:51:29+00:00,2026-08-28 18:50:26+00:00,0.05263888888888889,14.310636574074074,0
333206,2026-08-28 17:18:21+00:00,2026-08-31 23:15:28+00:00,2026-08-31 23:14:48+00:00,3.2475347222222224,14.321944444444444,0
333201,2026-08-28 16:47:48+00:00,2026-08-31 04:01:34+00:00,2026-08-31 04:00:08+00:00,2.466898148148148,14.343159722222222,0
333200,2026-08-28 16:38:11+00:00,2026-08-28 18:56:16+00:00,2026-08-28 18:55:34+00:00,0.0954050925925926,14.349837962962964,0
333198,2026-08-28 16:28:02+00:00,2026-08-31 17:36:33+00:00,2026-08-31 17:36:31+00:00,3.0475578703703703,14.356886574074075,0
333196,2026-08-28 16:10:45+00:00,2026-09-09 22:30:58+00:00,2026-09-09 22:29:15+00:00,12.262847222222222,14.36888888888889,1
333195,2026-08-28 16:05:54+00:00,2026-08-28 16:31:06+00:00,2026-08-28 16:29:26+00:00,0.016342592592592593,14.372256944444445,0
333191,2026-08-28 15:49:57+00:00,2026-08-29 17:24:00+00:00,2026-08-29 17:23:24+00:00,1.0648958333333334,14.383333333333333,0
333189,2026-08-28 15:26:33+00:00,2026-08-30 20:34:43+00:00,2026-08-29 01:41:19+00:00,0.42692129629629627,14.399583333333334,0
333187,2026-08-28 15:13:43+00:00,2026-08-28 20:06:45+00:00,,,14.408495370370371,1
333186,2026-08-28 15:04:58+00:00,2026-08-28 20:06:48+00:00,,,14.414571759259259,1
333185,2026-08-28 15:03:47+00:00,2026-09-10 20:24:05+00:00,2026-09-10 20:23:00+00:00,13.22167824074074,14.415393518518519,1
333184,2026-08-28 15:00:03+00:00,2026-09-04 15:46:55+00:00,2026-09-04 15:46:53+00:00,7.032523148148148,14.41798611111111,1
333183,2026-08-28 14:51:55+00:00,2026-09-01 14:33:45+00:00,2026-08-31 21:45:36+00:00,3.2872800925925927,14.42363425925926,0
333182,2026-08-28 14:43:00+00:00,2026-09-04 13:27:12+00:00,2026-09-04 13:27:12+00:00,6.947361111111111,14.42982638888889,0
333181,2026-08-28 14:41:36+00:00,2026-08-28 16:35:23+00:00,2026-08-28 16:34:03+00:00,0.07809027777777777,14.430798611111111,0
333179,2026-08-28 14:32:14+00:00,2026-08-28 15:25:38+00:00,2026-08-28 15:24:41+00:00,0.03642361111111111,14.437303240740741,0
333171,2026-08-28 14:06:59+00:00,2026-08-28 14:46:42+00:00,2026-08-28 14:45:52+00:00,0.027002314814814816,14.454837962962962,0
333169,2026-08-28 14:01:11+00:00,2026-08-28 14:18:55+00:00,2026-08-28 14:18:02+00:00,0.01170138888888889,14.458865740740741,0
333167,2026-08-28 13:40:39+00:00,2026-09-11 18:46:15+00:00,2026-08-28 21:24:32+00:00,0.3221412037037037,14.473125,0
333166,2026-08-28 13:37:39+00:00,2026-08-28 13:55:22+00:00,2026-08-28 13:54:21+00:00,0.011597222222222222,14.475208333333333,0
333165,2026-08-28 13:36:42+00:00,2026-08-28 14:30:25+00:00,2026-08-28 14:29:37+00:00,0.03674768518518518,14.475868055555555,0
333164,2026-08-28 13:32:38+00:00,2026-08-28 14:14:35+00:00,2026-08-28 14:13:45+00:00,0.02855324074074074,14.47869212962963,0
333163,2026-08-28 13:30:55+00:00,2026-08-28 15:40:13+00:00,2026-08-28 15:39:20+00:00,0.08917824074074074,14.47988425925926,0
333162,2026-08-28 13:12:18+00:00,2026-08-29 01:47:19+00:00,2026-08-29 01:46:31+00:00,0.5237615740740741,14.4928125,0
333161,2026-08-28 13:07:18+00:00,2026-08-28 13:37:15+00:00,2026-08-28 13:24:13+00:00,0.011747685185185186,14.496284722222223,0
333158,2026-08-28 12:49:32+00:00,2026-08-28 13:07:24+00:00,2026-08-28 13:06:21+00:00,0.01167824074074074,14.508622685185186,0
333157,2026-08-28 12:45:56+00:00,2026-08-29 01:07:55+00:00,,,14.511122685185185,1
333155,2026-08-28 12:40:30+00:00,2026-09-10 00:22:28+00:00,,,14.514895833333334,1
333152,2026-08-28 12:23:23+00:00,2026-08-28 15:07:44+00:00,,,14.526782407407408,1
333144,2026-08-28 11:15:39+00:00,2026-08-28 13:11:33+00:00,2026-08-28 13:10:53+00:00,0.08002314814814815,14.573819444444444,0
333138,2026-08-28 10:50:43+00:00,2026-08-30 22:09:00+00:00,2026-08-28 11:17:13+00:00,0.01840277777777778,14.59113425925926,0
333137,2026-08-28 10:26:43+00:00,2026-08-28 19:58:56+00:00,2026-08-28 19:20:17+00:00,0.3705324074074074,14.607800925925925,0
333135,2026-08-28 10:07:48+00:00,2026-08-28 20:10:36+00:00,2026-08-28 20:09:51+00:00,0.4180902777777778,14.6209375,0
333133,2026-08-28 09:47:30+00:00,2026-08-28 12:10:36+00:00,2026-08-28 12:09:44+00:00,0.09877314814814815,14.635034722222223,0
333130,2026-08-28 09:01:47+00:00,2026-08-30 22:08:59+00:00,2026-08-28 09:34:04+00:00,0.02241898148148148,14.666782407407407,0
333127,2026-08-28 08:44:53+00:00,2026-09-04 17:08:55+00:00,,,14.67851851851852,1
333126,2026-08-28 08:43:50+00:00,2026-08-28 09:31:56+00:00,2026-08-28 09:30:30+00:00,0.032407407407407406,14.679247685185185,0
333124,2026-08-28 08:06:59+00:00,2026-08-28 09:27:38+00:00,2026-08-28 09:26:57+00:00,0.055532407407407405,14.704837962962962,0
333122,2026-08-28 08:03:41+00:00,2026-08-28 09:12:40+00:00,2026-08-28 09:11:55+00:00,0.04738425925925926,14.70712962962963,0
333120,2026-08-28 08:01:59+00:00,2026-08-28 09:29:53+00:00,2026-08-28 09:29:03+00:00,0.06046296296296296,14.708310185185185,0
333117,2026-08-28 07:22:44+00:00,2026-08-28 07:32:48+00:00,,,14.73556712962963,1
333115,2026-08-28 07:16:00+00:00,2026-08-28 20:18:46+00:00,2026-08-28 20:08:03+00:00,0.5361458333333333,14.740243055555556,0
333110,2026-08-28 06:31:47+00:00,2026-08-28 07:20:36+00:00,2026-08-28 07:19:50+00:00,0.033368055555555554,14.770949074074075,0
333108,2026-08-28 06:22:37+00:00,2026-08-28 16:54:22+00:00,,,14.777314814814815,1
333105,2026-08-28 05:55:15+00:00,2026-08-28 06:18:41+00:00,2026-08-28 06:18:01+00:00,0.015810185185185184,14.796319444444444,0
333103,2026-08-28 05:47:41+00:00,2026-08-28 16:29:31+00:00,2026-08-28 16:29:30+00:00,0.44570601851851854,14.801574074074074,0
333102,2026-08-28 05:41:14+00:00,2026-09-04 11:05:08+00:00,2026-09-04 11:05:06+00:00,7.224907407407407,14.806053240740741,1
333101,2026-08-28 05:25:54+00:00,2026-08-28 21:58:52+00:00,2026-08-28 21:58:45+00:00,0.6894791666666666,14.81670138888889,0
333098,2026-08-28 05:02:41+00:00,2026-08-28 05:21:33+00:00,2026-08-28 05:21:33+00:00,0.013101851851851852,14.832824074074074,0
333096,2026-08-28 04:34:09+00:00,2026-08-28 14:02:08+00:00,2026-08-28 14:02:08+00:00,0.3944328703703704,14.852638888888889,0
333094,2026-08-28 03:42:24+00:00,2026-08-28 06:17:09+00:00,2026-08-28 06:16:27+00:00,0.10697916666666667,14.88857638888889,0
333091,2026-08-28 01:59:04+00:00,2026-08-28 05:08:09+00:00,2026-08-28 05:08:09+00:00,0.13130787037037037,14.960335648148147,0
333090,2026-08-28 01:58:09+00:00,2026-08-28 05:07:07+00:00,2026-08-28 02:26:33+00:00,0.01972222222222222,14.960972222222223,0
333088,2026-08-28 01:35:13+00:00,2026-08-28 05:13:16+00:00,2026-08-28 05:13:16+00:00,0.1514236111111111,14.976898148148148,0
333086,2026-08-28 01:27:50+00:00,2026-08-28 05:10:34+00:00,2026-08-28 05:10:34+00:00,0.15467592592592594,14.982025462962962,0
333084,2026-08-28 00:57:18+00:00,2026-09-02 16:37:12+00:00,2026-09-01 19:29:07+00:00,4.772094907407407,15.003229166666667,0
333083,2026-08-28 00:40:47+00:00,2026-08-28 03:17:53+00:00,,,15.014699074074073,1
333082,2026-08-28 00:31:31+00:00,2026-08-28 00:45:48+00:00,2026-08-28 00:45:47+00:00,0.009907407407407408,15.02113425925926,0
333081,2026-08-28 00:23:27+00:00,2026-08-28 03:19:52+00:00,,,15.026736111111111,1
333080,2026-08-28 00:22:57+00:00,2026-08-28 17:16:21+00:00,2026-08-28 17:15:24+00:00,0.7030902777777778,15.027083333333334,0
333078,2026-08-28 00:02:22+00:00,2026-08-28 02:14:23+00:00,2026-08-28 02:12:17+00:00,0.0902199074074074,15.041377314814815,0
333076,2026-08-27 23:48:56+00:00,2026-08-28 16:24:13+00:00,2026-08-28 16:23:27+00:00,0.6906365740740741,15.050706018518518,0
333075,2026-08-27 23:48:21+00:00,2026-08-28 14:58:11+00:00,,,15.051111111111112,1
333074,2026-08-27 23:48:10+00:00,2026-08-31 22:17:36+00:00,2026-08-31 22:17:34+00:00,3.9370833333333333,15.051238425925925,0
333073,2026-08-27 23:48:01+00:00,2026-08-31 18:15:27+00:00,2026-08-31 18:15:17+00:00,3.7689351851851853,15.051342592592592,0
333072,2026-08-27 23:31:27+00:00,2026-08-28 06:14:38+00:00,2026-08-28 06:13:47+00:00,0.2793981481481482,15.062847222222222,0
333061,2026-08-27 23:01:40+00:00,2026-08-27 23:45:03+00:00,2026-08-27 23:44:18+00:00,0.02960648148148148,15.083530092592593,0
333059,2026-08-27 22:45:44+00:00,2026-08-27 23:47:09+00:00,2026-08-27 23:46:19+00:00,0.04207175925925926,15.094594907407407,0
333058,2026-08-27 22:44:00+00:00,2026-08-27 23:37:31+00:00,2026-08-27 23:36:45+00:00,0.036631944444444446,15.09579861111111,0
333057,2026-08-27 22:42:54+00:00,2026-08-28 02:08:07+00:00,2026-08-28 02:08:06+00:00,0.1425,15.0965625,0
333056,2026-08-27 22:42:00+00:00,2026-08-28 03:18:01+00:00,,,15.0971875,1
333055,2026-08-27 22:41:25+00:00,2026-08-28 14:57:56+00:00,,,15.097592592592592,1
333052,2026-08-27 22:33:21+00:00,2026-08-27 23:11:01+00:00,2026-08-27 23:10:19+00:00,0.025671296296296296,15.103194444444444,0
333051,2026-08-27 22:30:31+00:00,2026-08-28 19:52:16+00:00,2026-08-28 19:51:14+00:00,0.8893865740740741,15.105162037037037,0
333050,2026-08-27 22:23:03+00:00,2026-08-30 22:08:58+00:00,2026-08-27 22:54:02+00:00,0.021516203703703704,15.110347222222222,0
333048,2026-08-27 22:04:38+00:00,2026-08-28 00:11:36+00:00,2026-08-28 00:10:53+00:00,0.0876736111111111,15.123136574074074,0
333047,2026-08-27 21:33:48+00:00,2026-08-28 17:06:50+00:00,2026-08-28 17:05:57+00:00,0.8139930555555556,15.14454861111111,0
333045,2026-08-27 21:21:10+00:00,2026-08-28 00:46:27+00:00,2026-08-28 00:45:11+00:00,0.14167824074074073,15.15332175925926,0
333044,2026-08-27 21:19:17+00:00,2026-08-28 08:11:06+00:00,2026-08-28 08:10:07+00:00,0.4519675925925926,15.15462962962963,0
333043,2026-08-27 21:17:40+00:00,2026-08-27 23:57:22+00:00,2026-08-27 23:56:23+00:00,0.1102199074074074,15.155752314814816,0
333041,2026-08-27 21:10:12+00:00,2026-08-27 23:47:19+00:00,2026-08-27 23:46:29+00:00,0.1085300925925926,15.1609375,0
333040,2026-08-27 21:08:23+00:00,2026-08-27 21:22:22+00:00,2026-08-27 21:22:22+00:00,0.009710648148148149,15.162199074074074,0
333038,2026-08-27 21:01:13+00:00,2026-08-27 21:41:55+00:00,2026-08-27 21:41:16+00:00,0.0278125,15.167175925925926,0
333036,2026-08-27 20:48:53+00:00,2026-08-27 22:00:28+00:00,2026-08-27 22:00:25+00:00,0.04967592592592593,15.175740740740741,0
333032,2026-08-27 20:24:49+00:00,2026-08-29 06:51:42+00:00,,,15.192453703703704,1
333031,2026-08-27 20:24:33+00:00,2026-08-27 21:21:36+00:00,2026-08-27 21:20:56+00:00,0.039155092592592596,15.192638888888888,0
333030,2026-08-27 20:08:13+00:00,2026-08-27 23:13:35+00:00,,,15.203981481481481,1
333029,2026-08-27 19:53:12+00:00,2026-08-27 21:22:12+00:00,2026-08-27 21:20:51+00:00,0.06086805555555556,15.214409722222221,0
333028,2026-08-27 19:52:31+00:00,2026-08-27 23:15:42+00:00,,,15.214884259259259,1
333027,2026-08-27 19:44:28+00:00,2026-08-27 22:28:00+00:00,2026-08-27 22:27:17+00:00,0.11306712962962963,15.220474537037036,0
333022,2026-08-27 19:07:01+00:00,2026-08-28 08:20:28+00:00,,,15.246481481481482,1
333021,2026-08-27 19:06:19+00:00,2026-08-28 02:14:30+00:00,,,15.246967592592593,1
333014,2026-08-27 18:49:01+00:00,2026-08-27 20:00:02+00:00,2026-08-27 19:59:13+00:00,0.04875,15.25898148148148,0
333011,2026-08-27 18:41:46+00:00,2026-08-27 19:59:58+00:00,2026-08-27 19:58:24+00:00,0.053217592592592594,15.264016203703704,0
333010,2026-08-27 18:37:13+00:00,2026-09-08 21:34:07+00:00,2026-09-08 21:32:42+00:00,12.121863425925927,15.267175925925926,1
333008,2026-08-27 18:33:12+00:00,2026-08-27 19:16:44+00:00,2026-08-27 19:15:45+00:00,0.029548611111111112,15.269965277777779,0
333003,2026-08-27 18:16:35+00:00,2026-09-01 22:29:29+00:00,2026-08-27 19:20:29+00:00,0.044375,15.28150462962963,0
333000,2026-08-27 17:56:49+00:00,2026-08-27 21:21:07+00:00,2026-08-27 21:20:18+00:00,0.14130787037037038,15.295231481481482,0
332999,2026-08-27 17:54:44+00:00,2026-08-31 18:52:00+00:00,2026-08-31 18:52:00+00:00,4.039768518518518,15.296678240740741,0
332998,2026-08-27 17:51:08+00:00,2026-08-29 17:24:34+00:00,2026-08-29 17:23:43+00:00,1.980960648148148,15.29917824074074,0
332994,2026-08-27 17:46:19+00:00,2026-08-28 01:20:33+00:00,2026-08-28 01:19:41+00:00,0.31483796296296296,15.302523148148149,0
332992,2026-08-27 17:31:49+00:00,2026-08-27 18:39:34+00:00,2026-08-27 18:38:48+00:00,0.046516203703703705,15.312592592592592,0
332989,2026-08-27 17:27:55+00:00,2026-09-06 02:22:54+00:00,,,15.315300925925927,1
332987,2026-08-27 17:10:00+00:00,2026-08-28 07:39:28+00:00,2026-08-28 07:38:38+00:00,0.6032175925925926,15.327743055555555,0
332985,2026-08-27 17:06:17+00:00,2026-08-30 22:46:57+00:00,2026-08-30 22:46:11+00:00,3.2360416666666665,15.330324074074074,0
332984,2026-08-27 17:04:19+00:00,2026-08-27 18:34:55+00:00,2026-08-27 18:33:48+00:00,0.062141203703703705,15.331689814814816,0
332982,2026-08-27 16:58:50+00:00,2026-09-07 11:06:05+00:00,2026-09-03 18:27:24+00:00,7.0615046296296295,15.335497685185185,1
332981,2026-08-27 16:55:22+00:00,2026-08-27 17:33:22+00:00,2026-08-27 17:33:22+00:00,0.02638888888888889,15.337905092592592,0
332979,2026-08-27 16:44:35+00:00,2026-08-27 18:51:53+00:00,2026-08-27 18:50:57+00:00,0.08775462962962963,15.345393518518518,0
332977,2026-08-27 16:35:25+00:00,2026-08-27 17:24:00+00:00,2026-08-27 17:23:59+00:00,0.033726851851851855,15.351759259259259,0
332976,2026-08-27 16:32:54+00:00,2026-08-27 17:30:10+00:00,2026-08-27 17:29:22+00:00,0.03921296296296296,15.353506944444444,0
332974,2026-08-27 16:26:53+00:00,2026-08-27 18:48:14+00:00,2026-08-27 18:48:14+00:00,0.09815972222222222,15.357685185185185,0
332971,2026-08-27 16:20:55+00:00,2026-08-27 18:27:21+00:00,2026-08-27 18:27:20+00:00,0.08778935185185185,15.361828703703704,0
332970,2026-08-27 16:19:39+00:00,2026-08-27 17:00:09+00:00,2026-08-27 17:00:08+00:00,0.028113425925925927,15.362708333333334,0
332968,2026-08-27 16:15:15+00:00,2026-08-27 17:30:27+00:00,2026-08-27 17:30:27+00:00,0.052222222222222225,15.365763888888889,0
332967,2026-08-27 16:14:58+00:00,2026-08-27 18:30:21+00:00,2026-08-27 17:30:24+00:00,0.05238425925925926,15.365960648148148,0
332966,2026-08-27 16:14:40+00:00,2026-08-27 17:30:21+00:00,2026-08-27 17:30:21+00:00,0.05255787037037037,15.366168981481481,0
332965,2026-08-27 16:14:25+00:00,2026-08-27 17:30:19+00:00,2026-08-27 17:30:19+00:00,0.052708333333333336,15.366342592592593,0
332964,2026-08-27 16:14:11+00:00,2026-08-27 17:30:16+00:00,2026-08-27 17:30:16+00:00,0.052835648148148145,15.36650462962963,0
332963,2026-08-27 16:13:57+00:00,2026-08-27 17:30:14+00:00,2026-08-27 17:30:14+00:00,0.052974537037037035,15.366666666666667,0
332962,2026-08-27 16:13:42+00:00,2026-08-27 17:30:11+00:00,2026-08-27 17:30:11+00:00,0.053113425925925925,15.366840277777778,0
332961,2026-08-27 16:13:22+00:00,2026-08-27 17:30:09+00:00,2026-08-27 17:30:09+00:00,0.053321759259259256,15.36707175925926,0
332958,2026-08-27 16:06:51+00:00,2026-08-27 16:54:37+00:00,2026-08-27 16:53:28+00:00,0.032372685185185185,15.371597222222222,0
332953,2026-08-27 15:32:23+00:00,2026-08-27 16:27:00+00:00,2026-08-27 16:26:58+00:00,0.037905092592592594,15.395532407407407,0
332952,2026-08-27 15:31:09+00:00,2026-08-27 22:45:35+00:00,2026-08-27 22:44:39+00:00,0.30104166666666665,15.39638888888889,0
332951,2026-08-27 15:29:25+00:00,2026-08-27 16:03:48+00:00,2026-08-27 16:03:46+00:00,0.023854166666666666,15.397592592592593,0
332950,2026-08-27 15:27:42+00:00,2026-08-27 19:36:45+00:00,2026-08-27 19:35:40+00:00,0.1721990740740741,15.398784722222222,0
332948,2026-08-27 15:17:41+00:00,2026-08-27 17:33:15+00:00,2026-08-27 17:32:11+00:00,0.09340277777777778,15.405740740740741,0
332945,2026-08-27 14:39:40+00:00,2026-09-03 17:02:25+00:00,2026-09-03 17:02:24+00:00,7.09912037037037,15.432141203703704,1
332943,2026-08-27 14:32:59+00:00,2026-08-27 15:34:09+00:00,2026-08-27 15:32:28+00:00,0.04130787037037037,15.436782407407408,0
332942,2026-08-27 14:30:42+00:00,2026-08-27 14:48:48+00:00,2026-08-27 14:48:48+00:00,0.012569444444444444,15.438368055555555,0
332941,2026-08-27 14:27:43+00:00,2026-08-27 15:58:19+00:00,2026-08-27 15:57:35+00:00,0.062407407407407404,15.440439814814814,0
332939,2026-08-27 13:51:05+00:00,2026-08-27 14:44:33+00:00,2026-08-27 14:43:53+00:00,0.03666666666666667,15.46587962962963,0
332937,2026-08-27 13:44:17+00:00,2026-09-04 11:19:15+00:00,,,15.470601851851852,1
332935,2026-08-27 13:29:03+00:00,2026-09-11 13:32:18+00:00,,,15.481180555555556,1
332932,2026-08-27 13:02:52+00:00,2026-08-27 17:14:12+00:00,2026-08-27 17:13:14+00:00,0.17386574074074074,15.499363425925926,0
332931,2026-08-27 12:47:03+00:00,2026-08-30 22:08:58+00:00,2026-08-27 20:38:03+00:00,0.32708333333333334,15.510347222222222,0
332929,2026-08-27 12:38:17+00:00,2026-08-30 22:25:54+00:00,2026-08-27 20:37:45+00:00,0.33296296296296296,15.516435185185186,0
332926,2026-08-27 12:15:07+00:00,2026-08-30 22:08:57+00:00,2026-08-27 13:27:37+00:00,0.050347222222222224,15.532523148148147,0
332923,2026-08-27 11:47:07+00:00,2026-08-27 20:02:31+00:00,2026-08-27 16:14:32+00:00,0.1857060185185185,15.551967592592593,0
332922,2026-08-27 11:41:02+00:00,2026-08-30 22:08:56+00:00,2026-08-27 12:01:31+00:00,0.014224537037037037,15.556192129629629,0
332918,2026-08-27 11:17:35+00:00,2026-08-27 14:38:40+00:00,2026-08-27 14:38:40+00:00,0.1396412037037037,15.572476851851851,0
332916,2026-08-27 10:54:37+00:00,2026-08-27 12:00:38+00:00,2026-08-27 12:00:00+00:00,0.045405092592592594,15.588425925925925,0
332911,2026-08-27 10:09:42+00:00,2026-08-27 11:59:57+00:00,2026-08-27 11:59:13+00:00,0.07605324074074074,15.619618055555556,0
332909,2026-08-27 09:57:02+00:00,2026-08-27 12:02:52+00:00,2026-08-27 12:02:01+00:00,0.08679398148148149,15.628414351851852,0
332908,2026-08-27 09:50:57+00:00,2026-09-06 11:42:27+00:00,,,15.63263888888889,1
332904,2026-08-27 08:56:25+00:00,2026-08-27 09:59:04+00:00,2026-08-27 09:57:50+00:00,0.042650462962962966,15.670509259259259,0
332900,2026-08-27 08:48:31+00:00,2026-08-27 09:44:30+00:00,2026-08-27 09:43:05+00:00,0.03789351851851852,15.675995370370371,0
332899,2026-08-27 08:47:47+00:00,2026-08-27 09:32:54+00:00,2026-08-27 09:32:05+00:00,0.03076388888888889,15.67650462962963,0
332895,2026-08-27 08:07:41+00:00,2026-08-27 08:31:23+00:00,2026-08-27 08:30:29+00:00,0.015833333333333335,15.704351851851852,0
332893,2026-08-27 07:53:34+00:00,2026-08-27 10:04:51+00:00,2026-08-27 10:03:49+00:00,0.09045138888888889,15.714155092592593,0
332892,2026-08-27 07:47:45+00:00,2026-08-27 20:00:01+00:00,2026-08-27 19:59:11+00:00,0.5079398148148148,15.718194444444444,0
332891,2026-08-27 07:47:05+00:00,2026-08-27 22:04:49+00:00,2026-08-27 22:04:40+00:00,0.5955439814814815,15.718657407407408,0
332890,2026-08-27 07:45:30+00:00,2026-08-27 17:30:06+00:00,2026-08-27 17:30:06+00:00,0.40597222222222223,15.719756944444445,0
332878,2026-08-27 06:12:00+00:00,2026-08-30 22:08:55+00:00,2026-08-27 06:46:49+00:00,0.02417824074074074,15.7846875,0
332876,2026-08-27 05:02:10+00:00,2026-08-28 14:58:55+00:00,,,15.83318287037037,1
332875,2026-08-27 04:55:49+00:00,2026-08-27 07:07:07+00:00,2026-08-27 07:06:07+00:00,0.09048611111111111,15.837592592592593,0
332874,2026-08-27 04:50:20+00:00,2026-08-27 06:46:58+00:00,2026-08-27 06:46:12+00:00,0.08046296296296296,15.841400462962962,0
332872,2026-08-27 04:38:37+00:00,2026-08-27 07:40:32+00:00,,,15.849537037037036,1
332869,2026-08-27 04:03:48+00:00,2026-08-27 06:46:43+00:00,2026-08-27 06:45:56+00:00,0.11259259259259259,15.873715277777778,0
332864,2026-08-27 03:12:33+00:00,2026-08-27 05:25:08+00:00,2026-08-27 05:25:06+00:00,0.09204861111111111,15.909305555555555,0
332863,2026-08-27 03:11:14+00:00,2026-08-28 07:08:40+00:00,2026-08-28 07:08:38+00:00,1.1648611111111111,15.910219907407408,0
332855,2026-08-27 01:56:40+00:00,2026-08-27 06:46:42+00:00,2026-08-27 06:46:04+00:00,0.20097222222222222,15.962002314814814,0
332844,2026-08-26 23:42:37+00:00,2026-08-27 02:39:09+00:00,2026-08-27 02:36:08+00:00,0.12049768518518518,16.055092592592594,0
332841,2026-08-26 23:18:03+00:00,2026-08-27 00:17:01+00:00,2026-08-27 00:15:48+00:00,0.04010416666666667,16.072152777777777,0
332839,2026-08-26 23:06:59+00:00,2026-08-26 23:43:55+00:00,2026-08-26 23:42:56+00:00,0.024965277777777777,16.079837962962962,0
332838,2026-08-26 22:59:39+00:00,2026-08-27 21:10:18+00:00,,,16.084930555555555,1
332835,2026-08-26 22:48:43+00:00,2026-08-27 00:15:47+00:00,,,16.09252314814815,1
332834,2026-08-26 22:39:27+00:00,2026-09-02 13:22:37+00:00,2026-09-02 13:22:27+00:00,6.613194444444445,16.098958333333332,0
332833,2026-08-26 22:33:22+00:00,2026-08-27 05:51:43+00:00,2026-08-27 05:50:06+00:00,0.303287037037037,16.10318287037037,0
332828,2026-08-26 21:57:40+00:00,2026-08-31 15:18:43+00:00,2026-08-31 15:16:25+00:00,4.721354166666667,16.127974537037037,0
332827,2026-08-26 21:52:22+00:00,2026-09-08 19:41:03+00:00,2026-09-08 19:39:41+00:00,12.907858796296296,16.13165509259259,1
332826,2026-08-26 21:44:11+00:00,2026-08-26 22:40:26+00:00,2026-08-26 22:39:17+00:00,0.03826388888888889,16.137337962962963,0
332825,2026-08-26 21:42:22+00:00,2026-08-27 18:59:36+00:00,2026-08-27 18:59:33+00:00,0.8869328703703704,16.138599537037038,0
332824,2026-08-26 21:38:23+00:00,2026-09-03 19:04:52+00:00,2026-09-03 19:04:03+00:00,7.892824074074074,16.141365740740742,1
332823,2026-08-26 21:34:22+00:00,2026-08-28 06:15:13+00:00,2026-08-28 06:14:07+00:00,1.3609375,16.14415509259259,0
332822,2026-08-26 21:33:32+00:00,2026-08-27 17:52:13+00:00,2026-08-27 17:51:23+00:00,0.8457291666666666,16.144733796296297,0
332821,2026-08-26 21:32:19+00:00,2026-08-28 01:41:26+00:00,2026-08-28 01:39:38+00:00,1.1717476851851851,16.145578703703702,0
332820,2026-08-26 21:30:25+00:00,2026-08-27 00:27:41+00:00,2026-08-27 00:26:52+00:00,0.12253472222222223,16.146898148148146,0
332818,2026-08-26 21:14:03+00:00,2026-08-26 21:51:28+00:00,2026-08-26 21:50:37+00:00,0.02539351851851852,16.15826388888889,0
332817,2026-08-26 21:06:22+00:00,2026-09-02 07:42:05+00:00,,,16.163599537037037,1
332815,2026-08-26 21:00:18+00:00,2026-08-26 21:17:21+00:00,,,16.1678125,1
332814,2026-08-26 20:49:39+00:00,2026-08-26 22:05:51+00:00,,,16.175208333333334,1
332813,2026-08-26 20:49:18+00:00,2026-08-26 21:36:03+00:00,2026-08-26 21:34:55+00:00,0.03167824074074074,16.175451388888888,0
332812,2026-08-26 20:45:07+00:00,2026-08-26 22:38:27+00:00,2026-08-26 22:37:40+00:00,0.07815972222222223,16.178356481481483,0
332809,2026-08-26 20:06:48+00:00,2026-09-08 13:39:53+00:00,2026-09-08 13:38:12+00:00,12.730138888888888,16.204965277777777,1
332807,2026-08-26 19:44:43+00:00,2026-08-26 20:22:33+00:00,2026-08-26 20:21:54+00:00,0.02582175925925926,16.220300925925926,0
332804,2026-08-26 18:48:38+00:00,2026-08-26 19:51:23+00:00,2026-08-26 19:50:23+00:00,0.042881944444444445,16.259247685185183,0
332803,2026-08-26 18:48:14+00:00,2026-08-27 03:07:11+00:00,2026-08-27 03:07:08+00:00,0.3464583333333333,16.259525462962962,0
332802,2026-08-26 18:45:55+00:00,2026-08-29 17:34:26+00:00,2026-08-29 13:29:40+00:00,2.7803819444444446,16.261134259259258,0
332801,2026-08-26 18:42:04+00:00,2026-09-03 11:04:49+00:00,2026-09-03 11:04:46+00:00,7.682430555555555,16.26380787037037,1
332800,2026-08-26 18:40:13+00:00,2026-08-26 19:38:55+00:00,2026-08-26 19:38:13+00:00,0.04027777777777778,16.26509259259259,0
332799,2026-08-26 18:09:41+00:00,2026-09-03 00:01:41+00:00,2026-09-01 19:57:46+00:00,6.075057870370371,16.286296296296296,0
332796,2026-08-26 17:47:45+00:00,2026-08-26 19:56:24+00:00,2026-08-26 19:55:42+00:00,0.08885416666666666,16.30152777777778,0
332795,2026-08-26 17:44:05+00:00,2026-08-30 22:08:54+00:00,2026-08-26 19:50:40+00:00,0.08790509259259259,16.304074074074073,0
332793,2026-08-26 17:27:04+00:00,2026-09-09 07:49:58+00:00,2026-08-26 18:25:14+00:00,0.040393518518518516,16.315891203703703,0
332792,2026-08-26 17:22:38+00:00,2026-08-26 18:11:35+00:00,2026-08-26 18:10:48+00:00,0.033449074074074076,16.318969907407407,0
332791,2026-08-26 17:19:51+00:00,2026-08-26 22:34:49+00:00,2026-08-26 22:34:10+00:00,0.21827546296296296,16.32090277777778,0
332789,2026-08-26 17:09:09+00:00,2026-08-26 17:51:37+00:00,2026-08-26 17:50:31+00:00,0.02872685185185185,16.328333333333333,0
332788,2026-08-26 17:06:53+00:00,2026-08-26 20:54:55+00:00,2026-08-26 20:53:57+00:00,0.15768518518518518,16.329907407407408,0
332786,2026-08-26 17:02:34+00:00,2026-08-26 17:39:49+00:00,2026-08-26 17:38:51+00:00,0.02519675925925926,16.332905092592593,0
332785,2026-08-26 16:56:32+00:00,2026-08-26 18:19:41+00:00,2026-08-26 18:18:38+00:00,0.05701388888888889,16.33709490740741,0
332784,2026-08-26 16:36:43+00:00,2026-08-27 08:35:01+00:00,2026-08-27 08:34:09+00:00,0.6648842592592593,16.350856481481483,0
332783,2026-08-26 16:36:01+00:00,2026-08-27 09:34:13+00:00,2026-08-27 09:33:00+00:00,0.7062384259259259,16.35134259259259,0
332781,2026-08-26 16:12:50+00:00,2026-08-27 15:24:36+00:00,2026-08-27 15:23:43+00:00,0.9658912037037037,16.36744212962963,0
332779,2026-08-26 16:11:29+00:00,2026-08-27 06:32:31+00:00,2026-08-26 18:03:26+00:00,0.07774305555555555,16.36837962962963,0
332776,2026-08-26 15:59:22+00:00,2026-09-08 06:50:43+00:00,2026-09-08 06:50:43+00:00,12.618993055555556,16.37679398148148,1
332773,2026-08-26 15:45:47+00:00,2026-08-26 17:10:42+00:00,2026-08-26 16:13:16+00:00,0.019085648148148147,16.386226851851852,0
332767,2026-08-26 15:28:00+00:00,2026-09-11 18:14:59+00:00,2026-09-11 18:14:59+00:00,16.11596064814815,16.398576388888888,1
332766,2026-08-26 15:25:33+00:00,2026-09-04 12:25:59+00:00,2026-09-04 12:25:58+00:00,8.875289351851851,16.400277777777777,1
332762,2026-08-26 15:06:47+00:00,2026-08-26 16:54:53+00:00,2026-08-26 16:53:45+00:00,0.07428240740740741,16.413310185185185,0
332760,2026-08-26 14:58:32+00:00,2026-08-26 17:27:05+00:00,2026-08-26 17:25:42+00:00,0.10219907407407407,16.41903935185185,0
332759,2026-08-26 14:57:17+00:00,2026-08-26 19:19:07+00:00,2026-08-26 19:17:54+00:00,0.1809837962962963,16.419907407407408,0
332758,2026-08-26 14:57:17+00:00,2026-08-30 22:08:53+00:00,2026-08-26 17:51:05+00:00,0.12069444444444444,16.419907407407408,0
332757,2026-08-26 14:56:55+00:00,2026-08-26 17:03:30+00:00,2026-08-26 17:02:19+00:00,0.08708333333333333,16.420162037037038,0
332756,2026-08-26 14:55:04+00:00,2026-08-26 15:58:59+00:00,2026-08-26 15:58:13+00:00,0.043854166666666666,16.421446759259258,0
332750,2026-08-26 14:32:02+00:00,2026-08-26 15:50:53+00:00,,,16.43744212962963,1
332745,2026-08-26 14:24:44+00:00,2026-08-26 19:18:54+00:00,2026-08-26 19:18:52+00:00,0.20425925925925925,16.442511574074075,0
332743,2026-08-26 14:19:32+00:00,2026-08-26 15:57:57+00:00,2026-08-26 15:56:49+00:00,0.06755787037037037,16.446122685185184,0
332742,2026-08-26 14:17:15+00:00,2026-08-26 16:50:04+00:00,2026-08-26 16:49:00+00:00,0.10538194444444444,16.447708333333335,0
332739,2026-08-26 12:56:22+00:00,2026-08-30 22:08:53+00:00,2026-08-26 13:58:47+00:00,0.04334490740740741,16.503877314814815,0
332738,2026-08-26 12:38:32+00:00,2026-08-26 14:19:41+00:00,,,16.516261574074075,1
332735,2026-08-26 12:00:00+00:00,2026-08-26 13:25:42+00:00,,,16.543020833333333,1
332731,2026-08-26 11:21:58+00:00,2026-08-26 13:25:45+00:00,,,16.56943287037037,1
332728,2026-08-26 11:08:32+00:00,2026-09-02 17:37:12+00:00,2026-09-02 17:37:11+00:00,7.269895833333333,16.578761574074075,1
332726,2026-08-26 10:59:40+00:00,2026-09-01 18:38:21+00:00,2026-09-01 18:36:45+00:00,6.317418981481482,16.584918981481483,0
332723,2026-08-26 10:40:23+00:00,2026-08-26 11:29:16+00:00,2026-08-26 11:28:06+00:00,0.033136574074074075,16.598310185185184,0
332722,2026-08-26 10:33:09+00:00,2026-08-26 12:15:02+00:00,,,16.60333333333333,1
332720,2026-08-26 10:28:23+00:00,2026-08-26 14:22:02+00:00,2026-08-26 14:20:04+00:00,0.16089120370370372,16.606643518518517,0
332718,2026-08-26 10:10:22+00:00,2026-08-28 08:56:13+00:00,2026-08-28 08:56:11+00:00,1.9484837962962962,16.619155092592592,0
332716,2026-08-26 09:58:55+00:00,2026-08-26 11:12:29+00:00,,,16.62710648148148,1
332714,2026-08-26 09:56:39+00:00,2026-08-26 11:36:48+00:00,2026-08-26 11:36:48+00:00,0.06954861111111112,16.628680555555555,0
332713,2026-08-26 09:50:04+00:00,2026-08-26 11:28:36+00:00,2026-08-26 11:27:19+00:00,0.06753472222222222,16.633252314814815,0
332709,2026-08-26 09:25:08+00:00,2026-08-26 09:49:16+00:00,2026-08-26 09:48:24+00:00,0.01615740740740741,16.65056712962963,0
332708,2026-08-26 09:11:07+00:00,2026-08-26 09:43:42+00:00,2026-08-26 09:41:59+00:00,0.021435185185185186,16.660300925925927,0
332705,2026-08-26 09:00:59+00:00,2026-08-26 09:31:16+00:00,,,16.667337962962964,1
332704,2026-08-26 08:52:32+00:00,2026-09-01 22:50:48+00:00,2026-09-01 22:49:52+00:00,6.5814814814814815,16.673206018518517,0
332703,2026-08-26 08:49:33+00:00,2026-08-26 20:11:04+00:00,2026-08-26 20:10:12+00:00,0.4726736111111111,16.67527777777778,0
332697,2026-08-26 07:58:53+00:00,2026-08-28 16:49:04+00:00,2026-08-27 19:57:59+00:00,1.499375,16.710462962962964,0
332696,2026-08-26 07:58:34+00:00,2026-08-26 13:51:55+00:00,2026-08-26 13:51:14+00:00,0.2449074074074074,16.71068287037037,0
332691,2026-08-26 07:28:05+00:00,2026-09-03 05:45:48+00:00,2026-09-03 05:45:47+00:00,7.928958333333333,16.73185185185185,1
332689,2026-08-26 06:58:43+00:00,2026-08-26 15:59:27+00:00,2026-08-26 15:58:17+00:00,0.3746990740740741,16.75224537037037,0
332687,2026-08-26 06:22:14+00:00,2026-08-26 09:21:50+00:00,2026-08-26 09:20:52+00:00,0.12405092592592593,16.777581018518518,0
332685,2026-08-26 06:11:51+00:00,2026-08-26 07:29:52+00:00,2026-08-26 07:29:08+00:00,0.053668981481481484,16.784791666666667,0
332681,2026-08-26 05:13:55+00:00,2026-08-28 15:37:07+00:00,2026-08-28 15:36:22+00:00,2.4322569444444446,16.825023148148148,0
332680,2026-08-26 04:21:28+00:00,2026-08-27 20:14:41+00:00,,,16.86144675925926,1
332677,2026-08-26 03:58:39+00:00,2026-08-26 04:37:13+00:00,2026-08-26 04:37:11+00:00,0.02675925925925926,16.877291666666668,0
332674,2026-08-26 02:53:22+00:00,2026-08-26 20:39:58+00:00,2026-08-26 20:38:32+00:00,0.7396990740740741,16.922627314814815,0
332669,2026-08-26 01:41:03+00:00,2026-08-26 05:29:22+00:00,2026-08-26 05:28:41+00:00,0.1580787037037037,16.97284722222222,0
332668,2026-08-26 01:19:51+00:00,2026-08-26 02:36:46+00:00,2026-08-26 02:36:04+00:00,0.05292824074074074,16.987569444444443,0
332664,2026-08-26 00:47:42+00:00,2026-08-26 05:27:49+00:00,2026-08-26 05:26:53+00:00,0.19387731481481482,17.009895833333335,0
332661,2026-08-26 00:06:30+00:00,2026-09-08 23:05:49+00:00,,,17.038506944444446,1
332660,2026-08-25 23:45:51+00:00,2026-08-26 07:27:13+00:00,2026-08-26 07:26:29+00:00,0.3198842592592593,17.052847222222223,0
332658,2026-08-25 23:28:23+00:00,2026-09-09 16:49:49+00:00,2026-09-09 16:49:49+00:00,14.723217592592592,17.064976851851853,1
332657,2026-08-25 22:57:19+00:00,2026-08-26 02:31:22+00:00,2026-08-26 02:30:38+00:00,0.14813657407407407,17.086550925925927,0
332656,2026-08-25 22:54:02+00:00,2026-09-10 04:30:46+00:00,2026-09-04 16:11:15+00:00,9.720289351851852,17.08883101851852,1
332655,2026-08-25 22:48:51+00:00,2026-08-27 17:45:56+00:00,2026-08-27 17:45:13+00:00,1.7891435185185185,17.092430555555556,0
332654,2026-08-25 22:43:38+00:00,2026-08-26 00:05:10+00:00,2026-08-26 00:04:16+00:00,0.05599537037037037,17.09605324074074,0
332653,2026-08-25 22:34:41+00:00,2026-08-25 23:57:45+00:00,2026-08-25 23:56:54+00:00,0.05709490740740741,17.102268518518517,0
332649,2026-08-25 22:15:44+00:00,2026-08-26 19:37:28+00:00,2026-08-26 19:36:21+00:00,0.8893171296296296,17.11542824074074,0
332646,2026-08-25 22:01:11+00:00,2026-08-25 23:33:27+00:00,,,17.12553240740741,1
332645,2026-08-25 22:00:59+00:00,2026-09-01 23:25:06+00:00,2026-09-01 23:25:04+00:00,7.058391203703704,17.125671296296296,1
332643,2026-08-25 21:54:02+00:00,2026-08-25 22:34:25+00:00,2026-08-25 22:33:47+00:00,0.027604166666666666,17.130497685185187,0
332639,2026-08-25 21:47:49+00:00,2026-08-26 02:29:20+00:00,2026-08-26 02:28:25+00:00,0.19486111111111112,17.134814814814813,0
332638,2026-08-25 21:44:41+00:00,2026-08-25 22:18:04+00:00,2026-08-25 22:17:20+00:00,0.02267361111111111,17.136990740740742,0
332637,2026-08-25 21:42:21+00:00,2026-08-26 00:08:04+00:00,2026-08-26 00:07:13+00:00,0.10060185185185185,17.13861111111111,0
332636,2026-08-25 21:36:43+00:00,2026-08-28 09:13:26+00:00,,,17.142523148148147,1
332634,2026-08-25 21:11:00+00:00,2026-08-25 22:18:25+00:00,2026-08-25 22:17:34+00:00,0.04622685185185185,17.160381944444445,0
332632,2026-08-25 21:03:58+00:00,2026-08-25 22:09:14+00:00,,,17.165266203703705,1
332630,2026-08-25 21:01:58+00:00,2026-08-25 22:09:18+00:00,,,17.166655092592592,1
332629,2026-08-25 21:01:55+00:00,2026-08-28 09:13:34+00:00,,,17.166689814814816,1
332628,2026-08-25 21:01:51+00:00,2026-08-28 09:13:36+00:00,,,17.16673611111111,1
332627,2026-08-25 21:01:48+00:00,2026-08-25 22:09:22+00:00,,,17.166770833333334,1
332626,2026-08-25 21:01:38+00:00,2026-08-25 22:09:24+00:00,,,17.166886574074073,1
332625,2026-08-25 21:01:35+00:00,2026-08-28 09:13:29+00:00,,,17.166921296296298,1
332624,2026-08-25 21:01:30+00:00,2026-08-25 22:09:27+00:00,,,17.166979166666668,1
332623,2026-08-25 21:01:23+00:00,2026-08-25 22:09:29+00:00,,,17.167060185185186,1
332621,2026-08-25 21:00:02+00:00,2026-08-26 13:18:29+00:00,2026-08-26 13:17:48+00:00,0.6790046296296296,17.167997685185185,0
332612,2026-08-25 20:52:48+00:00,2026-08-25 23:31:33+00:00,2026-08-25 23:30:25+00:00,0.10945601851851852,17.173020833333332,0
332609,2026-08-25 20:26:57+00:00,2026-08-25 23:05:21+00:00,2026-08-25 23:04:34+00:00,0.10945601851851852,17.19097222222222,0
332608,2026-08-25 20:26:52+00:00,2026-08-25 22:09:35+00:00,,,17.19103009259259,1
332607,2026-08-25 20:26:22+00:00,2026-08-26 01:00:43+00:00,2026-08-26 00:59:53+00:00,0.18994212962962964,17.191377314814815,0
332606,2026-08-25 20:11:56+00:00,2026-08-25 22:18:37+00:00,2026-08-25 22:17:43+00:00,0.08734953703703703,17.20140046296296,0
332605,2026-08-25 20:01:16+00:00,2026-08-25 21:10:53+00:00,,,17.20880787037037,1
332604,2026-08-25 19:41:38+00:00,2026-08-26 05:34:05+00:00,,,17.22244212962963,1
332602,2026-08-25 19:38:30+00:00,2026-08-26 14:49:15+00:00,2026-08-26 14:48:30+00:00,0.7986111111111112,17.224618055555556,0
332598,2026-08-25 18:48:01+00:00,2026-08-25 20:16:37+00:00,2026-08-25 20:15:57+00:00,0.061064814814814815,17.259675925925926,0
332594,2026-08-25 18:25:21+00:00,2026-08-25 18:51:15+00:00,2026-08-25 18:49:42+00:00,0.016909722222222222,17.27541666666667,0
332593,2026-08-25 18:20:37+00:00,2026-09-07 13:34:36+00:00,2026-09-02 07:53:31+00:00,7.5645138888888885,17.278703703703705,1
332590,2026-08-25 18:08:17+00:00,2026-08-25 19:34:41+00:00,2026-08-25 19:33:41+00:00,0.059305555555555556,17.28726851851852,0
332589,2026-08-25 17:58:55+00:00,2026-08-25 19:20:20+00:00,2026-08-25 19:19:38+00:00,0.056053240740740744,17.293773148148148,0
332588,2026-08-25 17:56:01+00:00,2026-08-25 19:23:11+00:00,2026-08-25 19:22:11+00:00,0.05983796296296296,17.295787037037037,0
332587,2026-08-25 17:31:19+00:00,2026-08-27 17:41:45+00:00,,,17.312939814814815,1
332586,2026-08-25 17:25:29+00:00,2026-08-29 09:27:33+00:00,,,17.316990740740742,1
332585,2026-08-25 17:22:01+00:00,2026-08-25 19:17:59+00:00,,,17.31939814814815,1
332584,2026-08-25 17:21:52+00:00,2026-08-25 19:55:16+00:00,2026-08-25 19:54:08+00:00,0.10574074074074075,17.319502314814816,0
332583,2026-08-25 17:18:59+00:00,2026-08-25 19:18:02+00:00,,,17.32150462962963,1
332581,2026-08-25 16:55:21+00:00,2026-08-25 22:17:29+00:00,2026-08-25 22:16:36+00:00,0.2230902777777778,17.33791666666667,0
332580,2026-08-25 16:51:04+00:00,2026-08-29 20:47:43+00:00,,,17.340891203703702,1
332579,2026-08-25 16:50:45+00:00,2026-08-29 20:48:06+00:00,,,17.34111111111111,1
332576,2026-08-25 15:59:23+00:00,2026-08-25 17:14:21+00:00,,,17.376782407407408,1
332574,2026-08-25 15:53:33+00:00,2026-08-25 22:17:47+00:00,2026-08-25 22:16:56+00:00,0.26623842592592595,17.38083333333333,0
332573,2026-08-25 15:51:48+00:00,2026-08-25 17:53:20+00:00,,,17.38204861111111,1
332572,2026-08-25 15:42:06+00:00,2026-08-25 17:51:56+00:00,,,17.388784722222223,1
332571,2026-08-25 15:41:00+00:00,2026-08-25 20:04:55+00:00,2026-08-25 20:04:54+00:00,0.1832638888888889,17.38954861111111,0
332569,2026-08-25 15:27:27+00:00,2026-08-25 16:46:26+00:00,2026-08-25 16:45:07+00:00,0.05393518518518518,17.398958333333333,0
332564,2026-08-25 15:01:48+00:00,2026-08-25 16:36:42+00:00,2026-08-25 16:35:55+00:00,0.06535879629629629,17.416770833333334,0
332562,2026-08-25 14:55:28+00:00,2026-08-25 15:22:55+00:00,2026-08-25 15:21:14+00:00,0.017893518518518517,17.421168981481483,0
332561,2026-08-25 14:39:32+00:00,2026-08-25 14:57:46+00:00,2026-08-25 14:57:46+00:00,0.012662037037037038,17.432233796296295,0
332558,2026-08-25 14:35:32+00:00,2026-08-30 22:25:54+00:00,2026-08-25 16:43:47+00:00,0.0890625,17.435011574074075,0
332554,2026-08-25 14:24:42+00:00,2026-08-25 15:58:16+00:00,2026-08-25 15:56:58+00:00,0.06407407407407407,17.442534722222224,0
332553,2026-08-25 14:15:13+00:00,2026-08-25 15:37:49+00:00,2026-08-25 15:35:38+00:00,0.055844907407407406,17.44912037037037,0
332552,2026-08-25 13:57:56+00:00,2026-08-28 19:17:35+00:00,2026-08-25 14:26:53+00:00,0.020104166666666666,17.461122685185185,0
332551,2026-08-25 13:53:23+00:00,2026-09-01 03:59:36+00:00,,,17.464282407407406,1
332550,2026-08-25 13:52:05+00:00,2026-08-27 08:02:42+00:00,2026-08-27 08:01:35+00:00,1.7565972222222221,17.465185185185184,0
332549,2026-08-25 13:47:11+00:00,2026-08-25 15:21:14+00:00,2026-08-25 15:20:28+00:00,0.0647800925925926,17.468587962962964,0
332548,2026-08-25 13:31:21+00:00,2026-08-25 15:21:44+00:00,2026-08-25 15:20:41+00:00,0.07592592592592592,17.479583333333334,0
332547,2026-08-25 13:02:58+00:00,2026-08-25 15:21:58+00:00,2026-08-25 15:20:16+00:00,0.09534722222222222,17.499293981481483,0
332544,2026-08-25 12:44:10+00:00,2026-08-28 04:50:17+00:00,2026-08-28 04:49:33+00:00,2.6704050925925924,17.512349537037036,0
332541,2026-08-25 12:07:30+00:00,2026-08-25 13:06:21+00:00,2026-08-25 13:05:36+00:00,0.04034722222222222,17.5378125,0
332539,2026-08-25 11:37:53+00:00,2026-08-25 16:32:26+00:00,2026-08-25 16:32:24+00:00,0.20452546296296295,17.55837962962963,0
332538,2026-08-25 11:34:55+00:00,2026-08-25 13:06:47+00:00,2026-08-25 13:06:00+00:00,0.06325231481481482,17.560439814814814,0
332535,2026-08-25 11:17:58+00:00,2026-08-25 15:20:13+00:00,2026-08-25 15:19:28+00:00,0.16770833333333332,17.572210648148147,0
332534,2026-08-25 11:16:20+00:00,2026-09-08 14:01:08+00:00,,,17.573344907407407,1
332533,2026-08-25 11:07:42+00:00,2026-09-01 23:25:09+00:00,2026-09-01 23:25:07+00:00,7.512094907407407,17.579340277777778,1
332532,2026-08-25 10:59:39+00:00,2026-08-25 13:05:18+00:00,2026-08-25 13:04:37+00:00,0.0867824074074074,17.584930555555555,0
332531,2026-08-25 10:48:05+00:00,2026-08-25 15:44:39+00:00,2026-08-25 15:44:39+00:00,0.20594907407407406,17.592962962962964,0
332530,2026-08-25 10:39:30+00:00,2026-08-27 10:08:21+00:00,2026-08-27 10:07:37+00:00,1.9778587962962964,17.59892361111111,0
332529,2026-08-25 10:33:51+00:00,2026-08-25 13:12:42+00:00,2026-08-25 13:12:42+00:00,0.1103125,17.602847222222223,0
332528,2026-08-25 10:29:49+00:00,2026-08-25 10:52:18+00:00,2026-08-25 10:51:36+00:00,0.015127314814814816,17.60564814814815,0
332527,2026-08-25 10:18:07+00:00,2026-09-07 08:22:14+00:00,2026-09-07 08:22:14+00:00,12.919525462962962,17.613773148148148,1
332524,2026-08-25 10:09:50+00:00,2026-08-25 11:13:11+00:00,,,17.61952546296296,1
332522,2026-08-25 09:59:50+00:00,2026-08-29 02:25:03+00:00,2026-08-28 12:05:30+00:00,3.0872685185185187,17.626469907407408,0
332521,2026-08-25 09:58:45+00:00,2026-08-25 10:48:18+00:00,2026-08-25 10:46:44+00:00,0.03332175925925926,17.627222222222223,0
332520,2026-08-25 09:49:30+00:00,2026-08-25 10:45:46+00:00,2026-08-25 10:44:47+00:00,0.038391203703703705,17.633645833333333,0
332519,2026-08-25 09:49:30+00:00,2026-08-26 01:01:13+00:00,2026-08-26 01:00:27+00:00,0.6326041666666666,17.633645833333333,0
332517,2026-08-25 09:29:11+00:00,2026-08-25 11:43:12+00:00,2026-08-25 11:42:14+00:00,0.09239583333333333,17.64775462962963,0
332516,2026-08-25 09:24:46+00:00,2026-08-26 07:42:55+00:00,2026-08-26 07:42:10+00:00,0.92875,17.65082175925926,0
332512,2026-08-25 08:59:17+00:00,2026-08-25 13:05:37+00:00,2026-08-25 13:04:50+00:00,0.17052083333333334,17.668518518518518,0
332511,2026-08-25 08:59:07+00:00,2026-08-25 10:01:21+00:00,2026-08-25 10:01:21+00:00,0.04321759259259259,17.66863425925926,0
332510,2026-08-25 08:57:09+00:00,2026-08-25 10:12:30+00:00,,,17.67,1
332509,2026-08-25 08:55:57+00:00,2026-08-25 10:12:43+00:00,,,17.670833333333334,1
332508,2026-08-25 08:54:13+00:00,2026-08-28 09:13:38+00:00,,,17.672037037037036,1
332504,2026-08-25 08:51:58+00:00,2026-08-25 12:20:52+00:00,2026-08-25 12:19:09+00:00,0.1438773148148148,17.67359953703704,0
332503,2026-08-25 08:51:56+00:00,2026-08-25 13:03:45+00:00,2026-08-25 13:02:51+00:00,0.17424768518518519,17.673622685185187,0
332499,2026-08-25 08:26:46+00:00,2026-08-25 13:13:12+00:00,2026-08-25 13:13:12+00:00,0.19891203703703703,17.691099537037037,0
332496,2026-08-25 07:53:42+00:00,2026-08-25 10:47:34+00:00,2026-08-25 10:46:52+00:00,0.12025462962962963,17.7140625,0
332495,2026-08-25 07:52:05+00:00,2026-08-25 09:32:40+00:00,2026-08-25 08:32:53+00:00,0.028333333333333332,17.715185185185184,0
332494,2026-08-25 07:30:38+00:00,2026-08-25 10:25:09+00:00,2026-08-25 10:25:03+00:00,0.12112268518518518,17.73008101851852,0
332489,2026-08-25 06:34:01+00:00,2026-08-25 07:19:39+00:00,2026-08-25 07:19:37+00:00,0.03166666666666667,17.76939814814815,0
332487,2026-08-25 06:00:08+00:00,2026-08-28 05:21:29+00:00,,,17.79292824074074,1
332485,2026-08-25 05:45:29+00:00,2026-08-25 15:34:50+00:00,2026-08-25 15:33:51+00:00,0.40858796296296296,17.803101851851853,0
332481,2026-08-25 03:47:21+00:00,2026-08-26 20:41:58+00:00,2026-08-26 19:57:20+00:00,1.6735995370370371,17.88513888888889,0
332480,2026-08-25 03:34:26+00:00,2026-08-25 05:16:17+00:00,,,17.894108796296297,1
332478,2026-08-25 03:04:04+00:00,2026-08-28 17:58:08+00:00,2026-08-25 03:07:32+00:00,0.0024074074074074076,17.91519675925926,0
332476,2026-08-25 02:46:08+00:00,2026-08-25 23:22:16+00:00,2026-08-25 23:21:34+00:00,0.8579398148148148,17.927650462962962,0
332475,2026-08-25 02:43:12+00:00,2026-08-25 03:26:42+00:00,2026-08-25 03:26:42+00:00,0.030208333333333334,17.9296875,0
332472,2026-08-25 02:23:26+00:00,2026-08-26 09:41:45+00:00,2026-08-26 09:40:54+00:00,1.3037962962962963,17.943414351851853,0
332471,2026-08-25 02:12:14+00:00,2026-08-26 18:38:02+00:00,2026-08-26 18:37:05+00:00,1.683923611111111,17.95119212962963,0
332470,2026-08-25 01:59:27+00:00,2026-08-26 06:30:02+00:00,2026-08-26 06:29:25+00:00,1.187476851851852,17.960069444444443,0
332469,2026-08-25 01:50:15+00:00,2026-08-25 03:25:03+00:00,,,17.966458333333332,1
332466,2026-08-25 01:19:04+00:00,2026-08-25 01:56:33+00:00,2026-08-25 01:53:47+00:00,0.024108796296296295,17.988113425925928,0
332465,2026-08-25 01:15:32+00:00,2026-08-25 03:08:28+00:00,2026-08-25 03:06:02+00:00,0.07673611111111112,17.99056712962963,0
332463,2026-08-25 01:05:26+00:00,2026-08-25 02:05:33+00:00,2026-08-25 02:02:41+00:00,0.03975694444444444,17.997581018518517,0
332462,2026-08-25 00:56:25+00:00,2026-08-25 03:05:58+00:00,2026-08-25 03:03:06+00:00,0.08797453703703703,18.003842592592594,0
332461,2026-08-25 00:42:57+00:00,2026-09-11 18:15:06+00:00,2026-08-26 20:13:35+00:00,1.8129398148148148,18.013194444444444,0
332460,2026-08-25 00:40:27+00:00,2026-08-25 16:22:56+00:00,2026-08-25 16:13:36+00:00,0.6480208333333334,18.014930555555555,0
332458,2026-08-25 00:16:25+00:00,2026-08-26 23:12:24+00:00,2026-08-26 23:11:45+00:00,1.9550925925925926,18.03162037037037,0
332457,2026-08-25 00:08:59+00:00,2026-08-25 07:52:56+00:00,2026-08-25 07:52:09+00:00,0.3216435185185185,18.036782407407408,0
332456,2026-08-25 00:08:37+00:00,2026-08-25 06:46:04+00:00,2026-08-25 06:45:04+00:00,0.2753125,18.037037037037038,0
332455,2026-08-25 00:08:18+00:00,2026-08-25 03:41:45+00:00,2026-08-25 03:40:00+00:00,0.1470138888888889,18.037256944444444,0
332454,2026-08-25 00:08:02+00:00,2026-08-25 03:27:30+00:00,2026-08-25 03:25:55+00:00,0.1374189814814815,18.03744212962963,0
332453,2026-08-25 00:07:45+00:00,2026-08-25 03:08:31+00:00,2026-08-25 01:23:22+00:00,0.05251157407407407,18.03763888888889,0
332452,2026-08-25 00:01:06+00:00,2026-08-25 00:22:55+00:00,2026-08-25 00:20:59+00:00,0.01380787037037037,18.042256944444443,0
332451,2026-08-24 23:54:19+00:00,2026-08-25 00:16:23+00:00,2026-08-25 00:12:39+00:00,0.01273148148148148,18.046967592592594,0
332450,2026-08-24 23:37:53+00:00,2026-08-25 00:08:53+00:00,2026-08-25 00:05:24+00:00,0.019108796296296297,18.05837962962963,0
332449,2026-08-24 23:32:25+00:00,2026-08-25 03:09:13+00:00,2026-08-25 03:07:42+00:00,0.14950231481481482,18.062175925925924,0
332448,2026-08-24 23:27:36+00:00,2026-08-25 01:20:39+00:00,2026-08-25 01:17:51+00:00,0.0765625,18.065520833333334,0
332447,2026-08-24 23:24:32+00:00,2026-08-24 23:54:22+00:00,2026-08-24 23:52:57+00:00,0.019733796296296298,18.067650462962963,0
332446,2026-08-24 23:18:59+00:00,2026-08-25 14:34:46+00:00,2026-08-25 14:33:50+00:00,0.6353125,18.07150462962963,0
332445,2026-08-24 23:16:26+00:00,2026-08-24 23:44:11+00:00,2026-08-24 23:40:42+00:00,0.01685185185185185,18.073275462962965,0
332443,2026-08-24 23:01:58+00:00,2026-08-26 22:54:37+00:00,2026-08-26 22:52:58+00:00,1.99375,18.08332175925926,0
332440,2026-08-24 22:42:11+00:00,2026-08-24 23:07:43+00:00,2026-08-24 23:06:04+00:00,0.016585648148148148,18.097060185185185,0
332439,2026-08-24 22:39:22+00:00,2026-08-24 23:33:46+00:00,2026-08-24 23:31:04+00:00,0.035902777777777777,18.099016203703705,0
332438,2026-08-24 22:25:18+00:00,2026-08-24 22:59:08+00:00,,,18.10878472222222,1
332435,2026-08-24 22:07:45+00:00,2026-08-24 22:52:43+00:00,2026-08-24 22:49:04+00:00,0.02869212962962963,18.12097222222222,0
332427,2026-08-24 20:18:32+00:00,2026-08-24 22:30:03+00:00,2026-08-24 22:25:29+00:00,0.08815972222222222,18.19681712962963,0
332426,2026-08-24 20:14:34+00:00,2026-08-24 22:11:48+00:00,2026-08-24 22:08:33+00:00,0.0791550925925926,18.19957175925926,0
332425,2026-08-24 20:04:46+00:00,2026-08-30 22:25:53+00:00,2026-08-24 22:02:14+00:00,0.08157407407407408,18.206377314814816,0
332424,2026-08-24 19:57:24+00:00,2026-08-26 19:15:05+00:00,,,18.211493055555554,1
332421,2026-08-24 19:40:05+00:00,2026-08-29 06:24:44+00:00,,,18.223518518518517,1
332419,2026-08-24 19:34:31+00:00,2026-08-26 19:06:07+00:00,,,18.22738425925926,1
332415,2026-08-24 19:18:42+00:00,2026-08-24 22:15:39+00:00,2026-08-24 22:02:21+00:00,0.11364583333333333,18.238368055555554,0
332414,2026-08-24 19:14:19+00:00,2026-08-24 19:45:29+00:00,2026-08-24 19:44:35+00:00,0.02101851851851852,18.241412037037037,0
332413,2026-08-24 19:12:54+00:00,2026-08-24 19:45:16+00:00,2026-08-24 19:44:28+00:00,0.021921296296296296,18.242395833333333,0
332412,2026-08-24 19:10:06+00:00,2026-08-24 19:45:34+00:00,2026-08-24 19:44:52+00:00,0.02414351851851852,18.244340277777777,0
332411,2026-08-24 19:09:30+00:00,2026-08-24 19:46:30+00:00,2026-08-24 19:44:59+00:00,0.024641203703703703,18.244756944444443,0
332410,2026-08-24 19:08:08+00:00,2026-09-11 17:18:20+00:00,,,18.24570601851852,1
332408,2026-08-24 18:58:52+00:00,2026-08-24 19:19:59+00:00,2026-08-24 19:19:13+00:00,0.014131944444444445,18.252141203703705,0
332405,2026-08-24 18:48:02+00:00,2026-08-24 19:10:09+00:00,2026-08-24 19:08:49+00:00,0.01443287037037037,18.259664351851853,0
332403,2026-08-24 18:45:09+00:00,2026-08-24 19:13:47+00:00,2026-08-24 19:12:58+00:00,0.01931712962962963,18.261666666666667,0
332401,2026-08-24 18:41:03+00:00,2026-08-24 19:12:13+00:00,2026-08-24 19:11:31+00:00,0.021157407407407406,18.26451388888889,0
332398,2026-08-24 18:31:52+00:00,2026-08-24 19:08:47+00:00,2026-08-24 19:08:07+00:00,0.025173611111111112,18.270891203703705,0
332397,2026-08-24 18:30:29+00:00,2026-08-24 19:45:27+00:00,2026-08-24 19:43:48+00:00,0.05091435185185185,18.271851851851853,0
332394,2026-08-24 18:18:22+00:00,2026-08-24 18:42:29+00:00,2026-08-24 18:41:52+00:00,0.016319444444444445,18.280266203703704,0
332389,2026-08-24 18:05:25+00:00,2026-08-24 18:38:16+00:00,2026-08-24 18:36:48+00:00,0.02179398148148148,18.28925925925926,0
332388,2026-08-24 18:04:12+00:00,2026-08-26 16:11:01+00:00,2026-08-26 16:10:01+00:00,1.9207060185185185,18.290104166666666,0
332382,2026-08-24 17:46:37+00:00,2026-08-24 18:31:56+00:00,2026-08-24 18:26:27+00:00,0.027662037037037037,18.302314814814814,0
332381,2026-08-24 17:46:37+00:00,2026-08-24 18:05:46+00:00,2026-08-24 18:04:01+00:00,0.012083333333333333,18.302314814814814,0
332375,2026-08-24 16:58:18+00:00,2026-08-24 17:51:58+00:00,2026-08-24 17:51:04+00:00,0.03664351851851852,18.335868055555554,0
332374,2026-08-24 16:58:02+00:00,2026-08-24 17:36:29+00:00,2026-08-24 17:35:37+00:00,0.026099537037037036,18.33605324074074,0
332372,2026-08-24 16:56:58+00:00,2026-08-25 16:45:17+00:00,2026-08-25 16:45:15+00:00,0.9918634259259259,18.33679398148148,0
332368,2026-08-24 16:45:38+00:00,2026-08-24 18:11:08+00:00,2026-08-24 17:35:40+00:00,0.03474537037037037,18.34466435185185,0
332365,2026-08-24 16:39:08+00:00,2026-08-24 16:58:05+00:00,2026-08-24 16:56:30+00:00,0.012060185185185186,18.34917824074074,0
332355,2026-08-24 15:52:29+00:00,2026-08-24 16:47:08+00:00,,,18.381574074074074,1
332354,2026-08-24 15:51:11+00:00,2026-08-27 07:01:50+00:00,2026-08-27 07:01:50+00:00,2.6323958333333333,18.38247685185185,0
332350,2026-08-24 15:32:59+00:00,2026-08-24 16:46:10+00:00,2026-08-24 16:44:51+00:00,0.04990740740740741,18.395115740740742,0
332346,2026-08-24 15:19:52+00:00,2026-08-25 23:22:51+00:00,2026-08-25 23:21:55+00:00,1.3347569444444445,18.404224537037038,0
332343,2026-08-24 15:04:06+00:00,2026-08-25 08:52:43+00:00,2026-08-24 16:57:41+00:00,0.07887731481481482,18.41517361111111,0
332340,2026-08-24 14:55:53+00:00,2026-08-28 10:35:37+00:00,2026-08-28 10:34:57+00:00,3.8187962962962962,18.42087962962963,0
332338,2026-08-24 14:50:00+00:00,2026-08-24 15:09:39+00:00,2026-08-24 15:08:50+00:00,0.013078703703703703,18.424965277777776,0
332337,2026-08-24 14:43:45+00:00,2026-08-24 15:33:03+00:00,2026-08-24 15:29:35+00:00,0.031828703703703706,18.429305555555555,0
332334,2026-08-24 14:38:02+00:00,2026-08-26 09:41:50+00:00,2026-08-26 09:40:14+00:00,1.7931944444444445,18.433275462962964,0
332332,2026-08-24 14:14:32+00:00,2026-09-01 14:33:47+00:00,2026-08-24 17:37:42+00:00,0.14108796296296297,18.44959490740741,0
332330,2026-08-24 14:05:54+00:00,2026-09-03 12:00:11+00:00,2026-08-24 17:03:33+00:00,0.12336805555555555,18.455590277777777,0
332329,2026-08-24 13:53:07+00:00,2026-08-24 15:18:42+00:00,,,18.46446759259259,1
332322,2026-08-24 13:27:51+00:00,2026-08-24 14:05:45+00:00,2026-08-24 14:04:27+00:00,0.025416666666666667,18.48201388888889,0
332321,2026-08-24 13:20:30+00:00,2026-08-24 16:39:29+00:00,,,18.487118055555555,1
332319,2026-08-24 13:09:55+00:00,2026-08-24 20:16:16+00:00,,,18.494467592592592,1
332317,2026-08-24 12:55:33+00:00,2026-08-24 20:16:57+00:00,,,18.504444444444445,1
332316,2026-08-24 12:51:27+00:00,2026-08-24 16:43:11+00:00,2026-08-24 16:42:23+00:00,0.16037037037037036,18.507291666666667,0
332315,2026-08-24 12:45:06+00:00,2026-08-24 20:19:45+00:00,,,18.511701388888888,1
332312,2026-08-24 12:42:28+00:00,2026-08-24 16:42:35+00:00,2026-08-24 16:41:44+00:00,0.16615740740740742,18.513530092592593,0
332311,2026-08-24 12:36:26+00:00,2026-08-24 20:25:24+00:00,,,18.517719907407407,1
332308,2026-08-24 12:26:31+00:00,2026-08-24 20:29:39+00:00,,,18.52460648148148,1
332307,2026-08-24 12:17:45+00:00,2026-08-24 20:32:36+00:00,,,18.530694444444446,1
332306,2026-08-24 12:11:06+00:00,2026-08-24 14:53:25+00:00,2026-08-24 14:52:27+00:00,0.11204861111111111,18.5353125,0
332304,2026-08-24 12:08:53+00:00,2026-08-24 13:24:53+00:00,,,18.536851851851853,1
332303,2026-08-24 11:58:42+00:00,2026-09-02 16:04:38+00:00,,,18.54392361111111,1
332299,2026-08-24 11:46:45+00:00,2026-08-26 09:42:57+00:00,2026-08-26 09:42:07+00:00,1.9134490740740742,18.552222222222223,0
332298,2026-08-24 11:33:01+00:00,2026-08-24 20:38:07+00:00,,,18.561759259259258,1
332297,2026-08-24 11:30:38+00:00,2026-08-24 13:36:10+00:00,2026-08-24 13:36:08+00:00,0.08715277777777777,18.56341435185185,0
332296,2026-08-24 11:20:27+00:00,2026-08-25 05:21:32+00:00,,,18.570486111111112,1
332293,2026-08-24 11:09:00+00:00,2026-09-01 11:05:30+00:00,2026-09-01 11:05:28+00:00,7.997546296296297,18.5784375,1
332288,2026-08-24 10:42:37+00:00,2026-08-24 12:01:43+00:00,2026-08-24 12:00:41+00:00,0.05421296296296296,18.596759259259258,0
332287,2026-08-24 10:41:25+00:00,2026-09-02 18:27:29+00:00,2026-09-02 18:27:29+00:00,9.323657407407408,18.597592592592594,1
332284,2026-08-24 10:22:19+00:00,2026-08-24 10:42:40+00:00,2026-08-24 10:39:43+00:00,0.012083333333333333,18.61085648148148,0
332280,2026-08-24 09:58:02+00:00,2026-08-24 12:41:46+00:00,2026-08-24 12:41:08+00:00,0.11326388888888889,18.627719907407407,0
332274,2026-08-24 09:50:05+00:00,2026-08-24 11:52:28+00:00,,,18.633240740740742,1
332271,2026-08-24 09:43:35+00:00,2026-08-24 17:46:31+00:00,2026-08-24 17:45:46+00:00,0.334849537037037,18.63775462962963,0
332270,2026-08-24 09:43:13+00:00,2026-08-24 10:34:09+00:00,2026-08-24 10:34:09+00:00,0.03537037037037037,18.63800925925926,0
332269,2026-08-24 09:32:20+00:00,2026-08-25 09:23:56+00:00,2026-08-25 09:22:46+00:00,0.9933564814814815,18.64556712962963,0
332267,2026-08-24 09:30:21+00:00,2026-08-24 14:28:09+00:00,,,18.646944444444443,1
332266,2026-08-24 09:27:02+00:00,2026-08-25 08:42:14+00:00,2026-08-25 08:40:48+00:00,0.9678935185185186,18.649247685185184,0
332264,2026-08-24 09:21:04+00:00,2026-08-26 09:31:50+00:00,,,18.653391203703702,1
332262,2026-08-24 08:58:43+00:00,2026-08-24 09:27:05+00:00,2026-08-24 09:25:45+00:00,0.018773148148148146,18.668912037037035,0
332260,2026-08-24 08:52:54+00:00,2026-08-24 09:11:39+00:00,2026-08-24 09:09:56+00:00,0.011828703703703704,18.67295138888889,0
332256,2026-08-24 07:59:39+00:00,2026-08-24 11:15:36+00:00,2026-08-24 11:14:51+00:00,0.13555555555555557,18.709930555555555,0
332255,2026-08-24 07:56:33+00:00,2026-09-04 09:08:43+00:00,2026-09-04 09:08:43+00:00,11.050115740740742,18.712083333333332,1
332253,2026-08-24 07:49:15+00:00,2026-08-24 08:07:15+00:00,2026-08-24 08:06:39+00:00,0.012083333333333333,18.717152777777777,0
332252,2026-08-24 07:47:10+00:00,2026-08-24 08:18:11+00:00,2026-08-24 08:17:03+00:00,0.020752314814814814,18.718599537037036,0
332247,2026-08-24 07:09:05+00:00,2026-08-24 08:23:50+00:00,,,18.745046296296298,1
332246,2026-08-24 07:05:25+00:00,2026-08-24 07:58:33+00:00,2026-08-24 07:57:56+00:00,0.03646990740740741,18.747592592592593,0
332245,2026-08-24 07:03:58+00:00,2026-08-25 08:48:03+00:00,2026-08-25 08:47:12+00:00,1.0716898148148148,18.748599537037038,0
332243,2026-08-24 06:57:49+00:00,2026-08-24 07:58:02+00:00,2026-08-24 07:57:23+00:00,0.04136574074074074,18.75287037037037,0
332242,2026-08-24 06:57:47+00:00,2026-08-24 09:53:02+00:00,2026-08-24 07:57:29+00:00,0.04145833333333333,18.75289351851852,0
332240,2026-08-24 06:36:59+00:00,2026-08-24 06:58:46+00:00,2026-08-24 06:58:45+00:00,0.01511574074074074,18.767337962962962,0
332239,2026-08-24 06:30:38+00:00,2026-08-24 06:50:58+00:00,2026-08-24 06:50:13+00:00,0.013599537037037037,18.771747685185186,0
332233,2026-08-24 05:34:52+00:00,2026-08-26 20:52:43+00:00,,,18.810474537037038,1
332232,2026-08-24 05:04:33+00:00,2026-08-24 06:21:47+00:00,,,18.83152777777778,1
332229,2026-08-24 04:16:20+00:00,2026-08-24 18:22:41+00:00,2026-08-24 18:21:58+00:00,0.5872453703703704,18.865011574074074,0
332228,2026-08-24 04:08:59+00:00,2026-08-24 05:19:08+00:00,,,18.87011574074074,1
332227,2026-08-24 04:03:34+00:00,2026-08-30 03:11:27+00:00,2026-08-24 17:49:03+00:00,0.5732523148148149,18.873877314814816,0
332223,2026-08-24 02:55:35+00:00,2026-08-24 04:20:25+00:00,,,18.921087962962964,1
332219,2026-08-24 01:39:13+00:00,2026-08-24 02:43:13+00:00,2026-08-24 02:42:33+00:00,0.04398148148148148,18.974120370370372,0
332218,2026-08-24 01:15:32+00:00,2026-08-24 17:04:37+00:00,2026-08-24 02:43:00+00:00,0.06074074074074074,18.99056712962963,0
332217,2026-08-24 01:07:16+00:00,2026-08-24 01:24:54+00:00,2026-08-24 01:24:13+00:00,0.011770833333333333,18.99630787037037,0
332216,2026-08-24 00:43:19+00:00,2026-08-24 01:17:55+00:00,2026-08-24 01:17:05+00:00,0.023449074074074074,19.012939814814814,0
332214,2026-08-24 00:22:21+00:00,2026-08-24 01:18:59+00:00,2026-08-24 01:18:19+00:00,0.03886574074074074,19.0275,0
332213,2026-08-24 00:13:44+00:00,2026-08-24 00:57:27+00:00,2026-08-24 00:56:46+00:00,0.02988425925925926,19.033483796296295,0
332212,2026-08-24 00:11:14+00:00,2026-08-27 17:41:23+00:00,,,19.035219907407406,1
332211,2026-08-23 23:37:13+00:00,2026-08-24 00:33:19+00:00,2026-08-24 00:32:32+00:00,0.03841435185185185,19.058842592592594,0
332210,2026-08-23 23:32:00+00:00,2026-09-03 19:52:58+00:00,2026-09-03 19:52:58+00:00,10.847893518518518,19.06246527777778,1
332209,2026-08-23 23:31:46+00:00,2026-08-24 22:52:36+00:00,2026-08-24 22:48:54+00:00,0.9702314814814815,19.062627314814815,0
332208,2026-08-23 23:23:23+00:00,2026-08-24 00:10:08+00:00,2026-08-24 00:09:29+00:00,0.03201388888888889,19.068449074074074,0
332206,2026-08-23 22:42:09+00:00,2026-08-24 07:33:37+00:00,2026-08-24 07:33:36+00:00,0.3690625,19.097083333333334,0
332203,2026-08-23 22:03:16+00:00,2026-08-24 00:56:23+00:00,2026-08-24 00:55:44+00:00,0.11976851851851852,19.12408564814815,0
332200,2026-08-23 21:47:04+00:00,2026-08-23 23:07:55+00:00,,,19.13533564814815,1
332196,2026-08-23 21:41:09+00:00,2026-08-23 22:53:18+00:00,2026-08-23 22:52:28+00:00,0.049525462962962966,19.139444444444443,0
332195,2026-08-23 21:40:36+00:00,2026-08-24 18:20:59+00:00,2026-08-23 22:24:48+00:00,0.030694444444444444,19.13982638888889,0
332190,2026-08-23 18:38:37+00:00,2026-08-23 23:22:21+00:00,2026-08-23 23:21:34+00:00,0.19649305555555555,19.266203703703702,0
332189,2026-08-23 18:37:53+00:00,2026-08-24 07:37:47+00:00,,,19.266712962962963,1
332188,2026-08-23 18:18:14+00:00,2026-08-27 13:49:39+00:00,,,19.280358796296298,1
332187,2026-08-23 17:26:53+00:00,2026-08-23 19:11:42+00:00,,,19.31601851851852,1
332184,2026-08-23 17:07:24+00:00,2026-08-23 18:10:22+00:00,,,19.32954861111111,1
332183,2026-08-23 17:02:07+00:00,2026-09-08 18:40:25+00:00,,,19.333217592592593,1
332178,2026-08-23 16:08:32+00:00,2026-09-01 18:50:59+00:00,,,19.37042824074074,1
332177,2026-08-23 15:08:58+00:00,2026-08-24 10:24:24+00:00,2026-08-24 10:24:24+00:00,0.8023842592592593,19.41179398148148,0
332175,2026-08-23 14:40:48+00:00,2026-08-24 18:20:58+00:00,2026-08-23 17:48:29+00:00,0.13033564814814816,19.431354166666665,0
332174,2026-08-23 14:40:22+00:00,2026-08-24 18:20:57+00:00,2026-08-23 16:58:56+00:00,0.09622685185185186,19.431655092592592,0
332173,2026-08-23 14:26:34+00:00,2026-09-01 14:33:50+00:00,2026-08-29 01:36:46+00:00,5.465416666666667,19.441238425925928,0
332170,2026-08-23 13:40:01+00:00,2026-08-23 18:07:53+00:00,,,19.473564814814814,1
332168,2026-08-23 11:19:40+00:00,2026-08-24 07:47:14+00:00,2026-08-24 07:45:28+00:00,0.85125,19.571030092592594,0
332164,2026-08-23 09:33:28+00:00,2026-08-23 17:55:29+00:00,2026-08-23 16:51:27+00:00,0.3041550925925926,19.644780092592594,0
332162,2026-08-23 06:30:11+00:00,2026-08-24 03:31:06+00:00,2026-08-24 03:30:15+00:00,0.8750462962962963,19.772060185185186,0
332153,2026-08-23 05:01:23+00:00,2026-08-23 20:48:13+00:00,2026-08-23 20:46:50+00:00,0.6565625,19.833726851851853,0
332150,2026-08-23 03:34:30+00:00,2026-08-24 17:34:53+00:00,2026-08-24 16:57:21+00:00,1.5575347222222222,19.8940625,0
332148,2026-08-23 03:30:18+00:00,2026-08-23 22:51:54+00:00,2026-08-23 22:51:06+00:00,0.8061111111111111,19.896979166666668,0
332143,2026-08-23 01:24:47+00:00,2026-08-23 17:56:46+00:00,2026-08-23 17:56:03+00:00,0.6883796296296296,19.98414351851852,0
332142,2026-08-22 23:19:45+00:00,2026-08-23 16:45:05+00:00,2026-08-23 16:44:25+00:00,0.725462962962963,20.070972222222224,0
332140,2026-08-22 23:16:17+00:00,2026-08-23 19:39:04+00:00,2026-08-23 19:38:25+00:00,0.8487037037037037,20.07337962962963,0
332139,2026-08-22 20:29:58+00:00,2026-08-23 06:16:42+00:00,,,20.188877314814814,1
332137,2026-08-22 18:40:10+00:00,2026-09-07 09:43:32+00:00,,,20.265127314814816,1
332133,2026-08-22 17:52:47+00:00,2026-08-25 08:01:16+00:00,2026-08-25 07:59:57+00:00,2.5883101851851853,20.29803240740741,0
332130,2026-08-22 17:14:11+00:00,2026-08-29 03:22:15+00:00,,,20.324837962962963,1
332123,2026-08-22 14:35:06+00:00,2026-09-05 07:55:16+00:00,2026-09-05 07:55:16+00:00,13.722337962962962,20.4353125,1
332122,2026-08-22 14:33:11+00:00,2026-09-09 22:29:13+00:00,,,20.43664351851852,1
332112,2026-08-22 13:12:46+00:00,2026-08-23 06:15:23+00:00,2026-08-23 06:15:22+00:00,0.7101388888888889,20.492488425925927,0
332111,2026-08-22 13:07:37+00:00,2026-08-22 15:14:12+00:00,,,20.496064814814815,1
332108,2026-08-22 11:04:25+00:00,2026-08-29 11:04:33+00:00,2026-08-29 11:04:31+00:00,7.000069444444445,20.58162037037037,1
332103,2026-08-22 08:18:16+00:00,2026-08-24 16:03:55+00:00,2026-08-24 14:04:41+00:00,2.2405671296296297,20.697002314814814,0
332102,2026-08-22 08:17:02+00:00,2026-08-22 13:49:47+00:00,2026-08-22 13:49:10+00:00,0.23064814814814816,20.697858796296295,0
332100,2026-08-22 07:18:53+00:00,2026-08-24 03:51:37+00:00,2026-08-24 03:50:58+00:00,1.8556134259259258,20.73824074074074,0
332099,2026-08-22 07:09:07+00:00,2026-08-22 08:11:07+00:00,,,20.74502314814815,1
332098,2026-08-22 07:08:51+00:00,2026-08-22 08:10:43+00:00,,,20.745208333333334,1
332095,2026-08-22 06:18:58+00:00,2026-08-22 14:11:08+00:00,2026-08-22 14:07:42+00:00,0.3255092592592593,20.779849537037038,0
332093,2026-08-22 05:42:27+00:00,2026-08-22 05:49:09+00:00,2026-08-22 05:49:09+00:00,0.004652777777777777,20.805208333333333,0
332091,2026-08-22 04:58:21+00:00,2026-09-02 19:52:34+00:00,2026-09-02 19:52:34+00:00,11.620983796296295,20.835833333333333,1
332089,2026-08-22 04:54:41+00:00,2026-08-24 07:05:29+00:00,2026-08-24 07:04:07+00:00,2.0898842592592595,20.838379629629628,0
332088,2026-08-22 04:53:56+00:00,2026-08-23 23:23:46+00:00,2026-08-23 23:23:06+00:00,1.7702546296296295,20.838900462962965,0
332086,2026-08-22 04:43:49+00:00,2026-08-22 04:54:59+00:00,2026-08-22 04:54:59+00:00,0.0077546296296296295,20.845925925925926,0
332084,2026-08-22 03:51:47+00:00,2026-08-24 23:37:01+00:00,2026-08-24 23:33:43+00:00,2.820787037037037,20.882060185185185,0
332081,2026-08-22 03:29:11+00:00,2026-09-02 22:10:47+00:00,,,20.89775462962963,1
332080,2026-08-22 02:56:22+00:00,2026-08-22 03:41:32+00:00,2026-08-22 03:40:37+00:00,0.030729166666666665,20.920543981481483,0
332076,2026-08-22 02:01:11+00:00,2026-09-02 19:55:58+00:00,2026-09-02 19:55:58+00:00,11.746377314814815,20.95886574074074,1
332075,2026-08-22 01:59:57+00:00,2026-09-09 22:29:15+00:00,,,20.959722222222222,1
332071,2026-08-22 01:22:33+00:00,2026-09-09 05:03:01+00:00,,,20.985694444444444,1
332068,2026-08-22 00:44:55+00:00,2026-08-22 01:04:37+00:00,2026-08-22 01:03:06+00:00,0.012627314814814815,21.011828703703703,0
332067,2026-08-21 23:41:07+00:00,2026-08-24 02:45:00+00:00,2026-08-24 02:43:08+00:00,2.126400462962963,21.05613425925926,0
332066,2026-08-21 23:37:39+00:00,2026-08-24 18:33:37+00:00,2026-08-24 18:32:47+00:00,2.788287037037037,21.058541666666667,0
332064,2026-08-21 23:20:04+00:00,2026-08-21 23:42:08+00:00,2026-08-21 23:41:22+00:00,0.014791666666666667,21.070752314814815,0
332063,2026-08-21 23:03:13+00:00,2026-08-25 10:47:09+00:00,2026-08-25 10:47:07+00:00,3.4888194444444443,21.082453703703703,0
332062,2026-08-21 22:55:22+00:00,2026-08-22 00:22:33+00:00,2026-08-22 00:21:56+00:00,0.06011574074074074,21.087905092592592,0
332059,2026-08-21 22:41:52+00:00,2026-08-21 23:45:04+00:00,2026-08-21 23:44:22+00:00,0.043402777777777776,21.09728009259259,0
332058,2026-08-21 22:40:53+00:00,2026-08-22 00:05:34+00:00,2026-08-22 00:04:55+00:00,0.05835648148148148,21.097962962962963,0
332055,2026-08-21 22:27:36+00:00,2026-09-09 22:29:19+00:00,,,21.1071875,1
332054,2026-08-21 22:17:05+00:00,2026-08-22 07:02:34+00:00,,,21.11449074074074,1
332052,2026-08-21 22:02:05+00:00,2026-08-23 06:40:27+00:00,2026-08-23 06:39:45+00:00,1.3594907407407408,21.124907407407406,0
332049,2026-08-21 21:57:58+00:00,2026-09-02 02:04:28+00:00,2026-09-02 02:02:51+00:00,11.170057870370371,21.127766203703704,1
332048,2026-08-21 21:55:13+00:00,2026-08-27 22:44:05+00:00,2026-08-27 22:44:03+00:00,6.033912037037037,21.129675925925927,0
332045,2026-08-21 21:50:28+00:00,2026-08-22 00:03:00+00:00,2026-08-22 00:02:03+00:00,0.09137731481481481,21.132974537037036,0
332043,2026-08-21 21:34:17+00:00,2026-08-22 13:58:57+00:00,2026-08-22 13:58:18+00:00,0.6833449074074074,21.144212962962964,0
332042,2026-08-21 21:34:00+00:00,2026-08-21 22:57:44+00:00,2026-08-21 22:56:56+00:00,0.05759259259259259,21.14440972222222,0
332041,2026-08-21 21:22:30+00:00,2026-08-24 15:27:51+00:00,2026-08-24 15:27:48+00:00,2.7536805555555555,21.152395833333333,0
332039,2026-08-21 20:55:00+00:00,2026-08-21 21:44:24+00:00,2026-08-21 21:43:39+00:00,0.03378472222222222,21.171493055555555,0
332038,2026-08-21 20:49:52+00:00,2026-09-01 22:20:17+00:00,2026-09-01 22:19:17+00:00,11.062094907407408,21.17505787037037,1
332037,2026-08-21 20:49:43+00:00,2026-08-22 04:57:21+00:00,2026-08-22 04:56:28+00:00,0.3380208333333333,21.175162037037037,0
332036,2026-08-21 20:48:00+00:00,2026-08-22 04:11:44+00:00,2026-08-22 04:11:05+00:00,0.30769675925925927,21.176354166666666,0
332035,2026-08-21 20:37:53+00:00,2026-08-21 22:15:23+00:00,2026-08-21 22:14:33+00:00,0.06712962962962964,21.18337962962963,0
332034,2026-08-21 20:34:01+00:00,2026-08-21 21:41:07+00:00,2026-08-21 21:40:03+00:00,0.045856481481481484,21.186064814814817,0
332032,2026-08-21 20:31:19+00:00,2026-08-23 06:42:48+00:00,2026-08-23 06:42:10+00:00,1.424201388888889,21.187939814814815,0
332029,2026-08-21 20:12:08+00:00,2026-08-24 18:06:25+00:00,2026-08-24 18:05:28+00:00,2.912037037037037,21.201261574074074,0
332028,2026-08-21 20:08:34+00:00,2026-08-21 20:13:12+00:00,2026-08-21 20:09:41+00:00,0.0007754629629629629,21.203738425925927,0
332026,2026-08-21 19:53:15+00:00,2026-08-21 20:43:56+00:00,2026-08-21 20:43:16+00:00,0.0347337962962963,21.214375,0
332021,2026-08-21 19:25:05+00:00,2026-08-23 20:27:35+00:00,2026-08-23 20:27:25+00:00,2.043287037037037,21.233935185185185,0
332019,2026-08-21 19:05:41+00:00,2026-08-21 21:59:36+00:00,2026-08-21 21:58:52+00:00,0.12026620370370371,21.247407407407408,0
332018,2026-08-21 18:40:51+00:00,2026-08-24 12:50:57+00:00,2026-08-24 12:50:02+00:00,2.7563773148148147,21.264652777777776,0
332017,2026-08-21 18:38:19+00:00,2026-08-21 20:00:23+00:00,2026-08-21 19:59:23+00:00,0.056296296296296296,21.266412037037036,0
332012,2026-08-21 18:21:18+00:00,2026-08-22 07:03:09+00:00,,,21.278229166666666,1
332007,2026-08-21 18:00:06+00:00,2026-08-21 20:00:36+00:00,2026-08-21 19:59:32+00:00,0.08293981481481481,21.292951388888888,0
332006,2026-08-21 17:59:25+00:00,2026-08-21 18:51:07+00:00,2026-08-21 18:49:13+00:00,0.034583333333333334,21.293425925925927,0
332005,2026-08-21 17:26:39+00:00,2026-08-24 02:09:24+00:00,2026-08-24 02:08:32+00:00,2.3624189814814813,21.316180555555555,0
332004,2026-08-21 17:15:41+00:00,2026-08-21 18:19:55+00:00,2026-08-21 18:18:27+00:00,0.04358796296296296,21.323796296296297,0
332003,2026-08-21 17:13:20+00:00,2026-08-21 23:32:55+00:00,2026-08-21 23:31:38+00:00,0.2627083333333333,21.32542824074074,0
332002,2026-08-21 16:54:05+00:00,2026-08-27 23:27:20+00:00,2026-08-23 06:01:31+00:00,1.5468287037037036,21.338796296296298,0
332000,2026-08-21 16:44:30+00:00,2026-08-21 17:58:25+00:00,2026-08-21 17:56:38+00:00,0.05009259259259259,21.34545138888889,0
331999,2026-08-21 16:36:36+00:00,2026-08-21 22:10:15+00:00,2026-08-21 22:09:36+00:00,0.23125,21.3509375,0
331998,2026-08-21 16:34:51+00:00,2026-08-21 17:43:24+00:00,2026-08-21 17:41:31+00:00,0.046296296296296294,21.35215277777778,0
331997,2026-08-21 16:33:58+00:00,2026-09-02 20:03:13+00:00,2026-09-02 20:03:13+00:00,12.1453125,21.352766203703705,1
331996,2026-08-21 16:33:25+00:00,2026-08-21 18:27:42+00:00,2026-08-21 18:26:01+00:00,0.07819444444444444,21.353148148148147,0
331992,2026-08-21 16:12:25+00:00,2026-08-21 20:55:36+00:00,2026-08-21 20:54:27+00:00,0.1958564814814815,21.36773148148148,0
331990,2026-08-21 15:47:35+00:00,2026-09-01 14:33:51+00:00,2026-08-21 21:52:53+00:00,0.2536805555555556,21.384976851851853,0
331989,2026-08-21 15:44:14+00:00,2026-08-23 06:20:16+00:00,2026-08-23 06:19:33+00:00,1.6078587962962962,21.387303240740742,0
331986,2026-08-21 15:22:45+00:00,2026-08-23 00:33:27+00:00,2026-08-23 00:33:27+00:00,1.3824305555555556,21.40222222222222,0
331985,2026-08-21 15:20:51+00:00,2026-08-22 09:55:54+00:00,2026-08-22 09:55:12+00:00,0.7738541666666666,21.403541666666666,0
331983,2026-08-21 15:05:13+00:00,2026-09-10 17:10:02+00:00,2026-09-10 17:09:05+00:00,20.086018518518518,21.41439814814815,1
331982,2026-08-21 15:03:06+00:00,2026-08-23 06:55:23+00:00,2026-08-23 06:45:04+00:00,1.6541435185185185,21.415868055555556,0
331981,2026-08-21 14:55:27+00:00,2026-08-23 06:03:33+00:00,2026-08-23 06:02:20+00:00,1.6297800925925925,21.421180555555555,0
331978,2026-08-21 14:45:54+00:00,2026-08-21 17:01:11+00:00,2026-08-21 16:58:26+00:00,0.09203703703703704,21.4278125,0
331977,2026-08-21 14:42:52+00:00,2026-08-21 15:37:24+00:00,2026-08-21 15:35:34+00:00,0.036597222222222225,21.42991898148148,0
331976,2026-08-21 14:38:46+00:00,2026-08-30 14:38:27+00:00,2026-08-30 14:38:27+00:00,8.999780092592593,21.432766203703704,1
331975,2026-08-21 14:38:10+00:00,2026-08-24 16:50:41+00:00,2026-08-21 16:36:41+00:00,0.08230324074074075,21.43318287037037,0
331972,2026-08-21 14:06:58+00:00,2026-08-23 06:23:09+00:00,2026-08-23 06:22:32+00:00,1.677476851851852,21.45484953703704,0
331971,2026-08-21 13:51:37+00:00,2026-08-22 09:23:39+00:00,2026-08-22 09:22:53+00:00,0.8133796296296296,21.46550925925926,0
331970,2026-08-21 13:46:50+00:00,2026-08-21 14:32:03+00:00,2026-08-21 14:27:18+00:00,0.028101851851851854,21.468831018518518,0
331969,2026-08-21 13:41:07+00:00,2026-08-21 13:49:08+00:00,2026-08-21 13:47:24+00:00,0.004363425925925926,21.472800925925927,0
331966,2026-08-21 13:10:08+00:00,2026-09-05 19:36:57+00:00,,,21.49431712962963,1
331965,2026-08-21 13:08:07+00:00,2026-09-05 20:13:03+00:00,,,21.49571759259259,1
331964,2026-08-21 13:06:46+00:00,2026-08-22 14:10:50+00:00,2026-08-22 14:09:57+00:00,1.0438773148148148,21.496655092592594,0
331962,2026-08-21 13:02:00+00:00,2026-08-21 13:47:15+00:00,2026-08-21 13:46:28+00:00,0.03087962962962963,21.49996527777778,0
331961,2026-08-21 13:01:29+00:00,2026-08-21 13:53:12+00:00,2026-08-21 13:52:28+00:00,0.03540509259259259,21.500324074074076,0
331957,2026-08-21 12:52:15+00:00,2026-09-05 19:35:59+00:00,,,21.50673611111111,1
331956,2026-08-21 12:45:22+00:00,2026-08-21 13:07:16+00:00,2026-08-21 13:06:15+00:00,0.014502314814814815,21.511516203703703,0
331952,2026-08-21 12:39:25+00:00,2026-08-21 15:06:21+00:00,2026-08-21 15:02:08+00:00,0.09910879629629629,21.51564814814815,0
331949,2026-08-21 11:57:00+00:00,2026-08-23 20:51:53+00:00,2026-08-23 20:51:52+00:00,2.3714351851851854,21.54510416666667,0
331948,2026-08-21 11:49:04+00:00,2026-08-22 07:04:03+00:00,,,21.550613425925928,1
331946,2026-08-21 11:44:26+00:00,2026-08-21 13:48:59+00:00,2026-08-21 13:46:41+00:00,0.08489583333333334,21.55383101851852,0
331945,2026-08-21 11:43:59+00:00,2026-08-22 08:40:03+00:00,2026-08-22 08:40:01+00:00,0.8722453703703704,21.55414351851852,0
331944,2026-08-21 11:40:14+00:00,2026-08-23 20:51:52+00:00,2026-08-23 20:51:52+00:00,2.3830787037037036,21.556747685185186,0
331941,2026-08-21 11:26:59+00:00,2026-08-23 06:05:06+00:00,2026-08-23 06:05:05+00:00,1.7764583333333333,21.565949074074073,0
331940,2026-08-21 11:08:08+00:00,2026-08-28 15:00:41+00:00,2026-08-28 15:00:39+00:00,7.161469907407407,21.57903935185185,1
331939,2026-08-21 11:05:50+00:00,2026-08-22 09:14:00+00:00,2026-08-22 09:13:59+00:00,0.9223263888888888,21.580636574074074,0
331938,2026-08-21 11:05:44+00:00,2026-08-24 09:25:13+00:00,2026-08-24 09:25:10+00:00,2.930162037037037,21.58070601851852,0
331934,2026-08-21 10:26:23+00:00,2026-08-27 11:02:17+00:00,2026-08-27 11:01:22+00:00,6.024293981481481,21.608032407407407,0
331928,2026-08-21 09:38:51+00:00,2026-08-21 10:29:17+00:00,2026-08-21 10:29:16+00:00,0.03501157407407408,21.641041666666666,0
331927,2026-08-21 09:30:37+00:00,2026-08-21 09:52:15+00:00,2026-08-21 09:48:41+00:00,0.012546296296296297,21.64675925925926,0
331925,2026-08-21 09:13:55+00:00,2026-09-06 04:21:19+00:00,2026-09-06 04:21:19+00:00,15.796805555555556,21.65835648148148,1
331924,2026-08-21 08:55:26+00:00,2026-08-21 09:13:18+00:00,2026-08-21 09:11:24+00:00,0.011087962962962963,21.67119212962963,0
331921,2026-08-21 08:37:45+00:00,2026-08-21 09:42:48+00:00,2026-08-21 08:59:19+00:00,0.014976851851851852,21.68347222222222,0
331920,2026-08-21 08:14:26+00:00,2026-08-24 07:28:33+00:00,2026-08-24 07:27:49+00:00,2.967627314814815,21.69966435185185,0
331918,2026-08-21 07:53:30+00:00,2026-08-21 09:09:16+00:00,2026-08-21 09:06:50+00:00,0.05092592592592592,21.71420138888889,0
331913,2026-08-21 07:13:43+00:00,2026-08-21 09:09:19+00:00,2026-08-21 09:06:45+00:00,0.07849537037037037,21.741828703703703,0
331912,2026-08-21 07:07:24+00:00,2026-08-22 07:04:39+00:00,,,21.74621527777778,1
331911,2026-08-21 06:59:03+00:00,2026-09-06 15:04:44+00:00,2026-09-06 15:03:26+00:00,16.336377314814815,21.75201388888889,1
331910,2026-08-21 06:45:35+00:00,2026-08-21 07:21:42+00:00,2026-08-21 07:19:33+00:00,0.023587962962962963,21.76136574074074,0
331908,2026-08-21 06:32:39+00:00,2026-08-21 18:14:17+00:00,2026-08-21 18:11:36+00:00,0.48538194444444444,21.770347222222224,0
331902,2026-08-21 04:54:08+00:00,2026-08-21 07:07:11+00:00,2026-08-21 07:03:41+00:00,0.08996527777777778,21.838761574074073,0
331899,2026-08-21 04:24:04+00:00,2026-08-22 14:26:11+00:00,2026-08-22 14:26:11+00:00,1.4181365740740741,21.859641203703703,0
331897,2026-08-21 03:56:51+00:00,2026-09-10 01:19:02+00:00,,,21.878541666666667,1
331896,2026-08-21 03:49:11+00:00,2026-08-21 18:54:08+00:00,2026-08-21 18:51:41+00:00,0.6267361111111112,21.88386574074074,0
331895,2026-08-21 03:43:13+00:00,2026-08-21 14:05:41+00:00,2026-08-21 14:02:39+00:00,0.43016203703703704,21.88800925925926,0
331893,2026-08-21 00:43:10+00:00,2026-08-21 15:16:43+00:00,2026-08-21 15:14:24+00:00,0.6050231481481482,22.01304398148148,0
331891,2026-08-21 00:38:05+00:00,2026-08-21 02:35:30+00:00,2026-08-21 02:33:13+00:00,0.07995370370370371,22.016574074074075,0
331890,2026-08-21 00:35:48+00:00,2026-08-21 08:56:43+00:00,2026-08-21 08:55:53+00:00,0.34728009259259257,22.018159722222222,0
331887,2026-08-20 23:44:43+00:00,2026-08-22 07:04:55+00:00,,,22.05363425925926,1
331886,2026-08-20 23:35:31+00:00,2026-08-21 03:12:06+00:00,2026-08-21 03:10:21+00:00,0.1491898148148148,22.060023148148147,0
331885,2026-08-20 23:29:13+00:00,2026-09-09 22:29:21+00:00,,,22.064398148148147,1
331883,2026-08-20 23:07:15+00:00,2026-08-21 02:24:28+00:00,2026-08-21 02:23:34+00:00,0.13633101851851853,22.079652777777778,0
331881,2026-08-20 22:28:29+00:00,2026-08-21 18:16:14+00:00,2026-08-21 18:13:58+00:00,0.8232523148148149,22.106574074074075,0
331880,2026-08-20 22:22:33+00:00,2026-08-20 23:27:10+00:00,2026-08-20 23:24:31+00:00,0.04303240740740741,22.110694444444444,0
331878,2026-08-20 22:08:42+00:00,2026-08-24 20:30:20+00:00,2026-08-24 20:30:20+00:00,3.9316898148148147,22.1203125,0
331877,2026-08-20 22:03:49+00:00,2026-08-20 23:21:36+00:00,2026-08-20 23:19:09+00:00,0.052314814814814814,22.123703703703704,0
331874,2026-08-20 21:44:44+00:00,2026-08-20 22:56:50+00:00,2026-08-20 22:54:17+00:00,0.04829861111111111,22.136956018518518,0
331872,2026-08-20 21:19:27+00:00,2026-09-09 22:29:23+00:00,,,22.15451388888889,1
331871,2026-08-20 21:19:06+00:00,2026-09-09 22:29:25+00:00,,,22.154756944444443,1
331870,2026-08-20 21:16:41+00:00,2026-08-20 22:08:57+00:00,2026-08-20 22:08:56+00:00,0.036284722222222225,22.156435185185185,0
331867,2026-08-20 20:28:52+00:00,2026-08-24 17:13:35+00:00,2026-08-24 17:13:33+00:00,3.864363425925926,22.189641203703705,0
331866,2026-08-20 20:26:08+00:00,2026-08-20 21:13:01+00:00,2026-08-20 21:07:17+00:00,0.028576388888888887,22.19153935185185,0
331865,2026-08-20 19:45:25+00:00,2026-08-22 07:05:36+00:00,,,22.219814814814814,1
331862,2026-08-20 19:09:29+00:00,2026-08-20 21:49:26+00:00,2026-08-20 21:47:55+00:00,0.11002314814814815,22.24476851851852,0
331861,2026-08-20 19:03:18+00:00,2026-08-21 00:45:35+00:00,2026-08-20 23:59:15+00:00,0.20552083333333335,22.2490625,0
331860,2026-08-20 18:58:16+00:00,2026-08-20 21:11:25+00:00,2026-08-20 21:05:27+00:00,0.08832175925925925,22.25255787037037,0
331859,2026-08-20 18:46:43+00:00,2026-08-31 15:37:16+00:00,,,22.260578703703704,1
331857,2026-08-20 18:35:10+00:00,2026-08-20 21:01:25+00:00,2026-08-20 21:01:23+00:00,0.10153935185185185,22.268599537037037,0
331855,2026-08-20 18:29:13+00:00,2026-08-26 13:51:58+00:00,2026-08-26 13:51:04+00:00,5.806840277777778,22.272731481481483,0
331851,2026-08-20 18:17:40+00:00,2026-08-20 19:08:52+00:00,2026-08-20 19:08:50+00:00,0.03553240740740741,22.280752314814816,0
331850,2026-08-20 18:15:39+00:00,2026-08-20 19:36:35+00:00,2026-08-20 19:34:05+00:00,0.054467592592592595,22.282152777777778,0
331848,2026-08-20 17:51:06+00:00,2026-08-20 21:29:15+00:00,2026-08-20 21:25:57+00:00,0.1492013888888889,22.29920138888889,0
331847,2026-08-20 17:42:09+00:00,2026-08-22 07:06:01+00:00,,,22.305416666666666,1
331846,2026-08-20 17:35:34+00:00,2026-08-20 21:54:23+00:00,2026-08-20 21:53:35+00:00,0.17917824074074074,22.309988425925926,0
331844,2026-08-20 17:34:04+00:00,2026-08-21 00:27:19+00:00,2026-08-21 00:25:08+00:00,0.285462962962963,22.311030092592592,0
331843,2026-08-20 17:33:39+00:00,2026-08-20 20:06:58+00:00,2026-08-20 20:06:56+00:00,0.10644675925925925,22.311319444444443,0
331841,2026-08-20 17:20:43+00:00,2026-08-21 11:42:26+00:00,2026-08-21 11:40:26+00:00,0.7636921296296296,22.320300925925928,0
331840,2026-08-20 16:54:36+00:00,2026-08-20 20:10:47+00:00,2026-08-20 20:09:46+00:00,0.1355324074074074,22.3384375,0
331839,2026-08-20 16:52:25+00:00,2026-08-22 07:06:04+00:00,,,22.339953703703703,1
331837,2026-08-20 16:41:07+00:00,2026-08-24 01:31:19+00:00,2026-08-24 01:31:19+00:00,3.3681944444444443,22.347800925925927,0
331836,2026-08-20 16:40:20+00:00,2026-08-21 02:35:15+00:00,2026-08-21 02:33:10+00:00,0.4116898148148148,22.34834490740741,0
331833,2026-08-20 16:29:50+00:00,2026-08-25 05:11:08+00:00,2026-08-25 05:11:07+00:00,4.528668981481482,22.355636574074072,0
331831,2026-08-20 16:14:49+00:00,2026-08-22 07:06:14+00:00,,,22.366064814814816,1
331830,2026-08-20 16:11:50+00:00,2026-08-20 18:24:58+00:00,2026-08-20 18:23:11+00:00,0.09121527777777778,22.368136574074075,0
331829,2026-08-20 16:09:25+00:00,2026-08-22 07:06:17+00:00,,,22.369814814814816,1
331825,2026-08-20 15:53:18+00:00,2026-08-22 07:06:28+00:00,,,22.381006944444444,1
331822,2026-08-20 15:50:42+00:00,2026-08-24 19:45:08+00:00,2026-08-24 19:45:08+00:00,4.162800925925926,22.3828125,0
331821,2026-08-20 15:49:33+00:00,2026-08-31 22:32:21+00:00,2026-08-31 22:32:09+00:00,11.279583333333333,22.38361111111111,1
331816,2026-08-20 15:36:47+00:00,2026-09-10 17:39:23+00:00,2026-08-20 16:12:58+00:00,0.025127314814814814,22.392476851851853,0
331809,2026-08-20 15:18:22+00:00,2026-08-22 07:06:37+00:00,,,22.405266203703704,1
331808,2026-08-20 15:10:28+00:00,2026-08-21 06:32:52+00:00,2026-08-20 16:37:37+00:00,0.060520833333333336,22.410752314814815,0
331805,2026-08-20 14:47:16+00:00,2026-08-22 07:06:47+00:00,,,22.426863425925927,1
331804,2026-08-20 14:36:32+00:00,2026-09-02 16:54:08+00:00,,,22.43431712962963,1
331803,2026-08-20 14:34:50+00:00,2026-08-20 20:17:44+00:00,2026-08-20 20:15:34+00:00,0.23662037037037037,22.435497685185187,0
331802,2026-08-20 14:29:27+00:00,2026-08-21 09:06:15+00:00,2026-08-21 09:03:34+00:00,0.7736921296296296,22.43923611111111,0
331801,2026-08-20 14:22:08+00:00,2026-08-21 01:26:57+00:00,2026-08-21 01:22:08+00:00,0.4583333333333333,22.44431712962963,0
331800,2026-08-20 14:21:26+00:00,2026-09-02 16:33:50+00:00,,,22.44480324074074,1
331799,2026-08-20 14:13:16+00:00,2026-08-21 08:45:26+00:00,2026-08-20 15:12:46+00:00,0.04131944444444444,22.45047453703704,0
331798,2026-08-20 14:03:06+00:00,2026-08-21 12:34:53+00:00,2026-08-21 12:32:45+00:00,0.9372569444444444,22.45753472222222,0
331796,2026-08-20 13:53:10+00:00,2026-08-27 21:58:41+00:00,2026-08-27 21:29:24+00:00,7.316828703703703,22.46443287037037,1
331794,2026-08-20 13:23:09+00:00,2026-08-20 23:18:48+00:00,2026-08-20 23:16:12+00:00,0.41184027777777776,22.485277777777778,0
331793,2026-08-20 13:04:41+00:00,2026-08-20 14:07:14+00:00,2026-08-20 13:58:10+00:00,0.037141203703703704,22.498101851851853,0
331792,2026-08-20 13:00:27+00:00,2026-08-20 20:17:54+00:00,2026-08-20 20:12:52+00:00,0.30028935185185185,22.501041666666666,0
331791,2026-08-20 12:52:04+00:00,2026-08-21 15:03:33+00:00,2026-08-20 17:25:04+00:00,0.18958333333333333,22.506863425925925,0
331785,2026-08-20 12:07:59+00:00,2026-08-24 01:55:40+00:00,,,22.537476851851853,1
331782,2026-08-20 11:53:20+00:00,2026-08-20 14:30:01+00:00,2026-08-20 14:29:59+00:00,0.10878472222222223,22.547650462962963,0
331776,2026-08-20 11:11:41+00:00,2026-08-27 14:40:17+00:00,2026-08-27 14:40:15+00:00,7.144837962962963,22.576574074074074,1
331775,2026-08-20 11:10:40+00:00,2026-08-20 14:07:10+00:00,2026-08-20 13:57:47+00:00,0.11605324074074073,22.57728009259259,0
331772,2026-08-20 10:06:41+00:00,2026-08-21 02:36:16+00:00,2026-08-21 02:33:27+00:00,0.6852546296296296,22.621712962962963,0
331771,2026-08-20 10:01:24+00:00,2026-08-24 16:15:57+00:00,2026-08-24 16:14:56+00:00,4.259398148148148,22.625381944444445,0
331767,2026-08-20 08:50:55+00:00,2026-08-22 07:07:24+00:00,,,22.674328703703704,1
331760,2026-08-20 08:05:55+00:00,2026-08-20 10:06:15+00:00,2026-08-20 10:00:35+00:00,0.07962962962962963,22.705578703703704,0
331759,2026-08-20 07:57:35+00:00,2026-08-20 17:18:02+00:00,2026-08-20 17:12:21+00:00,0.38525462962962964,22.711365740740742,0
331758,2026-08-20 07:56:56+00:00,2026-08-20 09:55:47+00:00,2026-08-20 09:55:45+00:00,0.08251157407407407,22.71181712962963,0
331755,2026-08-20 06:15:23+00:00,2026-09-05 15:20:51+00:00,,,22.782337962962963,1
331753,2026-08-20 05:57:07+00:00,2026-08-20 22:13:06+00:00,2026-08-20 22:08:32+00:00,0.6745949074074075,22.795023148148147,0
331752,2026-08-20 05:56:51+00:00,2026-08-29 03:26:59+00:00,,,22.795208333333335,1
331749,2026-08-20 05:06:06+00:00,2026-09-11 19:53:04+00:00,,,22.83045138888889,1
331741,2026-08-20 01:58:47+00:00,2026-08-20 05:22:25+00:00,2026-08-20 05:22:16+00:00,0.14130787037037038,22.960532407407406,0
331740,2026-08-20 01:49:24+00:00,2026-08-20 14:07:18+00:00,2026-08-20 13:58:05+00:00,0.5060300925925926,22.96704861111111,0
331739,2026-08-20 01:33:31+00:00,2026-08-20 16:38:25+00:00,2026-08-20 16:37:19+00:00,0.6276388888888889,22.978078703703705,0
331738,2026-08-20 01:19:26+00:00,2026-08-24 13:23:08+00:00,,,22.987858796296297,1
331737,2026-08-20 01:09:05+00:00,2026-08-20 15:29:15+00:00,2026-08-20 15:23:22+00:00,0.5932523148148148,22.995046296296298,0
331736,2026-08-20 00:36:44+00:00,2026-08-20 02:30:24+00:00,,,23.017511574074074,1
331735,2026-08-20 00:25:31+00:00,2026-08-20 02:09:34+00:00,2026-08-20 02:08:48+00:00,0.07172453703703703,23.025300925925926,0
331734,2026-08-19 23:44:24+00:00,2026-08-20 00:19:55+00:00,2026-08-20 00:18:53+00:00,0.023946759259259258,23.053854166666667,0
331731,2026-08-19 23:37:12+00:00,2026-08-25 13:17:22+00:00,2026-08-25 13:17:21+00:00,5.569548611111111,23.058854166666666,0
331730,2026-08-19 23:29:15+00:00,2026-08-20 00:05:15+00:00,2026-08-20 00:04:26+00:00,0.02443287037037037,23.064375,0
331728,2026-08-19 23:20:05+00:00,2026-08-20 01:33:24+00:00,2026-08-20 01:32:48+00:00,0.09216435185185186,23.070740740740742,0
331727,2026-08-19 23:09:20+00:00,2026-09-01 16:58:51+00:00,2026-08-29 01:39:02+00:00,9.103958333333333,23.078206018518518,1
331726,2026-08-19 23:03:16+00:00,2026-08-21 23:03:19+00:00,2026-08-21 23:03:18+00:00,2.000023148148148,23.08241898148148,0
331724,2026-08-19 22:59:29+00:00,2026-08-19 23:47:17+00:00,2026-08-19 23:46:02+00:00,0.03232638888888889,23.085046296296298,0
331723,2026-08-19 22:44:02+00:00,2026-08-21 02:35:27+00:00,2026-08-21 02:34:00+00:00,1.159699074074074,23.095775462962962,0
331722,2026-08-19 22:31:23+00:00,2026-08-19 23:42:37+00:00,2026-08-19 23:41:29+00:00,0.04868055555555555,23.104560185185186,0
331721,2026-08-19 22:17:22+00:00,2026-08-20 00:35:27+00:00,2026-08-20 00:34:30+00:00,0.09523148148148149,23.11429398148148,0
331720,2026-08-19 22:13:51+00:00,2026-08-20 13:57:53+00:00,2026-08-20 13:55:35+00:00,0.6539814814814815,23.116736111111113,0
331719,2026-08-19 22:12:21+00:00,2026-08-20 09:35:14+00:00,2026-08-20 09:33:03+00:00,0.47270833333333334,23.11777777777778,0
331716,2026-08-19 22:05:05+00:00,2026-08-19 23:50:23+00:00,2026-08-19 23:49:11+00:00,0.07229166666666667,23.122824074074074,0
331715,2026-08-19 21:50:46+00:00,2026-08-20 13:47:59+00:00,2026-08-20 13:45:34+00:00,0.6630555555555555,23.132766203703703,0
331713,2026-08-19 21:39:30+00:00,2026-08-19 23:42:00+00:00,2026-08-19 23:41:17+00:00,0.08457175925925926,23.14059027777778,0
331712,2026-08-19 21:37:55+00:00,2026-08-19 22:00:41+00:00,2026-08-19 21:59:13+00:00,0.014791666666666667,23.141689814814814,0
331711,2026-08-19 21:37:36+00:00,2026-08-19 23:42:50+00:00,2026-08-19 23:42:02+00:00,0.08641203703703704,23.141909722222223,0
331710,2026-08-19 21:33:50+00:00,2026-08-20 12:03:44+00:00,2026-08-20 11:52:55+00:00,0.5965856481481482,23.144525462962964,0
331709,2026-08-19 21:20:49+00:00,2026-08-19 22:35:13+00:00,2026-08-19 22:34:04+00:00,0.050868055555555555,23.153564814814814,0
331706,2026-08-19 20:36:59+00:00,2026-08-19 23:09:15+00:00,2026-08-19 23:07:20+00:00,0.10440972222222222,23.18400462962963,0
331703,2026-08-19 20:13:20+00:00,2026-08-20 05:48:11+00:00,2026-08-20 04:40:56+00:00,0.3525,23.20042824074074,0
331702,2026-08-19 20:01:18+00:00,2026-08-20 15:53:25+00:00,2026-08-20 15:49:16+00:00,0.8249768518518519,23.208784722222223,0
331701,2026-08-19 20:00:25+00:00,2026-08-21 00:00:46+00:00,2026-08-20 23:58:18+00:00,1.1651967592592594,23.209398148148146,0
331700,2026-08-19 19:33:20+00:00,2026-08-28 11:27:32+00:00,,,23.22820601851852,1
331698,2026-08-19 19:24:58+00:00,2026-08-19 20:23:23+00:00,2026-08-19 20:21:15+00:00,0.03908564814814815,23.234016203703703,0
331697,2026-08-19 19:24:36+00:00,2026-08-19 22:04:47+00:00,2026-08-19 22:03:05+00:00,0.11005787037037038,23.234270833333333,0
331696,2026-08-19 19:15:13+00:00,2026-08-19 20:13:17+00:00,2026-08-19 20:10:44+00:00,0.03855324074074074,23.240787037037038,0
331694,2026-08-19 19:10:16+00:00,2026-08-20 23:46:47+00:00,2026-08-20 23:44:27+00:00,1.1904050925925926,23.244224537037038,0
331692,2026-08-19 19:02:41+00:00,2026-08-19 19:48:00+00:00,2026-08-19 19:43:38+00:00,0.0284375,23.24949074074074,0
331691,2026-08-19 19:01:00+00:00,2026-09-07 08:41:08+00:00,2026-09-07 08:39:09+00:00,18.568159722222223,23.250659722222224,1
331689,2026-08-19 18:43:17+00:00,2026-08-20 10:29:53+00:00,2026-08-20 10:28:51+00:00,0.6566435185185185,23.262962962962963,0
331685,2026-08-19 18:33:43+00:00,2026-08-22 07:08:30+00:00,,,23.269606481481482,1
331684,2026-08-19 18:24:16+00:00,2026-08-20 10:29:54+00:00,2026-08-20 10:29:52+00:00,0.6705555555555556,23.276168981481483,0
331683,2026-08-19 18:23:25+00:00,2026-08-19 19:07:00+00:00,2026-08-19 19:04:53+00:00,0.028796296296296296,23.276759259259258,0
331682,2026-08-19 18:16:26+00:00,2026-08-19 18:43:20+00:00,2026-08-19 18:38:54+00:00,0.015601851851851851,23.281608796296297,0
331681,2026-08-19 18:14:46+00:00,2026-08-19 18:48:54+00:00,2026-08-19 18:48:52+00:00,0.023680555555555555,23.282766203703705,0
331680,2026-08-19 18:14:20+00:00,2026-08-19 18:33:30+00:00,2026-08-19 18:31:03+00:00,0.011608796296296296,23.28306712962963,0
331679,2026-08-19 18:09:47+00:00,2026-08-20 07:57:21+00:00,2026-08-19 18:47:22+00:00,0.026099537037037036,23.28622685185185,0
331676,2026-08-19 17:54:45+00:00,2026-08-22 07:08:34+00:00,,,23.296666666666667,1
331674,2026-08-19 17:42:23+00:00,2026-08-20 00:04:23+00:00,2026-08-20 00:03:40+00:00,0.2647800925925926,23.30525462962963,0
331673,2026-08-19 17:40:29+00:00,2026-09-11 21:07:02+00:00,,,23.306574074074074,1
331670,2026-08-19 17:25:04+00:00,2026-08-19 18:29:01+00:00,2026-08-19 18:24:46+00:00,0.04145833333333333,23.317280092592593,0
331669,2026-08-19 17:23:50+00:00,2026-08-19 19:16:46+00:00,2026-08-19 18:29:55+00:00,0.045891203703703705,23.318136574074074,0
331668,2026-08-19 17:21:59+00:00,2026-08-22 07:08:41+00:00,,,23.319421296296298,1
331667,2026-08-19 16:52:46+00:00,2026-08-20 01:00:52+00:00,2026-08-20 01:00:03+00:00,0.3383912037037037,23.33971064814815,0
331665,2026-08-19 16:42:59+00:00,2026-08-19 23:33:33+00:00,2026-08-19 23:32:48+00:00,0.2845949074074074,23.346504629629628,0
331664,2026-08-19 16:30:56+00:00,2026-08-19 16:32:22+00:00,2026-08-19 16:32:16+00:00,0.000925925925925926,23.354872685185185,0
331662,2026-08-19 16:16:41+00:00,2026-08-20 09:11:20+00:00,2026-08-20 09:11:20+00:00,0.7046180555555556,23.364768518518517,0
331661,2026-08-19 16:16:32+00:00,2026-08-22 07:08:44+00:00,,,23.364872685185187,1
331660,2026-08-19 16:14:16+00:00,2026-08-27 16:09:10+00:00,2026-08-23 06:42:17+00:00,3.6027893518518517,23.366446759259258,0
331657,2026-08-19 15:54:59+00:00,2026-08-22 07:08:49+00:00,,,23.379837962962963,1
331645,2026-08-19 14:37:36+00:00,2026-08-19 16:15:39+00:00,2026-08-19 16:12:28+00:00,0.06587962962962964,23.433576388888888,0
331644,2026-08-19 14:33:43+00:00,2026-08-19 18:53:18+00:00,2026-08-19 18:50:13+00:00,0.178125,23.43627314814815,0
331643,2026-08-19 14:23:41+00:00,2026-08-22 07:08:52+00:00,,,23.44324074074074,1
331640,2026-08-19 13:31:33+00:00,2026-08-19 14:33:08+00:00,2026-08-19 14:32:13+00:00,0.04212962962962963,23.479444444444443,0
331635,2026-08-19 12:03:49+00:00,2026-08-20 16:44:33+00:00,2026-08-20 16:37:49+00:00,1.1902777777777778,23.540370370370372,0
331631,2026-08-19 11:35:43+00:00,2026-08-19 14:35:12+00:00,2026-08-19 14:33:29+00:00,0.12344907407407407,23.55988425925926,0
331630,2026-08-19 11:33:31+00:00,2026-08-19 14:35:06+00:00,2026-08-19 14:33:32+00:00,0.12501157407407407,23.561412037037037,0
331629,2026-08-19 11:24:25+00:00,2026-09-01 09:17:11+00:00,2026-09-01 09:17:11+00:00,12.911643518518519,23.56773148148148,1
331628,2026-08-19 11:16:12+00:00,2026-08-19 16:08:46+00:00,2026-08-19 16:07:57+00:00,0.20260416666666667,23.5734375,0
331627,2026-08-19 11:10:07+00:00,2026-08-26 18:42:47+00:00,2026-08-26 18:42:45+00:00,7.314328703703704,23.577662037037037,1
331626,2026-08-19 10:30:04+00:00,2026-09-05 15:52:38+00:00,,,23.605474537037036,1
331625,2026-08-19 10:20:10+00:00,2026-08-19 18:24:21+00:00,2026-08-19 18:21:05+00:00,0.3339699074074074,23.612349537037037,0
331623,2026-08-19 09:55:48+00:00,2026-08-19 11:43:29+00:00,2026-08-19 11:40:07+00:00,0.07244212962962963,23.629270833333333,0
331620,2026-08-19 09:11:44+00:00,2026-08-20 09:55:01+00:00,2026-08-20 09:45:16+00:00,1.023287037037037,23.659872685185185,0
331619,2026-08-19 09:01:09+00:00,2026-08-19 10:12:45+00:00,,,23.66722222222222,1
331618,2026-08-19 08:52:55+00:00,2026-08-29 17:56:48+00:00,,,23.672939814814814,1
331617,2026-08-19 08:49:20+00:00,2026-08-19 15:45:47+00:00,2026-08-19 15:44:05+00:00,0.28802083333333334,23.67542824074074,0
331614,2026-08-19 08:15:19+00:00,2026-08-19 12:22:34+00:00,2026-08-19 12:21:01+00:00,0.170625,23.699050925925928,0
331612,2026-08-19 07:58:46+00:00,2026-08-19 16:09:03+00:00,2026-08-19 16:05:54+00:00,0.33828703703703705,23.710543981481482,0
331611,2026-08-19 07:53:09+00:00,2026-08-20 08:08:57+00:00,2026-08-20 08:07:32+00:00,1.009988425925926,23.714444444444446,0
331606,2026-08-19 06:19:16+00:00,2026-08-20 03:46:48+00:00,2026-08-20 03:46:12+00:00,0.8937037037037037,23.779641203703704,0
331604,2026-08-19 05:15:25+00:00,2026-08-24 06:12:59+00:00,,,23.823981481481482,1
331603,2026-08-19 05:07:39+00:00,2026-08-19 16:52:57+00:00,2026-08-19 16:52:57+00:00,0.4897916666666667,23.829375,0
331602,2026-08-19 04:18:24+00:00,2026-08-19 20:08:24+00:00,2026-08-19 19:11:50+00:00,0.6204398148148148,23.863576388888887,0
331596,2026-08-19 03:06:54+00:00,2026-08-19 04:18:16+00:00,,,23.913229166666667,1
331591,2026-08-19 01:52:47+00:00,2026-08-19 16:49:06+00:00,2026-08-19 16:45:10+00:00,0.6197106481481481,23.964699074074073,0
331588,2026-08-19 01:02:15+00:00,2026-09-10 23:52:29+00:00,,,23.999791666666667,1
331587,2026-08-19 00:47:43+00:00,2026-08-20 02:46:49+00:00,2026-08-20 02:45:52+00:00,1.0820486111111112,24.00988425925926,0
331586,2026-08-19 00:38:22+00:00,2026-08-19 02:45:59+00:00,2026-08-19 02:45:13+00:00,0.08809027777777778,24.016377314814815,0
331585,2026-08-19 00:32:55+00:00,2026-08-20 19:03:27+00:00,2026-08-20 19:03:27+00:00,1.7712037037037036,24.020162037037036,0
331577,2026-08-18 23:33:15+00:00,2026-08-19 02:37:11+00:00,2026-08-19 02:37:10+00:00,0.1277199074074074,24.061597222222222,0
331576,2026-08-18 23:23:10+00:00,2026-08-19 02:55:44+00:00,2026-08-19 02:55:44+00:00,0.14761574074074074,24.068599537037038,0
331575,2026-08-18 23:20:09+00:00,2026-08-19 02:45:36+00:00,2026-08-19 02:44:48+00:00,0.14211805555555557,24.070694444444445,0
331574,2026-08-18 22:57:58+00:00,2026-08-19 17:17:23+00:00,2026-08-19 17:13:43+00:00,0.7609375,24.086099537037036,0
331573,2026-08-18 22:55:29+00:00,2026-08-19 02:48:09+00:00,2026-08-19 02:46:59+00:00,0.1607638888888889,24.087824074074074,0
331571,2026-08-18 22:39:25+00:00,2026-08-30 00:27:30+00:00,,,24.09898148148148,1
331569,2026-08-18 22:27:13+00:00,2026-09-09 22:29:27+00:00,,,24.107453703703705,1
331565,2026-08-18 22:08:57+00:00,2026-08-19 22:22:59+00:00,,,24.12013888888889,1
331564,2026-08-18 22:02:42+00:00,2026-08-26 23:57:43+00:00,2026-08-26 23:57:43+00:00,8.079872685185185,24.124479166666667,1
331561,2026-08-18 21:57:23+00:00,2026-08-19 17:08:14+00:00,2026-08-19 17:05:11+00:00,0.7970833333333334,24.128171296296298,0
331560,2026-08-18 21:46:59+00:00,2026-08-26 23:57:42+00:00,2026-08-26 23:57:42+00:00,8.090775462962963,24.13539351851852,1
331559,2026-08-18 21:42:40+00:00,2026-08-19 20:53:08+00:00,2026-08-19 18:54:23+00:00,0.8831365740740741,24.138391203703705,0
331558,2026-08-18 21:25:19+00:00,2026-08-18 23:16:52+00:00,2026-08-18 23:15:42+00:00,0.0766550925925926,24.150439814814813,0
331557,2026-08-18 21:14:42+00:00,2026-08-18 22:15:25+00:00,2026-08-18 22:13:48+00:00,0.041041666666666664,24.1578125,0
331556,2026-08-18 21:13:31+00:00,2026-08-18 21:35:44+00:00,2026-08-18 21:33:58+00:00,0.014201388888888888,24.15863425925926,0
331555,2026-08-18 21:07:24+00:00,2026-08-18 21:29:47+00:00,2026-08-18 21:27:58+00:00,0.014282407407407407,24.162881944444443,0
331552,2026-08-18 20:32:38+00:00,2026-08-25 22:01:33+00:00,2026-08-25 22:01:31+00:00,7.061724537037037,24.187025462962964,1
331551,2026-08-18 20:22:23+00:00,2026-08-19 02:22:40+00:00,2026-08-19 02:21:50+00:00,0.24961805555555555,24.19414351851852,0
331550,2026-08-18 19:52:13+00:00,2026-08-20 16:15:05+00:00,2026-08-20 16:09:30+00:00,1.8453356481481482,24.215092592592594,0
331549,2026-08-18 19:47:19+00:00,2026-08-18 21:41:47+00:00,2026-08-18 21:41:45+00:00,0.07946759259259259,24.21849537037037,0
331547,2026-08-18 19:44:11+00:00,2026-08-26 23:57:44+00:00,2026-08-26 23:57:44+00:00,8.17607638888889,24.220671296296295,1
331545,2026-08-18 19:37:26+00:00,2026-08-19 08:34:16+00:00,2026-08-19 08:33:34+00:00,0.5389814814814815,24.225358796296295,0
331544,2026-08-18 19:35:06+00:00,2026-08-18 21:44:06+00:00,2026-08-18 21:44:04+00:00,0.08956018518518519,24.226979166666666,0
331543,2026-08-18 19:32:20+00:00,2026-08-26 23:57:43+00:00,2026-08-26 23:57:43+00:00,8.184293981481481,24.22890046296296,1
331540,2026-08-18 19:20:10+00:00,2026-08-26 23:57:44+00:00,2026-08-26 23:57:44+00:00,8.19275462962963,24.237349537037037,1
331539,2026-08-18 19:11:33+00:00,2026-08-26 23:57:42+00:00,2026-08-26 23:57:42+00:00,8.198715277777778,24.243333333333332,1
331536,2026-08-18 19:05:59+00:00,2026-08-18 21:24:03+00:00,2026-08-18 21:22:30+00:00,0.09480324074074074,24.247199074074075,0
331533,2026-08-18 18:58:18+00:00,2026-08-26 23:57:41+00:00,2026-08-26 23:57:41+00:00,8.207905092592593,24.252534722222222,1
331530,2026-08-18 18:42:45+00:00,2026-08-28 14:53:29+00:00,,,24.263333333333332,1
331529,2026-08-18 18:37:17+00:00,2026-08-20 00:15:28+00:00,2026-08-20 00:14:45+00:00,1.234351851851852,24.26712962962963,0
331527,2026-08-18 18:32:58+00:00,2026-09-09 22:29:29+00:00,2026-09-02 00:17:33+00:00,14.239293981481481,24.270127314814815,1
331525,2026-08-18 18:32:19+00:00,2026-08-19 07:09:17+00:00,2026-08-18 21:31:01+00:00,0.12409722222222222,24.270578703703702,0
331524,2026-08-18 18:28:47+00:00,2026-08-22 20:18:59+00:00,2026-08-20 14:18:56+00:00,1.8264930555555556,24.273032407407406,0
331523,2026-08-18 18:21:32+00:00,2026-08-18 20:09:14+00:00,2026-08-18 20:07:02+00:00,0.07326388888888889,24.27806712962963,0
331522,2026-08-18 18:16:19+00:00,2026-08-19 12:23:58+00:00,2026-08-18 22:46:12+00:00,0.18741898148148148,24.281689814814815,0
331520,2026-08-18 18:09:29+00:00,2026-08-18 19:17:09+00:00,2026-08-18 19:14:51+00:00,0.04539351851851852,24.286435185185184,0
331519,2026-08-18 18:07:10+00:00,2026-09-01 09:16:50+00:00,2026-09-01 09:16:50+00:00,13.631712962962963,24.288043981481483,1
331518,2026-08-18 18:07:05+00:00,2026-08-19 07:06:59+00:00,2026-08-18 22:36:04+00:00,0.1867939814814815,24.288101851851852,0
331516,2026-08-18 17:58:39+00:00,2026-08-19 06:56:11+00:00,2026-08-19 06:55:25+00:00,0.5394212962962963,24.293958333333332,0
331515,2026-08-18 17:52:52+00:00,2026-08-19 22:08:19+00:00,2026-08-19 22:08:18+00:00,1.1773842592592592,24.29797453703704,0
331514,2026-08-18 17:51:09+00:00,2026-08-31 18:23:08+00:00,,,24.299166666666668,1
331512,2026-08-18 17:39:45+00:00,2026-08-18 22:00:06+00:00,2026-08-18 21:58:14+00:00,0.17950231481481482,24.307083333333335,0
331510,2026-08-18 17:20:42+00:00,2026-08-18 19:14:37+00:00,2026-08-18 19:12:29+00:00,0.07762731481481482,24.3203125,0
331509,2026-08-18 17:14:31+00:00,2026-08-21 19:07:59+00:00,2026-08-21 19:06:36+00:00,3.0778356481481484,24.32460648148148,0
331506,2026-08-18 16:44:23+00:00,2026-08-22 19:44:49+00:00,2026-08-18 18:24:45+00:00,0.06969907407407408,24.345532407407408,0
331505,2026-08-18 16:43:01+00:00,2026-08-18 20:23:00+00:00,2026-08-18 20:21:14+00:00,0.15153935185185186,24.346481481481483,0
331503,2026-08-18 16:37:20+00:00,2026-08-18 19:56:38+00:00,2026-08-18 19:56:36+00:00,0.13837962962962963,24.35042824074074,0
331501,2026-08-18 16:25:48+00:00,2026-08-18 22:59:41+00:00,2026-08-18 22:58:11+00:00,0.2724884259259259,24.3584375,0
331499,2026-08-18 16:19:30+00:00,2026-08-18 16:24:26+00:00,2026-08-18 16:21:09+00:00,0.0011458333333333333,24.3628125,0
331496,2026-08-18 16:11:26+00:00,2026-08-19 12:19:06+00:00,2026-08-19 09:44:01+00:00,0.7309606481481481,24.36841435185185,0
331495,2026-08-18 16:11:07+00:00,2026-08-18 19:17:09+00:00,2026-08-18 19:14:45+00:00,0.12752314814814814,24.36863425925926,0
331492,2026-08-18 15:57:11+00:00,2026-08-30 22:25:53+00:00,2026-08-18 17:21:30+00:00,0.05855324074074074,24.378310185185185,0
331491,2026-08-18 15:56:48+00:00,2026-08-18 23:34:48+00:00,2026-08-18 23:33:58+00:00,0.31747685185185187,24.378576388888888,0
331490,2026-08-18 15:54:56+00:00,2026-08-19 11:50:19+00:00,2026-08-19 11:48:19+00:00,0.828738425925926,24.379872685185184,0
331488,2026-08-18 15:36:50+00:00,2026-08-19 11:43:22+00:00,2026-08-19 11:40:04+00:00,0.8355787037037037,24.39244212962963,0
331486,2026-08-18 15:31:39+00:00,2026-08-18 17:12:32+00:00,,,24.396041666666665,1
331485,2026-08-18 15:24:11+00:00,2026-08-18 18:33:06+00:00,2026-08-18 18:32:17+00:00,0.130625,24.401226851851852,0
331482,2026-08-18 15:10:24+00:00,2026-08-18 17:32:13+00:00,2026-08-18 17:32:13+00:00,0.09848379629629629,24.41079861111111,0
331481,2026-08-18 14:59:10+00:00,2026-08-18 17:47:36+00:00,2026-08-18 17:43:07+00:00,0.11385416666666667,24.418599537037036,0
331479,2026-08-18 14:48:15+00:00,2026-08-18 15:23:25+00:00,2026-08-18 15:22:35+00:00,0.023842592592592592,24.426180555555554,0
331476,2026-08-18 14:26:13+00:00,2026-08-18 14:45:29+00:00,2026-08-18 14:44:10+00:00,0.012465277777777778,24.441481481481482,0
331474,2026-08-18 13:37:53+00:00,2026-08-18 15:13:31+00:00,,,24.475046296296295,1
331472,2026-08-18 13:21:45+00:00,2026-08-18 17:19:10+00:00,2026-08-18 16:47:44+00:00,0.14304398148148148,24.48625,0
331471,2026-08-18 13:18:35+00:00,2026-08-18 14:23:08+00:00,2026-08-18 14:23:06+00:00,0.04480324074074074,24.488449074074072,0
331468,2026-08-18 13:01:59+00:00,2026-08-18 14:44:04+00:00,2026-08-18 14:39:36+00:00,0.06778935185185185,24.49997685185185,0
331467,2026-08-18 12:53:12+00:00,2026-08-18 14:44:01+00:00,2026-08-18 14:39:40+00:00,0.07393518518518519,24.50607638888889,0
331465,2026-08-18 12:28:52+00:00,2026-08-18 14:44:07+00:00,2026-08-18 14:40:13+00:00,0.09121527777777778,24.522974537037037,0
331461,2026-08-18 11:44:24+00:00,2026-08-19 23:03:28+00:00,2026-08-19 23:03:23+00:00,1.4715162037037037,24.553854166666667,0
331459,2026-08-18 11:35:29+00:00,2026-08-18 17:47:34+00:00,2026-08-18 17:43:24+00:00,0.2554976851851852,24.560046296296296,0
331458,2026-08-18 11:35:00+00:00,2026-08-18 14:36:44+00:00,2026-08-18 14:36:02+00:00,0.1257175925925926,24.560381944444444,0
331453,2026-08-18 10:55:14+00:00,2026-08-19 09:44:44+00:00,2026-08-19 09:44:44+00:00,0.9510416666666667,24.587997685185186,0
331451,2026-08-18 10:16:10+00:00,2026-08-19 09:27:16+00:00,2026-08-18 11:06:44+00:00,0.03511574074074074,24.615127314814814,0
331450,2026-08-18 10:10:39+00:00,2026-08-18 11:06:24+00:00,2026-08-18 11:06:23+00:00,0.038703703703703705,24.61895833333333,0
331449,2026-08-18 09:51:27+00:00,2026-08-18 10:39:15+00:00,,,24.632291666666667,1
331448,2026-08-18 09:49:07+00:00,2026-08-18 15:16:26+00:00,,,24.63391203703704,1
331447,2026-08-18 09:46:01+00:00,2026-08-18 10:09:49+00:00,,,24.636064814814816,1
331446,2026-08-18 09:41:05+00:00,2026-08-19 14:43:14+00:00,2026-08-19 14:41:35+00:00,1.2086805555555555,24.63949074074074,0
331444,2026-08-18 09:26:48+00:00,2026-08-18 11:23:33+00:00,2026-08-18 11:19:23+00:00,0.07818287037037037,24.649409722222224,0
331442,2026-08-18 09:03:33+00:00,2026-08-29 01:21:11+00:00,2026-08-29 01:20:30+00:00,10.6784375,24.665555555555557,1
331439,2026-08-18 08:32:24+00:00,2026-08-28 22:04:29+00:00,2026-08-28 22:01:48+00:00,10.562083333333334,24.6871875,1
331438,2026-08-18 08:26:28+00:00,2026-08-18 09:39:08+00:00,2026-08-18 09:33:52+00:00,0.04680555555555556,24.69130787037037,0
331437,2026-08-18 08:25:33+00:00,2026-08-18 08:46:40+00:00,2026-08-18 08:45:47+00:00,0.014050925925925927,24.691944444444445,0
331436,2026-08-18 08:25:19+00:00,2026-08-18 10:55:40+00:00,2026-08-18 10:48:44+00:00,0.09959490740740741,24.69210648148148,0
331435,2026-08-18 08:19:52+00:00,2026-08-18 11:36:04+00:00,2026-08-18 11:32:29+00:00,0.13376157407407407,24.695891203703702,0
331432,2026-08-18 07:30:17+00:00,2026-08-18 11:18:56+00:00,2026-08-18 11:16:34+00:00,0.1571412037037037,24.730324074074073,0
331430,2026-08-18 06:29:36+00:00,2026-08-18 21:34:11+00:00,,,24.772465277777776,1
331424,2026-08-18 05:03:03+00:00,2026-08-18 08:50:54+00:00,2026-08-18 08:50:01+00:00,0.15761574074074075,24.832569444444445,0
331419,2026-08-18 04:40:08+00:00,2026-08-19 06:34:08+00:00,2026-08-19 06:33:16+00:00,1.0785648148148148,24.848483796296296,0
331418,2026-08-18 04:22:24+00:00,2026-08-18 08:52:56+00:00,2026-08-18 08:51:41+00:00,0.1870023148148148,24.86079861111111,0
331416,2026-08-18 03:47:59+00:00,2026-08-19 14:05:26+00:00,2026-08-18 22:18:31+00:00,0.7712037037037037,24.884699074074074,0
331415,2026-08-18 02:59:43+00:00,2026-08-18 21:55:54+00:00,2026-08-18 21:54:35+00:00,0.7881018518518519,24.918217592592594,0
331414,2026-08-18 02:45:19+00:00,2026-08-18 21:42:03+00:00,2026-08-18 21:42:02+00:00,0.7893865740740741,24.928217592592592,0
331410,2026-08-18 02:28:45+00:00,2026-08-18 11:23:59+00:00,2026-08-18 11:23:10+00:00,0.3711226851851852,24.939722222222223,0
331409,2026-08-18 01:56:54+00:00,2026-08-25 14:40:49+00:00,2026-08-18 16:15:16+00:00,0.596087962962963,24.961840277777778,0
331408,2026-08-18 01:37:31+00:00,2026-09-09 22:29:31+00:00,,,24.975300925925925,1
331407,2026-08-18 01:29:18+00:00,2026-08-18 15:20:52+00:00,2026-08-18 15:20:51+00:00,0.5774652777777778,24.981006944444445,0
331406,2026-08-18 01:24:53+00:00,2026-08-18 01:53:18+00:00,2026-08-18 01:53:18+00:00,0.019733796296296298,24.984074074074073,0
331405,2026-08-18 01:22:52+00:00,2026-08-18 10:40:57+00:00,2026-08-18 10:40:54+00:00,0.38752314814814814,24.98547453703704,0
331402,2026-08-18 01:02:35+00:00,2026-08-18 02:31:24+00:00,2026-08-18 02:30:39+00:00,0.06115740740740741,24.999560185185185,0
331401,2026-08-18 00:59:20+00:00,2026-08-19 21:22:14+00:00,2026-08-19 21:19:44+00:00,1.8475,25.00181712962963,0
331399,2026-08-18 00:49:32+00:00,2026-08-18 14:52:19+00:00,2026-08-18 14:50:45+00:00,0.5841782407407408,25.008622685185184,0
331396,2026-08-18 00:33:11+00:00,2026-09-09 22:29:33+00:00,,,25.01997685185185,1
331395,2026-08-18 00:26:21+00:00,2026-08-19 09:56:52+00:00,2026-08-19 09:47:05+00:00,1.389398148148148,25.024722222222223,0
331394,2026-08-18 00:22:15+00:00,2026-08-19 20:10:34+00:00,2026-08-19 20:06:00+00:00,1.8220486111111112,25.027569444444445,0
331391,2026-08-17 23:53:48+00:00,2026-08-24 23:45:41+00:00,,,25.047326388888887,1
331387,2026-08-17 23:22:25+00:00,2026-08-18 00:25:52+00:00,2026-08-18 00:21:31+00:00,0.041041666666666664,25.06912037037037,0
331386,2026-08-17 23:18:42+00:00,2026-08-17 23:49:05+00:00,2026-08-17 23:49:05+00:00,0.021099537037037038,25.07170138888889,0
331383,2026-08-17 23:03:00+00:00,2026-08-18 00:52:00+00:00,2026-08-18 00:49:56+00:00,0.07425925925925926,25.082604166666666,0
331382,2026-08-17 23:00:52+00:00,2026-08-18 00:34:44+00:00,2026-08-18 00:15:40+00:00,0.051944444444444446,25.084085648148147,0
331380,2026-08-17 22:52:33+00:00,2026-08-17 23:41:08+00:00,2026-08-17 23:39:18+00:00,0.03246527777777778,25.089861111111112,0
331378,2026-08-17 22:48:21+00:00,2026-08-18 00:49:42+00:00,2026-08-18 00:49:41+00:00,0.08425925925925926,25.092777777777776,0
331377,2026-08-17 22:47:00+00:00,2026-08-18 00:34:32+00:00,2026-08-18 00:31:39+00:00,0.0726736111111111,25.09371527777778,0
331376,2026-08-17 22:46:30+00:00,2026-08-18 17:32:17+00:00,2026-08-18 17:32:17+00:00,0.7817939814814815,25.0940625,0
331375,2026-08-17 22:43:09+00:00,2026-08-18 17:32:21+00:00,2026-08-18 17:32:21+00:00,0.7841666666666667,25.09638888888889,0
331372,2026-08-17 22:34:20+00:00,2026-08-18 04:01:11+00:00,2026-08-18 04:00:14+00:00,0.22631944444444443,25.102511574074075,0
331370,2026-08-17 22:31:11+00:00,2026-08-18 21:17:12+00:00,2026-08-18 21:17:09+00:00,0.948587962962963,25.104699074074073,0
331369,2026-08-17 22:31:01+00:00,2026-08-18 23:00:14+00:00,2026-08-18 23:00:12+00:00,1.0202662037037038,25.104814814814816,0
331364,2026-08-17 22:25:46+00:00,2026-08-18 00:28:45+00:00,2026-08-18 00:27:53+00:00,0.08480324074074073,25.10846064814815,0
331363,2026-08-17 22:22:15+00:00,2026-08-17 23:05:00+00:00,2026-08-17 23:02:37+00:00,0.02803240740740741,25.110902777777778,0
331362,2026-08-17 22:20:29+00:00,2026-08-17 23:07:52+00:00,2026-08-17 22:58:05+00:00,0.026111111111111113,25.112129629629628,0
331358,2026-08-17 22:09:52+00:00,2026-08-19 10:05:41+00:00,2026-08-19 10:03:42+00:00,1.4957175925925925,25.119502314814813,0
331356,2026-08-17 21:59:44+00:00,2026-08-18 00:25:52+00:00,2026-08-18 00:20:29+00:00,0.09774305555555556,25.126539351851854,0
331353,2026-08-17 21:56:34+00:00,2026-08-17 22:45:23+00:00,2026-08-17 22:45:22+00:00,0.03388888888888889,25.128738425925928,0
331352,2026-08-17 21:56:07+00:00,2026-08-17 22:33:15+00:00,2026-08-17 22:33:15+00:00,0.025787037037037035,25.129050925925927,0
331351,2026-08-17 21:50:23+00:00,2026-08-19 18:56:25+00:00,2026-08-19 18:55:11+00:00,1.8783333333333334,25.13303240740741,0
331349,2026-08-17 21:43:26+00:00,2026-09-09 22:29:35+00:00,,,25.137858796296296,1
331345,2026-08-17 21:30:20+00:00,2026-09-09 22:29:37+00:00,,,25.14695601851852,1
331343,2026-08-17 21:27:41+00:00,2026-08-17 22:09:21+00:00,2026-08-17 22:07:57+00:00,0.027962962962962964,25.148796296296297,0
331340,2026-08-17 21:15:12+00:00,2026-08-18 03:36:40+00:00,2026-08-18 03:35:55+00:00,0.26438657407407407,25.157465277777778,0
331339,2026-08-17 21:11:45+00:00,2026-08-18 07:33:18+00:00,2026-08-18 07:33:18+00:00,0.43163194444444447,25.159861111111113,0
331338,2026-08-17 21:07:21+00:00,2026-08-17 23:01:42+00:00,2026-08-17 23:01:41+00:00,0.07939814814814815,25.162916666666668,0
331337,2026-08-17 21:06:06+00:00,2026-08-17 23:16:18+00:00,2026-08-17 23:16:16+00:00,0.09039351851851851,25.16378472222222,0
331333,2026-08-17 21:02:21+00:00,2026-08-17 21:43:10+00:00,2026-08-17 21:43:10+00:00,0.02834490740740741,25.16638888888889,0
331332,2026-08-17 21:01:29+00:00,2026-08-17 23:28:36+00:00,2026-08-17 23:27:59+00:00,0.10173611111111111,25.16699074074074,0
331331,2026-08-17 21:00:58+00:00,2026-08-17 22:01:20+00:00,2026-08-17 22:01:19+00:00,0.04190972222222222,25.167349537037037,0
331329,2026-08-17 20:58:36+00:00,2026-08-18 17:32:26+00:00,2026-08-18 17:32:25+00:00,0.8568171296296296,25.168993055555557,0
331328,2026-08-17 20:57:45+00:00,2026-08-18 17:32:31+00:00,2026-08-18 17:32:31+00:00,0.8574768518518519,25.169583333333332,0
331326,2026-08-17 20:56:03+00:00,2026-08-18 17:32:36+00:00,2026-08-18 17:32:36+00:00,0.8587152777777778,25.17076388888889,0
331324,2026-08-17 20:54:56+00:00,2026-08-17 22:28:26+00:00,2026-08-17 22:04:25+00:00,0.04825231481481482,25.17153935185185,0
331322,2026-08-17 20:52:05+00:00,2026-08-18 17:32:39+00:00,2026-08-18 17:32:39+00:00,0.8615046296296296,25.17351851851852,0
331321,2026-08-17 20:45:56+00:00,2026-08-17 21:18:31+00:00,2026-08-17 21:18:29+00:00,0.022604166666666668,25.177789351851853,0
331315,2026-08-17 20:34:46+00:00,2026-08-17 21:15:16+00:00,2026-08-17 21:11:41+00:00,0.025636574074074076,25.18554398148148,0
331313,2026-08-17 20:30:11+00:00,2026-08-17 23:25:08+00:00,2026-08-17 23:21:56+00:00,0.11927083333333334,25.18872685185185,0
331312,2026-08-17 20:29:17+00:00,2026-08-18 17:32:44+00:00,2026-08-18 17:32:44+00:00,0.8773958333333334,25.189351851851853,0
331310,2026-08-17 20:25:15+00:00,2026-09-09 22:29:38+00:00,2026-08-28 14:54:21+00:00,10.770208333333333,25.19215277777778,1
331308,2026-08-17 20:21:58+00:00,2026-08-17 23:52:35+00:00,2026-08-17 23:49:46+00:00,0.14430555555555555,25.19443287037037,0
331307,2026-08-17 20:18:50+00:00,2026-08-17 21:01:35+00:00,2026-08-17 21:01:33+00:00,0.02966435185185185,25.196608796296296,0
331306,2026-08-17 20:15:10+00:00,2026-08-17 22:46:22+00:00,2026-08-17 21:54:45+00:00,0.06915509259259259,25.199155092592594,0
331300,2026-08-17 19:51:11+00:00,2026-09-09 22:29:40+00:00,,,25.215810185185184,1
331298,2026-08-17 19:41:43+00:00,2026-08-18 21:19:33+00:00,2026-08-18 21:17:20+00:00,1.0664004629629629,25.222384259259258,0
331297,2026-08-17 19:32:41+00:00,2026-08-28 18:13:47+00:00,,,25.228657407407407,1
331283,2026-08-17 18:54:18+00:00,2026-08-17 22:24:00+00:00,,,25.2553125,1
331282,2026-08-17 18:52:46+00:00,2026-08-18 02:24:53+00:00,2026-08-18 02:23:33+00:00,0.3130439814814815,25.256377314814817,0
331281,2026-08-17 18:43:56+00:00,2026-08-17 20:29:27+00:00,2026-08-17 20:26:48+00:00,0.07143518518518518,25.262511574074075,0
331278,2026-08-17 18:27:21+00:00,2026-08-17 21:29:33+00:00,2026-08-17 21:24:53+00:00,0.12328703703703704,25.27402777777778,0
331276,2026-08-17 18:23:32+00:00,2026-08-17 19:26:03+00:00,2026-08-17 19:23:25+00:00,0.04158564814814815,25.27667824074074,0
331244,2026-08-17 17:23:32+00:00,2026-08-17 18:23:35+00:00,2026-08-17 18:20:41+00:00,0.0396875,25.318344907407408,0
331241,2026-08-17 17:16:28+00:00,2026-08-17 23:39:41+00:00,2026-08-17 23:39:40+00:00,0.26611111111111113,25.323252314814816,0
331239,2026-08-17 17:13:14+00:00,2026-08-17 21:11:06+00:00,2026-08-17 21:10:21+00:00,0.16466435185185185,25.325497685185184,0
331236,2026-08-17 17:09:35+00:00,2026-08-18 13:25:08+00:00,2026-08-18 13:24:01+00:00,0.8433564814814815,25.328032407407406,0
331233,2026-08-17 17:00:44+00:00,2026-08-18 15:24:51+00:00,2026-08-18 15:24:49+00:00,0.9333912037037037,25.33417824074074,0
331225,2026-08-17 16:19:37+00:00,2026-08-18 17:32:51+00:00,2026-08-18 17:32:51+00:00,1.0508564814814816,25.362731481481482,0
331224,2026-08-17 16:18:58+00:00,2026-08-17 22:25:09+00:00,2026-08-17 22:25:08+00:00,0.25428240740740743,25.36318287037037,0
331222,2026-08-17 16:16:55+00:00,2026-08-18 01:18:20+00:00,2026-08-18 01:18:18+00:00,0.37596064814814817,25.36460648148148,0
331221,2026-08-17 16:16:21+00:00,2026-08-17 21:22:48+00:00,2026-08-17 21:22:45+00:00,0.2127777777777778,25.365,0
331209,2026-08-17 13:34:09+00:00,2026-08-17 14:54:54+00:00,2026-08-17 14:19:47+00:00,0.031689814814814816,25.47763888888889,0
331204,2026-08-17 13:22:21+00:00,2026-08-17 14:50:22+00:00,2026-08-17 14:46:01+00:00,0.05810185185185185,25.485833333333332,0
331198,2026-08-17 12:45:26+00:00,2026-08-20 12:32:40+00:00,,,25.511469907407406,1
331187,2026-08-17 12:02:17+00:00,2026-08-17 13:17:34+00:00,2026-08-17 13:11:51+00:00,0.048310185185185185,25.541435185185186,0
331185,2026-08-17 11:48:39+00:00,2026-08-17 13:23:14+00:00,,,25.55090277777778,1
331183,2026-08-17 11:44:02+00:00,2026-08-18 11:44:31+00:00,2026-08-18 11:44:29+00:00,1.0003125,25.554108796296298,0
331181,2026-08-17 11:40:28+00:00,2026-08-24 18:20:56+00:00,2026-08-17 13:12:49+00:00,0.06413194444444445,25.556585648148147,0
331177,2026-08-17 11:31:52+00:00,2026-08-17 12:46:52+00:00,2026-08-17 12:40:40+00:00,0.04777777777777778,25.56255787037037,0
331176,2026-08-17 11:21:32+00:00,2026-08-17 21:05:51+00:00,2026-08-17 20:26:43+00:00,0.378599537037037,25.569733796296298,0
331175,2026-08-17 11:16:02+00:00,2026-08-17 15:52:59+00:00,2026-08-17 15:50:36+00:00,0.19067129629629628,25.57355324074074,0
331173,2026-08-17 11:02:38+00:00,2026-08-18 09:39:10+00:00,2026-08-18 09:34:32+00:00,0.9388194444444444,25.582858796296296,0
331170,2026-08-17 10:45:35+00:00,2026-09-01 14:33:54+00:00,2026-08-19 11:40:29+00:00,2.038125,25.594699074074075,0
331162,2026-08-17 09:07:05+00:00,2026-08-17 16:32:19+00:00,,,25.663101851851852,1
331160,2026-08-17 08:24:45+00:00,2026-09-07 12:38:39+00:00,,,25.6925,1
331158,2026-08-17 07:56:35+00:00,2026-08-17 11:59:50+00:00,2026-08-17 11:56:27+00:00,0.16657407407407407,25.712060185185184,0
331157,2026-08-17 07:56:05+00:00,2026-08-17 08:38:52+00:00,2026-08-17 08:35:36+00:00,0.02744212962962963,25.712407407407408,0
331156,2026-08-17 07:56:03+00:00,2026-08-17 08:36:31+00:00,2026-08-17 08:34:57+00:00,0.02701388888888889,25.712430555555557,0
331153,2026-08-17 07:31:47+00:00,2026-08-27 16:56:35+00:00,,,25.729282407407407,1
331152,2026-08-17 07:31:26+00:00,2026-08-18 11:36:45+00:00,,,25.729525462962965,1
331151,2026-08-17 07:30:19+00:00,2026-08-31 15:41:17+00:00,2026-08-31 15:41:08+00:00,14.340844907407407,25.730300925925928,1
331150,2026-08-17 07:29:00+00:00,2026-08-26 07:15:12+00:00,,,25.73121527777778,1
331149,2026-08-17 07:21:26+00:00,2026-08-17 07:24:00+00:00,2026-08-17 07:23:38+00:00,0.0015277777777777779,25.736469907407407,0
331145,2026-08-17 06:20:16+00:00,2026-09-09 22:29:42+00:00,2026-09-03 16:03:57+00:00,17.40533564814815,25.77894675925926,1
331139,2026-08-17 03:11:06+00:00,2026-09-04 05:42:41+00:00,,,25.9103125,1
331133,2026-08-17 01:21:42+00:00,2026-08-17 01:48:17+00:00,,,25.986284722222223,1
331132,2026-08-17 00:33:18+00:00,2026-08-17 00:54:55+00:00,2026-08-17 00:53:47+00:00,0.014224537037037037,26.019895833333333,0
331128,2026-08-16 22:44:41+00:00,2026-08-16 23:15:49+00:00,2026-08-16 23:15:03+00:00,0.021087962962962965,26.095324074074075,0
331126,2026-08-16 21:39:47+00:00,2026-08-18 03:16:39+00:00,2026-08-18 03:15:27+00:00,1.233101851851852,26.14039351851852,0
331124,2026-08-16 21:31:24+00:00,2026-09-09 06:24:29+00:00,,,26.146215277777777,1
331121,2026-08-16 21:06:29+00:00,2026-08-16 21:31:18+00:00,2026-08-16 21:30:39+00:00,0.01678240740740741,26.16351851851852,0
331117,2026-08-16 20:33:36+00:00,2026-08-16 20:53:29+00:00,2026-08-16 20:52:29+00:00,0.013113425925925926,26.186354166666668,0
331116,2026-08-16 20:11:06+00:00,2026-08-16 20:25:17+00:00,2026-08-16 20:25:16+00:00,0.009837962962962963,26.201979166666668,0
331115,2026-08-16 19:56:21+00:00,2026-08-17 23:09:29+00:00,2026-08-16 20:15:31+00:00,0.013310185185185185,26.212222222222223,0
331114,2026-08-16 19:50:15+00:00,2026-08-24 22:40:45+00:00,2026-08-24 22:40:45+00:00,8.118402777777778,26.216458333333332,1
331113,2026-08-16 19:41:45+00:00,2026-08-16 20:20:02+00:00,2026-08-16 20:19:25+00:00,0.026157407407407407,26.222361111111113,0
331112,2026-08-16 19:38:57+00:00,2026-08-17 04:09:22+00:00,2026-08-17 04:08:38+00:00,0.3539467592592593,26.224305555555556,0
331106,2026-08-16 18:39:43+00:00,2026-08-16 20:12:26+00:00,2026-08-16 20:11:45+00:00,0.06391203703703703,26.265439814814815,0
331103,2026-08-16 18:19:11+00:00,2026-08-18 13:22:01+00:00,2026-08-18 13:20:04+00:00,1.7922800925925926,26.279699074074074,0
331099,2026-08-16 17:55:47+00:00,2026-08-16 19:11:15+00:00,,,26.295949074074073,1
331098,2026-08-16 17:49:47+00:00,2026-08-16 20:08:40+00:00,2026-08-16 20:08:03+00:00,0.09601851851851852,26.30011574074074,0
331097,2026-08-16 17:48:57+00:00,2026-09-03 05:48:47+00:00,2026-09-03 05:48:46+00:00,17.499872685185185,26.300694444444446,1
331094,2026-08-16 17:08:10+00:00,2026-08-16 18:41:14+00:00,2026-08-16 18:40:19+00:00,0.06399305555555555,26.329016203703702,0
331089,2026-08-16 16:26:11+00:00,2026-08-16 17:22:13+00:00,2026-08-16 17:16:38+00:00,0.035034722222222224,26.358171296296295,0
331087,2026-08-16 16:13:37+00:00,2026-09-08 13:41:14+00:00,2026-09-08 13:38:59+00:00,22.89261574074074,26.36689814814815,1
331085,2026-08-16 16:09:18+00:00,2026-08-17 22:47:03+00:00,2026-08-17 22:44:33+00:00,1.2744791666666666,26.369895833333334,0
331084,2026-08-16 15:52:24+00:00,2026-08-16 16:14:42+00:00,2026-08-16 16:14:42+00:00,0.015486111111111112,26.381631944444443,0
331083,2026-08-16 15:46:21+00:00,2026-08-17 23:09:29+00:00,2026-08-16 19:31:38+00:00,0.15644675925925927,26.385833333333334,0
331082,2026-08-16 15:45:46+00:00,2026-08-17 23:09:28+00:00,2026-08-16 17:22:27+00:00,0.0671412037037037,26.386238425925924,0
331080,2026-08-16 14:42:36+00:00,2026-08-16 15:36:43+00:00,2026-08-16 15:36:03+00:00,0.03711805555555556,26.430104166666666,0
331079,2026-08-16 14:05:23+00:00,2026-08-16 22:28:50+00:00,2026-08-16 22:28:10+00:00,0.3491550925925926,26.455949074074073,0
331077,2026-08-16 13:50:01+00:00,2026-08-24 16:26:39+00:00,,,26.46662037037037,1
331076,2026-08-16 13:48:06+00:00,2026-08-16 15:36:16+00:00,2026-08-16 15:35:34+00:00,0.07462962962962963,26.46795138888889,0
331075,2026-08-16 13:20:58+00:00,2026-08-16 15:36:23+00:00,2026-08-16 15:35:28+00:00,0.09340277777777778,26.486793981481483,0
331063,2026-08-16 08:00:28+00:00,2026-08-16 13:25:37+00:00,2026-08-16 13:24:51+00:00,0.2252662037037037,26.709363425925925,0
331061,2026-08-16 07:50:00+00:00,2026-08-19 02:39:10+00:00,2026-08-19 02:38:31+00:00,2.7836921296296295,26.716631944444444,0
331059,2026-08-16 05:24:48+00:00,2026-08-24 07:44:25+00:00,,,26.817465277777778,1
331057,2026-08-16 02:59:56+00:00,2026-08-16 04:18:15+00:00,,,26.91806712962963,1
331056,2026-08-16 02:03:55+00:00,2026-08-16 06:18:30+00:00,2026-08-16 06:17:19+00:00,0.17597222222222222,26.956967592592594,0
331055,2026-08-16 00:34:39+00:00,2026-08-16 05:50:12+00:00,2026-08-16 05:49:34+00:00,0.21869212962962964,27.018958333333334,0
331053,2026-08-15 23:27:35+00:00,2026-08-20 01:20:00+00:00,2026-08-20 01:20:00+00:00,4.07806712962963,27.065532407407407,0
331050,2026-08-15 22:34:29+00:00,2026-08-26 20:01:08+00:00,2026-08-26 19:53:15+00:00,10.888032407407408,27.10240740740741,1
331047,2026-08-15 21:40:51+00:00,2026-08-15 23:39:08+00:00,,,27.139652777777776,1
331046,2026-08-15 21:39:49+00:00,2026-08-23 08:54:37+00:00,2026-08-23 08:54:36+00:00,7.468599537037037,27.14037037037037,1
331045,2026-08-15 21:38:25+00:00,2026-08-15 23:12:12+00:00,2026-08-15 23:11:33+00:00,0.06467592592592593,27.141342592592594,0
331044,2026-08-15 20:45:19+00:00,2026-08-16 01:05:50+00:00,2026-08-16 01:05:04+00:00,0.18038194444444444,27.178217592592592,0
331041,2026-08-15 20:05:39+00:00,2026-08-15 20:33:16+00:00,2026-08-15 20:32:39+00:00,0.01875,27.20576388888889,0
331040,2026-08-15 19:49:37+00:00,2026-08-15 21:54:39+00:00,2026-08-15 21:53:59+00:00,0.08636574074074074,27.216898148148147,0
331038,2026-08-15 19:15:55+00:00,2026-09-04 08:11:50+00:00,,,27.240300925925926,1
331035,2026-08-15 18:10:15+00:00,2026-08-15 20:24:18+00:00,2026-08-15 20:23:33+00:00,0.09256944444444444,27.28590277777778,0
331033,2026-08-15 17:43:52+00:00,2026-08-15 19:09:31+00:00,,,27.304224537037037,1
331032,2026-08-15 17:30:15+00:00,2026-08-15 20:23:56+00:00,2026-08-15 20:23:17+00:00,0.12016203703703704,27.313680555555557,0
331028,2026-08-15 16:32:55+00:00,2026-08-23 08:53:20+00:00,2026-08-23 08:53:12+00:00,7.680752314814815,27.35349537037037,1
331026,2026-08-15 16:13:31+00:00,2026-08-19 09:27:33+00:00,,,27.36696759259259,1
331024,2026-08-15 15:45:37+00:00,2026-08-16 00:50:01+00:00,,,27.38634259259259,1
331019,2026-08-15 13:41:23+00:00,2026-09-06 21:08:56+00:00,2026-09-06 21:08:03+00:00,22.310185185185187,27.47261574074074,1
331014,2026-08-15 11:25:33+00:00,2026-08-20 12:34:08+00:00,,,27.566944444444445,1
331012,2026-08-15 11:22:33+00:00,2026-09-01 14:33:56+00:00,2026-08-16 15:37:11+00:00,1.1768287037037037,27.569027777777777,0
331010,2026-08-15 11:09:49+00:00,2026-08-17 07:57:06+00:00,2026-08-16 21:46:49+00:00,1.4423611111111112,27.57787037037037,0
331009,2026-08-15 10:50:06+00:00,2026-08-17 19:29:49+00:00,2026-08-15 14:37:16+00:00,0.15775462962962963,27.5915625,0
331008,2026-08-15 10:20:12+00:00,2026-08-17 20:45:17+00:00,2026-08-15 14:37:34+00:00,0.17872685185185186,27.61232638888889,0
331005,2026-08-15 05:09:53+00:00,2026-08-16 08:01:38+00:00,2026-08-16 07:59:52+00:00,1.1180439814814815,27.827824074074073,0
331004,2026-08-15 04:53:17+00:00,2026-08-15 06:12:24+00:00,,,27.839351851851852,1
330995,2026-08-15 03:12:40+00:00,2026-08-15 16:30:13+00:00,2026-08-15 16:29:35+00:00,0.5534143518518518,27.909224537037037,0
330994,2026-08-15 03:08:25+00:00,2026-08-16 04:26:51+00:00,,,27.912175925925926,1
330992,2026-08-15 02:23:12+00:00,2026-08-16 17:23:57+00:00,2026-08-16 17:23:16+00:00,1.6250462962962964,27.94357638888889,0
330990,2026-08-15 01:45:05+00:00,2026-08-15 05:42:10+00:00,2026-08-15 05:41:31+00:00,0.16418981481481482,27.970046296296296,0
330989,2026-08-15 01:18:42+00:00,2026-08-15 04:13:59+00:00,2026-08-15 04:07:20+00:00,0.11710648148148148,27.988368055555554,0
330988,2026-08-15 01:02:14+00:00,2026-08-15 05:13:44+00:00,2026-08-15 01:16:15+00:00,0.009733796296296296,27.99980324074074,0
330985,2026-08-15 00:40:23+00:00,2026-08-15 00:43:51+00:00,2026-08-15 00:41:53+00:00,0.0010416666666666667,28.014976851851852,0
330983,2026-08-15 00:35:28+00:00,2026-08-15 01:37:17+00:00,,,28.018391203703704,1
330982,2026-08-15 00:12:33+00:00,2026-08-15 01:27:45+00:00,2026-08-15 01:27:08+00:00,0.05179398148148148,28.034305555555555,0
330981,2026-08-15 00:02:15+00:00,2026-08-15 01:00:00+00:00,2026-08-15 00:59:11+00:00,0.03953703703703704,28.041458333333335,0
330980,2026-08-14 23:59:53+00:00,2026-08-15 02:13:00+00:00,2026-08-15 02:12:19+00:00,0.09196759259259259,28.04310185185185,0
330978,2026-08-14 23:42:28+00:00,2026-08-18 00:41:39+00:00,2026-08-18 00:40:12+00:00,3.040092592592593,28.05519675925926,0
330973,2026-08-14 23:09:50+00:00,2026-08-15 00:59:53+00:00,2026-08-15 00:59:09+00:00,0.07591435185185186,28.077858796296297,0
330971,2026-08-14 21:57:50+00:00,2026-08-18 19:09:21+00:00,2026-08-18 19:08:12+00:00,3.882199074074074,28.127858796296298,0
330970,2026-08-14 21:48:35+00:00,2026-08-16 06:26:43+00:00,2026-08-16 06:26:43+00:00,1.3598148148148148,28.134282407407408,0
330969,2026-08-14 21:45:43+00:00,2026-08-15 04:09:12+00:00,2026-08-15 02:22:58+00:00,0.19253472222222223,28.13627314814815,0
330968,2026-08-14 21:44:21+00:00,2026-08-14 23:07:39+00:00,2026-08-14 23:07:38+00:00,0.05783564814814815,28.13722222222222,0
330967,2026-08-14 21:40:57+00:00,2026-08-18 08:49:21+00:00,2026-08-18 08:48:29+00:00,3.4635648148148146,28.139583333333334,0
330966,2026-08-14 21:37:39+00:00,2026-08-14 21:57:20+00:00,2026-08-14 21:56:37+00:00,0.013171296296296296,28.141875,0
330965,2026-08-14 21:31:43+00:00,2026-08-14 21:47:06+00:00,2026-08-14 21:46:04+00:00,0.009965277777777778,28.145995370370372,0
330964,2026-08-14 21:30:50+00:00,2026-08-20 22:09:01+00:00,2026-08-20 22:08:09+00:00,6.025914351851852,28.146608796296295,0
330963,2026-08-14 21:30:21+00:00,2026-08-14 21:55:31+00:00,2026-08-14 21:55:29+00:00,0.017453703703703704,28.146944444444443,0
330961,2026-08-14 21:17:40+00:00,2026-08-17 08:25:22+00:00,2026-08-14 22:27:56+00:00,0.048796296296296296,28.155752314814816,0
330959,2026-08-14 21:13:59+00:00,2026-08-14 22:50:55+00:00,2026-08-14 22:50:04+00:00,0.06672453703703704,28.158310185185186,0
330956,2026-08-14 20:46:26+00:00,2026-08-27 23:04:47+00:00,2026-08-27 22:43:13+00:00,13.081099537037037,28.17744212962963,1
330955,2026-08-14 20:43:44+00:00,2026-09-08 09:37:34+00:00,,,28.17931712962963,1
330952,2026-08-14 20:38:27+00:00,2026-08-14 21:17:23+00:00,2026-08-14 21:16:40+00:00,0.026539351851851852,28.182986111111113,0
330949,2026-08-14 20:28:59+00:00,2026-08-16 06:26:49+00:00,2026-08-16 06:26:49+00:00,1.415162037037037,28.189560185185186,0
330945,2026-08-14 20:13:43+00:00,2026-08-16 06:45:25+00:00,2026-08-16 06:44:41+00:00,1.4381712962962963,28.200162037037035,0
330943,2026-08-14 20:08:55+00:00,2026-08-17 20:25:24+00:00,,,28.20349537037037,1
330942,2026-08-14 20:06:12+00:00,2026-09-09 22:29:44+00:00,2026-08-14 21:09:47+00:00,0.04415509259259259,28.205381944444444,0
330940,2026-08-14 20:03:19+00:00,2026-08-14 21:10:29+00:00,,,28.20738425925926,1
330937,2026-08-14 19:40:50+00:00,2026-08-14 20:16:32+00:00,2026-08-14 20:16:32+00:00,0.024791666666666667,28.222997685185184,0
330933,2026-08-14 19:17:34+00:00,2026-09-09 22:29:46+00:00,2026-09-02 23:09:35+00:00,19.161122685185184,28.239155092592593,1
330931,2026-08-14 19:09:46+00:00,2026-08-18 08:28:43+00:00,2026-08-18 00:18:33+00:00,3.2144328703703704,28.24457175925926,0
330930,2026-08-14 19:09:10+00:00,2026-08-14 19:55:30+00:00,2026-08-14 19:54:42+00:00,0.03162037037037037,28.244988425925925,0
330929,2026-08-14 19:07:08+00:00,2026-08-16 01:07:10+00:00,2026-08-16 01:06:30+00:00,1.2495601851851852,28.246400462962963,0
330928,2026-08-14 18:55:03+00:00,2026-08-17 17:17:31+00:00,2026-08-17 17:17:28+00:00,2.932233796296296,28.254791666666666,0
330926,2026-08-14 18:47:49+00:00,2026-08-14 21:13:28+00:00,2026-08-14 21:12:12+00:00,0.1002662037037037,28.259814814814813,0
330925,2026-08-14 18:47:05+00:00,2026-08-14 21:18:56+00:00,2026-08-14 21:17:52+00:00,0.10471064814814815,28.260324074074074,0
330924,2026-08-14 18:39:46+00:00,2026-08-27 23:40:16+00:00,2026-08-27 23:39:18+00:00,13.20800925925926,28.26540509259259,1
330923,2026-08-14 18:39:36+00:00,2026-08-14 19:36:12+00:00,2026-08-14 19:35:26+00:00,0.03877314814814815,28.265520833333333,0
330922,2026-08-14 18:25:14+00:00,2026-08-16 22:20:21+00:00,,,28.275497685185186,1
330921,2026-08-14 18:21:38+00:00,2026-08-20 18:09:55+00:00,2026-08-20 18:07:32+00:00,5.990208333333333,28.277997685185184,0
330920,2026-08-14 18:20:02+00:00,2026-08-14 21:10:04+00:00,2026-08-14 21:09:19+00:00,0.11755787037037037,28.279108796296295,0
330919,2026-08-14 18:16:01+00:00,2026-08-14 19:37:02+00:00,2026-08-14 19:35:42+00:00,0.05533564814814815,28.281898148148148,0
330910,2026-08-14 17:56:44+00:00,2026-08-14 18:38:22+00:00,2026-08-14 18:36:29+00:00,0.027604166666666666,28.295289351851853,0
330905,2026-08-14 17:10:29+00:00,2026-08-14 17:57:05+00:00,2026-08-14 17:57:05+00:00,0.03236111111111111,28.327407407407406,0
330902,2026-08-14 17:05:05+00:00,2026-08-18 16:23:37+00:00,,,28.331157407407407,1
330901,2026-08-14 17:03:10+00:00,2026-08-18 16:24:58+00:00,,,28.332488425925927,1
330898,2026-08-14 16:52:34+00:00,2026-08-14 18:00:11+00:00,2026-08-14 17:59:20+00:00,0.04636574074074074,28.339849537037036,0
330897,2026-08-14 16:47:07+00:00,2026-08-14 17:14:48+00:00,2026-08-14 17:13:55+00:00,0.01861111111111111,28.34363425925926,0
330896,2026-08-14 16:44:38+00:00,2026-08-18 22:09:22+00:00,2026-08-18 22:08:07+00:00,4.224641203703704,28.345358796296296,0
330891,2026-08-14 16:38:49+00:00,2026-08-14 18:10:08+00:00,2026-08-14 18:09:23+00:00,0.06289351851851852,28.349398148148147,0
330890,2026-08-14 16:37:11+00:00,2026-08-17 17:14:53+00:00,2026-08-17 17:13:00+00:00,3.0248726851851853,28.350532407407407,0
330887,2026-08-14 16:22:42+00:00,2026-08-14 17:02:35+00:00,2026-08-14 17:01:49+00:00,0.027164351851851853,28.360590277777778,0
330886,2026-08-14 16:17:48+00:00,2026-08-14 23:08:47+00:00,2026-08-14 23:08:46+00:00,0.2853935185185185,28.363993055555557,0
330884,2026-08-14 16:12:03+00:00,2026-08-14 17:51:32+00:00,2026-08-14 17:50:40+00:00,0.06848379629629629,28.36798611111111,0
330883,2026-08-14 16:04:10+00:00,2026-08-14 18:03:06+00:00,,,28.373460648148146,1
330882,2026-08-14 16:03:59+00:00,2026-08-14 16:31:47+00:00,2026-08-14 16:30:17+00:00,0.01826388888888889,28.37358796296296,0
330881,2026-08-14 15:58:49+00:00,2026-08-14 16:36:21+00:00,2026-08-14 16:35:31+00:00,0.025486111111111112,28.377175925925926,0
330877,2026-08-14 15:47:02+00:00,2026-08-17 21:30:06+00:00,2026-08-14 16:36:12+00:00,0.03414351851851852,28.385358796296295,0
330876,2026-08-14 15:44:23+00:00,2026-08-15 17:05:13+00:00,2026-08-15 17:04:07+00:00,1.0553703703703703,28.387199074074076,0
330870,2026-08-14 14:55:32+00:00,2026-08-14 14:58:45+00:00,2026-08-14 14:56:16+00:00,0.0005092592592592592,28.421122685185185,0
330867,2026-08-14 14:34:50+00:00,2026-08-14 14:51:14+00:00,2026-08-14 14:50:14+00:00,0.010694444444444444,28.435497685185187,0
330864,2026-08-14 14:10:33+00:00,2026-08-14 17:14:22+00:00,2026-08-14 17:13:07+00:00,0.1267824074074074,28.45236111111111,0
330862,2026-08-14 13:59:44+00:00,2026-08-14 14:31:28+00:00,2026-08-14 14:30:42+00:00,0.02150462962962963,28.459872685185186,0
330861,2026-08-14 13:55:59+00:00,2026-08-17 19:29:50+00:00,2026-08-14 15:29:18+00:00,0.06480324074074074,28.462476851851854,0
330860,2026-08-14 13:42:26+00:00,2026-08-14 14:02:35+00:00,2026-08-14 14:01:09+00:00,0.012997685185185185,28.471886574074073,0
330859,2026-08-14 13:41:42+00:00,2026-08-14 16:38:36+00:00,2026-08-14 16:38:36+00:00,0.12284722222222222,28.472395833333334,0
330858,2026-08-14 13:37:40+00:00,2026-08-17 19:29:49+00:00,2026-08-14 13:52:41+00:00,0.010428240740740741,28.47519675925926,0
330857,2026-08-14 13:34:04+00:00,2026-08-17 20:45:17+00:00,2026-08-14 13:56:11+00:00,0.015358796296296296,28.47769675925926,0
330856,2026-08-14 13:24:46+00:00,2026-09-02 17:12:56+00:00,2026-09-02 17:12:56+00:00,19.158449074074074,28.48415509259259,1
330854,2026-08-14 13:21:08+00:00,2026-08-17 08:46:24+00:00,2026-08-14 13:55:30+00:00,0.02386574074074074,28.48667824074074,0
330853,2026-08-14 13:13:58+00:00,2026-08-17 10:37:37+00:00,2026-08-17 10:37:35+00:00,2.891400462962963,28.49165509259259,0
330852,2026-08-14 13:03:20+00:00,2026-08-14 15:48:40+00:00,2026-08-14 15:48:00+00:00,0.11435185185185186,28.499039351851852,0
330851,2026-08-14 13:02:42+00:00,2026-08-14 13:49:08+00:00,2026-08-14 13:48:20+00:00,0.031689814814814816,28.499479166666667,0
330849,2026-08-14 12:35:25+00:00,2026-09-11 18:40:53+00:00,,,28.518425925925925,1
330848,2026-08-14 12:27:48+00:00,2026-08-17 19:29:47+00:00,2026-08-14 14:10:45+00:00,0.07149305555555556,28.52371527777778,0
330847,2026-08-14 12:24:51+00:00,2026-08-14 12:56:33+00:00,2026-08-14 12:56:32+00:00,0.022002314814814815,28.52576388888889,0
330843,2026-08-14 12:17:02+00:00,2026-08-14 16:55:49+00:00,2026-08-14 16:54:53+00:00,0.19295138888888888,28.53119212962963,0
330841,2026-08-14 12:14:46+00:00,2026-08-14 16:58:52+00:00,2026-08-14 16:58:03+00:00,0.19672453703703704,28.532766203703705,0
330840,2026-08-14 12:13:23+00:00,2026-08-14 16:01:44+00:00,2026-08-14 16:01:42+00:00,0.15855324074074073,28.533726851851853,0
330839,2026-08-14 12:11:26+00:00,2026-08-17 20:45:16+00:00,2026-08-14 12:31:04+00:00,0.01363425925925926,28.535081018518518,0
330834,2026-08-14 11:33:44+00:00,2026-08-14 12:06:34+00:00,2026-08-14 12:06:32+00:00,0.02277777777777778,28.561261574074074,0
330833,2026-08-14 11:23:52+00:00,2026-08-14 11:39:28+00:00,2026-08-14 11:38:15+00:00,0.009988425925925927,28.568113425925926,0
330832,2026-08-14 11:16:20+00:00,2026-08-22 11:05:02+00:00,2026-08-22 11:05:00+00:00,7.99212962962963,28.573344907407407,1
330829,2026-08-14 10:50:49+00:00,2026-08-14 15:49:14+00:00,2026-08-14 15:48:22+00:00,0.20663194444444444,28.591064814814814,0
330827,2026-08-14 10:45:01+00:00,2026-08-14 12:12:53+00:00,2026-08-14 12:11:56+00:00,0.0603587962962963,28.595092592592593,0
330825,2026-08-14 10:32:42+00:00,2026-08-14 11:35:54+00:00,2026-08-14 11:34:14+00:00,0.04273148148148148,28.603645833333335,0
330824,2026-08-14 10:28:45+00:00,2026-08-14 11:36:31+00:00,2026-08-14 11:35:07+00:00,0.04608796296296296,28.60638888888889,0
330822,2026-08-14 10:19:33+00:00,2026-08-14 11:36:38+00:00,2026-08-14 11:35:30+00:00,0.05274305555555556,28.61277777777778,0
330820,2026-08-14 10:14:33+00:00,2026-08-14 11:33:52+00:00,2026-08-14 11:33:05+00:00,0.05453703703703704,28.61625,0
330818,2026-08-14 09:46:04+00:00,2026-08-14 11:35:28+00:00,2026-08-14 11:34:38+00:00,0.07539351851851851,28.63603009259259,0
330816,2026-08-14 09:23:18+00:00,2026-08-31 08:10:13+00:00,,,28.65184027777778,1
330812,2026-08-14 08:54:00+00:00,2026-08-14 11:32:42+00:00,2026-08-14 11:32:40+00:00,0.11018518518518519,28.6721875,0
330810,2026-08-14 08:19:36+00:00,2026-08-16 21:13:51+00:00,2026-08-16 21:13:12+00:00,2.5372222222222223,28.69607638888889,0
330808,2026-08-14 07:59:16+00:00,2026-08-14 13:03:46+00:00,2026-08-14 13:02:58+00:00,0.21090277777777777,28.710196759259258,0
330806,2026-08-14 07:49:05+00:00,2026-08-14 15:56:22+00:00,,,28.71726851851852,1
330804,2026-08-14 07:38:19+00:00,2026-08-28 19:31:40+00:00,2026-08-28 19:31:39+00:00,14.49537037037037,28.72474537037037,1
330803,2026-08-14 07:37:45+00:00,2026-08-14 08:40:09+00:00,2026-08-14 08:39:27+00:00,0.042847222222222224,28.72513888888889,0
330800,2026-08-14 06:45:42+00:00,2026-09-11 12:21:52+00:00,,,28.76128472222222,1
330799,2026-08-14 06:39:08+00:00,2026-08-14 08:11:42+00:00,2026-08-14 08:10:21+00:00,0.0633449074074074,28.76584490740741,0
330796,2026-08-14 05:59:30+00:00,2026-08-19 01:18:23+00:00,,,28.793368055555554,1
330789,2026-08-14 03:58:38+00:00,2026-08-14 06:22:55+00:00,2026-08-14 06:21:31+00:00,0.09922453703703704,28.87730324074074,0
330785,2026-08-14 02:55:40+00:00,2026-09-09 22:29:48+00:00,,,28.92103009259259,1
330782,2026-08-14 02:09:29+00:00,2026-08-14 23:34:41+00:00,2026-08-14 23:33:28+00:00,0.8916550925925926,28.95310185185185,0
330781,2026-08-14 02:07:28+00:00,2026-09-09 22:29:51+00:00,2026-08-14 02:44:22+00:00,0.025625,28.954502314814814,0
330780,2026-08-14 01:31:30+00:00,2026-08-14 04:19:29+00:00,2026-08-14 01:54:07+00:00,0.01570601851851852,28.979479166666668,0
330779,2026-08-14 01:31:09+00:00,2026-08-14 04:01:48+00:00,,,28.97972222222222,1
330778,2026-08-14 01:10:11+00:00,2026-08-14 04:22:29+00:00,,,28.994282407407407,1
330777,2026-08-14 00:55:34+00:00,2026-08-14 16:06:19+00:00,2026-08-14 16:05:20+00:00,0.6317824074074074,29.00443287037037,0
330776,2026-08-14 00:40:39+00:00,2026-08-14 01:05:37+00:00,2026-08-14 01:04:24+00:00,0.016493055555555556,29.014791666666667,0
330775,2026-08-14 00:27:19+00:00,2026-09-09 22:29:54+00:00,2026-08-28 14:52:39+00:00,14.600925925925926,29.024050925925927,1
330772,2026-08-13 23:36:56+00:00,2026-08-17 21:55:02+00:00,2026-08-14 02:10:55+00:00,0.10693287037037037,29.05903935185185,0
330771,2026-08-13 23:30:52+00:00,2026-08-14 00:16:51+00:00,2026-08-14 00:15:48+00:00,0.031203703703703702,29.063252314814815,0
330770,2026-08-13 23:29:49+00:00,2026-08-14 00:24:23+00:00,2026-08-14 00:23:33+00:00,0.037314814814814815,29.06398148148148,0
330768,2026-08-13 23:21:56+00:00,2026-08-18 17:37:50+00:00,2026-08-18 17:37:50+00:00,4.761041666666666,29.06945601851852,0
330767,2026-08-13 23:10:21+00:00,2026-08-14 00:35:43+00:00,,,29.0775,1
330766,2026-08-13 23:07:47+00:00,2026-08-13 23:51:42+00:00,2026-08-13 23:50:40+00:00,0.029780092592592594,29.07928240740741,0
330763,2026-08-13 22:43:00+00:00,2026-08-14 00:04:32+00:00,2026-08-14 00:03:31+00:00,0.055914351851851854,29.096493055555555,0
330762,2026-08-13 22:39:34+00:00,2026-08-13 23:32:13+00:00,2026-08-13 23:31:10+00:00,0.035833333333333335,29.098877314814814,0
330761,2026-08-13 22:23:04+00:00,2026-08-13 23:50:57+00:00,2026-08-13 23:50:03+00:00,0.060405092592592594,29.110335648148148,0
330759,2026-08-13 22:16:34+00:00,2026-08-14 20:57:14+00:00,2026-08-14 20:56:28+00:00,0.944375,29.11484953703704,0
330758,2026-08-13 22:14:37+00:00,2026-08-14 11:34:54+00:00,2026-08-14 11:33:44+00:00,0.5549421296296296,29.116203703703704,0
330756,2026-08-13 22:05:38+00:00,2026-08-14 21:17:17+00:00,2026-08-14 21:16:17+00:00,0.9657291666666666,29.12244212962963,0
330755,2026-08-13 21:59:19+00:00,2026-08-13 23:39:11+00:00,2026-08-13 23:38:31+00:00,0.06888888888888889,29.126828703703705,0
330754,2026-08-13 21:57:10+00:00,2026-08-14 11:59:06+00:00,2026-08-14 11:58:13+00:00,0.5840625,29.128321759259258,0
330752,2026-08-13 21:54:34+00:00,2026-08-14 23:04:50+00:00,2026-08-14 23:04:12+00:00,1.0483564814814814,29.130127314814814,0
330751,2026-08-13 21:52:16+00:00,2026-08-13 22:37:59+00:00,2026-08-13 22:37:09+00:00,0.03116898148148148,29.131724537037037,0
330750,2026-08-13 21:49:49+00:00,2026-08-13 23:38:41+00:00,2026-08-13 23:37:56+00:00,0.07508101851851852,29.133425925925927,0
330749,2026-08-13 21:48:02+00:00,2026-08-13 22:35:02+00:00,2026-08-13 22:34:03+00:00,0.031956018518518516,29.134664351851853,0
330748,2026-08-13 21:46:29+00:00,2026-08-18 00:52:08+00:00,2026-08-18 00:50:40+00:00,4.127905092592592,29.13574074074074,0
330746,2026-08-13 21:38:30+00:00,2026-09-09 22:29:56+00:00,2026-08-28 16:38:49+00:00,14.791886574074073,29.141284722222224,1
330744,2026-08-13 21:35:28+00:00,2026-08-21 11:10:26+00:00,2026-08-21 11:10:24+00:00,7.565925925925926,29.143391203703704,1
330743,2026-08-13 21:24:14+00:00,2026-08-13 22:20:43+00:00,2026-08-13 22:19:01+00:00,0.038043981481481484,29.151192129629628,0
330742,2026-08-13 21:24:03+00:00,2026-08-13 22:18:02+00:00,2026-08-13 22:17:19+00:00,0.03699074074074074,29.151319444444443,0
330741,2026-08-13 21:21:52+00:00,2026-08-13 21:41:43+00:00,2026-08-13 21:41:40+00:00,0.01375,29.152835648148148,0
330739,2026-08-13 21:18:01+00:00,2026-09-07 07:26:27+00:00,,,29.155509259259258,1
330737,2026-08-13 21:11:38+00:00,2026-08-14 18:01:24+00:00,2026-08-14 18:00:17+00:00,0.8671180555555555,29.15994212962963,0
330735,2026-08-13 20:45:49+00:00,2026-08-14 02:33:40+00:00,2026-08-14 02:32:59+00:00,0.24108796296296298,29.17787037037037,0
330734,2026-08-13 20:45:44+00:00,2026-08-13 21:38:57+00:00,2026-08-13 21:38:57+00:00,0.03695601851851852,29.17792824074074,0
330733,2026-08-13 20:44:04+00:00,2026-08-13 22:20:09+00:00,,,29.17908564814815,1
330731,2026-08-13 20:21:34+00:00,2026-08-14 10:23:00+00:00,2026-08-14 10:23:00+00:00,0.5843287037037037,29.19471064814815,0
330730,2026-08-13 20:19:24+00:00,2026-09-09 22:29:59+00:00,,,29.196215277777778,1
330729,2026-08-13 20:13:37+00:00,2026-08-14 00:05:16+00:00,2026-08-14 00:04:32+00:00,0.1603587962962963,29.20023148148148,0
330727,2026-08-13 20:10:40+00:00,2026-08-13 20:52:17+00:00,2026-08-13 20:51:22+00:00,0.02826388888888889,29.20228009259259,0
330726,2026-08-13 20:05:17+00:00,2026-08-13 23:42:42+00:00,2026-08-13 21:55:52+00:00,0.07679398148148148,29.20601851851852,0
330723,2026-08-13 19:55:37+00:00,2026-08-18 00:44:52+00:00,2026-08-18 00:34:22+00:00,4.193576388888889,29.21273148148148,0
330720,2026-08-13 19:42:16+00:00,2026-08-13 21:41:14+00:00,2026-08-13 21:40:04+00:00,0.08180555555555556,29.222002314814816,0
330716,2026-08-13 19:16:04+00:00,2026-08-13 19:40:05+00:00,2026-08-13 19:40:04+00:00,0.016666666666666666,29.24019675925926,0
330715,2026-08-13 19:14:55+00:00,2026-08-13 21:34:04+00:00,2026-08-13 21:32:58+00:00,0.09586805555555555,29.24099537037037,0
330711,2026-08-13 19:01:21+00:00,2026-08-13 23:30:31+00:00,2026-08-13 23:29:50+00:00,0.18644675925925927,29.250416666666666,0
330710,2026-08-13 18:57:14+00:00,2026-08-13 20:15:07+00:00,2026-08-13 20:14:22+00:00,0.053564814814814815,29.253275462962964,0
330709,2026-08-13 18:54:04+00:00,2026-09-09 22:30:01+00:00,,,29.25547453703704,1
330708,2026-08-13 18:46:49+00:00,2026-08-13 22:02:22+00:00,2026-08-13 22:02:21+00:00,0.13578703703703704,29.26050925925926,0
330707,2026-08-13 18:36:04+00:00,2026-09-09 22:30:03+00:00,2026-08-17 21:19:11+00:00,4.113275462962963,29.267974537037038,0
330705,2026-08-13 18:25:55+00:00,2026-08-13 19:04:58+00:00,2026-08-13 19:03:55+00:00,0.02638888888888889,29.275023148148147,0
330704,2026-08-13 18:17:54+00:00,2026-08-13 18:58:56+00:00,2026-08-13 18:57:47+00:00,0.027696759259259258,29.280590277777776,0
330703,2026-08-13 18:03:49+00:00,2026-08-20 17:00:46+00:00,2026-08-20 17:00:46+00:00,6.956215277777778,29.290370370370372,0
330702,2026-08-13 17:57:20+00:00,2026-08-13 18:24:14+00:00,2026-08-13 18:22:52+00:00,0.01773148148148148,29.294872685185187,0
330700,2026-08-13 17:49:06+00:00,2026-08-13 19:40:12+00:00,2026-08-13 19:40:12+00:00,0.07715277777777778,29.30059027777778,0
330699,2026-08-13 17:42:47+00:00,2026-09-10 14:38:37+00:00,2026-09-10 14:38:37+00:00,27.87210648148148,29.30497685185185,1
330698,2026-08-13 17:38:13+00:00,2026-09-09 22:30:05+00:00,,,29.30814814814815,1
330697,2026-08-13 17:37:12+00:00,2026-08-13 18:02:32+00:00,2026-08-13 18:02:31+00:00,0.01758101851851852,29.308854166666666,0
330696,2026-08-13 17:33:01+00:00,2026-08-13 21:29:25+00:00,2026-08-13 21:29:25+00:00,0.16416666666666666,29.311759259259258,0
330694,2026-08-13 17:16:45+00:00,2026-08-13 17:23:07+00:00,2026-08-13 17:23:07+00:00,0.004421296296296296,29.323055555555555,0
330691,2026-08-13 17:06:24+00:00,2026-08-14 17:49:01+00:00,2026-08-14 17:48:20+00:00,1.0291203703703704,29.330243055555556,0
330689,2026-08-13 16:56:59+00:00,2026-08-13 18:01:59+00:00,2026-08-13 18:01:57+00:00,0.04511574074074074,29.33678240740741,0
330688,2026-08-13 16:54:48+00:00,2026-08-13 23:13:57+00:00,2026-08-13 23:13:55+00:00,0.26327546296296295,29.33829861111111,0
330686,2026-08-13 16:45:15+00:00,2026-08-13 18:04:25+00:00,2026-08-13 18:02:13+00:00,0.05344907407407407,29.344930555555557,0
330685,2026-08-13 16:44:28+00:00,2026-08-13 17:13:36+00:00,2026-08-13 17:12:49+00:00,0.0196875,29.34547453703704,0
330684,2026-08-13 16:35:50+00:00,2026-09-09 22:30:06+00:00,,,29.351469907407406,1
330683,2026-08-13 16:35:22+00:00,2026-09-09 22:30:08+00:00,2026-09-02 00:17:36+00:00,19.32099537037037,29.35179398148148,1
330682,2026-08-13 16:35:14+00:00,2026-08-14 15:37:39+00:00,2026-08-14 15:37:39+00:00,0.9600115740740741,29.351886574074076,0
330680,2026-08-13 16:30:31+00:00,2026-08-13 16:55:43+00:00,2026-08-13 16:55:42+00:00,0.017488425925925925,29.355162037037037,0
330678,2026-08-13 16:23:16+00:00,2026-09-06 23:52:13+00:00,2026-08-13 17:03:51+00:00,0.028182870370370372,29.36019675925926,0
330677,2026-08-13 16:22:58+00:00,2026-08-13 17:06:14+00:00,,,29.360405092592593,1
330676,2026-08-13 16:16:19+00:00,2026-08-14 01:44:00+00:00,2026-08-14 01:42:39+00:00,0.39328703703703705,29.365023148148147,0
330675,2026-08-13 16:12:56+00:00,2026-08-13 18:57:53+00:00,2026-08-13 18:57:09+00:00,0.11403935185185185,29.367372685185185,0
330673,2026-08-13 16:03:32+00:00,2026-08-14 11:34:56+00:00,2026-08-14 11:34:11+00:00,0.8129513888888888,29.37390046296296,0
330672,2026-08-13 16:02:58+00:00,2026-08-13 19:40:38+00:00,2026-08-13 19:40:37+00:00,0.15114583333333334,29.374293981481483,0
330669,2026-08-13 15:59:29+00:00,2026-08-13 16:43:07+00:00,2026-08-13 16:41:36+00:00,0.029247685185185186,29.376712962962962,0
330666,2026-08-13 15:42:49+00:00,2026-08-13 16:29:43+00:00,2026-08-13 16:28:51+00:00,0.031967592592592596,29.38828703703704,0
330665,2026-08-13 15:40:11+00:00,2026-08-14 09:20:23+00:00,2026-08-13 19:00:52+00:00,0.13936342592592593,29.39011574074074,0
330664,2026-08-13 15:39:19+00:00,2026-08-13 16:33:36+00:00,2026-08-13 16:33:35+00:00,0.03768518518518518,29.390717592592594,0
330662,2026-08-13 15:30:09+00:00,2026-08-13 16:54:49+00:00,2026-08-13 16:53:31+00:00,0.05789351851851852,29.397083333333335,0
330661,2026-08-13 15:27:19+00:00,2026-08-13 16:50:35+00:00,2026-08-13 16:49:48+00:00,0.05728009259259259,29.399050925925927,0
330660,2026-08-13 15:25:14+00:00,2026-08-13 19:40:24+00:00,2026-08-13 19:40:23+00:00,0.1771875,29.400497685185186,0
330659,2026-08-13 15:25:12+00:00,2026-08-14 04:06:08+00:00,2026-08-14 04:06:08+00:00,0.528425925925926,29.400520833333335,0
330658,2026-08-13 15:23:01+00:00,2026-08-13 19:39:48+00:00,2026-08-13 19:39:04+00:00,0.1778125,29.402037037037037,0
330656,2026-08-13 15:03:21+00:00,2026-08-14 19:11:50+00:00,2026-08-14 19:10:46+00:00,1.1718171296296296,29.415694444444444,0
330655,2026-08-13 14:47:19+00:00,2026-08-13 16:24:38+00:00,,,29.426828703703702,1
330654,2026-08-13 13:59:22+00:00,2026-08-13 14:17:37+00:00,2026-08-13 14:17:35+00:00,0.012650462962962962,29.460127314814816,0
330653,2026-08-13 13:56:41+00:00,2026-08-13 23:55:57+00:00,2026-08-13 23:54:52+00:00,0.4154050925925926,29.46199074074074,0
330652,2026-08-13 13:44:59+00:00,2026-08-13 15:33:39+00:00,2026-08-13 15:32:36+00:00,0.0747337962962963,29.47011574074074,0
330649,2026-08-13 13:12:45+00:00,2026-08-13 14:41:52+00:00,2026-08-13 14:40:59+00:00,0.061273148148148146,29.4925,0
330648,2026-08-13 13:11:52+00:00,2026-08-13 13:45:47+00:00,2026-08-13 13:45:45+00:00,0.023530092592592592,29.493113425925927,0
330647,2026-08-13 12:55:48+00:00,2026-08-13 21:53:55+00:00,2026-08-13 21:53:10+00:00,0.3731712962962963,29.504270833333333,0
330644,2026-08-13 12:43:40+00:00,2026-08-13 13:34:50+00:00,,,29.51269675925926,1
330643,2026-08-13 12:20:30+00:00,2026-08-13 14:18:53+00:00,2026-08-13 14:17:56+00:00,0.08155092592592593,29.528784722222223,0
330641,2026-08-13 12:07:45+00:00,2026-08-13 15:29:58+00:00,2026-08-13 15:28:51+00:00,0.13965277777777776,29.53763888888889,0
330640,2026-08-13 12:02:58+00:00,2026-08-13 12:38:12+00:00,2026-08-13 12:38:11+00:00,0.02445601851851852,29.540960648148147,0
330639,2026-08-13 11:49:15+00:00,2026-08-13 14:18:04+00:00,2026-08-13 14:17:06+00:00,0.1026736111111111,29.550486111111113,0
330638,2026-08-13 11:30:59+00:00,2026-08-14 09:14:48+00:00,2026-08-14 09:13:39+00:00,0.9046296296296297,29.563171296296296,0
330636,2026-08-13 11:16:36+00:00,2026-08-20 11:23:37+00:00,2026-08-20 11:23:35+00:00,7.004849537037037,29.573159722222222,1
330635,2026-08-13 11:11:53+00:00,2026-08-13 14:37:25+00:00,2026-08-13 14:37:25+00:00,0.1427314814814815,29.576435185185186,0
330634,2026-08-13 11:10:19+00:00,2026-08-13 14:41:35+00:00,2026-08-13 14:41:27+00:00,0.14662037037037037,29.57752314814815,0
330632,2026-08-13 11:00:50+00:00,2026-08-13 15:21:38+00:00,2026-08-13 15:20:42+00:00,0.18046296296296296,29.584108796296295,0
330631,2026-08-13 10:58:52+00:00,2026-08-13 13:20:20+00:00,2026-08-13 13:18:07+00:00,0.09670138888888889,29.585474537037037,0
330629,2026-08-13 10:48:13+00:00,2026-08-28 12:07:54+00:00,2026-08-28 12:07:04+00:00,15.054756944444444,29.59287037037037,1
330625,2026-08-13 10:19:52+00:00,2026-08-17 21:30:05+00:00,2026-08-13 13:10:28+00:00,0.11847222222222223,29.61255787037037,0
330624,2026-08-13 10:13:01+00:00,2026-08-18 10:15:49+00:00,2026-08-18 10:15:49+00:00,5.001944444444445,29.617314814814815,0
330623,2026-08-13 10:12:29+00:00,2026-08-13 10:15:39+00:00,2026-08-13 10:15:39+00:00,0.002199074074074074,29.617685185185184,0
330621,2026-08-13 10:08:45+00:00,2026-08-13 10:38:46+00:00,2026-08-13 10:37:55+00:00,0.02025462962962963,29.620277777777776,0
330620,2026-08-13 10:07:00+00:00,2026-08-13 13:04:23+00:00,2026-08-13 13:04:21+00:00,0.12315972222222223,29.621493055555554,0
330619,2026-08-13 10:03:44+00:00,2026-08-13 10:33:36+00:00,2026-08-13 10:33:34+00:00,0.020717592592592593,29.623761574074074,0
330618,2026-08-13 09:46:53+00:00,2026-08-13 10:02:36+00:00,2026-08-13 10:01:39+00:00,0.01025462962962963,29.63546296296296,0
330617,2026-08-13 09:44:37+00:00,2026-08-14 00:33:18+00:00,2026-08-14 00:32:41+00:00,0.616712962962963,29.637037037037036,0
330616,2026-08-13 09:39:11+00:00,2026-08-17 19:29:48+00:00,2026-08-13 10:27:15+00:00,0.03337962962962963,29.640810185185185,0
330615,2026-08-13 09:25:37+00:00,2026-08-13 09:42:04+00:00,2026-08-13 09:40:54+00:00,0.010613425925925925,29.65023148148148,0
330611,2026-08-13 08:58:01+00:00,2026-08-13 09:47:09+00:00,2026-08-13 09:46:18+00:00,0.03353009259259259,29.669398148148147,0
330609,2026-08-13 08:39:53+00:00,2026-08-13 22:15:58+00:00,2026-08-13 22:14:48+00:00,0.5659143518518519,29.68199074074074,0
330606,2026-08-13 08:08:55+00:00,2026-08-13 10:08:23+00:00,2026-08-13 10:08:21+00:00,0.08293981481481481,29.70349537037037,0
330603,2026-08-13 07:49:21+00:00,2026-08-17 20:45:15+00:00,2026-08-13 09:16:47+00:00,0.060717592592592594,29.717083333333335,0
330602,2026-08-13 07:21:32+00:00,2026-08-13 10:01:15+00:00,2026-08-13 10:01:00+00:00,0.11074074074074074,29.736400462962962,0
330601,2026-08-13 06:58:41+00:00,2026-08-23 22:38:35+00:00,2026-08-23 20:26:24+00:00,10.560914351851851,29.75226851851852,1
330593,2026-08-13 05:12:02+00:00,2026-08-13 06:38:51+00:00,,,29.82633101851852,1
330590,2026-08-13 04:49:21+00:00,2026-08-13 06:41:24+00:00,2026-08-13 06:40:10+00:00,0.07695601851851852,29.842083333333335,0
330585,2026-08-13 02:09:13+00:00,2026-08-13 05:36:26+00:00,2026-08-13 05:35:39+00:00,0.14335648148148147,29.953287037037036,0
330581,2026-08-13 01:23:46+00:00,2026-08-13 03:02:25+00:00,,,29.984849537037036,1
330577,2026-08-13 00:55:15+00:00,2026-08-13 16:54:59+00:00,2026-08-13 16:54:06+00:00,0.6658680555555555,30.00465277777778,0
330576,2026-08-13 00:36:45+00:00,2026-08-19 22:00:23+00:00,2026-08-19 21:58:30+00:00,6.890104166666666,30.0175,0
330575,2026-08-13 00:08:26+00:00,2026-08-13 22:38:55+00:00,2026-08-13 22:38:55+00:00,0.9378356481481481,30.037164351851853,0
330574,2026-08-13 00:07:58+00:00,2026-08-13 17:31:44+00:00,2026-08-13 17:30:59+00:00,0.7243171296296296,30.037488425925925,0
330573,2026-08-12 23:52:46+00:00,2026-08-17 20:45:15+00:00,2026-08-13 07:02:30+00:00,0.29842592592592593,30.04804398148148,0
330570,2026-08-12 23:37:05+00:00,2026-08-13 18:21:54+00:00,2026-08-13 18:21:54+00:00,0.7811226851851852,30.058935185185184,0
330569,2026-08-12 23:30:03+00:00,2026-08-13 09:28:55+00:00,2026-08-13 09:28:07+00:00,0.41532407407407407,30.063819444444444,0
330568,2026-08-12 23:22:54+00:00,2026-08-15 23:49:02+00:00,2026-08-15 23:49:02+00:00,3.018148148148148,30.068784722222222,0
330567,2026-08-12 23:16:13+00:00,2026-08-13 22:03:52+00:00,2026-08-13 22:02:56+00:00,0.9491087962962963,30.073425925925925,0
330566,2026-08-12 23:15:45+00:00,2026-08-13 16:03:13+00:00,2026-08-13 16:02:26+00:00,0.6990856481481481,30.07375,0
330565,2026-08-12 23:04:57+00:00,2026-08-14 07:33:41+00:00,2026-08-14 07:32:41+00:00,1.3525925925925926,30.08125,0
330564,2026-08-12 23:03:33+00:00,2026-08-13 00:40:49+00:00,2026-08-13 00:40:10+00:00,0.06709490740740741,30.08222222222222,0
330563,2026-08-12 22:52:06+00:00,2026-08-12 23:35:31+00:00,2026-08-12 23:34:53+00:00,0.02971064814814815,30.090173611111112,0
330560,2026-08-12 22:37:27+00:00,2026-08-13 01:50:12+00:00,2026-08-13 01:49:29+00:00,0.1333564814814815,30.100347222222222,0
330558,2026-08-12 22:29:47+00:00,2026-08-13 01:47:45+00:00,2026-08-13 01:47:03+00:00,0.13699074074074075,30.105671296296297,0
330556,2026-08-12 22:10:13+00:00,2026-08-13 01:01:57+00:00,2026-08-13 01:01:15+00:00,0.11877314814814814,30.11925925925926,0
330554,2026-08-12 21:44:33+00:00,2026-08-13 22:35:38+00:00,2026-08-13 22:34:41+00:00,1.0348148148148149,30.137083333333333,0
330553,2026-08-12 21:42:19+00:00,2026-09-11 19:27:09+00:00,2026-09-11 19:27:02+00:00,29.90605324074074,30.13863425925926,1
330552,2026-08-12 21:39:38+00:00,2026-09-02 21:27:38+00:00,2026-09-02 21:27:38+00:00,20.991666666666667,30.140497685185185,1
330550,2026-08-12 21:36:09+00:00,2026-08-13 01:27:36+00:00,2026-08-13 01:26:40+00:00,0.16008101851851853,30.142916666666668,0
330548,2026-08-12 21:15:18+00:00,2026-08-13 00:26:47+00:00,2026-08-13 00:26:03+00:00,0.13246527777777778,30.157395833333332,0
330547,2026-08-12 21:04:54+00:00,2026-08-13 15:18:57+00:00,2026-08-13 15:18:57+00:00,0.7597569444444444,30.164618055555554,0
330545,2026-08-12 20:57:49+00:00,2026-08-27 18:41:45+00:00,,,30.16953703703704,1
330543,2026-08-12 20:46:32+00:00,2026-08-12 23:41:02+00:00,2026-08-12 23:39:37+00:00,0.12019675925925925,30.177372685185187,0
330542,2026-08-12 20:44:08+00:00,2026-08-13 05:01:56+00:00,2026-08-13 05:00:39+00:00,0.34480324074074076,30.179039351851852,0
330541,2026-08-12 20:37:39+00:00,2026-08-17 23:09:28+00:00,2026-08-14 10:16:48+00:00,1.5688541666666667,30.183541666666667,0
330540,2026-08-12 20:34:55+00:00,2026-08-13 07:39:58+00:00,2026-08-13 07:39:57+00:00,0.4618287037037037,30.185439814814814,0
330539,2026-08-12 20:34:30+00:00,2026-08-17 21:55:01+00:00,2026-08-13 22:53:06+00:00,1.09625,30.18572916666667,0
330538,2026-08-12 20:24:22+00:00,2026-08-26 14:32:17+00:00,,,30.192766203703705,1
330537,2026-08-12 20:14:04+00:00,2026-08-12 23:10:17+00:00,2026-08-12 23:09:05+00:00,0.12153935185185186,30.19991898148148,0
330536,2026-08-12 20:12:57+00:00,2026-08-12 22:39:51+00:00,2026-08-12 22:38:21+00:00,0.10097222222222223,30.200694444444444,0
330534,2026-08-12 20:07:45+00:00,2026-08-13 18:09:29+00:00,2026-08-13 18:09:19+00:00,0.9177546296296296,30.204305555555557,0
330533,2026-08-12 20:07:31+00:00,2026-08-13 18:09:21+00:00,2026-08-13 18:09:10+00:00,0.9178125,30.204467592592593,0
330532,2026-08-12 20:05:18+00:00,2026-09-01 23:07:30+00:00,2026-09-01 23:07:30+00:00,20.126527777777778,30.206006944444443,1
330529,2026-08-12 19:55:17+00:00,2026-08-17 21:30:04+00:00,2026-08-13 06:33:30+00:00,0.44320601851851854,30.212962962962962,0
330527,2026-08-12 19:43:26+00:00,2026-08-16 20:08:05+00:00,2026-08-16 20:08:05+00:00,4.017118055555556,30.221192129629628,0
330522,2026-08-12 19:16:35+00:00,2026-08-12 20:27:43+00:00,,,30.239837962962962,1
330517,2026-08-12 18:45:58+00:00,2026-08-12 18:50:59+00:00,2026-08-12 18:50:59+00:00,0.0034837962962962965,30.261099537037037,0
330516,2026-08-12 18:42:21+00:00,2026-08-13 06:16:24+00:00,2026-08-13 06:15:37+00:00,0.4814351851851852,30.26361111111111,0
330515,2026-08-12 18:42:03+00:00,2026-08-13 07:59:20+00:00,2026-08-13 07:58:45+00:00,0.5532638888888889,30.263819444444444,0
330514,2026-08-12 18:36:36+00:00,2026-08-15 20:09:50+00:00,,,30.26760416666667,1
330513,2026-08-12 18:36:09+00:00,2026-08-12 23:14:28+00:00,2026-08-12 23:13:20+00:00,0.19248842592592594,30.267916666666668,0
330510,2026-08-12 18:29:58+00:00,2026-08-12 23:23:30+00:00,2026-08-12 23:21:56+00:00,0.20275462962962962,30.27221064814815,0
330509,2026-08-12 18:29:15+00:00,2026-08-12 19:49:25+00:00,2026-08-12 19:48:40+00:00,0.055150462962962964,30.272708333333334,0
330508,2026-08-12 18:13:57+00:00,2026-08-12 20:38:27+00:00,2026-08-12 20:37:30+00:00,0.0996875,30.283333333333335,0
330503,2026-08-12 17:59:46+00:00,2026-08-13 15:39:48+00:00,2026-08-13 15:38:11+00:00,0.9016782407407408,30.29318287037037,0
330501,2026-08-12 17:55:56+00:00,2026-08-12 18:42:16+00:00,2026-08-12 18:40:12+00:00,0.030740740740740742,30.295844907407407,0
330500,2026-08-12 17:55:26+00:00,2026-08-12 19:40:51+00:00,2026-08-12 19:37:34+00:00,0.07092592592592592,30.29619212962963,0
330499,2026-08-12 17:50:38+00:00,2026-08-13 19:42:51+00:00,2026-08-13 19:41:45+00:00,1.0771643518518519,30.29952546296296,0
330498,2026-08-12 17:46:34+00:00,2026-09-01 14:38:01+00:00,2026-09-01 14:38:00+00:00,19.869050925925926,30.30234953703704,1
330495,2026-08-12 17:42:45+00:00,2026-08-12 21:54:49+00:00,2026-08-12 21:53:24+00:00,0.1740625,30.305,0
330494,2026-08-12 17:38:18+00:00,2026-09-11 18:14:18+00:00,,,30.30809027777778,1
330493,2026-08-12 17:37:29+00:00,2026-08-12 23:33:23+00:00,2026-08-12 23:31:31+00:00,0.24585648148148148,30.308657407407406,0
330492,2026-08-12 17:36:41+00:00,2026-08-14 11:34:51+00:00,2026-08-14 11:34:49+00:00,1.7487037037037036,30.309212962962963,0
330486,2026-08-12 17:14:49+00:00,2026-08-12 21:23:08+00:00,2026-08-12 21:23:00+00:00,0.17234953703703704,30.32439814814815,0
330484,2026-08-12 17:07:07+00:00,2026-08-15 20:25:26+00:00,2026-08-15 20:24:36+00:00,3.137141203703704,30.32974537037037,0
330482,2026-08-12 17:00:40+00:00,2026-09-01 20:00:00+00:00,2026-09-01 20:00:00+00:00,20.124537037037037,30.334224537037038,1
330480,2026-08-12 16:52:36+00:00,2026-08-12 23:03:57+00:00,2026-08-12 23:02:31+00:00,0.25688657407407406,30.339826388888888,0
330478,2026-08-12 16:22:43+00:00,2026-08-12 18:26:38+00:00,2026-08-12 18:25:14+00:00,0.08508101851851851,30.360578703703705,0
330476,2026-08-12 15:59:33+00:00,2026-08-13 10:12:48+00:00,2026-08-13 10:12:05+00:00,0.7587037037037037,30.376666666666665,0
330472,2026-08-12 15:33:07+00:00,2026-08-17 21:54:55+00:00,2026-08-13 15:40:11+00:00,1.0049074074074074,30.395023148148148,0
330471,2026-08-12 15:14:25+00:00,2026-08-13 09:48:54+00:00,2026-08-13 09:48:03+00:00,0.7733564814814815,30.40800925925926,0
330465,2026-08-12 14:56:27+00:00,2026-08-12 17:45:56+00:00,2026-08-12 17:44:54+00:00,0.11697916666666666,30.42048611111111,0
330463,2026-08-12 14:52:20+00:00,2026-08-28 17:45:14+00:00,2026-08-28 17:45:14+00:00,16.120069444444443,30.423344907407408,1
330462,2026-08-12 14:37:54+00:00,2026-08-12 16:50:14+00:00,2026-08-12 16:49:04+00:00,0.09108796296296297,30.433368055555555,0
330461,2026-08-12 14:37:34+00:00,2026-08-12 14:39:59+00:00,2026-08-12 14:39:59+00:00,0.0016782407407407408,30.433599537037036,0
330458,2026-08-12 14:26:03+00:00,2026-08-12 15:12:24+00:00,2026-08-12 15:11:14+00:00,0.031377314814814816,30.44159722222222,0
330457,2026-08-12 14:09:48+00:00,2026-08-12 14:29:42+00:00,2026-08-12 14:29:42+00:00,0.013819444444444445,30.452881944444446,0
330455,2026-08-12 14:09:26+00:00,2026-08-17 19:42:20+00:00,2026-08-12 17:29:51+00:00,0.13917824074074073,30.453136574074072,0
330454,2026-08-12 14:06:08+00:00,2026-08-12 14:34:46+00:00,2026-08-12 14:34:04+00:00,0.019398148148148147,30.45542824074074,0
330453,2026-08-12 14:02:15+00:00,2026-08-12 15:25:02+00:00,,,30.458125,1
330450,2026-08-12 13:50:35+00:00,2026-08-12 13:55:52+00:00,2026-08-12 13:52:09+00:00,0.0010879629629629629,30.46622685185185,0
330448,2026-08-12 13:48:47+00:00,2026-08-13 14:45:39+00:00,2026-08-13 10:53:16+00:00,0.8781134259259259,30.467476851851853,0
330445,2026-08-12 13:06:06+00:00,2026-08-12 14:31:29+00:00,,,30.497118055555557,1
330443,2026-08-12 12:58:46+00:00,2026-08-12 14:32:43+00:00,2026-08-12 14:31:42+00:00,0.06453703703703703,30.502210648148147,0
330441,2026-08-12 12:54:14+00:00,2026-08-13 09:10:59+00:00,2026-08-13 09:10:11+00:00,0.8444097222222222,30.505358796296296,0
330439,2026-08-12 12:37:43+00:00,2026-08-13 03:19:07+00:00,,,30.516828703703705,1
330438,2026-08-12 12:34:33+00:00,2026-08-12 14:32:48+00:00,2026-08-12 14:31:38+00:00,0.08130787037037036,30.51902777777778,0
330435,2026-08-12 12:21:52+00:00,2026-08-12 12:38:55+00:00,2026-08-12 12:38:00+00:00,0.011203703703703704,30.527835648148148,0
330432,2026-08-12 12:02:42+00:00,2026-08-12 14:33:31+00:00,2026-08-12 14:32:15+00:00,0.10385416666666666,30.541145833333335,0
330430,2026-08-12 11:46:40+00:00,2026-08-12 11:52:12+00:00,2026-08-12 11:52:12+00:00,0.0038425925925925928,30.552280092592593,0
330428,2026-08-12 11:35:54+00:00,2026-08-12 12:50:57+00:00,2026-08-12 12:50:15+00:00,0.051631944444444446,30.559756944444445,0
330426,2026-08-12 11:06:16+00:00,2026-08-12 12:11:13+00:00,2026-08-12 12:09:47+00:00,0.0441087962962963,30.580335648148147,0
330424,2026-08-12 10:51:41+00:00,2026-08-12 11:17:52+00:00,2026-08-12 11:16:55+00:00,0.01752314814814815,30.590462962962963,0
330423,2026-08-12 10:48:50+00:00,2026-08-12 11:17:26+00:00,2026-08-12 11:16:42+00:00,0.019351851851851853,30.592442129629628,0
330422,2026-08-12 10:45:27+00:00,2026-08-12 12:40:19+00:00,2026-08-12 12:39:28+00:00,0.07917824074074074,30.594791666666666,0
330421,2026-08-12 10:43:47+00:00,2026-08-12 16:49:53+00:00,2026-08-12 16:48:25+00:00,0.2532175925925926,30.595949074074074,0
330413,2026-08-12 09:49:24+00:00,2026-08-14 22:27:52+00:00,2026-08-14 22:27:11+00:00,2.526238425925926,30.633715277777778,0
330407,2026-08-12 09:21:35+00:00,2026-08-12 09:56:14+00:00,2026-08-12 09:55:12+00:00,0.023344907407407408,30.65303240740741,0
330406,2026-08-12 09:20:38+00:00,2026-08-12 12:35:18+00:00,2026-08-12 12:34:06+00:00,0.13435185185185186,30.65369212962963,0
330405,2026-08-12 09:15:00+00:00,2026-08-12 09:46:23+00:00,2026-08-12 09:45:41+00:00,0.02130787037037037,30.657604166666665,0
330404,2026-08-12 09:08:59+00:00,2026-08-12 16:07:10+00:00,,,30.661782407407408,1
330401,2026-08-12 08:58:30+00:00,2026-08-12 09:45:40+00:00,2026-08-12 09:44:24+00:00,0.031875,30.6690625,0
330399,2026-08-12 08:31:55+00:00,2026-08-12 15:06:01+00:00,2026-08-12 15:05:02+00:00,0.2729976851851852,30.68752314814815,0
330393,2026-08-12 07:37:00+00:00,2026-08-12 12:48:02+00:00,,,30.725659722222222,1
330392,2026-08-12 06:31:13+00:00,2026-08-12 21:18:27+00:00,2026-08-12 21:16:48+00:00,0.614988425925926,30.771342592592593,0
330389,2026-08-12 05:52:19+00:00,2026-08-13 05:37:49+00:00,2026-08-13 05:37:12+00:00,0.9895023148148148,30.79835648148148,0
330382,2026-08-12 03:28:13+00:00,2026-08-12 21:53:16+00:00,2026-08-12 21:51:40+00:00,0.7662847222222222,30.898425925925928,0
330378,2026-08-12 03:02:57+00:00,2026-08-12 03:18:36+00:00,2026-08-12 03:17:39+00:00,0.010208333333333333,30.915972222222223,0
330376,2026-08-12 02:42:23+00:00,2026-08-12 03:50:12+00:00,,,30.93025462962963,1
330375,2026-08-12 02:12:45+00:00,2026-08-12 17:29:42+00:00,2026-08-12 17:28:22+00:00,0.6358449074074074,30.950833333333332,0
330373,2026-08-12 02:01:18+00:00,2026-08-12 02:22:17+00:00,2026-08-12 02:21:26+00:00,0.013981481481481482,30.958784722222223,0
330372,2026-08-12 01:52:17+00:00,2026-08-12 23:01:48+00:00,2026-08-12 23:00:24+00:00,0.880636574074074,30.965046296296297,0
330370,2026-08-12 00:48:07+00:00,2026-08-12 02:22:48+00:00,2026-08-12 02:21:45+00:00,0.06502314814814815,31.00960648148148,0
330369,2026-08-12 00:19:20+00:00,2026-08-12 08:34:42+00:00,2026-08-12 08:33:39+00:00,0.34327546296296296,31.029594907407407,0
330367,2026-08-12 00:03:03+00:00,2026-09-11 16:47:08+00:00,,,31.040902777777777,1
330365,2026-08-11 23:51:20+00:00,2026-08-12 00:46:09+00:00,2026-08-12 00:45:17+00:00,0.03746527777777778,31.049039351851853,0
330362,2026-08-11 23:19:07+00:00,2026-08-12 03:09:05+00:00,2026-08-12 03:08:21+00:00,0.1591898148148148,31.07141203703704,0
330361,2026-08-11 23:15:12+00:00,2026-08-11 23:51:36+00:00,2026-08-11 23:50:55+00:00,0.02480324074074074,31.074131944444446,0
330360,2026-08-11 23:11:33+00:00,2026-08-27 16:19:55+00:00,,,31.076666666666668,1
330359,2026-08-11 22:53:03+00:00,2026-08-11 23:42:08+00:00,2026-08-11 23:41:05+00:00,0.03335648148148148,31.089513888888888,0
330358,2026-08-11 22:34:21+00:00,2026-08-12 14:51:29+00:00,2026-08-12 14:51:29+00:00,0.6785648148148148,31.1025,0
330357,2026-08-11 22:11:45+00:00,2026-08-11 22:57:29+00:00,2026-08-11 22:56:12+00:00,0.030868055555555555,31.118194444444445,0
330355,2026-08-11 22:03:58+00:00,2026-08-11 23:12:51+00:00,2026-08-11 23:11:54+00:00,0.04717592592592593,31.123599537037038,0
330354,2026-08-11 21:54:17+00:00,2026-08-14 15:36:16+00:00,,,31.130324074074075,1
330353,2026-08-11 21:51:04+00:00,2026-08-12 14:35:32+00:00,2026-08-12 14:34:32+00:00,0.6968518518518518,31.13255787037037,0
330350,2026-08-11 21:37:43+00:00,2026-08-11 22:15:03+00:00,2026-08-11 22:14:09+00:00,0.025300925925925925,31.141828703703705,0
330349,2026-08-11 21:32:07+00:00,2026-08-17 21:54:54+00:00,2026-08-12 00:13:37+00:00,0.11215277777777778,31.145717592592593,0
330348,2026-08-11 21:32:04+00:00,2026-08-19 09:27:40+00:00,,,31.145752314814814,1
330347,2026-08-11 21:28:33+00:00,2026-08-12 15:33:15+00:00,2026-08-12 15:33:04+00:00,0.7531365740740741,31.148194444444446,0
330346,2026-08-11 21:28:10+00:00,2026-08-17 20:32:27+00:00,,,31.14846064814815,1
330345,2026-08-11 21:28:08+00:00,2026-08-17 20:32:27+00:00,,,31.148483796296297,1
330344,2026-08-11 21:27:58+00:00,2026-09-01 20:17:48+00:00,,,31.148599537037036,1
330341,2026-08-11 20:45:30+00:00,2026-08-24 17:25:10+00:00,2026-08-24 15:56:44+00:00,12.799467592592592,31.178090277777777,1
330340,2026-08-11 20:45:05+00:00,2026-08-20 00:48:28+00:00,2026-08-12 04:39:46+00:00,0.3296412037037037,31.178379629629628,0
330339,2026-08-11 20:23:47+00:00,2026-08-12 20:38:31+00:00,2026-08-12 20:37:43+00:00,1.009675925925926,31.193171296296295,0
330338,2026-08-11 20:23:35+00:00,2026-08-12 18:33:50+00:00,2026-08-12 18:32:41+00:00,0.9229861111111111,31.193310185185187,0
330336,2026-08-11 20:16:05+00:00,2026-08-11 21:19:11+00:00,2026-08-11 21:18:22+00:00,0.04325231481481481,31.19851851851852,0
330335,2026-08-11 20:12:18+00:00,2026-08-11 23:28:16+00:00,2026-08-11 23:27:32+00:00,0.1355787037037037,31.20114583333333,0
330334,2026-08-11 19:39:15+00:00,2026-08-11 21:24:36+00:00,2026-08-11 21:23:26+00:00,0.07234953703703703,31.224097222222223,0
330333,2026-08-11 19:37:13+00:00,2026-08-23 06:42:10+00:00,2026-08-23 06:42:09+00:00,11.46175925925926,31.22550925925926,1
330332,2026-08-11 19:33:27+00:00,2026-08-12 03:11:15+00:00,2026-08-12 03:10:25+00:00,0.31733796296296296,31.228125,0
330330,2026-08-11 19:23:24+00:00,2026-08-11 19:44:20+00:00,2026-08-11 19:43:21+00:00,0.013854166666666667,31.235104166666666,0
330329,2026-08-11 19:13:09+00:00,2026-08-12 16:48:53+00:00,2026-08-12 16:47:39+00:00,0.8989583333333333,31.24222222222222,0
330325,2026-08-11 19:06:40+00:00,2026-08-11 20:14:35+00:00,2026-08-11 20:14:33+00:00,0.047141203703703706,31.246724537037036,0
330323,2026-08-11 18:58:41+00:00,2026-08-19 09:27:47+00:00,2026-08-11 21:50:39+00:00,0.1194212962962963,31.25226851851852,0
330320,2026-08-11 18:47:20+00:00,2026-08-13 14:29:29+00:00,2026-08-13 14:28:41+00:00,1.8203819444444445,31.26015046296296,0
330319,2026-08-11 18:47:13+00:00,2026-08-13 04:56:02+00:00,2026-08-13 04:55:17+00:00,1.4222685185185184,31.260231481481483,0
330318,2026-08-11 18:47:09+00:00,2026-08-11 21:54:29+00:00,2026-08-11 21:54:29+00:00,0.1300925925925926,31.260277777777777,0
330317,2026-08-11 18:40:28+00:00,2026-08-12 08:28:33+00:00,2026-08-12 08:27:21+00:00,0.574224537037037,31.264918981481483,0
330308,2026-08-11 18:08:58+00:00,2026-08-11 21:37:47+00:00,2026-08-11 21:36:26+00:00,0.14407407407407408,31.28679398148148,0
330303,2026-08-11 17:19:49+00:00,2026-08-11 18:25:14+00:00,,,31.320925925925927,1
330302,2026-08-11 17:12:00+00:00,2026-08-11 18:13:01+00:00,2026-08-11 18:11:49+00:00,0.041539351851851855,31.32635416666667,0
330299,2026-08-11 17:00:24+00:00,2026-08-11 18:18:26+00:00,2026-08-11 18:17:40+00:00,0.05365740740740741,31.334409722222222,0
330298,2026-08-11 16:59:28+00:00,2026-08-13 23:01:10+00:00,2026-08-13 22:59:20+00:00,2.2499074074074072,31.33505787037037,0
330297,2026-08-11 16:59:17+00:00,2026-08-11 17:38:48+00:00,2026-08-11 17:37:57+00:00,0.026851851851851852,31.335185185185185,0
330296,2026-08-11 16:55:47+00:00,2026-08-11 17:50:02+00:00,2026-08-11 17:49:09+00:00,0.03706018518518518,31.33761574074074,0
330294,2026-08-11 16:48:44+00:00,2026-08-11 17:29:30+00:00,2026-08-11 17:27:57+00:00,0.027233796296296298,31.342511574074074,0
330293,2026-08-11 16:40:12+00:00,2026-08-11 17:47:45+00:00,2026-08-11 17:46:53+00:00,0.04630787037037037,31.3484375,0
330291,2026-08-11 16:26:21+00:00,2026-08-11 17:16:36+00:00,2026-08-11 17:16:34+00:00,0.03487268518518519,31.358055555555556,0
330289,2026-08-11 16:26:01+00:00,2026-08-17 22:23:26+00:00,2026-08-17 22:23:26+00:00,6.248206018518519,31.358287037037037,0
330285,2026-08-11 16:09:41+00:00,2026-08-11 22:27:23+00:00,2026-08-11 22:26:30+00:00,0.26167824074074075,31.369629629629628,0
330284,2026-08-11 16:05:05+00:00,2026-08-11 17:23:48+00:00,,,31.372824074074074,1
330283,2026-08-11 16:00:05+00:00,2026-08-11 16:33:22+00:00,2026-08-11 16:33:21+00:00,0.023101851851851853,31.376296296296296,0
330282,2026-08-11 16:00:04+00:00,2026-08-11 16:35:15+00:00,2026-08-11 16:34:38+00:00,0.02400462962962963,31.376307870370372,0
330279,2026-08-11 15:37:44+00:00,2026-08-11 16:15:43+00:00,2026-08-11 16:14:41+00:00,0.025659722222222223,31.39181712962963,0
330278,2026-08-11 15:33:58+00:00,2026-08-11 16:36:15+00:00,2026-08-11 16:36:13+00:00,0.043229166666666666,31.39443287037037,0
330275,2026-08-11 15:27:36+00:00,2026-08-12 08:34:27+00:00,2026-08-12 08:33:33+00:00,0.7124652777777778,31.398854166666666,0
330270,2026-08-11 15:12:34+00:00,2026-08-11 15:47:38+00:00,2026-08-11 15:46:25+00:00,0.023506944444444445,31.409293981481483,0
330269,2026-08-11 15:03:04+00:00,2026-08-11 16:05:25+00:00,2026-08-11 16:04:39+00:00,0.0427662037037037,31.415891203703705,0
330266,2026-08-11 15:00:28+00:00,2026-08-20 16:40:33+00:00,2026-08-11 15:14:22+00:00,0.009652777777777777,31.417696759259258,0
330261,2026-08-11 14:54:12+00:00,2026-08-11 16:24:47+00:00,2026-08-11 16:24:46+00:00,0.06289351851851852,31.422048611111112,0
330259,2026-08-11 14:38:36+00:00,2026-08-11 14:39:35+00:00,2026-08-11 14:39:35+00:00,0.0006828703703703704,31.432881944444443,0
330257,2026-08-11 14:12:30+00:00,2026-08-11 15:54:16+00:00,2026-08-11 15:53:10+00:00,0.0699074074074074,31.451006944444444,0
330256,2026-08-11 14:10:55+00:00,2026-08-11 14:30:28+00:00,2026-08-11 14:29:24+00:00,0.012835648148148148,31.452106481481483,0
330253,2026-08-11 14:08:56+00:00,2026-08-11 15:51:32+00:00,2026-08-11 15:51:31+00:00,0.07123842592592593,31.453483796296297,0
330252,2026-08-11 14:08:26+00:00,2026-08-11 14:31:38+00:00,2026-08-11 14:30:38+00:00,0.015416666666666667,31.453831018518517,0
330249,2026-08-11 13:57:13+00:00,2026-08-11 14:32:58+00:00,2026-08-11 14:32:17+00:00,0.02435185185185185,31.46162037037037,0
330247,2026-08-11 13:44:17+00:00,2026-08-17 21:05:42+00:00,2026-08-12 12:08:08+00:00,0.9332291666666667,31.470601851851853,0
330244,2026-08-11 13:33:31+00:00,2026-08-12 01:12:27+00:00,2026-08-12 01:12:26+00:00,0.4853587962962963,31.478078703703705,0
330242,2026-08-11 13:17:10+00:00,2026-08-11 13:54:44+00:00,2026-08-11 13:54:05+00:00,0.025636574074074076,31.489432870370372,0
330241,2026-08-11 13:13:59+00:00,2026-08-13 20:14:17+00:00,2026-08-13 18:31:19+00:00,2.2203703703703703,31.49164351851852,0
330240,2026-08-11 13:11:43+00:00,2026-08-13 20:14:17+00:00,2026-08-13 18:39:04+00:00,2.227326388888889,31.493217592592593,0
330238,2026-08-11 12:10:25+00:00,2026-08-11 13:55:02+00:00,2026-08-11 13:54:19+00:00,0.07215277777777777,31.535787037037036,0
330236,2026-08-11 11:52:51+00:00,2026-08-11 16:10:45+00:00,2026-08-11 16:09:32+00:00,0.17825231481481482,31.54798611111111,0
330233,2026-08-11 11:43:27+00:00,2026-08-13 12:14:56+00:00,2026-08-13 11:10:45+00:00,1.9772916666666667,31.554513888888888,0
330232,2026-08-11 11:38:11+00:00,2026-08-15 20:29:37+00:00,,,31.558171296296297,1
330228,2026-08-11 11:16:13+00:00,2026-08-12 18:23:20+00:00,2026-08-12 18:22:08+00:00,1.295775462962963,31.573425925925925,0
330227,2026-08-11 11:08:06+00:00,2026-08-11 13:53:41+00:00,2026-08-11 13:52:51+00:00,0.11440972222222222,31.5790625,0
330224,2026-08-11 10:54:27+00:00,2026-08-11 13:55:00+00:00,2026-08-11 13:53:43+00:00,0.12449074074074074,31.588541666666668,0
330223,2026-08-11 10:50:56+00:00,2026-08-18 00:02:30+00:00,2026-08-18 00:00:08+00:00,6.548055555555556,31.590983796296296,0
330222,2026-08-11 10:49:24+00:00,2026-08-11 14:15:32+00:00,2026-08-11 14:15:32+00:00,0.14314814814814814,31.59204861111111,0
330220,2026-08-11 10:39:45+00:00,2026-08-11 13:55:37+00:00,2026-08-11 13:54:53+00:00,0.13550925925925925,31.59875,0
330218,2026-08-11 10:36:29+00:00,2026-08-11 11:18:54+00:00,2026-08-11 11:17:49+00:00,0.028703703703703703,31.60101851851852,0
330216,2026-08-11 10:30:14+00:00,2026-08-11 10:55:42+00:00,2026-08-11 10:54:46+00:00,0.017037037037037038,31.605358796296297,0
330215,2026-08-11 10:21:43+00:00,2026-08-11 13:53:02+00:00,2026-08-11 13:52:23+00:00,0.14629629629629629,31.611273148148147,0
330213,2026-08-11 10:14:54+00:00,2026-08-11 13:54:14+00:00,2026-08-11 13:53:30+00:00,0.15180555555555555,31.616006944444443,0
330211,2026-08-11 10:02:30+00:00,2026-08-31 09:45:58+00:00,,,31.624618055555555,1
330210,2026-08-11 09:59:50+00:00,2026-08-13 20:14:16+00:00,2026-08-13 08:01:09+00:00,1.9175810185185185,31.626469907407408,0
330209,2026-08-11 09:58:31+00:00,2026-08-11 10:17:42+00:00,2026-08-11 10:16:57+00:00,0.012800925925925926,31.62738425925926,0
330207,2026-08-11 09:47:09+00:00,2026-08-14 16:44:56+00:00,,,31.635277777777777,1
330205,2026-08-11 09:41:46+00:00,2026-08-11 10:31:08+00:00,2026-08-11 10:30:12+00:00,0.03363425925925926,31.639016203703704,0
330203,2026-08-11 09:32:33+00:00,2026-08-11 16:12:11+00:00,2026-08-11 16:08:25+00:00,0.27490740740740743,31.645416666666666,0
330200,2026-08-11 09:27:14+00:00,2026-08-11 09:47:55+00:00,2026-08-11 09:47:05+00:00,0.013784722222222223,31.649108796296296,0
330199,2026-08-11 09:27:04+00:00,2026-08-11 09:42:37+00:00,2026-08-11 09:41:34+00:00,0.010069444444444445,31.649224537037036,0
330198,2026-08-11 09:26:46+00:00,2026-08-11 09:41:10+00:00,2026-08-11 09:40:22+00:00,0.009444444444444445,31.64943287037037,0
330197,2026-08-11 09:18:22+00:00,2026-08-11 15:07:08+00:00,2026-08-11 15:06:13+00:00,0.2415625,31.655266203703704,0
330194,2026-08-11 09:00:26+00:00,2026-08-11 10:30:34+00:00,2026-08-11 10:29:31+00:00,0.061863425925925926,31.667719907407406,0
330193,2026-08-11 08:56:51+00:00,2026-08-13 07:22:37+00:00,2026-08-11 09:10:50+00:00,0.009710648148148149,31.670208333333335,0
330191,2026-08-11 08:45:34+00:00,2026-09-01 14:33:58+00:00,2026-08-13 21:39:58+00:00,2.537777777777778,31.67804398148148,0
330190,2026-08-11 08:40:46+00:00,2026-08-11 09:24:32+00:00,2026-08-11 09:23:15+00:00,0.029502314814814815,31.681377314814814,0
330189,2026-08-11 08:33:55+00:00,2026-08-11 09:02:30+00:00,2026-08-11 09:01:48+00:00,0.019363425925925926,31.68613425925926,0
330187,2026-08-11 08:11:16+00:00,2026-08-11 08:25:46+00:00,2026-08-11 08:24:51+00:00,0.009432870370370371,31.701863425925925,0
330186,2026-08-11 07:57:52+00:00,2026-08-11 10:14:09+00:00,2026-08-11 10:13:31+00:00,0.09420138888888889,31.71116898148148,0
330180,2026-08-11 06:43:41+00:00,2026-08-11 11:50:15+00:00,2026-08-11 09:43:43+00:00,0.12502314814814816,31.762685185185184,0
330178,2026-08-11 06:11:16+00:00,2026-08-11 06:36:16+00:00,2026-08-11 06:35:33+00:00,0.016863425925925928,31.78519675925926,0
330176,2026-08-11 06:00:05+00:00,2026-08-11 09:00:27+00:00,2026-08-11 08:59:36+00:00,0.12466435185185185,31.792962962962964,0
330175,2026-08-11 05:40:24+00:00,2026-08-11 11:49:56+00:00,2026-08-11 06:42:10+00:00,0.04289351851851852,31.806631944444444,0
330172,2026-08-11 05:18:05+00:00,2026-08-11 14:00:16+00:00,2026-08-11 13:59:38+00:00,0.3621875,31.82212962962963,0
330171,2026-08-11 05:10:17+00:00,2026-08-11 15:22:31+00:00,2026-08-11 15:21:41+00:00,0.4245833333333333,31.827546296296298,0
330169,2026-08-11 05:00:04+00:00,2026-08-11 06:30:43+00:00,2026-08-11 06:29:51+00:00,0.06234953703703704,31.834641203703704,0
330167,2026-08-11 04:58:24+00:00,2026-08-11 06:28:12+00:00,,,31.835798611111112,1
330166,2026-08-11 04:29:27+00:00,2026-08-11 15:53:08+00:00,2026-08-11 15:52:23+00:00,0.47425925925925927,31.85590277777778,0
330165,2026-08-11 04:28:15+00:00,2026-08-11 16:54:25+00:00,2026-08-11 16:53:15+00:00,0.5173611111111112,31.85673611111111,0
330163,2026-08-11 04:13:21+00:00,2026-08-11 05:20:59+00:00,2026-08-11 05:20:18+00:00,0.04649305555555556,31.867083333333333,0
330161,2026-08-11 03:49:52+00:00,2026-08-11 06:28:54+00:00,2026-08-11 06:27:59+00:00,0.10980324074074074,31.883391203703702,0
330160,2026-08-11 03:49:45+00:00,2026-08-11 16:26:11+00:00,2026-08-11 16:25:14+00:00,0.5246412037037037,31.883472222222224,0
330158,2026-08-11 03:33:28+00:00,2026-08-22 04:53:09+00:00,2026-08-22 04:52:57+00:00,11.055196759259259,31.894780092592594,1
330154,2026-08-11 02:56:09+00:00,2026-08-11 09:21:07+00:00,2026-08-11 09:21:06+00:00,0.2673263888888889,31.920694444444443,0
330151,2026-08-11 02:10:09+00:00,2026-08-12 09:17:44+00:00,,,31.952638888888888,1
330150,2026-08-11 01:44:37+00:00,2026-08-11 02:21:44+00:00,2026-08-11 02:21:09+00:00,0.02537037037037037,31.97037037037037,0
330146,2026-08-11 00:36:58+00:00,2026-08-12 16:49:16+00:00,2026-08-12 16:47:35+00:00,1.674039351851852,32.017349537037035,0
330145,2026-08-11 00:22:19+00:00,2026-08-11 02:58:36+00:00,2026-08-11 02:58:36+00:00,0.1085300925925926,32.02752314814815,0
330144,2026-08-11 00:05:16+00:00,2026-08-11 03:41:22+00:00,2026-08-11 03:40:43+00:00,0.14961805555555555,32.03936342592593,0
330143,2026-08-11 00:02:49+00:00,2026-08-11 17:55:47+00:00,2026-08-11 17:54:11+00:00,0.7440046296296297,32.04106481481482,0
330142,2026-08-10 23:44:48+00:00,2026-08-27 09:34:43+00:00,2026-08-13 18:35:05+00:00,2.7849189814814816,32.05357638888889,0
330141,2026-08-10 23:36:52+00:00,2026-08-11 00:42:55+00:00,2026-08-11 00:42:11+00:00,0.04535879629629629,32.05908564814815,0
330140,2026-08-10 23:34:40+00:00,2026-08-11 00:13:37+00:00,2026-08-11 00:12:48+00:00,0.02648148148148148,32.06061342592593,0
330139,2026-08-10 23:32:16+00:00,2026-08-12 15:22:51+00:00,2026-08-12 15:21:43+00:00,1.6593402777777777,32.062280092592594,0
330137,2026-08-10 23:24:06+00:00,2026-08-11 00:00:28+00:00,2026-08-10 23:59:02+00:00,0.024259259259259258,32.067951388888886,0
330135,2026-08-10 23:16:28+00:00,2026-08-11 15:43:25+00:00,2026-08-11 15:42:43+00:00,0.6848958333333334,32.073252314814816,0
330132,2026-08-10 23:05:31+00:00,2026-08-15 20:59:46+00:00,2026-08-15 20:59:04+00:00,4.9121875,32.08085648148148,0
330131,2026-08-10 23:04:26+00:00,2026-08-10 23:58:25+00:00,2026-08-10 23:57:08+00:00,0.036597222222222225,32.081608796296294,0
330130,2026-08-10 23:02:24+00:00,2026-08-10 23:49:08+00:00,2026-08-10 23:47:59+00:00,0.031655092592592596,32.083020833333336,0
330129,2026-08-10 22:54:11+00:00,2026-08-10 23:44:48+00:00,2026-08-10 23:43:57+00:00,0.03456018518518519,32.08872685185185,0
330128,2026-08-10 22:51:29+00:00,2026-08-13 20:37:40+00:00,2026-08-13 20:37:40+00:00,2.907071759259259,32.09060185185185,0
330125,2026-08-10 22:39:56+00:00,2026-08-10 23:47:59+00:00,2026-08-10 23:46:56+00:00,0.04652777777777778,32.098622685185184,0
330124,2026-08-10 22:36:18+00:00,2026-08-10 23:29:05+00:00,2026-08-10 23:29:03+00:00,0.036631944444444446,32.101145833333334,0
330123,2026-08-10 22:36:14+00:00,2026-08-11 16:17:06+00:00,2026-08-11 16:17:06+00:00,0.736712962962963,32.10119212962963,0
330122,2026-08-10 22:34:39+00:00,2026-08-11 15:30:32+00:00,2026-08-11 15:30:32+00:00,0.705474537037037,32.102291666666666,0
330121,2026-08-10 22:33:37+00:00,2026-08-11 15:44:12+00:00,2026-08-11 15:44:12+00:00,0.7156828703703704,32.10300925925926,0
330120,2026-08-10 22:30:49+00:00,2026-08-11 05:15:41+00:00,2026-08-11 05:14:50+00:00,0.28056712962962965,32.10495370370371,0
330119,2026-08-10 22:29:58+00:00,2026-08-10 23:20:16+00:00,2026-08-10 23:20:15+00:00,0.03491898148148148,32.10554398148148,0
330118,2026-08-10 22:26:47+00:00,2026-08-11 01:06:30+00:00,2026-08-11 01:05:48+00:00,0.11042824074074074,32.10775462962963,0
330117,2026-08-10 22:20:21+00:00,2026-08-11 16:33:56+00:00,2026-08-11 16:33:54+00:00,0.7594097222222222,32.11222222222222,0
330116,2026-08-10 22:13:57+00:00,2026-08-10 23:01:18+00:00,2026-08-10 22:59:37+00:00,0.031712962962962964,32.11666666666667,0
330115,2026-08-10 22:13:22+00:00,2026-08-10 23:16:59+00:00,2026-08-10 23:16:58+00:00,0.04416666666666667,32.11707175925926,0
330113,2026-08-10 21:59:48+00:00,2026-08-11 14:44:03+00:00,2026-08-11 14:44:03+00:00,0.6973958333333333,32.12649305555556,0
330112,2026-08-10 21:53:26+00:00,2026-08-11 15:23:17+00:00,2026-08-11 15:23:17+00:00,0.7290625,32.13091435185185,0
330111,2026-08-10 21:49:12+00:00,2026-08-10 22:21:52+00:00,2026-08-10 22:21:52+00:00,0.022685185185185187,32.133854166666666,0
330109,2026-08-10 21:47:47+00:00,2026-08-13 15:54:00+00:00,2026-08-13 15:53:58+00:00,2.7542939814814815,32.13483796296296,0
330107,2026-08-10 21:42:52+00:00,2026-08-13 16:08:55+00:00,2026-08-13 16:08:52+00:00,2.7680555555555557,32.138252314814814,0
330106,2026-08-10 21:39:21+00:00,2026-08-11 15:57:51+00:00,2026-08-11 15:57:51+00:00,0.7628472222222222,32.14069444444444,0
330105,2026-08-10 21:37:34+00:00,2026-08-13 16:11:33+00:00,2026-08-13 16:11:31+00:00,2.773576388888889,32.14193287037037,0
330102,2026-08-10 21:32:19+00:00,2026-08-11 15:48:44+00:00,2026-08-11 15:47:47+00:00,0.7607407407407407,32.145578703703706,0
330101,2026-08-10 21:29:44+00:00,2026-08-11 00:15:28+00:00,2026-08-11 00:15:28+00:00,0.1150925925925926,32.14737268518518,0
330100,2026-08-10 21:29:21+00:00,2026-08-11 15:48:11+00:00,2026-08-11 15:47:26+00:00,0.7625578703703704,32.14763888888889,0
330099,2026-08-10 21:25:35+00:00,2026-08-10 22:47:45+00:00,2026-08-10 22:47:43+00:00,0.05703703703703704,32.15025462962963,0
330098,2026-08-10 21:22:45+00:00,2026-08-10 21:35:54+00:00,2026-08-10 21:35:54+00:00,0.009131944444444444,32.15222222222222,0
330097,2026-08-10 21:21:25+00:00,2026-08-13 15:32:29+00:00,2026-08-13 15:32:27+00:00,2.757662037037037,32.15314814814815,0
330096,2026-08-10 21:20:49+00:00,2026-08-11 15:53:22+00:00,2026-08-11 15:52:36+00:00,0.7720717592592593,32.153564814814814,0
330095,2026-08-10 21:16:31+00:00,2026-09-02 19:57:19+00:00,,,32.15655092592593,1
330094,2026-08-10 21:11:11+00:00,2026-08-11 16:08:46+00:00,2026-08-11 16:07:53+00:00,0.789375,32.16025462962963,0
330089,2026-08-10 20:52:34+00:00,2026-08-10 22:09:57+00:00,2026-08-10 22:09:09+00:00,0.05318287037037037,32.17318287037037,0
330085,2026-08-10 20:43:20+00:00,2026-08-10 22:44:41+00:00,2026-08-10 22:43:24+00:00,0.08337962962962962,32.179594907407406,0
330084,2026-08-10 20:42:14+00:00,2026-08-10 23:13:41+00:00,2026-08-10 23:13:00+00:00,0.10469907407407407,32.1803587962963,0
330083,2026-08-10 20:40:47+00:00,2026-08-10 21:31:32+00:00,2026-08-10 21:30:47+00:00,0.034722222222222224,32.18136574074074,0
330082,2026-08-10 20:40:42+00:00,2026-08-11 15:01:00+00:00,2026-08-11 14:59:31+00:00,0.7630671296296296,32.181423611111114,0
330080,2026-08-10 20:35:26+00:00,2026-08-10 21:28:26+00:00,,,32.18508101851852,1
330078,2026-08-10 20:33:10+00:00,2026-08-12 19:03:41+00:00,2026-08-12 19:03:41+00:00,1.9378587962962963,32.186655092592595,0
330077,2026-08-10 20:30:58+00:00,2026-08-10 21:34:08+00:00,2026-08-10 21:34:07+00:00,0.043854166666666666,32.18818287037037,0
330076,2026-08-10 20:26:27+00:00,2026-08-10 22:26:38+00:00,2026-08-10 22:26:38+00:00,0.08346064814814814,32.191319444444446,0
330075,2026-08-10 20:25:02+00:00,2026-08-10 23:01:40+00:00,2026-08-10 23:01:39+00:00,0.10876157407407408,32.19230324074074,0
330074,2026-08-10 20:24:15+00:00,2026-08-10 21:54:50+00:00,2026-08-10 21:54:49+00:00,0.06289351851851852,32.19284722222222,0
330073,2026-08-10 20:21:52+00:00,2026-08-10 22:35:32+00:00,2026-08-10 22:35:31+00:00,0.0928125,32.19450231481481,0
330071,2026-08-10 20:21:31+00:00,2026-08-10 21:10:19+00:00,2026-08-10 21:09:02+00:00,0.032997685185185185,32.19474537037037,0
330070,2026-08-10 20:20:50+00:00,2026-08-10 21:25:21+00:00,2026-08-10 21:25:19+00:00,0.044780092592592594,32.195219907407406,0
330069,2026-08-10 20:20:18+00:00,2026-08-10 22:29:36+00:00,2026-08-10 22:28:33+00:00,0.0890625,32.195590277777775,0
330068,2026-08-10 20:20:17+00:00,2026-08-10 22:29:57+00:00,2026-08-10 22:28:59+00:00,0.089375,32.195601851851855,0
330067,2026-08-10 19:53:28+00:00,2026-08-12 05:03:04+00:00,2026-08-12 05:01:38+00:00,1.3806712962962964,32.21422453703704,0
330063,2026-08-10 19:40:56+00:00,2026-08-10 20:14:23+00:00,2026-08-10 20:12:46+00:00,0.02210648148148148,32.22292824074074,0
330058,2026-08-10 19:02:28+00:00,2026-08-10 20:26:30+00:00,2026-08-10 20:24:45+00:00,0.0571412037037037,32.2496412037037,0
330054,2026-08-10 18:51:34+00:00,2026-08-21 17:10:39+00:00,,,32.257210648148146,1
330044,2026-08-10 18:29:53+00:00,2026-08-11 00:12:20+00:00,2026-08-10 23:31:54+00:00,0.2097337962962963,32.272268518518516,0
330042,2026-08-10 18:09:47+00:00,2026-09-09 18:24:07+00:00,2026-09-09 18:24:07+00:00,30.009953703703705,32.28622685185185,1
330041,2026-08-10 18:08:11+00:00,2026-08-27 16:08:40+00:00,2026-08-27 16:08:39+00:00,16.91699074074074,32.287337962962965,1
330040,2026-08-10 18:06:25+00:00,2026-09-04 15:42:47+00:00,2026-08-27 02:14:01+00:00,16.33861111111111,32.28856481481481,1
330038,2026-08-10 17:59:11+00:00,2026-08-10 18:38:22+00:00,2026-08-10 18:37:31+00:00,0.02662037037037037,32.29358796296296,0
330035,2026-08-10 17:57:55+00:00,2026-08-10 18:39:27+00:00,2026-08-10 18:38:38+00:00,0.028275462962962964,32.29446759259259,0
330030,2026-08-10 17:46:08+00:00,2026-08-10 20:20:20+00:00,2026-08-10 20:19:30+00:00,0.10650462962962963,32.302650462962966,0
330029,2026-08-10 17:38:58+00:00,2026-09-09 18:24:07+00:00,2026-09-09 18:24:06+00:00,30.031342592592594,32.307627314814816,1
330026,2026-08-10 17:29:29+00:00,2026-08-10 17:34:33+00:00,2026-08-10 17:30:13+00:00,0.0005092592592592592,32.31421296296296,0
330025,2026-08-10 17:27:28+00:00,2026-08-11 21:18:31+00:00,2026-08-11 21:18:29+00:00,1.1604282407407407,32.315613425925925,0
330024,2026-08-10 17:21:43+00:00,2026-08-11 23:07:35+00:00,2026-08-11 23:07:33+00:00,1.240162037037037,32.31960648148148,0
330017,2026-08-10 17:09:12+00:00,2026-08-10 22:12:02+00:00,2026-08-10 22:10:36+00:00,0.20930555555555555,32.32829861111111,0
330013,2026-08-10 17:03:49+00:00,2026-08-10 17:28:16+00:00,2026-08-10 17:27:29+00:00,0.016435185185185185,32.33203703703704,0
330012,2026-08-10 17:02:52+00:00,2026-08-11 01:21:42+00:00,2026-08-11 01:21:04+00:00,0.34597222222222224,32.33269675925926,0
330011,2026-08-10 16:59:44+00:00,2026-08-11 15:48:50+00:00,2026-08-11 15:48:01+00:00,0.9501967592592593,32.33487268518518,0
330009,2026-08-10 16:56:54+00:00,2026-08-12 13:56:04+00:00,2026-08-12 13:56:04+00:00,1.8744212962962963,32.336840277777775,0
330007,2026-08-10 16:48:57+00:00,2026-08-11 01:37:55+00:00,2026-08-11 01:36:39+00:00,0.36645833333333333,32.34236111111111,0
330005,2026-08-10 16:45:46+00:00,2026-08-10 18:57:24+00:00,2026-08-10 18:57:22+00:00,0.0913888888888889,32.34457175925926,0
330003,2026-08-10 16:40:50+00:00,2026-08-10 18:15:40+00:00,2026-08-10 18:14:43+00:00,0.06519675925925926,32.347997685185184,0
330002,2026-08-10 16:40:28+00:00,2026-08-10 17:17:13+00:00,2026-08-10 17:16:18+00:00,0.02488425925925926,32.348252314814815,0
330000,2026-08-10 16:38:17+00:00,2026-08-10 16:59:05+00:00,2026-08-10 16:59:03+00:00,0.014421296296296297,32.349768518518516,0
329998,2026-08-10 16:19:29+00:00,2026-08-10 16:59:19+00:00,2026-08-10 16:58:29+00:00,0.027083333333333334,32.36282407407408,0
329995,2026-08-10 16:15:59+00:00,2026-08-10 16:59:15+00:00,2026-08-10 16:58:32+00:00,0.029548611111111112,32.36525462962963,0
329994,2026-08-10 16:15:47+00:00,2026-08-10 16:45:09+00:00,2026-08-10 16:45:08+00:00,0.020381944444444446,32.365393518518516,0
329986,2026-08-10 15:50:03+00:00,2026-08-10 17:09:17+00:00,2026-08-10 17:07:59+00:00,0.05412037037037037,32.38326388888889,0
329984,2026-08-10 15:45:11+00:00,2026-08-10 16:59:52+00:00,2026-08-10 16:58:46+00:00,0.051099537037037034,32.38664351851852,0
329972,2026-08-10 15:08:07+00:00,2026-08-11 15:58:15+00:00,2026-08-11 15:58:13+00:00,1.0347916666666668,32.41238425925926,0
329969,2026-08-10 14:58:14+00:00,2026-08-10 18:37:55+00:00,2026-08-10 18:37:53+00:00,0.15253472222222222,32.419247685185184,0
329967,2026-08-10 14:56:20+00:00,2026-08-10 22:02:23+00:00,2026-08-10 22:01:34+00:00,0.29530092592592594,32.42056712962963,0
329964,2026-08-10 14:42:29+00:00,2026-08-10 20:39:13+00:00,2026-08-10 20:38:29+00:00,0.24722222222222223,32.43018518518519,0
329962,2026-08-10 14:35:32+00:00,2026-08-31 23:06:30+00:00,,,32.435011574074075,1
329961,2026-08-10 14:23:01+00:00,2026-08-12 19:48:09+00:00,2026-08-12 19:47:17+00:00,2.225185185185185,32.443703703703704,0
329960,2026-08-10 14:10:15+00:00,2026-08-10 17:00:05+00:00,2026-08-10 16:59:21+00:00,0.11743055555555555,32.45256944444444,0
329959,2026-08-10 14:06:47+00:00,2026-08-10 16:00:38+00:00,2026-08-10 15:59:43+00:00,0.07842592592592593,32.45497685185185,0
329957,2026-08-10 13:54:20+00:00,2026-08-17 19:42:19+00:00,2026-08-10 16:59:07+00:00,0.12832175925925926,32.463622685185186,0
329954,2026-08-10 13:05:18+00:00,2026-08-11 09:00:08+00:00,2026-08-11 08:59:14+00:00,0.8291203703703703,32.49767361111111,0
329953,2026-08-10 12:53:00+00:00,2026-08-10 15:08:19+00:00,2026-08-10 15:07:19+00:00,0.09327546296296296,32.50621527777778,0
329952,2026-08-10 12:44:44+00:00,2026-08-10 15:05:58+00:00,2026-08-10 15:05:10+00:00,0.09752314814814815,32.51195601851852,0
329950,2026-08-10 12:21:45+00:00,2026-08-10 13:52:36+00:00,2026-08-10 13:51:57+00:00,0.06263888888888888,32.52791666666667,0
329949,2026-08-10 12:09:44+00:00,2026-08-11 12:43:43+00:00,2026-08-11 12:43:43+00:00,1.023599537037037,32.536261574074075,0
329945,2026-08-10 11:43:15+00:00,2026-08-11 10:32:19+00:00,2026-08-11 10:32:17+00:00,0.9507175925925926,32.554652777777775,0
329942,2026-08-10 11:30:41+00:00,2026-08-11 09:20:16+00:00,2026-08-11 09:19:34+00:00,0.9089467592592593,32.56337962962963,0
329941,2026-08-10 11:25:48+00:00,2026-08-10 12:15:22+00:00,2026-08-10 12:14:34+00:00,0.03386574074074074,32.56677083333334,0
329939,2026-08-10 11:16:28+00:00,2026-08-10 12:14:15+00:00,2026-08-10 12:13:25+00:00,0.03954861111111111,32.573252314814816,0
329937,2026-08-10 11:07:07+00:00,2026-08-10 12:13:38+00:00,2026-08-10 12:12:53+00:00,0.04567129629629629,32.57974537037037,0
329932,2026-08-10 10:48:10+00:00,2026-08-11 12:43:35+00:00,2026-08-11 12:43:35+00:00,1.080150462962963,32.592905092592595,0
329931,2026-08-10 10:36:27+00:00,2026-08-10 13:50:12+00:00,2026-08-10 13:49:15+00:00,0.1338888888888889,32.60104166666667,0
329929,2026-08-10 10:33:42+00:00,2026-08-10 17:55:54+00:00,2026-08-10 17:55:01+00:00,0.3064699074074074,32.60295138888889,0
329926,2026-08-10 10:17:22+00:00,2026-08-10 10:36:32+00:00,2026-08-10 10:33:34+00:00,0.01125,32.61429398148148,0
329925,2026-08-10 09:56:31+00:00,2026-08-11 12:43:28+00:00,2026-08-11 12:43:28+00:00,1.1159375,32.62877314814815,0
329924,2026-08-10 09:38:41+00:00,2026-08-10 11:30:05+00:00,2026-08-10 11:29:18+00:00,0.07681712962962962,32.641157407407405,0
329922,2026-08-10 09:18:00+00:00,2026-08-10 16:21:38+00:00,,,32.655520833333334,1
329914,2026-08-10 08:56:36+00:00,2026-08-10 09:25:35+00:00,2026-08-10 09:25:33+00:00,0.020104166666666666,32.67038194444444,0
329912,2026-08-10 08:41:30+00:00,2026-08-10 10:20:06+00:00,2026-08-10 10:19:16+00:00,0.06789351851851852,32.68086805555556,0
329909,2026-08-10 08:18:33+00:00,2026-08-10 08:59:09+00:00,2026-08-10 08:58:26+00:00,0.027696759259259258,32.69680555555556,0
329899,2026-08-10 07:05:42+00:00,2026-09-04 15:42:45+00:00,2026-08-27 02:14:01+00:00,16.79744212962963,32.747395833333336,1
329898,2026-08-10 06:58:02+00:00,2026-08-10 08:47:54+00:00,2026-08-10 08:47:13+00:00,0.07582175925925926,32.75271990740741,0
329897,2026-08-10 06:57:57+00:00,2026-08-10 08:56:45+00:00,2026-08-10 08:56:02+00:00,0.08200231481481482,32.75277777777778,0
329896,2026-08-10 06:53:33+00:00,2026-08-10 08:41:33+00:00,2026-08-10 08:40:14+00:00,0.07408564814814815,32.755833333333335,0
329891,2026-08-10 04:11:19+00:00,2026-08-10 04:47:43+00:00,,,32.86849537037037,1
329889,2026-08-10 03:37:22+00:00,2026-08-10 22:59:47+00:00,2026-08-10 22:58:56+00:00,0.8066435185185186,32.89207175925926,0
329884,2026-08-10 03:22:21+00:00,2026-08-10 04:50:06+00:00,2026-08-10 04:49:13+00:00,0.06032407407407407,32.9025,0
329883,2026-08-10 02:41:45+00:00,2026-08-10 18:42:28+00:00,2026-08-10 18:41:40+00:00,0.6666087962962963,32.93069444444444,0
329882,2026-08-10 02:38:02+00:00,2026-08-10 19:55:18+00:00,2026-08-10 19:55:18+00:00,0.7203240740740741,32.93327546296296,0
329881,2026-08-10 02:37:17+00:00,2026-08-10 17:02:24+00:00,2026-08-10 17:02:24+00:00,0.6007754629629629,32.93379629629629,0
329879,2026-08-10 02:32:08+00:00,2026-08-10 18:48:40+00:00,2026-08-10 18:47:49+00:00,0.6775578703703704,32.93737268518519,0
329877,2026-08-10 02:11:47+00:00,2026-08-10 03:40:48+00:00,,,32.95150462962963,1
329876,2026-08-10 01:50:52+00:00,2026-08-15 16:56:28+00:00,,,32.96603009259259,1
329875,2026-08-10 01:43:31+00:00,2026-08-10 04:49:43+00:00,2026-08-10 04:49:04+00:00,0.12885416666666666,32.97113425925926,0
329872,2026-08-10 00:57:32+00:00,2026-08-12 06:19:25+00:00,2026-08-12 06:19:25+00:00,2.2235300925925925,33.00306712962963,0
329870,2026-08-10 00:23:57+00:00,2026-08-10 20:02:34+00:00,2026-08-10 20:01:34+00:00,0.8177893518518519,33.02638888888889,0
329869,2026-08-10 00:21:11+00:00,2026-08-10 00:58:54+00:00,2026-08-10 00:57:53+00:00,0.025486111111111112,33.028310185185184,0
329868,2026-08-10 00:14:56+00:00,2026-08-12 02:10:44+00:00,2026-08-10 19:10:27+00:00,0.7885532407407407,33.03265046296296,0
329867,2026-08-09 23:31:56+00:00,2026-08-10 05:38:10+00:00,2026-08-10 05:37:12+00:00,0.2536574074074074,33.06251157407407,0
329865,2026-08-09 22:54:32+00:00,2026-08-10 00:57:35+00:00,2026-08-09 23:32:00+00:00,0.026018518518518517,33.088483796296295,0
329864,2026-08-09 22:53:53+00:00,2026-08-12 18:41:52+00:00,2026-08-12 18:41:52+00:00,2.824988425925926,33.088935185185186,0
329862,2026-08-09 22:18:51+00:00,2026-08-10 04:16:36+00:00,,,33.11326388888889,1
329861,2026-08-09 22:02:10+00:00,2026-08-09 23:33:55+00:00,2026-08-09 23:33:11+00:00,0.06320601851851852,33.124849537037036,0
329860,2026-08-09 22:00:47+00:00,2026-08-09 23:10:43+00:00,2026-08-09 23:09:46+00:00,0.04790509259259259,33.12581018518519,0
329858,2026-08-09 21:41:13+00:00,2026-08-09 21:57:52+00:00,2026-08-09 21:57:13+00:00,0.011111111111111112,33.139398148148146,0
329857,2026-08-09 21:14:56+00:00,2026-08-09 23:11:50+00:00,,,33.15765046296296,1
329856,2026-08-09 21:12:03+00:00,2026-08-17 04:34:22+00:00,2026-08-17 04:34:11+00:00,7.307037037037037,33.15965277777778,1
329853,2026-08-09 20:59:24+00:00,2026-08-17 04:34:21+00:00,2026-08-17 04:34:11+00:00,7.31582175925926,33.1684375,1
329852,2026-08-09 20:54:16+00:00,2026-08-09 21:53:57+00:00,2026-08-09 21:53:16+00:00,0.04097222222222222,33.17200231481481,0
329849,2026-08-09 19:55:05+00:00,2026-08-09 21:24:15+00:00,2026-08-09 21:23:37+00:00,0.061481481481481484,33.21310185185185,0
329846,2026-08-09 19:16:29+00:00,2026-08-11 17:56:39+00:00,2026-08-09 22:39:53+00:00,0.14125,33.23990740740741,0
329845,2026-08-09 19:12:33+00:00,2026-08-09 19:44:49+00:00,2026-08-09 19:44:03+00:00,0.021875,33.24263888888889,0
329844,2026-08-09 18:48:20+00:00,2026-08-09 20:04:04+00:00,2026-08-09 20:02:46+00:00,0.05168981481481481,33.25945601851852,0
329839,2026-08-09 18:21:21+00:00,2026-08-09 19:19:55+00:00,2026-08-09 19:18:54+00:00,0.03996527777777778,33.278194444444445,0
329838,2026-08-09 18:18:47+00:00,2026-08-09 18:33:58+00:00,2026-08-09 18:33:21+00:00,0.010115740740740741,33.27997685185185,0
329837,2026-08-09 17:44:23+00:00,2026-08-10 20:56:46+00:00,2026-08-09 18:14:31+00:00,0.020925925925925924,33.30386574074074,0
329834,2026-08-09 17:02:37+00:00,2026-08-09 18:26:00+00:00,2026-08-09 18:25:17+00:00,0.05740740740740741,33.33287037037037,0
329833,2026-08-09 16:45:04+00:00,2026-08-09 18:25:49+00:00,2026-08-09 18:25:10+00:00,0.06951388888888889,33.34505787037037,0
329832,2026-08-09 16:42:04+00:00,2026-08-17 04:34:21+00:00,2026-08-17 04:34:10+00:00,7.494513888888889,33.34714120370371,1
329831,2026-08-09 16:35:05+00:00,2026-08-10 18:04:53+00:00,2026-08-10 18:04:43+00:00,1.0622453703703705,33.35199074074074,0
329828,2026-08-09 16:25:16+00:00,2026-08-09 18:57:17+00:00,2026-08-09 18:56:29+00:00,0.10501157407407408,33.35880787037037,0
329825,2026-08-09 14:24:25+00:00,2026-08-09 16:17:11+00:00,2026-08-09 16:16:33+00:00,0.07787037037037037,33.44273148148148,0
329824,2026-08-09 13:37:30+00:00,2026-08-09 20:14:12+00:00,2026-08-09 20:14:12+00:00,0.2754861111111111,33.4753125,0
329819,2026-08-09 12:18:06+00:00,2026-08-09 16:16:51+00:00,2026-08-09 16:16:01+00:00,0.1652199074074074,33.53045138888889,0
329818,2026-08-09 12:17:27+00:00,2026-08-09 12:22:15+00:00,2026-08-09 12:22:15+00:00,0.0033333333333333335,33.530902777777776,0
329817,2026-08-09 12:05:40+00:00,2026-08-12 10:19:48+00:00,,,33.539085648148145,1
329810,2026-08-09 06:53:07+00:00,2026-08-09 08:18:57+00:00,,,33.75613425925926,1
329809,2026-08-09 06:39:28+00:00,2026-08-09 06:41:07+00:00,2026-08-09 06:39:53+00:00,0.00028935185185185184,33.76561342592593,0
329808,2026-08-09 06:34:02+00:00,2026-08-17 05:31:51+00:00,,,33.769386574074076,1
329802,2026-08-09 05:27:59+00:00,2026-08-09 07:26:05+00:00,,,33.81525462962963,1
329799,2026-08-09 04:37:25+00:00,2026-08-09 21:39:47+00:00,2026-08-09 21:38:50+00:00,0.7093171296296297,33.85037037037037,0
329798,2026-08-09 04:13:41+00:00,2026-08-09 20:16:16+00:00,2026-08-09 20:15:05+00:00,0.6676388888888889,33.866851851851855,0
329797,2026-08-09 04:08:39+00:00,2026-08-09 18:25:35+00:00,2026-08-09 18:24:48+00:00,0.5945486111111111,33.87034722222222,0
329795,2026-08-09 03:38:41+00:00,2026-08-09 17:11:39+00:00,2026-08-09 17:06:34+00:00,0.5610300925925926,33.891157407407405,0
329794,2026-08-09 03:31:44+00:00,2026-08-09 18:56:36+00:00,2026-08-09 18:55:49+00:00,0.641724537037037,33.8959837962963,0
329793,2026-08-09 03:30:31+00:00,2026-08-09 03:51:49+00:00,2026-08-09 03:51:08+00:00,0.01431712962962963,33.896828703703704,0
329792,2026-08-09 03:25:43+00:00,2026-08-09 22:07:00+00:00,2026-08-09 22:07:00+00:00,0.7786689814814814,33.900162037037035,0
329791,2026-08-09 03:15:09+00:00,2026-08-09 18:25:36+00:00,2026-08-09 18:25:00+00:00,0.6318402777777777,33.9075,0
329788,2026-08-09 00:23:32+00:00,2026-08-09 17:08:07+00:00,2026-08-09 17:07:27+00:00,0.6971643518518519,34.02667824074074,0
329786,2026-08-08 22:43:44+00:00,2026-08-19 16:56:02+00:00,2026-08-09 03:20:13+00:00,0.1920023148148148,34.095983796296295,0
329784,2026-08-08 21:53:19+00:00,2026-08-19 14:50:06+00:00,,,34.13099537037037,1
329783,2026-08-08 21:27:59+00:00,2026-08-09 07:47:10+00:00,2026-08-09 07:47:09+00:00,0.42997685185185186,34.148587962962964,0
329782,2026-08-08 21:26:58+00:00,2026-08-13 10:33:36+00:00,2026-08-13 10:32:31+00:00,4.545520833333334,34.149293981481485,0
329780,2026-08-08 21:24:18+00:00,2026-08-09 07:46:42+00:00,2026-08-09 07:46:40+00:00,0.4321990740740741,34.15114583333333,0
329778,2026-08-08 20:55:24+00:00,2026-08-08 23:36:56+00:00,2026-08-08 23:36:12+00:00,0.11166666666666666,34.171215277777776,0
329775,2026-08-08 20:25:27+00:00,2026-08-08 22:10:21+00:00,,,34.19201388888889,1
329774,2026-08-08 20:12:08+00:00,2026-08-08 20:28:15+00:00,2026-08-08 20:27:33+00:00,0.01070601851851852,34.201261574074074,0
329770,2026-08-08 18:25:40+00:00,2026-08-09 03:14:08+00:00,2026-08-09 03:13:33+00:00,0.36658564814814815,34.27519675925926,0
329759,2026-08-08 11:08:10+00:00,2026-08-10 19:57:30+00:00,2026-08-10 19:56:44+00:00,2.3670601851851854,34.5790162037037,0
329757,2026-08-08 09:16:59+00:00,2026-08-23 06:19:14+00:00,2026-08-23 06:19:13+00:00,14.876550925925926,34.656226851851855,1
329748,2026-08-08 06:52:29+00:00,2026-08-08 08:17:49+00:00,,,34.756574074074074,1
329744,2026-08-08 04:51:30+00:00,2026-09-01 12:57:08+00:00,2026-09-01 12:56:22+00:00,24.336712962962963,34.84059027777778,1
329740,2026-08-08 03:36:18+00:00,2026-08-09 19:52:23+00:00,2026-08-09 19:51:39+00:00,1.677326388888889,34.8928125,0
329736,2026-08-08 02:08:35+00:00,2026-08-08 06:24:15+00:00,2026-08-08 06:23:29+00:00,0.1770138888888889,34.953726851851854,0
329734,2026-08-08 01:47:14+00:00,2026-08-26 12:48:40+00:00,,,34.96855324074074,1
329733,2026-08-08 01:33:48+00:00,2026-08-10 21:59:12+00:00,2026-08-10 14:54:20+00:00,2.555925925925926,34.97788194444445,0
329732,2026-08-08 01:32:59+00:00,2026-08-08 06:23:22+00:00,2026-08-08 06:22:43+00:00,0.2012037037037037,34.97844907407407,0
329731,2026-08-08 01:24:42+00:00,2026-08-08 02:47:25+00:00,2026-08-08 02:46:45+00:00,0.056979166666666664,34.98420138888889,0
329730,2026-08-08 00:22:08+00:00,2026-08-08 18:36:34+00:00,2026-08-08 18:35:51+00:00,0.759525462962963,35.02765046296296,0
329729,2026-08-08 00:17:03+00:00,2026-08-08 00:46:49+00:00,2026-08-08 00:45:52+00:00,0.020011574074074074,35.03118055555556,0
329728,2026-08-08 00:10:47+00:00,2026-08-09 03:51:56+00:00,2026-08-09 03:51:18+00:00,1.153136574074074,35.03553240740741,0
329725,2026-08-07 23:44:25+00:00,2026-08-08 02:53:06+00:00,2026-08-08 02:53:05+00:00,0.1310185185185185,35.053842592592595,0
329723,2026-08-07 23:39:32+00:00,2026-08-08 00:31:21+00:00,2026-08-08 00:30:33+00:00,0.03542824074074074,35.057233796296295,0
329719,2026-08-07 23:20:40+00:00,2026-08-09 03:51:47+00:00,2026-08-09 03:50:56+00:00,1.1876851851851853,35.070335648148145,0
329718,2026-08-07 23:20:18+00:00,2026-08-08 00:18:20+00:00,2026-08-08 00:17:34+00:00,0.039768518518518516,35.070590277777775,0
329716,2026-08-07 22:48:49+00:00,2026-08-11 21:17:38+00:00,2026-08-11 21:16:38+00:00,3.9359837962962962,35.092453703703704,0
329715,2026-08-07 22:45:29+00:00,2026-08-12 06:17:19+00:00,2026-08-12 06:16:19+00:00,4.313078703703703,35.09476851851852,0
329714,2026-08-07 22:43:28+00:00,2026-08-09 18:25:36+00:00,2026-08-09 18:24:50+00:00,1.8203935185185185,35.09616898148148,0
329712,2026-08-07 22:36:33+00:00,2026-08-08 01:27:48+00:00,2026-08-08 01:27:06+00:00,0.1184375,35.100972222222225,0
329711,2026-08-07 22:36:31+00:00,2026-08-07 22:48:41+00:00,2026-08-07 22:48:41+00:00,0.008449074074074074,35.10099537037037,0
329710,2026-08-07 22:34:53+00:00,2026-08-08 01:43:23+00:00,2026-08-08 01:42:42+00:00,0.13042824074074075,35.10212962962963,0
329708,2026-08-07 22:17:41+00:00,2026-08-07 23:15:03+00:00,2026-08-07 23:15:01+00:00,0.03981481481481482,35.114074074074075,0
329707,2026-08-07 22:16:31+00:00,2026-08-09 16:16:08+00:00,,,35.114884259259256,1
329706,2026-08-07 22:02:59+00:00,2026-08-08 17:25:30+00:00,2026-08-08 17:24:42+00:00,0.8067476851851851,35.12428240740741,0
329703,2026-08-07 21:37:51+00:00,2026-08-07 23:10:18+00:00,2026-08-07 23:10:16+00:00,0.06417824074074074,35.14173611111111,0
329701,2026-08-07 21:23:27+00:00,2026-08-07 23:21:43+00:00,2026-08-07 23:20:56+00:00,0.08158564814814814,35.15173611111111,0
329700,2026-08-07 21:21:19+00:00,2026-08-14 17:49:50+00:00,2026-08-14 17:48:45+00:00,6.852384259259259,35.15321759259259,0
329699,2026-08-07 21:16:09+00:00,2026-08-07 23:07:10+00:00,2026-08-07 23:07:09+00:00,0.07708333333333334,35.15680555555556,0
329697,2026-08-07 21:08:54+00:00,2026-08-08 03:56:29+00:00,2026-08-08 03:55:37+00:00,0.2824421296296296,35.16184027777778,0
329696,2026-08-07 21:07:02+00:00,2026-08-07 21:36:43+00:00,2026-08-07 21:36:43+00:00,0.020613425925925927,35.16313657407407,0
329695,2026-08-07 21:04:26+00:00,2026-08-12 15:11:07+00:00,2026-08-12 15:08:50+00:00,4.753055555555555,35.16494212962963,0
329692,2026-08-07 20:50:44+00:00,2026-08-07 21:48:38+00:00,2026-08-07 21:47:45+00:00,0.039594907407407405,35.17445601851852,0
329691,2026-08-07 20:50:19+00:00,2026-08-10 23:16:52+00:00,2026-08-08 00:59:20+00:00,0.17292824074074073,35.17474537037037,0
329690,2026-08-07 20:46:58+00:00,2026-08-07 21:40:37+00:00,2026-08-07 21:39:42+00:00,0.03662037037037037,35.177071759259256,0
329689,2026-08-07 20:38:05+00:00,2026-08-10 04:50:43+00:00,2026-08-10 04:50:02+00:00,2.3416319444444444,35.18324074074074,0
329688,2026-08-07 20:36:59+00:00,2026-08-12 19:12:33+00:00,2026-08-12 19:11:25+00:00,4.940578703703704,35.18400462962963,0
329687,2026-08-07 20:33:57+00:00,2026-08-07 21:21:40+00:00,2026-08-07 21:21:38+00:00,0.03311342592592593,35.18611111111111,0
329686,2026-08-07 20:32:31+00:00,2026-08-08 00:01:59+00:00,2026-08-08 00:01:08+00:00,0.14487268518518517,35.18710648148148,0
329685,2026-08-07 20:26:26+00:00,2026-08-12 02:40:56+00:00,2026-08-12 02:40:56+00:00,4.2600694444444445,35.19133101851852,0
329683,2026-08-07 20:21:19+00:00,2026-08-11 00:08:49+00:00,2026-08-11 00:08:49+00:00,3.157986111111111,35.19488425925926,0
329682,2026-08-07 20:18:35+00:00,2026-08-27 18:09:22+00:00,2026-08-27 18:08:19+00:00,19.909537037037037,35.196782407407404,1
329681,2026-08-07 20:18:21+00:00,2026-08-07 21:34:43+00:00,2026-08-07 21:33:45+00:00,0.05236111111111111,35.19694444444445,0
329679,2026-08-07 20:07:19+00:00,2026-08-07 21:21:30+00:00,2026-08-07 21:20:49+00:00,0.051041666666666666,35.204606481481484,0
329678,2026-08-07 20:05:25+00:00,2026-08-07 21:09:02+00:00,2026-08-07 21:09:02+00:00,0.04417824074074074,35.205925925925925,0
329676,2026-08-07 19:58:07+00:00,2026-08-07 20:48:53+00:00,2026-08-07 20:16:11+00:00,0.012546296296296297,35.21099537037037,0
329674,2026-08-07 19:49:27+00:00,2026-08-07 20:17:03+00:00,2026-08-07 20:16:19+00:00,0.018657407407407407,35.217013888888886,0
329673,2026-08-07 19:47:17+00:00,2026-08-07 19:51:13+00:00,2026-08-07 19:49:34+00:00,0.001585648148148148,35.21851851851852,0
329670,2026-08-07 19:38:11+00:00,2026-08-07 20:10:24+00:00,2026-08-07 20:08:21+00:00,0.020949074074074075,35.224837962962965,0
329665,2026-08-07 19:17:50+00:00,2026-08-07 20:05:07+00:00,2026-08-07 20:04:13+00:00,0.03221064814814815,35.23896990740741,0
329663,2026-08-07 19:11:52+00:00,2026-08-07 19:28:21+00:00,2026-08-07 19:27:32+00:00,0.01087962962962963,35.24311342592593,0
329661,2026-08-07 19:02:41+00:00,2026-08-07 20:05:21+00:00,2026-08-07 20:04:25+00:00,0.04287037037037037,35.24949074074074,0
329660,2026-08-07 18:52:05+00:00,2026-08-07 18:55:22+00:00,,,35.25685185185185,1
329658,2026-08-07 18:14:57+00:00,2026-08-07 19:19:08+00:00,2026-08-07 19:18:10+00:00,0.04390046296296296,35.28263888888889,0
329655,2026-08-07 17:53:54+00:00,2026-08-12 02:10:40+00:00,2026-08-11 00:04:33+00:00,3.2573958333333333,35.29725694444444,0
329653,2026-08-07 17:42:47+00:00,2026-08-07 21:34:36+00:00,2026-08-07 21:19:24+00:00,0.15042824074074074,35.304976851851855,0
329652,2026-08-07 17:30:41+00:00,2026-08-07 18:04:38+00:00,2026-08-07 18:03:29+00:00,0.02277777777777778,35.31337962962963,0
329650,2026-08-07 17:21:09+00:00,2026-08-21 12:07:32+00:00,2026-08-07 18:31:50+00:00,0.04908564814814815,35.32,0
329646,2026-08-07 17:15:45+00:00,2026-08-07 17:45:42+00:00,2026-08-07 17:44:17+00:00,0.019814814814814816,35.32375,0
329638,2026-08-07 16:50:36+00:00,2026-08-07 16:51:39+00:00,,,35.34121527777778,1
329637,2026-08-07 16:46:45+00:00,2026-08-07 17:29:36+00:00,2026-08-07 17:28:40+00:00,0.029108796296296296,35.34388888888889,0
329636,2026-08-07 16:45:47+00:00,2026-08-07 18:22:25+00:00,,,35.34456018518519,1
329634,2026-08-07 16:44:01+00:00,2026-08-10 15:20:37+00:00,2026-08-10 15:20:37+00:00,2.942083333333333,35.345787037037034,0
329633,2026-08-07 16:41:35+00:00,2026-08-12 10:51:26+00:00,2026-08-12 10:36:07+00:00,4.746203703703704,35.34747685185185,0
329631,2026-08-07 16:31:58+00:00,2026-08-15 01:45:47+00:00,2026-08-15 01:45:45+00:00,7.384571759259259,35.35415509259259,1
329629,2026-08-07 16:24:13+00:00,2026-08-07 17:31:44+00:00,2026-08-07 17:30:15+00:00,0.045856481481481484,35.359537037037036,0
329628,2026-08-07 16:20:51+00:00,2026-08-07 22:47:20+00:00,2026-08-07 22:46:27+00:00,0.2677777777777778,35.361875,0
329623,2026-08-07 16:03:03+00:00,2026-08-07 16:54:40+00:00,2026-08-07 16:53:14+00:00,0.03484953703703704,35.37423611111111,0
329622,2026-08-07 16:02:44+00:00,2026-08-07 16:25:39+00:00,2026-08-07 16:24:40+00:00,0.015231481481481481,35.374456018518515,0
329620,2026-08-07 15:56:46+00:00,2026-08-07 17:37:49+00:00,2026-08-07 17:36:37+00:00,0.06934027777777778,35.37859953703704,0
329617,2026-08-07 15:43:13+00:00,2026-08-07 17:07:04+00:00,2026-08-07 17:05:54+00:00,0.05741898148148148,35.388009259259256,0
329609,2026-08-07 15:27:21+00:00,2026-08-10 21:33:02+00:00,2026-08-10 21:32:00+00:00,3.253229166666667,35.399027777777775,0
329608,2026-08-07 15:23:52+00:00,2026-08-07 15:49:18+00:00,2026-08-07 15:49:16+00:00,0.017638888888888888,35.40144675925926,0
329607,2026-08-07 15:22:56+00:00,2026-08-07 17:09:20+00:00,2026-08-07 17:09:20+00:00,0.07388888888888889,35.40209490740741,0
329603,2026-08-07 15:13:35+00:00,2026-08-13 03:33:45+00:00,2026-08-07 16:37:19+00:00,0.05814814814814815,35.40858796296296,0
329602,2026-08-07 15:08:16+00:00,2026-08-07 17:40:51+00:00,2026-08-07 17:40:09+00:00,0.10547453703703703,35.412280092592596,0
329601,2026-08-07 15:03:13+00:00,2026-08-07 15:23:55+00:00,2026-08-07 15:22:23+00:00,0.013310185185185185,35.415787037037035,0
329599,2026-08-07 14:57:42+00:00,2026-08-07 15:36:32+00:00,2026-08-07 15:35:12+00:00,0.026041666666666668,35.41961805555555,0
329598,2026-08-07 14:50:33+00:00,2026-08-07 16:26:30+00:00,2026-08-07 16:25:32+00:00,0.06596064814814814,35.42458333333333,0
329594,2026-08-07 14:35:02+00:00,2026-08-10 07:43:58+00:00,2026-08-10 07:43:57+00:00,2.714525462962963,35.4353587962963,0
329593,2026-08-07 14:26:37+00:00,2026-08-07 15:15:51+00:00,2026-08-07 15:15:05+00:00,0.03365740740740741,35.44120370370371,0
329592,2026-08-07 14:08:03+00:00,2026-08-09 16:16:44+00:00,2026-08-09 16:16:05+00:00,2.088912037037037,35.454097222222224,0
329590,2026-08-07 13:55:07+00:00,2026-08-07 15:03:28+00:00,2026-08-07 15:03:27+00:00,0.047453703703703706,35.4630787037037,0
329586,2026-08-07 12:57:54+00:00,2026-08-07 13:30:00+00:00,2026-08-07 13:28:32+00:00,0.02127314814814815,35.5028125,0
329585,2026-08-07 12:44:14+00:00,2026-08-07 14:02:28+00:00,2026-08-07 14:01:27+00:00,0.05362268518518518,35.51230324074074,0
329581,2026-08-07 12:23:45+00:00,2026-08-20 10:04:01+00:00,2026-08-07 13:28:45+00:00,0.04513888888888889,35.52652777777778,0
329580,2026-08-07 12:11:10+00:00,2026-08-07 13:28:23+00:00,2026-08-07 13:27:12+00:00,0.052800925925925925,35.535266203703706,0
329579,2026-08-07 11:58:34+00:00,2026-08-07 15:04:36+00:00,2026-08-07 15:03:39+00:00,0.1285300925925926,35.544016203703706,0
329578,2026-08-07 11:46:30+00:00,2026-08-07 15:31:12+00:00,2026-08-07 15:31:11+00:00,0.1560300925925926,35.552395833333335,0
329576,2026-08-07 11:40:34+00:00,2026-08-07 17:55:37+00:00,2026-08-07 17:55:37+00:00,0.2604513888888889,35.5565162037037,0
329574,2026-08-07 11:17:46+00:00,2026-08-07 17:47:50+00:00,2026-08-07 17:46:55+00:00,0.27024305555555556,35.572349537037034,0
329573,2026-08-07 11:04:13+00:00,2026-08-07 12:38:20+00:00,2026-08-07 12:36:59+00:00,0.0644212962962963,35.58175925925926,0
329572,2026-08-07 10:47:33+00:00,2026-08-07 11:14:45+00:00,2026-08-07 11:14:43+00:00,0.018865740740740742,35.593333333333334,0
329570,2026-08-07 10:37:26+00:00,2026-08-07 10:56:39+00:00,2026-08-07 10:54:18+00:00,0.011712962962962963,35.6003587962963,0
329569,2026-08-07 10:27:57+00:00,2026-08-07 10:55:26+00:00,2026-08-07 10:55:25+00:00,0.019074074074074073,35.606944444444444,0
329568,2026-08-07 10:20:31+00:00,2026-08-07 10:39:42+00:00,2026-08-07 10:38:03+00:00,0.012175925925925925,35.61210648148148,0
329567,2026-08-07 10:17:30+00:00,2026-08-07 13:27:30+00:00,2026-08-07 13:26:10+00:00,0.1310185185185185,35.61420138888889,0
329566,2026-08-07 10:10:09+00:00,2026-08-07 10:47:56+00:00,2026-08-07 10:47:55+00:00,0.026226851851851852,35.619305555555556,0
329564,2026-08-07 09:57:11+00:00,2026-08-07 11:03:35+00:00,2026-08-07 11:03:35+00:00,0.04611111111111111,35.628310185185185,0
329563,2026-08-07 09:56:26+00:00,2026-08-07 10:15:27+00:00,2026-08-07 10:13:26+00:00,0.011805555555555555,35.62883101851852,0
329562,2026-08-07 09:47:27+00:00,2026-08-07 10:58:25+00:00,2026-08-07 10:58:23+00:00,0.04925925925925926,35.63506944444445,0
329557,2026-08-07 09:12:50+00:00,2026-08-07 09:40:50+00:00,2026-08-07 09:40:50+00:00,0.019444444444444445,35.659108796296294,0
329554,2026-08-07 08:50:02+00:00,2026-08-07 09:08:32+00:00,2026-08-07 09:07:47+00:00,0.012326388888888888,35.67494212962963,0
329553,2026-08-07 08:44:18+00:00,2026-08-07 09:54:29+00:00,2026-08-07 09:53:07+00:00,0.047789351851851854,35.67892361111111,0
329552,2026-08-07 08:25:53+00:00,2026-08-07 09:06:56+00:00,2026-08-07 09:06:54+00:00,0.028483796296296295,35.69171296296296,0
329548,2026-08-07 07:42:24+00:00,2026-08-07 08:00:00+00:00,2026-08-07 07:59:59+00:00,0.012210648148148148,35.72190972222222,0
329547,2026-08-07 07:36:46+00:00,2026-08-07 08:22:08+00:00,2026-08-07 08:22:06+00:00,0.03148148148148148,35.72582175925926,0
329542,2026-08-07 06:31:23+00:00,2026-08-07 08:04:58+00:00,2026-08-07 08:02:37+00:00,0.06335648148148149,35.77122685185185,0
329534,2026-08-07 04:53:16+00:00,2026-08-07 14:41:38+00:00,2026-08-07 14:40:48+00:00,0.40800925925925924,35.839363425925924,0
329533,2026-08-07 04:27:22+00:00,2026-08-18 11:04:21+00:00,2026-08-18 11:04:21+00:00,11.275682870370371,35.85734953703704,1
329532,2026-08-07 04:12:37+00:00,2026-08-07 06:38:46+00:00,2026-08-07 06:37:43+00:00,0.10076388888888889,35.867592592592594,0
329531,2026-08-07 04:12:34+00:00,2026-08-10 11:07:06+00:00,2026-08-10 11:06:18+00:00,3.287314814814815,35.86762731481482,0
329524,2026-08-07 03:09:56+00:00,2026-09-06 10:49:43+00:00,,,35.911122685185184,1
329522,2026-08-07 02:53:21+00:00,2026-08-07 08:48:15+00:00,2026-08-07 08:48:14+00:00,0.24644675925925927,35.92263888888889,0
329519,2026-08-07 01:41:39+00:00,2026-08-07 03:57:52+00:00,2026-08-07 03:57:08+00:00,0.09408564814814815,35.972430555555555,0
329518,2026-08-07 01:16:04+00:00,2026-08-07 05:46:43+00:00,2026-08-07 05:45:57+00:00,0.18741898148148148,35.99019675925926,0
329517,2026-08-07 01:12:08+00:00,2026-08-07 05:21:53+00:00,2026-08-07 05:20:29+00:00,0.1724652777777778,35.99292824074074,0
329515,2026-08-07 00:31:52+00:00,2026-08-13 22:12:06+00:00,2026-08-13 22:11:22+00:00,6.902430555555555,36.020891203703705,0
329514,2026-08-07 00:31:39+00:00,2026-08-27 17:44:05+00:00,2026-08-27 17:42:54+00:00,20.716145833333332,36.02104166666667,1
329513,2026-08-07 00:09:09+00:00,2026-08-07 01:37:24+00:00,2026-08-07 01:35:16+00:00,0.05980324074074074,36.03666666666667,0
329510,2026-08-07 00:05:10+00:00,2026-08-07 01:55:23+00:00,2026-08-07 01:53:11+00:00,0.07501157407407408,36.03943287037037,0
329509,2026-08-06 23:56:20+00:00,2026-08-07 02:58:59+00:00,2026-08-07 02:58:57+00:00,0.12681712962962963,36.04556712962963,0
329507,2026-08-06 23:45:53+00:00,2026-08-07 03:03:08+00:00,2026-08-07 03:01:46+00:00,0.1360300925925926,36.052824074074074,0
329506,2026-08-06 23:27:03+00:00,2026-08-07 20:56:57+00:00,,,36.06590277777778,1
329505,2026-08-06 22:55:44+00:00,2026-08-07 00:04:43+00:00,2026-08-07 00:02:21+00:00,0.04626157407407407,36.08765046296296,0
329504,2026-08-06 22:54:50+00:00,2026-08-06 23:53:00+00:00,2026-08-06 23:42:44+00:00,0.03326388888888889,36.08827546296296,0
329503,2026-08-06 22:52:35+00:00,2026-08-09 23:03:25+00:00,2026-08-09 23:02:42+00:00,3.007025462962963,36.08983796296296,0
329502,2026-08-06 22:47:40+00:00,2026-08-06 23:10:30+00:00,2026-08-06 22:53:12+00:00,0.0038425925925925928,36.09325231481481,0
329501,2026-08-06 22:47:01+00:00,2026-08-06 23:51:27+00:00,2026-08-06 23:47:27+00:00,0.04196759259259259,36.0937037037037,0
329500,2026-08-06 22:43:46+00:00,2026-08-07 18:39:08+00:00,2026-08-07 18:39:08+00:00,0.8301157407407408,36.09596064814815,0
329499,2026-08-06 22:41:32+00:00,2026-08-07 18:22:38+00:00,2026-08-07 18:21:53+00:00,0.8196875,36.097511574074076,0
329498,2026-08-06 22:37:34+00:00,2026-08-06 23:08:53+00:00,2026-08-06 22:39:33+00:00,0.0013773148148148147,36.100266203703704,0
329493,2026-08-06 22:10:48+00:00,2026-08-07 00:11:59+00:00,2026-08-07 00:11:58+00:00,0.08414351851851852,36.118854166666665,0
329492,2026-08-06 22:09:49+00:00,2026-08-07 00:16:31+00:00,2026-08-07 00:16:30+00:00,0.08797453703703703,36.119537037037034,0
329487,2026-08-06 22:06:08+00:00,2026-08-07 01:20:31+00:00,2026-08-07 01:19:40+00:00,0.13439814814814816,36.12209490740741,0
329486,2026-08-06 22:05:34+00:00,2026-08-07 01:12:05+00:00,2026-08-07 01:12:03+00:00,0.1295023148148148,36.12248842592592,0
329485,2026-08-06 21:57:50+00:00,2026-08-07 01:32:14+00:00,2026-08-07 01:32:12+00:00,0.14886574074074074,36.127858796296294,0
329484,2026-08-06 21:55:33+00:00,2026-08-07 00:13:22+00:00,2026-08-07 00:13:20+00:00,0.09568287037037038,36.129444444444445,0
329483,2026-08-06 21:53:38+00:00,2026-08-07 01:09:33+00:00,2026-08-07 01:09:31+00:00,0.1360300925925926,36.130775462962966,0
329481,2026-08-06 21:36:30+00:00,2026-08-07 02:39:20+00:00,2026-08-07 02:37:20+00:00,0.20891203703703703,36.142673611111114,0
329480,2026-08-06 21:32:40+00:00,2026-08-07 08:13:32+00:00,2026-08-07 08:13:32+00:00,0.4450462962962963,36.14533564814815,0
329478,2026-08-06 21:21:13+00:00,2026-08-06 23:38:07+00:00,,,36.15328703703704,1
329473,2026-08-06 20:05:05+00:00,2026-08-07 00:54:41+00:00,2026-08-07 00:52:29+00:00,0.19958333333333333,36.20615740740741,0
329472,2026-08-06 19:54:52+00:00,2026-08-07 16:16:16+00:00,2026-08-07 16:14:58+00:00,0.8472916666666667,36.21325231481482,0
329470,2026-08-06 19:49:59+00:00,2026-08-07 08:41:04+00:00,2026-08-07 08:39:46+00:00,0.5345717592592593,36.21664351851852,0
329467,2026-08-06 19:04:04+00:00,2026-08-07 05:54:38+00:00,2026-08-07 05:53:38+00:00,0.45108796296296294,36.248530092592596,0
329466,2026-08-06 19:03:43+00:00,2026-08-07 18:51:32+00:00,2026-08-07 18:51:32+00:00,0.9915393518518518,36.248773148148146,0
329465,2026-08-06 18:59:42+00:00,2026-08-07 05:20:09+00:00,2026-08-07 05:18:51+00:00,0.42996527777777777,36.2515625,0
329463,2026-08-06 18:54:37+00:00,2026-08-07 00:31:25+00:00,2026-08-07 00:29:21+00:00,0.2324537037037037,36.25509259259259,0
329462,2026-08-06 18:27:56+00:00,2026-08-07 04:11:30+00:00,2026-08-07 04:10:08+00:00,0.40430555555555553,36.27362268518519,0
329460,2026-08-06 18:05:15+00:00,2026-09-07 17:54:43+00:00,2026-09-07 17:54:43+00:00,31.992685185185184,36.289375,1
329459,2026-08-06 17:59:57+00:00,2026-08-07 03:42:15+00:00,2026-08-07 03:40:51+00:00,0.4034027777777778,36.293055555555554,0
329455,2026-08-06 17:09:57+00:00,2026-08-11 17:02:37+00:00,2026-08-11 17:01:57+00:00,4.9944444444444445,36.327777777777776,0
329454,2026-08-06 17:09:53+00:00,2026-08-06 23:28:33+00:00,2026-08-06 23:24:00+00:00,0.25980324074074074,36.32782407407407,0
329453,2026-08-06 17:06:55+00:00,2026-08-10 16:58:50+00:00,2026-08-10 16:58:50+00:00,3.994386574074074,36.32988425925926,0
329452,2026-08-06 16:24:51+00:00,2026-08-06 23:41:16+00:00,2026-08-06 23:36:59+00:00,0.3000925925925926,36.359097222222225,0
329451,2026-08-06 16:03:25+00:00,2026-08-07 00:51:51+00:00,2026-08-07 00:51:49+00:00,0.36694444444444446,36.37398148148148,0
329450,2026-08-06 16:02:23+00:00,2026-08-07 04:19:11+00:00,2026-08-07 04:18:10+00:00,0.5109606481481481,36.37469907407407,0
329449,2026-08-06 16:02:17+00:00,2026-08-10 13:49:49+00:00,2026-08-10 12:47:36+00:00,3.864803240740741,36.37476851851852,0
329448,2026-08-06 15:59:40+00:00,2026-08-07 00:56:57+00:00,2026-08-07 00:56:55+00:00,0.37309027777777776,36.37658564814815,0
329447,2026-08-06 15:53:41+00:00,2026-09-01 23:07:46+00:00,2026-09-01 23:07:46+00:00,26.30144675925926,36.38074074074074,1
329446,2026-08-06 15:53:30+00:00,2026-09-04 15:42:43+00:00,2026-08-27 02:14:00+00:00,20.430902777777778,36.38086805555555,1
329444,2026-08-06 15:46:06+00:00,2026-08-06 15:58:14+00:00,2026-08-06 15:58:14+00:00,0.008425925925925925,36.386006944444446,0
329442,2026-08-06 15:43:19+00:00,2026-08-07 01:16:58+00:00,2026-08-07 01:15:44+00:00,0.39751157407407406,36.387939814814814,0
329441,2026-08-06 15:41:44+00:00,2026-08-07 02:49:00+00:00,2026-08-07 02:48:59+00:00,0.46336805555555555,36.38903935185185,0
329438,2026-08-06 15:40:11+00:00,2026-08-07 09:05:44+00:00,2026-08-07 09:04:36+00:00,0.7252893518518518,36.39011574074074,0
329437,2026-08-06 15:36:04+00:00,2026-08-07 00:34:46+00:00,2026-08-07 00:34:45+00:00,0.37408564814814815,36.392974537037034,0
329433,2026-08-06 15:32:09+00:00,2026-08-06 20:24:04+00:00,2026-08-06 20:24:02+00:00,0.20269675925925926,36.395694444444445,0
329429,2026-08-06 15:15:04+00:00,2026-08-07 07:30:37+00:00,2026-08-07 07:30:35+00:00,0.6774421296296296,36.40755787037037,0
329428,2026-08-06 15:13:32+00:00,2026-08-07 01:55:51+00:00,2026-08-07 01:55:50+00:00,0.44604166666666667,36.408622685185186,0
329424,2026-08-06 15:02:11+00:00,2026-08-06 15:20:54+00:00,2026-08-06 15:19:35+00:00,0.012083333333333333,36.41650462962963,0
329420,2026-08-06 14:43:12+00:00,2026-08-06 15:15:44+00:00,2026-08-06 15:14:20+00:00,0.02162037037037037,36.4296875,0
329419,2026-08-06 14:42:18+00:00,2026-08-07 00:09:56+00:00,2026-08-07 00:09:54+00:00,0.39416666666666667,36.4303125,0
329416,2026-08-06 14:39:28+00:00,2026-08-07 01:15:34+00:00,2026-08-07 01:15:33+00:00,0.441724537037037,36.43228009259259,0
329414,2026-08-06 14:35:00+00:00,2026-08-07 08:43:42+00:00,2026-08-07 08:42:54+00:00,0.7554861111111111,36.435381944444444,0
329410,2026-08-06 14:00:03+00:00,2026-08-06 22:14:48+00:00,2026-08-06 21:48:11+00:00,0.3250925925925926,36.45965277777778,0
329408,2026-08-06 13:51:13+00:00,2026-08-06 15:19:20+00:00,2026-08-06 15:15:51+00:00,0.05877314814814815,36.46578703703704,0
329405,2026-08-06 13:27:05+00:00,2026-08-06 14:54:08+00:00,,,36.4825462962963,1
329400,2026-08-06 12:25:15+00:00,2026-08-11 13:12:08+00:00,,,36.525486111111114,1
329399,2026-08-06 12:23:58+00:00,2026-08-08 00:20:48+00:00,,,36.526377314814816,1
329398,2026-08-06 12:23:13+00:00,2026-08-06 13:40:34+00:00,,,36.52689814814815,1
329397,2026-08-06 12:16:17+00:00,2026-08-23 21:12:28+00:00,2026-08-23 21:12:28+00:00,17.37234953703704,36.53171296296296,1
329396,2026-08-06 12:01:41+00:00,2026-08-17 19:42:19+00:00,2026-08-06 15:13:08+00:00,0.13295138888888888,36.54185185185185,0
329395,2026-08-06 11:56:38+00:00,2026-08-23 20:10:43+00:00,2026-08-23 20:10:41+00:00,17.343090277777776,36.5453587962963,1
329394,2026-08-06 11:55:49+00:00,2026-08-06 15:09:47+00:00,2026-08-06 15:08:59+00:00,0.13414351851851852,36.54592592592593,0
329393,2026-08-06 11:52:40+00:00,2026-08-06 15:11:56+00:00,2026-08-06 15:08:11+00:00,0.13577546296296297,36.548113425925926,0
329391,2026-08-06 11:44:42+00:00,2026-08-13 21:36:11+00:00,2026-08-13 21:36:09+00:00,7.410729166666667,36.553645833333334,1
329389,2026-08-06 11:39:00+00:00,2026-08-06 15:18:32+00:00,2026-08-06 15:08:43+00:00,0.14563657407407407,36.557604166666664,0
329387,2026-08-06 11:17:26+00:00,2026-08-06 11:45:38+00:00,2026-08-06 11:45:37+00:00,0.01957175925925926,36.57258101851852,0
329385,2026-08-06 11:05:51+00:00,2026-08-06 15:12:04+00:00,2026-08-06 15:05:51+00:00,0.16666666666666666,36.580625,0
329384,2026-08-06 10:54:21+00:00,2026-08-06 15:15:09+00:00,2026-08-06 15:15:07+00:00,0.18108796296296295,36.58861111111111,0
329383,2026-08-06 10:45:42+00:00,2026-08-06 11:44:13+00:00,2026-08-06 11:42:51+00:00,0.0396875,36.59461805555556,0
329382,2026-08-06 10:41:27+00:00,2026-08-06 11:37:08+00:00,2026-08-06 11:35:20+00:00,0.037418981481481484,36.597569444444446,0
329381,2026-08-06 10:27:14+00:00,2026-08-06 10:59:02+00:00,2026-08-06 10:59:00+00:00,0.022060185185185186,36.60744212962963,0
329378,2026-08-06 10:21:47+00:00,2026-08-06 10:53:23+00:00,2026-08-06 10:52:32+00:00,0.021354166666666667,36.61122685185185,0
329377,2026-08-06 10:15:52+00:00,2026-08-06 13:24:38+00:00,2026-08-06 13:22:50+00:00,0.12983796296296296,36.61533564814815,0
329376,2026-08-06 10:14:05+00:00,2026-08-06 10:50:35+00:00,2026-08-06 10:49:55+00:00,0.02488425925925926,36.61657407407407,0
329374,2026-08-06 10:10:50+00:00,2026-08-06 10:45:13+00:00,2026-08-06 10:45:12+00:00,0.02386574074074074,36.61883101851852,0
329373,2026-08-06 10:10:20+00:00,2026-08-06 10:44:36+00:00,2026-08-06 10:43:26+00:00,0.02298611111111111,36.61917824074074,0
329372,2026-08-06 10:09:02+00:00,2026-08-06 13:23:03+00:00,2026-08-06 13:23:03+00:00,0.1347337962962963,36.62008101851852,0
329371,2026-08-06 09:56:01+00:00,2026-08-06 10:34:49+00:00,2026-08-06 10:33:59+00:00,0.02636574074074074,36.62912037037037,0
329368,2026-08-06 09:48:16+00:00,2026-08-06 11:00:06+00:00,2026-08-06 10:59:25+00:00,0.04940972222222222,36.63450231481482,0
329367,2026-08-06 09:46:55+00:00,2026-08-06 22:38:02+00:00,2026-08-06 22:24:43+00:00,0.52625,36.635439814814816,0
329363,2026-08-06 09:42:43+00:00,2026-08-06 10:08:23+00:00,2026-08-06 10:08:21+00:00,0.017800925925925925,36.63835648148148,0
329362,2026-08-06 09:38:46+00:00,2026-08-06 10:39:38+00:00,2026-08-06 10:39:37+00:00,0.042256944444444444,36.641099537037036,0
329359,2026-08-06 09:35:25+00:00,2026-08-06 20:20:49+00:00,2026-08-06 20:20:49+00:00,0.44819444444444445,36.643425925925925,0
329356,2026-08-06 09:27:18+00:00,2026-08-09 04:25:24+00:00,2026-08-09 04:25:24+00:00,2.790347222222222,36.6490625,0
329355,2026-08-06 09:24:47+00:00,2026-08-27 16:29:22+00:00,2026-08-27 16:28:04+00:00,21.29394675925926,36.650810185185186,1
329354,2026-08-06 09:24:17+00:00,2026-08-28 09:44:53+00:00,2026-08-28 09:43:58+00:00,22.01366898148148,36.65115740740741,1
329353,2026-08-06 09:24:09+00:00,2026-08-27 16:29:18+00:00,2026-08-27 16:27:22+00:00,21.293900462962963,36.65125,1
329352,2026-08-06 09:24:00+00:00,2026-08-28 10:10:03+00:00,2026-08-28 10:08:02+00:00,22.030578703703704,36.651354166666664,1
329351,2026-08-06 09:01:46+00:00,2026-08-06 10:26:56+00:00,2026-08-06 10:24:57+00:00,0.0577662037037037,36.66679398148148,0
329347,2026-08-06 08:52:37+00:00,2026-08-07 01:47:12+00:00,2026-08-07 01:45:36+00:00,0.7034606481481481,36.67314814814815,0
329346,2026-08-06 08:50:58+00:00,2026-08-06 09:32:56+00:00,2026-08-06 09:32:02+00:00,0.02851851851851852,36.67429398148148,0
329345,2026-08-06 08:50:45+00:00,2026-08-06 09:32:56+00:00,2026-08-06 09:31:53+00:00,0.028564814814814814,36.67444444444445,0
329341,2026-08-06 07:41:25+00:00,2026-08-06 09:10:20+00:00,2026-08-06 09:10:18+00:00,0.061724537037037036,36.72259259259259,0
329338,2026-08-06 07:26:38+00:00,2026-08-06 09:33:46+00:00,2026-08-06 09:32:20+00:00,0.08729166666666667,36.7328587962963,0
329336,2026-08-06 07:06:37+00:00,2026-08-06 07:26:48+00:00,2026-08-06 07:25:52+00:00,0.013368055555555555,36.74675925925926,0
329335,2026-08-06 07:05:34+00:00,2026-08-06 07:32:51+00:00,2026-08-06 07:32:49+00:00,0.01892361111111111,36.74748842592592,0
329333,2026-08-06 06:52:05+00:00,2026-08-07 04:41:05+00:00,2026-08-07 04:40:01+00:00,0.9082870370370371,36.75685185185185,0
329331,2026-08-06 06:26:57+00:00,2026-08-07 18:00:29+00:00,2026-08-07 08:29:21+00:00,1.085,36.77430555555556,0
329327,2026-08-06 05:12:25+00:00,2026-08-11 18:46:41+00:00,2026-08-06 09:33:51+00:00,0.18155092592592592,36.82606481481481,0
329325,2026-08-06 05:07:07+00:00,2026-08-07 16:05:09+00:00,2026-08-07 16:04:10+00:00,1.4562847222222222,36.82974537037037,0
329324,2026-08-06 05:03:22+00:00,2026-08-07 01:21:54+00:00,2026-08-07 01:20:18+00:00,0.8450925925925926,36.83234953703704,0
329323,2026-08-06 04:59:10+00:00,2026-08-07 03:59:07+00:00,2026-08-07 03:57:11+00:00,0.9569560185185185,36.8352662037037,0
329318,2026-08-06 03:34:19+00:00,2026-08-06 14:56:11+00:00,2026-08-06 05:16:13+00:00,0.07076388888888889,36.894189814814816,0
329314,2026-08-06 02:40:08+00:00,2026-08-06 14:16:47+00:00,2026-08-06 14:15:51+00:00,0.48313657407407407,36.93181712962963,0
329311,2026-08-06 02:17:29+00:00,2026-08-06 02:53:40+00:00,2026-08-06 02:53:02+00:00,0.0246875,36.947546296296295,0
329310,2026-08-06 02:09:42+00:00,2026-08-06 02:42:39+00:00,2026-08-06 02:41:53+00:00,0.022349537037037036,36.95295138888889,0
329307,2026-08-06 01:35:32+00:00,2026-08-06 02:14:31+00:00,2026-08-06 02:13:31+00:00,0.026377314814814815,36.97667824074074,0
329306,2026-08-06 01:12:29+00:00,2026-08-06 01:55:00+00:00,2026-08-06 01:54:15+00:00,0.02900462962962963,36.99268518518519,0
329304,2026-08-06 00:10:12+00:00,2026-08-06 01:15:37+00:00,2026-08-06 01:14:39+00:00,0.044756944444444446,37.0359375,0
329303,2026-08-06 00:08:49+00:00,2026-08-06 02:25:47+00:00,2026-08-06 02:23:42+00:00,0.09366898148148148,37.03689814814815,0
329301,2026-08-06 00:08:18+00:00,2026-08-06 01:49:15+00:00,2026-08-06 01:48:22+00:00,0.06949074074074074,37.037256944444444,0
329299,2026-08-05 23:59:10+00:00,2026-08-06 00:59:08+00:00,2026-08-06 00:58:24+00:00,0.04113425925925926,37.04359953703704,0
329298,2026-08-05 23:58:25+00:00,2026-08-06 00:00:55+00:00,2026-08-05 23:59:08+00:00,0.0004976851851851852,37.04412037037037,0
329297,2026-08-05 23:56:19+00:00,2026-08-06 01:44:47+00:00,2026-08-06 01:43:45+00:00,0.07460648148148148,37.045578703703704,0
329296,2026-08-05 23:55:50+00:00,2026-08-06 02:10:30+00:00,2026-08-06 02:09:18+00:00,0.09268518518518519,37.04591435185185,0
329294,2026-08-05 23:48:36+00:00,2026-08-07 22:41:44+00:00,2026-08-07 22:40:58+00:00,1.9530324074074075,37.0509375,0
329293,2026-08-05 23:43:59+00:00,2026-08-06 00:37:03+00:00,2026-08-06 00:33:17+00:00,0.03423611111111111,37.054143518518515,0
329292,2026-08-05 23:35:35+00:00,2026-08-06 01:38:53+00:00,2026-08-06 01:36:45+00:00,0.08414351851851852,37.05997685185185,0
329290,2026-08-05 23:15:37+00:00,2026-08-06 00:13:01+00:00,2026-08-06 00:13:00+00:00,0.03984953703703704,37.07384259259259,0
329289,2026-08-05 23:12:44+00:00,2026-08-06 07:14:24+00:00,2026-08-06 07:14:23+00:00,0.33447916666666666,37.07584490740741,0
329288,2026-08-05 23:08:55+00:00,2026-08-06 01:53:42+00:00,2026-08-06 01:52:58+00:00,0.11392361111111111,37.07849537037037,0
329286,2026-08-05 23:05:39+00:00,2026-08-05 23:54:42+00:00,2026-08-05 23:53:44+00:00,0.0333912037037037,37.08076388888889,0
329285,2026-08-05 22:53:35+00:00,2026-08-05 23:55:42+00:00,2026-08-05 23:55:40+00:00,0.04311342592592592,37.08914351851852,0
329284,2026-08-05 22:49:21+00:00,2026-08-11 21:22:55+00:00,2026-08-11 21:21:06+00:00,5.938715277777778,37.092083333333335,0
329282,2026-08-05 22:15:35+00:00,2026-08-05 23:38:05+00:00,2026-08-05 23:38:03+00:00,0.05726851851851852,37.11553240740741,0
329281,2026-08-05 22:00:37+00:00,2026-08-05 22:27:51+00:00,,,37.12592592592593,1
329279,2026-08-05 22:00:09+00:00,2026-08-05 22:58:50+00:00,2026-08-05 22:58:04+00:00,0.040219907407407406,37.12625,0
329278,2026-08-05 21:55:30+00:00,2026-08-12 02:10:25+00:00,2026-08-05 23:53:24+00:00,0.081875,37.12947916666667,0
329277,2026-08-05 21:51:53+00:00,2026-08-05 22:31:48+00:00,2026-08-05 22:30:37+00:00,0.026898148148148147,37.13199074074074,0
329276,2026-08-05 21:47:33+00:00,2026-08-05 23:28:42+00:00,2026-08-05 23:27:46+00:00,0.06959490740740741,37.135,0
329275,2026-08-05 21:41:05+00:00,2026-08-05 23:13:46+00:00,2026-08-05 23:13:00+00:00,0.06383101851851852,37.13949074074074,0
329271,2026-08-05 21:19:27+00:00,2026-08-06 01:19:18+00:00,2026-08-06 01:18:40+00:00,0.1661226851851852,37.154513888888886,0
329270,2026-08-05 21:11:47+00:00,2026-08-05 22:40:44+00:00,2026-08-05 22:40:43+00:00,0.06175925925925926,37.15983796296296,0
329269,2026-08-05 21:10:52+00:00,2026-08-05 23:35:07+00:00,2026-08-05 23:34:24+00:00,0.09967592592592593,37.16047453703704,0
329268,2026-08-05 21:02:49+00:00,2026-08-06 02:22:16+00:00,2026-08-06 02:22:15+00:00,0.2218287037037037,37.16606481481482,0
329266,2026-08-05 20:49:33+00:00,2026-08-06 03:27:00+00:00,,,37.17527777777778,1
329264,2026-08-05 20:32:16+00:00,2026-08-06 01:17:32+00:00,2026-08-06 01:16:49+00:00,0.19760416666666666,37.187280092592594,0
329263,2026-08-05 20:26:42+00:00,2026-08-27 17:53:16+00:00,2026-08-27 17:52:21+00:00,21.8928125,37.19114583333333,1
329262,2026-08-05 20:16:48+00:00,2026-08-05 20:36:26+00:00,2026-08-05 20:36:25+00:00,0.013622685185185186,37.19802083333333,0
329260,2026-08-05 20:11:04+00:00,2026-08-05 21:19:42+00:00,2026-08-05 21:17:59+00:00,0.046469907407407404,37.20200231481481,0
329259,2026-08-05 20:07:48+00:00,2026-08-05 21:18:03+00:00,2026-08-05 21:16:28+00:00,0.047685185185185185,37.20427083333333,0
329256,2026-08-05 19:52:07+00:00,2026-08-07 17:30:37+00:00,2026-08-07 17:29:48+00:00,1.9011689814814814,37.21516203703704,0
329255,2026-08-05 19:49:50+00:00,2026-08-05 20:46:06+00:00,2026-08-05 20:40:06+00:00,0.03490740740740741,37.21674768518518,0
329253,2026-08-05 19:22:10+00:00,2026-08-05 21:02:07+00:00,2026-08-05 21:02:06+00:00,0.06939814814814815,37.23596064814815,0
329252,2026-08-05 19:18:38+00:00,2026-08-05 21:32:01+00:00,2026-08-05 21:31:05+00:00,0.09197916666666667,37.23841435185185,0
329249,2026-08-05 19:01:52+00:00,2026-08-05 21:24:01+00:00,2026-08-05 21:23:19+00:00,0.09822916666666667,37.25005787037037,0
329247,2026-08-05 18:43:38+00:00,2026-08-05 20:51:50+00:00,2026-08-05 20:51:08+00:00,0.08854166666666667,37.26271990740741,0
329246,2026-08-05 18:42:47+00:00,2026-08-05 21:20:23+00:00,2026-08-05 21:18:52+00:00,0.1083912037037037,37.26331018518518,0
329244,2026-08-05 18:40:02+00:00,2026-08-05 21:12:17+00:00,2026-08-05 21:11:33+00:00,0.1052199074074074,37.265219907407406,0
329241,2026-08-05 18:32:50+00:00,2026-08-05 21:23:05+00:00,2026-08-05 21:23:03+00:00,0.11820601851851852,37.27021990740741,0
329240,2026-08-05 18:32:49+00:00,2026-08-05 21:39:40+00:00,2026-08-05 21:39:37+00:00,0.1297222222222222,37.27023148148148,0
329239,2026-08-05 18:31:14+00:00,2026-08-05 23:34:07+00:00,2026-08-05 23:18:53+00:00,0.19975694444444445,37.27133101851852,0
329237,2026-08-05 18:29:28+00:00,2026-08-05 19:25:17+00:00,2026-08-05 19:25:16+00:00,0.03875,37.27255787037037,0
329229,2026-08-05 17:58:43+00:00,2026-08-07 22:33:55+00:00,2026-08-07 22:32:54+00:00,2.1904050925925924,37.29391203703704,0
329228,2026-08-05 17:58:25+00:00,2026-08-07 01:15:23+00:00,2026-08-07 01:14:25+00:00,1.3027777777777778,37.29412037037037,0
329227,2026-08-05 17:55:39+00:00,2026-08-05 18:01:14+00:00,2026-08-05 18:00:26+00:00,0.003321759259259259,37.29604166666667,0
329226,2026-08-05 17:53:17+00:00,2026-08-05 18:00:36+00:00,2026-08-05 17:59:58+00:00,0.004641203703703704,37.29768518518519,0
329225,2026-08-05 17:51:25+00:00,2026-08-05 17:53:16+00:00,2026-08-05 17:52:56+00:00,0.0010532407407407407,37.29898148148148,0
329222,2026-08-05 17:37:48+00:00,2026-08-05 18:17:37+00:00,2026-08-05 18:17:35+00:00,0.027627314814814816,37.3084375,0
329220,2026-08-05 17:28:59+00:00,2026-08-07 00:31:57+00:00,2026-08-07 00:31:55+00:00,1.2937037037037038,37.31456018518519,0
329219,2026-08-05 17:28:43+00:00,2026-08-05 17:54:24+00:00,2026-08-05 17:53:22+00:00,0.017118055555555556,37.31474537037037,0
329217,2026-08-05 17:24:08+00:00,2026-08-07 17:37:15+00:00,2026-08-07 17:37:14+00:00,2.009097222222222,37.31792824074074,0
329216,2026-08-05 17:24:07+00:00,2026-08-05 18:34:33+00:00,2026-08-05 18:34:31+00:00,0.04888888888888889,37.317939814814814,0
329215,2026-08-05 17:22:17+00:00,2026-08-19 08:41:20+00:00,,,37.319212962962965,1
329214,2026-08-05 17:20:46+00:00,2026-08-05 17:42:40+00:00,2026-08-05 17:41:10+00:00,0.014166666666666666,37.3202662037037,0
329213,2026-08-05 17:19:57+00:00,2026-08-05 18:36:09+00:00,2026-08-05 18:35:26+00:00,0.05241898148148148,37.32083333333333,0
329212,2026-08-05 17:18:17+00:00,2026-08-05 21:39:04+00:00,2026-08-05 21:38:04+00:00,0.1804050925925926,37.32199074074074,0
329210,2026-08-05 17:06:29+00:00,2026-08-05 18:30:41+00:00,2026-08-05 18:29:26+00:00,0.057604166666666665,37.33018518518519,0
329208,2026-08-05 17:04:00+00:00,2026-08-05 23:03:15+00:00,2026-08-05 23:02:27+00:00,0.2489236111111111,37.33190972222222,0
329207,2026-08-05 17:02:00+00:00,2026-08-05 17:49:23+00:00,2026-08-05 17:49:22+00:00,0.032893518518518516,37.33329861111111,0
329206,2026-08-05 16:50:37+00:00,2026-08-05 17:18:25+00:00,2026-08-05 17:17:29+00:00,0.018657407407407407,37.341203703703705,0
329205,2026-08-05 16:48:13+00:00,2026-08-05 17:39:17+00:00,2026-08-05 17:38:02+00:00,0.03459490740740741,37.34287037037037,0
329203,2026-08-05 16:30:08+00:00,2026-09-04 15:42:41+00:00,2026-08-05 16:53:16+00:00,0.016064814814814816,37.35542824074074,0
329202,2026-08-05 16:20:32+00:00,2026-08-05 21:31:06+00:00,2026-08-05 21:29:38+00:00,0.21465277777777778,37.36209490740741,0
329200,2026-08-05 16:18:58+00:00,2026-08-05 17:19:32+00:00,2026-08-05 17:19:32+00:00,0.04206018518518519,37.36318287037037,0
329194,2026-08-05 15:30:50+00:00,2026-08-05 15:35:31+00:00,,,37.3966087962963,1
329193,2026-08-05 15:30:22+00:00,2026-08-05 16:08:01+00:00,2026-08-05 16:07:15+00:00,0.025613425925925925,37.39693287037037,0
329192,2026-08-05 15:27:50+00:00,2026-08-06 10:10:54+00:00,2026-08-06 10:09:41+00:00,0.7790625,37.39869212962963,0
329191,2026-08-05 15:25:55+00:00,2026-08-05 16:01:34+00:00,2026-08-05 16:01:32+00:00,0.024733796296296295,37.40002314814815,0
329180,2026-08-05 14:35:36+00:00,2026-08-05 16:04:05+00:00,2026-08-05 16:00:58+00:00,0.05928240740740741,37.43496527777778,0
329173,2026-08-05 13:54:58+00:00,2026-08-11 08:02:28+00:00,2026-08-10 16:59:40+00:00,5.128263888888889,37.46318287037037,0
329172,2026-08-05 13:50:49+00:00,2026-08-05 14:16:43+00:00,2026-08-05 14:16:02+00:00,0.017511574074074075,37.466064814814814,0
329171,2026-08-05 13:45:49+00:00,2026-08-05 14:32:01+00:00,2026-08-05 14:32:00+00:00,0.03207175925925926,37.469537037037036,0
329167,2026-08-05 13:27:39+00:00,2026-08-05 14:17:28+00:00,2026-08-05 14:16:17+00:00,0.03377314814814815,37.48215277777778,0
329166,2026-08-05 13:24:32+00:00,2026-08-05 14:57:41+00:00,2026-08-05 14:55:18+00:00,0.06303240740740741,37.48431712962963,0
329165,2026-08-05 13:24:06+00:00,2026-08-10 17:51:52+00:00,2026-08-10 17:50:16+00:00,5.184837962962963,37.48461805555556,0
329161,2026-08-05 12:52:38+00:00,2026-08-18 03:27:54+00:00,,,37.50646990740741,1
329157,2026-08-05 12:31:38+00:00,2026-08-25 22:17:36+00:00,2026-08-25 22:16:43+00:00,20.40630787037037,37.52105324074074,1
329156,2026-08-05 12:25:22+00:00,2026-08-17 19:42:18+00:00,2026-08-05 17:19:54+00:00,0.20453703703703704,37.52540509259259,0
329153,2026-08-05 12:00:38+00:00,2026-08-05 13:54:47+00:00,2026-08-05 13:54:46+00:00,0.07925925925925927,37.54258101851852,0
329152,2026-08-05 11:40:48+00:00,2026-08-06 04:42:10+00:00,2026-08-06 04:41:33+00:00,0.7088541666666667,37.556354166666665,0
329150,2026-08-05 11:33:30+00:00,2026-08-05 11:36:29+00:00,2026-08-05 11:33:58+00:00,0.00032407407407407406,37.56142361111111,0
329149,2026-08-05 11:06:30+00:00,2026-08-05 14:56:42+00:00,2026-08-05 14:55:45+00:00,0.15920138888888888,37.580173611111114,0
329148,2026-08-05 10:38:02+00:00,2026-08-05 15:41:48+00:00,,,37.59994212962963,1
329145,2026-08-05 10:01:52+00:00,2026-08-05 17:15:06+00:00,2026-08-05 17:13:45+00:00,0.2999189814814815,37.62505787037037,0
329141,2026-08-05 09:41:52+00:00,2026-08-06 08:36:34+00:00,2026-08-06 08:36:34+00:00,0.9546527777777778,37.63894675925926,0
329140,2026-08-05 09:41:05+00:00,2026-08-05 12:52:43+00:00,,,37.63949074074074,1
329139,2026-08-05 09:39:43+00:00,2026-08-17 19:42:17+00:00,2026-08-05 11:14:14+00:00,0.06563657407407407,37.64043981481481,0
329136,2026-08-05 09:10:27+00:00,2026-08-08 00:26:52+00:00,2026-08-08 00:26:41+00:00,2.636273148148148,37.66076388888889,0
329130,2026-08-05 08:42:17+00:00,2026-08-05 09:40:44+00:00,2026-08-05 09:40:44+00:00,0.04059027777777778,37.68032407407407,0
329128,2026-08-05 08:37:48+00:00,2026-08-06 17:40:31+00:00,2026-08-06 17:40:31+00:00,1.376886574074074,37.6834375,0
329126,2026-08-05 08:09:31+00:00,2026-08-05 16:09:55+00:00,2026-08-05 16:09:54+00:00,0.33359953703703704,37.7030787037037,0
329122,2026-08-05 07:45:19+00:00,2026-08-05 09:28:34+00:00,2026-08-05 09:27:46+00:00,0.07114583333333334,37.71988425925926,0
329121,2026-08-05 06:52:13+00:00,2026-08-05 09:44:31+00:00,2026-08-05 09:43:43+00:00,0.11909722222222222,37.75675925925926,0
329113,2026-08-05 05:03:04+00:00,2026-08-05 23:19:51+00:00,2026-08-05 23:18:40+00:00,0.7608333333333334,37.83255787037037,0
329102,2026-08-05 03:47:36+00:00,2026-08-05 04:27:48+00:00,2026-08-05 04:27:04+00:00,0.027407407407407408,37.88496527777778,0
329099,2026-08-05 03:41:17+00:00,2026-08-05 18:14:02+00:00,2026-08-05 18:12:57+00:00,0.6053240740740741,37.88935185185185,0
329098,2026-08-05 03:41:06+00:00,2026-08-05 05:01:53+00:00,2026-08-05 05:01:52+00:00,0.056087962962962964,37.88947916666667,0
329096,2026-08-05 03:35:45+00:00,2026-08-05 03:58:55+00:00,2026-08-05 03:58:15+00:00,0.015625,37.89319444444445,0
329095,2026-08-05 03:34:11+00:00,2026-08-05 18:15:14+00:00,2026-08-05 18:13:38+00:00,0.6107291666666667,37.89428240740741,0
329091,2026-08-05 03:02:30+00:00,2026-09-04 00:41:36+00:00,2026-09-04 00:41:36+00:00,29.90215277777778,37.91628472222222,1
329088,2026-08-05 02:49:32+00:00,2026-08-05 03:49:19+00:00,2026-08-05 03:48:41+00:00,0.04107638888888889,37.92528935185185,0
329085,2026-08-05 02:31:26+00:00,2026-08-05 03:42:19+00:00,2026-08-05 03:41:44+00:00,0.04881944444444444,37.9378587962963,0
329084,2026-08-05 02:14:28+00:00,2026-08-05 02:56:54+00:00,2026-08-05 02:56:08+00:00,0.028935185185185185,37.949641203703706,0
329079,2026-08-05 01:01:41+00:00,2026-08-13 18:38:09+00:00,2026-08-13 18:37:14+00:00,8.733020833333333,38.00018518518519,1
329078,2026-08-05 01:01:35+00:00,2026-08-07 22:37:49+00:00,2026-08-07 22:37:09+00:00,2.899699074074074,38.00025462962963,0
329077,2026-08-05 01:01:28+00:00,2026-08-07 16:50:04+00:00,2026-08-07 16:48:56+00:00,2.657962962962963,38.000335648148145,0
329072,2026-08-05 00:16:10+00:00,2026-08-05 17:37:53+00:00,2026-08-05 17:37:03+00:00,0.7228356481481482,38.031793981481485,0
329071,2026-08-04 23:19:04+00:00,2026-08-05 00:31:42+00:00,2026-08-05 00:30:32+00:00,0.04962962962962963,38.07144675925926,0
329069,2026-08-04 23:09:50+00:00,2026-08-05 04:36:20+00:00,2026-08-05 04:36:18+00:00,0.22671296296296295,38.0778587962963,0
329068,2026-08-04 23:07:40+00:00,2026-08-05 01:21:50+00:00,2026-08-05 01:20:48+00:00,0.0924537037037037,38.079363425925926,0
329067,2026-08-04 23:07:01+00:00,2026-08-05 01:20:46+00:00,2026-08-05 01:19:49+00:00,0.09222222222222222,38.07981481481482,0
329066,2026-08-04 22:50:30+00:00,2026-08-05 17:26:35+00:00,2026-08-05 17:25:37+00:00,0.7743865740740741,38.09128472222222,0
329061,2026-08-04 22:18:09+00:00,2026-08-04 22:50:13+00:00,2026-08-04 22:49:27+00:00,0.021736111111111112,38.11375,0
329059,2026-08-04 22:12:38+00:00,2026-08-05 00:40:19+00:00,2026-08-05 00:39:35+00:00,0.10204861111111112,38.11758101851852,0
329058,2026-08-04 22:01:41+00:00,2026-08-04 22:37:19+00:00,2026-08-04 22:36:09+00:00,0.023935185185185184,38.12518518518519,0
329055,2026-08-04 21:58:54+00:00,2026-08-04 22:32:17+00:00,2026-08-04 22:32:16+00:00,0.023171296296296297,38.127118055555556,0
329054,2026-08-04 21:45:17+00:00,2026-08-04 23:03:33+00:00,2026-08-04 23:03:31+00:00,0.054328703703703705,38.136574074074076,0
329053,2026-08-04 21:42:42+00:00,2026-08-04 22:58:54+00:00,2026-08-04 22:57:32+00:00,0.05196759259259259,38.13836805555555,0
329052,2026-08-04 21:36:01+00:00,2026-08-05 04:42:11+00:00,2026-08-05 04:42:09+00:00,0.2959259259259259,38.14300925925926,0
329050,2026-08-04 21:22:18+00:00,2026-08-11 09:29:11+00:00,,,38.15253472222222,1
329048,2026-08-04 21:05:12+00:00,2026-08-04 22:12:32+00:00,2026-08-04 22:12:31+00:00,0.046747685185185184,38.164409722222224,0
329047,2026-08-04 20:59:06+00:00,2026-08-06 17:48:40+00:00,2026-08-06 17:48:39+00:00,1.8677430555555556,38.168645833333336,0
329045,2026-08-04 20:56:44+00:00,2026-08-05 15:31:48+00:00,2026-08-05 15:31:03+00:00,0.7738310185185185,38.17028935185185,0
329043,2026-08-04 20:50:35+00:00,2026-08-04 21:59:03+00:00,2026-08-04 21:58:09+00:00,0.046921296296296294,38.174560185185186,0
329041,2026-08-04 20:45:51+00:00,2026-08-04 21:16:47+00:00,2026-08-04 21:15:57+00:00,0.020902777777777777,38.17784722222222,0
329039,2026-08-04 20:27:07+00:00,2026-08-04 22:44:01+00:00,2026-08-04 22:43:19+00:00,0.09458333333333334,38.19085648148148,0
329038,2026-08-04 20:22:55+00:00,2026-08-04 22:11:54+00:00,2026-08-04 22:10:11+00:00,0.07449074074074075,38.193773148148146,0
329037,2026-08-04 20:17:59+00:00,2026-08-04 22:21:50+00:00,2026-08-04 22:21:48+00:00,0.0859837962962963,38.19719907407407,0
329034,2026-08-04 20:05:47+00:00,2026-08-06 09:23:33+00:00,2026-08-06 09:22:52+00:00,1.5535300925925926,38.205671296296295,0
329033,2026-08-04 20:00:38+00:00,2026-08-04 21:20:05+00:00,2026-08-04 21:19:16+00:00,0.05460648148148148,38.20924768518518,0
329032,2026-08-04 19:58:28+00:00,2026-08-05 18:41:30+00:00,2026-08-05 18:41:29+00:00,0.9465393518518519,38.21075231481481,0
329027,2026-08-04 19:26:55+00:00,2026-08-04 20:14:44+00:00,2026-08-04 20:13:45+00:00,0.03252314814814815,38.23266203703704,0
329026,2026-08-04 19:26:44+00:00,2026-08-04 20:04:59+00:00,2026-08-04 20:04:57+00:00,0.026539351851851852,38.23278935185185,0
329025,2026-08-04 19:26:11+00:00,2026-08-04 19:30:27+00:00,2026-08-04 19:30:02+00:00,0.002673611111111111,38.2331712962963,0
329022,2026-08-04 19:15:43+00:00,2026-08-07 21:55:05+00:00,2026-08-07 21:55:05+00:00,3.1106712962962964,38.24043981481481,0
329021,2026-08-04 19:15:32+00:00,2026-08-05 01:00:24+00:00,2026-08-05 00:59:46+00:00,0.23905092592592592,38.24056712962963,0
329020,2026-08-04 19:00:50+00:00,2026-08-30 06:57:24+00:00,,,38.25077546296296,1
329018,2026-08-04 18:16:06+00:00,2026-08-04 19:22:32+00:00,2026-08-04 19:22:32+00:00,0.04613425925925926,38.281840277777775,0
329017,2026-08-04 18:15:56+00:00,2026-08-04 19:20:26+00:00,2026-08-04 19:07:52+00:00,0.03606481481481481,38.28195601851852,0
329016,2026-08-04 18:11:20+00:00,2026-08-04 21:31:58+00:00,2026-08-04 21:31:58+00:00,0.1393287037037037,38.28515046296296,0
329015,2026-08-04 18:11:15+00:00,2026-08-04 20:43:59+00:00,2026-08-04 20:43:18+00:00,0.10559027777777778,38.28520833333334,0
329014,2026-08-04 18:02:28+00:00,2026-08-05 18:45:59+00:00,2026-08-05 18:45:59+00:00,1.0302199074074074,38.29130787037037,0
329013,2026-08-04 17:55:00+00:00,2026-08-04 18:28:26+00:00,2026-08-04 18:25:44+00:00,0.021342592592592594,38.29649305555556,0
329011,2026-08-04 17:34:47+00:00,2026-08-04 18:12:57+00:00,2026-08-04 18:12:56+00:00,0.026493055555555554,38.31053240740741,0
329010,2026-08-04 17:34:15+00:00,2026-08-06 22:28:50+00:00,2026-08-06 22:09:26+00:00,2.191099537037037,38.31090277777778,0
329009,2026-08-04 17:31:25+00:00,2026-08-04 18:13:01+00:00,2026-08-04 18:12:04+00:00,0.028229166666666666,38.31287037037037,0
329008,2026-08-04 17:25:57+00:00,2026-08-05 21:48:02+00:00,2026-08-05 21:47:15+00:00,1.1814583333333333,38.31666666666667,0
329006,2026-08-04 17:19:59+00:00,2026-08-04 18:38:52+00:00,,,38.32081018518519,1
329003,2026-08-04 16:25:12+00:00,2026-08-17 21:14:59+00:00,,,38.35885416666667,1
329002,2026-08-04 16:25:06+00:00,2026-08-04 18:27:12+00:00,2026-08-04 18:24:34+00:00,0.08296296296296296,38.35892361111111,0
329000,2026-08-04 16:18:52+00:00,2026-08-04 17:14:20+00:00,,,38.363252314814815,1
328999,2026-08-04 16:18:09+00:00,2026-08-04 23:09:03+00:00,2026-08-04 23:08:18+00:00,0.2848263888888889,38.36375,0
328998,2026-08-04 16:18:00+00:00,2026-08-18 11:05:29+00:00,2026-08-18 11:05:29+00:00,13.782974537037036,38.36385416666667,1
328995,2026-08-04 16:15:52+00:00,2026-08-04 18:30:47+00:00,2026-08-04 18:29:44+00:00,0.09296296296296297,38.36533564814815,0
328994,2026-08-04 16:12:46+00:00,2026-08-04 18:19:58+00:00,2026-08-04 18:18:38+00:00,0.0874074074074074,38.36748842592593,0
328993,2026-08-04 16:12:16+00:00,2026-08-20 03:41:47+00:00,,,38.36783564814815,1
328990,2026-08-04 16:05:50+00:00,2026-08-04 18:10:54+00:00,2026-08-04 18:09:43+00:00,0.08603009259259259,38.37230324074074,0
328989,2026-08-04 16:00:10+00:00,2026-08-04 17:35:05+00:00,2026-08-04 17:34:22+00:00,0.06541666666666666,38.376238425925926,0
328984,2026-08-04 15:52:42+00:00,2026-08-04 18:16:48+00:00,2026-08-04 18:16:46+00:00,0.1000462962962963,38.38142361111111,0
328983,2026-08-04 15:39:50+00:00,2026-08-04 17:32:10+00:00,2026-08-04 17:31:28+00:00,0.07752314814814815,38.3903587962963,0
328982,2026-08-04 15:36:04+00:00,2026-08-04 16:42:37+00:00,,,38.392974537037034,1
328980,2026-08-04 15:31:43+00:00,2026-08-04 15:41:43+00:00,2026-08-04 15:41:43+00:00,0.006944444444444444,38.39599537037037,0
328975,2026-08-04 15:12:35+00:00,2026-09-02 07:42:08+00:00,2026-08-12 10:51:48+00:00,7.818900462962963,38.40928240740741,1
328974,2026-08-04 15:12:09+00:00,2026-08-04 15:44:43+00:00,2026-08-04 15:44:41+00:00,0.02259259259259259,38.40958333333333,0
328973,2026-08-04 15:08:17+00:00,2026-08-15 14:59:56+00:00,,,38.412268518518516,1
328972,2026-08-04 15:04:15+00:00,2026-08-04 15:31:37+00:00,2026-08-04 15:30:21+00:00,0.018125,38.41506944444444,0
328971,2026-08-04 15:00:12+00:00,2026-08-04 15:41:55+00:00,2026-08-04 15:41:55+00:00,0.028969907407407406,38.417881944444446,0
328969,2026-08-04 14:32:58+00:00,2026-08-04 14:59:13+00:00,2026-08-04 14:58:35+00:00,0.01778935185185185,38.43679398148148,0
328963,2026-08-04 13:30:34+00:00,2026-08-04 14:30:15+00:00,2026-08-04 14:29:19+00:00,0.04079861111111111,38.480127314814816,0
328962,2026-08-04 13:24:11+00:00,2026-08-04 18:43:31+00:00,2026-08-04 18:42:41+00:00,0.22118055555555555,38.48456018518519,0
328961,2026-08-04 13:16:39+00:00,2026-08-09 03:19:06+00:00,2026-08-09 03:19:06+00:00,4.585034722222222,38.48979166666667,0
328957,2026-08-04 13:04:33+00:00,2026-08-05 14:20:10+00:00,2026-08-05 14:19:05+00:00,1.0517592592592593,38.498194444444444,0
328956,2026-08-04 12:59:48+00:00,2026-08-04 18:30:10+00:00,2026-08-04 18:29:03+00:00,0.22864583333333333,38.50149305555556,0
328953,2026-08-04 12:28:20+00:00,2026-08-05 15:23:40+00:00,2026-08-05 15:22:44+00:00,1.1211111111111112,38.523344907407406,0
328949,2026-08-04 11:45:55+00:00,2026-08-04 14:27:45+00:00,2026-08-04 14:27:44+00:00,0.11237268518518519,38.55280092592593,0
328948,2026-08-04 11:43:39+00:00,2026-08-05 01:28:44+00:00,2026-08-05 01:28:03+00:00,0.5725,38.554375,0
328947,2026-08-04 11:42:52+00:00,2026-08-06 10:52:27+00:00,2026-08-06 10:52:25+00:00,1.9649652777777777,38.55491898148148,0
328944,2026-08-04 11:27:44+00:00,2026-08-04 14:28:54+00:00,2026-08-04 14:28:07+00:00,0.1252662037037037,38.565428240740744,0
328943,2026-08-04 11:02:02+00:00,2026-08-04 16:19:59+00:00,2026-08-04 16:19:02+00:00,0.22013888888888888,38.583275462962966,0
328941,2026-08-04 10:57:02+00:00,2026-08-04 14:47:52+00:00,2026-08-04 14:46:34+00:00,0.15939814814814815,38.58674768518519,0
328930,2026-08-04 10:02:34+00:00,2026-08-04 14:26:22+00:00,2026-08-04 14:20:36+00:00,0.1791898148148148,38.62457175925926,0
328926,2026-08-04 09:33:19+00:00,2026-08-05 09:28:41+00:00,2026-08-05 09:27:40+00:00,0.9960763888888889,38.64488425925926,0
328922,2026-08-04 09:03:44+00:00,2026-08-04 10:07:41+00:00,2026-08-04 10:06:21+00:00,0.0434837962962963,38.66542824074074,0
328921,2026-08-04 09:02:57+00:00,2026-08-04 09:30:02+00:00,2026-08-04 09:29:03+00:00,0.018125,38.66597222222222,0
328911,2026-08-04 07:43:05+00:00,2026-08-04 07:43:32+00:00,,,38.721435185185186,1
328905,2026-08-04 07:11:32+00:00,2026-08-18 11:05:28+00:00,2026-08-18 11:05:28+00:00,14.162453703703704,38.743344907407405,1
328904,2026-08-04 07:03:57+00:00,2026-08-04 13:33:14+00:00,2026-08-04 13:33:13+00:00,0.27032407407407405,38.74861111111111,0
328900,2026-08-04 06:33:08+00:00,2026-08-04 06:51:32+00:00,2026-08-04 06:50:20+00:00,0.011944444444444445,38.770011574074076,0
328896,2026-08-04 05:40:58+00:00,2026-08-04 07:37:42+00:00,2026-08-04 07:36:46+00:00,0.08041666666666666,38.806238425925926,0
328890,2026-08-04 03:58:58+00:00,2026-08-04 04:35:30+00:00,2026-08-04 04:35:30+00:00,0.02537037037037037,38.87707175925926,0
328884,2026-08-04 02:33:20+00:00,2026-08-04 05:51:38+00:00,2026-08-04 05:50:32+00:00,0.13694444444444445,38.93653935185185,0
328883,2026-08-04 02:27:42+00:00,2026-08-04 10:18:50+00:00,2026-08-04 10:17:25+00:00,0.3261921296296296,38.94045138888889,0
328882,2026-08-04 02:27:28+00:00,2026-08-04 07:39:27+00:00,2026-08-04 07:39:25+00:00,0.21663194444444445,38.940613425925925,0
328880,2026-08-04 01:16:40+00:00,2026-09-06 00:36:47+00:00,2026-09-06 00:36:46+00:00,32.97229166666666,38.98978009259259,1
328876,2026-08-04 00:32:58+00:00,2026-08-04 19:01:25+00:00,2026-08-04 19:00:26+00:00,0.769074074074074,39.020127314814815,0
328875,2026-08-04 00:25:02+00:00,2026-08-04 00:25:07+00:00,2026-08-04 00:25:03+00:00,1.1574074074074073e-05,39.02563657407408,0
328874,2026-08-04 00:12:42+00:00,2026-08-04 14:09:47+00:00,2026-08-04 14:09:47+00:00,0.5813078703703703,39.03420138888889,0
328873,2026-08-03 23:53:04+00:00,2026-08-04 00:25:35+00:00,2026-08-04 00:24:29+00:00,0.02181712962962963,39.04783564814815,0
328871,2026-08-03 23:46:32+00:00,2026-08-04 00:12:18+00:00,2026-08-04 00:11:31+00:00,0.01734953703703704,39.05237268518518,0
328868,2026-08-03 23:26:31+00:00,2026-08-04 20:08:01+00:00,2026-08-04 20:07:46+00:00,0.8619791666666666,39.06627314814815,0
328867,2026-08-03 23:26:20+00:00,2026-08-03 23:34:00+00:00,,,39.06640046296296,1
328866,2026-08-03 23:10:46+00:00,2026-08-04 19:34:23+00:00,2026-08-04 19:32:49+00:00,0.8486458333333333,39.077210648148146,0
328865,2026-08-03 22:44:51+00:00,2026-08-03 23:52:11+00:00,2026-08-03 23:51:24+00:00,0.04621527777777778,39.09520833333333,0
328864,2026-08-03 22:17:26+00:00,2026-08-03 23:51:33+00:00,2026-08-03 23:50:54+00:00,0.06490740740740741,39.114247685185184,0
328863,2026-08-03 22:11:28+00:00,2026-08-03 23:53:40+00:00,2026-08-03 23:52:55+00:00,0.07045138888888888,39.1183912037037,0
328862,2026-08-03 22:08:40+00:00,2026-08-05 18:34:51+00:00,2026-08-05 18:34:01+00:00,1.8509375,39.12033564814815,0
328855,2026-08-03 21:29:44+00:00,2026-08-13 18:34:09+00:00,2026-08-13 18:33:20+00:00,9.8775,39.14737268518518,1
328851,2026-08-03 21:21:10+00:00,2026-08-03 23:14:57+00:00,2026-08-03 23:14:56+00:00,0.07900462962962963,39.153321759259256,0
328847,2026-08-03 21:10:13+00:00,2026-08-04 19:22:22+00:00,2026-08-04 19:22:21+00:00,0.9250925925925926,39.16092592592592,0
328843,2026-08-03 21:03:49+00:00,2026-08-04 03:39:55+00:00,2026-08-04 03:39:01+00:00,0.27444444444444444,39.16537037037037,0
328835,2026-08-03 20:39:10+00:00,2026-08-05 16:05:48+00:00,2026-08-05 16:05:01+00:00,1.8096180555555557,39.182488425925925,0
328834,2026-08-03 20:38:29+00:00,2026-08-04 22:55:24+00:00,2026-08-04 22:54:45+00:00,1.0946296296296296,39.18296296296296,0
328833,2026-08-03 20:28:31+00:00,2026-08-03 22:29:35+00:00,2026-08-03 22:29:33+00:00,0.08405092592592593,39.18988425925926,0
328832,2026-08-03 20:23:58+00:00,2026-08-04 22:55:06+00:00,2026-08-04 22:55:05+00:00,1.1049421296296296,39.19304398148148,0
328830,2026-08-03 20:15:39+00:00,2026-08-06 00:01:27+00:00,2026-08-05 23:59:50+00:00,2.1556828703703705,39.198819444444446,0
328829,2026-08-03 20:13:35+00:00,2026-08-03 20:43:41+00:00,2026-08-03 20:43:41+00:00,0.020902777777777777,39.20025462962963,0
328827,2026-08-03 20:05:45+00:00,2026-08-04 08:37:12+00:00,2026-08-04 08:36:13+00:00,0.5211574074074075,39.20569444444445,0
328826,2026-08-03 20:05:35+00:00,2026-08-03 21:27:57+00:00,2026-08-03 21:27:52+00:00,0.0571412037037037,39.205810185185186,0
328825,2026-08-03 20:05:32+00:00,2026-08-07 22:45:09+00:00,2026-08-07 22:43:48+00:00,4.109907407407407,39.20584490740741,0
328824,2026-08-03 20:05:32+00:00,2026-08-07 23:54:52+00:00,2026-08-07 23:54:11+00:00,4.158784722222222,39.20584490740741,0
328820,2026-08-03 19:51:15+00:00,2026-08-03 20:36:05+00:00,2026-08-03 20:34:53+00:00,0.030300925925925926,39.21576388888889,0
328818,2026-08-03 19:20:30+00:00,2026-08-03 20:57:56+00:00,2026-08-03 20:57:10+00:00,0.06712962962962964,39.237118055555555,0
328815,2026-08-03 19:17:40+00:00,2026-08-03 20:24:05+00:00,2026-08-03 20:22:40+00:00,0.04513888888888889,39.23908564814815,0
328806,2026-08-03 18:55:47+00:00,2026-08-03 20:06:44+00:00,2026-08-03 20:05:56+00:00,0.04871527777777778,39.25428240740741,0
328805,2026-08-03 18:53:55+00:00,2026-08-03 20:35:19+00:00,,,39.255578703703705,1
328801,2026-08-03 18:43:41+00:00,2026-08-03 19:09:13+00:00,2026-08-03 19:07:53+00:00,0.016805555555555556,39.262685185185184,0
328791,2026-08-03 18:33:22+00:00,2026-08-03 19:43:42+00:00,2026-08-03 19:43:04+00:00,0.04840277777777778,39.26984953703704,0
328788,2026-08-03 18:24:02+00:00,2026-08-12 02:10:37+00:00,2026-08-03 19:02:43+00:00,0.026863425925925926,39.27633101851852,0
328785,2026-08-03 18:20:32+00:00,2026-08-03 20:10:48+00:00,2026-08-03 18:54:29+00:00,0.02357638888888889,39.278761574074075,0
328784,2026-08-03 18:19:50+00:00,2026-08-03 18:52:59+00:00,2026-08-03 18:52:14+00:00,0.0225,39.27924768518518,0
328783,2026-08-03 18:18:22+00:00,2026-08-03 23:53:07+00:00,2026-08-03 23:51:42+00:00,0.23148148148148148,39.280266203703704,0
328780,2026-08-03 18:05:54+00:00,2026-08-28 18:28:40+00:00,2026-08-28 18:19:02+00:00,25.009120370370372,39.28892361111111,1
328779,2026-08-03 18:05:42+00:00,2026-08-07 18:33:29+00:00,2026-08-07 18:32:25+00:00,4.018553240740741,39.2890625,0
328778,2026-08-03 17:57:56+00:00,2026-08-03 19:26:26+00:00,2026-08-03 19:25:11+00:00,0.06059027777777778,39.29445601851852,0
328773,2026-08-03 17:46:57+00:00,2026-08-03 18:16:39+00:00,2026-08-03 18:14:20+00:00,0.019016203703703705,39.302083333333336,0
328771,2026-08-03 17:44:01+00:00,2026-08-07 19:51:28+00:00,,,39.30412037037037,1
328770,2026-08-03 17:43:55+00:00,2026-08-04 22:57:01+00:00,2026-08-04 22:55:49+00:00,1.2165972222222223,39.30418981481481,0
328768,2026-08-03 17:39:01+00:00,2026-08-04 22:55:22+00:00,2026-08-04 22:55:20+00:00,1.219664351851852,39.30759259259259,0
328766,2026-08-03 17:37:47+00:00,2026-08-04 21:24:41+00:00,2026-08-04 21:24:41+00:00,1.1575694444444444,39.308449074074076,0
328746,2026-08-03 16:17:18+00:00,2026-08-05 14:16:12+00:00,2026-08-05 14:16:12+00:00,1.9159027777777777,39.36434027777778,0
328742,2026-08-03 15:45:01+00:00,2026-08-04 22:55:04+00:00,2026-08-04 22:55:02+00:00,1.2986226851851852,39.38675925925926,0
328740,2026-08-03 15:40:50+00:00,2026-08-03 16:00:45+00:00,2026-08-03 15:59:45+00:00,0.013136574074074075,39.38966435185185,0
328739,2026-08-03 15:34:33+00:00,2026-08-06 08:19:37+00:00,2026-08-06 08:18:43+00:00,2.697337962962963,39.39402777777778,0
328738,2026-08-03 15:28:31+00:00,2026-08-03 15:50:28+00:00,2026-08-03 15:50:27+00:00,0.015231481481481481,39.398217592592594,0
328735,2026-08-03 15:22:41+00:00,2026-08-03 16:54:54+00:00,,,39.40226851851852,1
328734,2026-08-03 15:17:49+00:00,2026-08-04 09:03:00+00:00,2026-08-03 15:35:31+00:00,0.012291666666666666,39.405648148148146,0
328733,2026-08-03 15:13:14+00:00,2026-08-04 22:56:50+00:00,2026-08-04 22:55:46+00:00,1.3212037037037037,39.40883101851852,0
328731,2026-08-03 15:10:19+00:00,2026-08-03 16:53:22+00:00,2026-08-03 16:53:20+00:00,0.07153935185185185,39.41085648148148,0
328729,2026-08-03 14:59:44+00:00,2026-08-03 16:54:58+00:00,,,39.41820601851852,1
328724,2026-08-03 14:52:58+00:00,2026-08-03 18:04:58+00:00,2026-08-03 18:04:14+00:00,0.13282407407407407,39.42290509259259,0
328718,2026-08-03 14:01:17+00:00,2026-08-03 17:04:36+00:00,2026-08-03 17:03:41+00:00,0.12666666666666668,39.4587962962963,0
328716,2026-08-03 13:53:21+00:00,2026-08-03 15:23:37+00:00,2026-08-03 15:20:38+00:00,0.060613425925925925,39.464305555555555,0
328713,2026-08-03 13:47:43+00:00,2026-08-04 09:08:15+00:00,2026-08-04 09:07:20+00:00,0.8052893518518518,39.468217592592595,0
328712,2026-08-03 13:47:05+00:00,2026-08-04 02:51:45+00:00,2026-08-04 02:51:44+00:00,0.5448958333333334,39.468657407407406,0
328708,2026-08-03 13:35:17+00:00,2026-08-03 13:52:41+00:00,2026-08-03 13:51:40+00:00,0.011377314814814814,39.476851851851855,0
328707,2026-08-03 13:33:16+00:00,2026-08-24 13:42:21+00:00,,,39.47825231481482,1
328703,2026-08-03 13:07:25+00:00,2026-08-03 14:03:36+00:00,2026-08-03 13:59:54+00:00,0.03644675925925926,39.496203703703706,0
328702,2026-08-03 13:04:17+00:00,2026-08-04 16:48:38+00:00,2026-08-03 13:36:29+00:00,0.02236111111111111,39.49837962962963,0
328697,2026-08-03 11:43:11+00:00,2026-08-03 20:05:47+00:00,2026-08-03 20:03:48+00:00,0.347650462962963,39.55469907407407,0
328688,2026-08-03 10:47:30+00:00,2026-08-06 06:44:51+00:00,2026-08-05 16:39:22+00:00,2.2443518518518517,39.59336805555556,0
328686,2026-08-03 10:08:15+00:00,2026-08-03 10:26:30+00:00,2026-08-03 10:25:07+00:00,0.011712962962962963,39.620625,0
328685,2026-08-03 10:05:01+00:00,2026-08-03 11:09:33+00:00,,,39.62287037037037,1
328682,2026-08-03 09:31:50+00:00,2026-08-03 13:25:59+00:00,2026-08-03 13:24:30+00:00,0.16157407407407406,39.64591435185185,0
328679,2026-08-03 09:14:57+00:00,2026-08-03 11:09:36+00:00,,,39.65763888888889,1
328678,2026-08-03 09:10:08+00:00,2026-08-03 09:29:05+00:00,2026-08-03 09:26:58+00:00,0.011689814814814814,39.66098379629629,0
328672,2026-08-03 08:04:55+00:00,2026-08-03 13:44:51+00:00,2026-08-03 13:43:59+00:00,0.23546296296296296,39.70627314814815,0
328671,2026-08-03 08:04:44+00:00,2026-08-03 13:45:42+00:00,2026-08-03 13:43:31+00:00,0.2352662037037037,39.70640046296296,0
328666,2026-08-03 05:42:14+00:00,2026-08-05 12:27:26+00:00,2026-08-03 18:48:49+00:00,0.546238425925926,39.8053587962963,0
328663,2026-08-03 04:50:07+00:00,2026-08-03 05:07:48+00:00,2026-08-03 05:06:52+00:00,0.011631944444444445,39.84155092592592,0
328662,2026-08-03 04:46:37+00:00,2026-08-03 05:18:47+00:00,2026-08-03 05:17:22+00:00,0.021354166666666667,39.84398148148148,0
328660,2026-08-03 04:04:24+00:00,2026-08-03 05:10:58+00:00,,,39.87329861111111,1
328659,2026-08-03 03:55:48+00:00,2026-08-12 02:10:18+00:00,2026-08-03 04:39:11+00:00,0.030127314814814815,39.87927083333334,0
328658,2026-08-03 03:45:54+00:00,2026-08-03 13:29:06+00:00,2026-08-03 13:27:52+00:00,0.40414351851851854,39.88614583333333,0
328657,2026-08-03 03:37:22+00:00,2026-08-03 14:03:34+00:00,2026-08-03 14:02:23+00:00,0.43403935185185183,39.89207175925926,0
328655,2026-08-03 03:19:48+00:00,2026-08-03 13:40:52+00:00,2026-08-03 13:27:50+00:00,0.42224537037037035,39.904270833333335,0
328654,2026-08-03 03:02:09+00:00,2026-08-03 04:38:11+00:00,2026-08-03 04:37:03+00:00,0.06590277777777778,39.91652777777778,0
328651,2026-08-03 00:42:21+00:00,2026-08-03 02:20:22+00:00,2026-08-03 02:19:39+00:00,0.06756944444444445,40.01361111111111,0
328650,2026-08-03 00:16:01+00:00,2026-08-04 19:58:41+00:00,2026-08-04 19:57:34+00:00,1.8205208333333334,40.03189814814815,0
328644,2026-08-02 23:35:06+00:00,2026-08-05 03:49:41+00:00,2026-08-05 03:48:30+00:00,2.175972222222222,40.0603125,0
328643,2026-08-02 23:29:06+00:00,2026-08-04 23:56:23+00:00,2026-08-04 23:56:23+00:00,2.018946759259259,40.064479166666665,0
328641,2026-08-02 23:13:00+00:00,2026-08-03 15:19:24+00:00,2026-08-03 15:18:38+00:00,0.6705787037037036,40.07565972222222,0
328640,2026-08-02 22:02:39+00:00,2026-08-02 23:24:27+00:00,,,40.12451388888889,1
328639,2026-08-02 21:46:59+00:00,2026-08-02 22:03:54+00:00,2026-08-02 22:03:08+00:00,0.011215277777777777,40.13539351851852,0
328637,2026-08-02 21:36:37+00:00,2026-08-02 21:59:32+00:00,2026-08-02 21:58:43+00:00,0.015347222222222222,40.14259259259259,0
328635,2026-08-02 21:14:22+00:00,2026-08-24 17:38:32+00:00,,,40.158043981481484,1
328633,2026-08-02 21:02:29+00:00,2026-08-02 22:23:41+00:00,,,40.166296296296295,1
328629,2026-08-02 19:51:15+00:00,2026-08-27 17:47:52+00:00,,,40.21576388888889,1
328628,2026-08-02 19:20:52+00:00,2026-08-02 19:53:28+00:00,2026-08-02 19:52:31+00:00,0.021979166666666668,40.236863425925925,0
328627,2026-08-02 19:17:59+00:00,2026-08-02 20:25:31+00:00,,,40.23886574074074,1
328626,2026-08-02 19:15:19+00:00,2026-08-19 11:52:41+00:00,2026-08-19 11:49:38+00:00,16.690497685185186,40.240717592592596,1
328620,2026-08-02 16:38:20+00:00,2026-08-18 01:24:24+00:00,,,40.3497337962963,1
328615,2026-08-02 15:31:16+00:00,2026-08-05 15:18:55+00:00,,,40.39630787037037,1
328611,2026-08-02 13:54:23+00:00,2026-08-04 09:30:27+00:00,2026-08-04 09:30:26+00:00,1.816701388888889,40.46358796296296,0
328609,2026-08-02 13:33:57+00:00,2026-08-23 20:07:11+00:00,2026-08-23 20:07:10+00:00,21.27306712962963,40.477777777777774,1
328594,2026-08-02 04:13:41+00:00,2026-08-02 19:39:27+00:00,2026-08-02 19:34:21+00:00,0.6393518518518518,40.866851851851855,0
328592,2026-08-02 01:24:23+00:00,2026-08-02 04:42:31+00:00,2026-08-02 04:42:29+00:00,0.13756944444444444,40.9844212962963,0
328588,2026-08-02 00:41:05+00:00,2026-08-02 04:24:54+00:00,2026-08-02 04:24:03+00:00,0.15483796296296296,41.01449074074074,0
328587,2026-08-02 00:16:09+00:00,2026-08-02 00:40:34+00:00,2026-08-02 00:32:35+00:00,0.011412037037037037,41.03180555555556,0
328586,2026-08-01 23:29:12+00:00,2026-08-02 22:30:28+00:00,2026-08-02 22:29:08+00:00,0.958287037037037,41.06440972222222,0
328584,2026-08-01 22:49:18+00:00,2026-08-01 23:37:25+00:00,2026-08-01 23:36:31+00:00,0.032789351851851854,41.09211805555555,0
328583,2026-08-01 22:14:35+00:00,2026-08-01 22:18:20+00:00,2026-08-01 22:16:52+00:00,0.001585648148148148,41.11622685185185,0
328582,2026-08-01 20:32:09+00:00,2026-08-19 15:02:25+00:00,,,41.18736111111111,1
328581,2026-08-01 20:17:15+00:00,2026-08-13 20:14:16+00:00,2026-08-03 16:23:30+00:00,1.8376736111111112,41.19770833333333,0
328579,2026-08-01 18:54:58+00:00,2026-08-23 08:43:54+00:00,2026-08-23 08:43:54+00:00,21.575648148148147,41.25484953703704,1
328578,2026-08-01 18:41:29+00:00,2026-08-14 02:58:38+00:00,,,41.264212962962965,1
328575,2026-08-01 18:04:15+00:00,2026-08-13 04:23:23+00:00,,,41.29006944444444,1
328573,2026-08-01 17:09:43+00:00,2026-08-03 06:45:50+00:00,,,41.32793981481481,1
328570,2026-08-01 16:34:12+00:00,2026-08-02 17:56:19+00:00,,,41.352604166666666,1
328569,2026-08-01 16:33:21+00:00,2026-08-23 22:08:37+00:00,2026-08-23 22:08:36+00:00,22.2328125,41.35319444444445,1
328563,2026-08-01 15:00:55+00:00,2026-08-01 16:26:03+00:00,,,41.41738425925926,1
328557,2026-08-01 12:18:22+00:00,2026-08-19 18:13:25+00:00,2026-08-19 18:11:18+00:00,18.24509259259259,41.530266203703704,1
328554,2026-08-01 11:43:24+00:00,2026-08-01 14:18:32+00:00,,,41.55454861111111,1
328553,2026-08-01 11:28:05+00:00,2026-08-08 06:17:01+00:00,2026-08-08 06:17:01+00:00,6.783981481481481,41.565185185185186,0
328550,2026-08-01 09:59:50+00:00,2026-08-07 22:52:26+00:00,2026-08-07 22:51:48+00:00,6.536087962962963,41.626469907407404,0
328549,2026-08-01 09:59:44+00:00,2026-08-07 22:03:29+00:00,2026-08-07 22:02:21+00:00,6.50181712962963,41.626539351851854,0
328542,2026-08-01 03:32:10+00:00,2026-08-02 06:27:25+00:00,,,41.89568287037037,1
328540,2026-08-01 02:36:24+00:00,2026-08-05 16:35:06+00:00,2026-08-05 16:35:06+00:00,4.582430555555556,41.93440972222222,0
328539,2026-08-01 01:47:18+00:00,2026-08-01 05:22:20+00:00,2026-08-01 05:21:19+00:00,0.14862268518518518,41.96850694444444,0
328538,2026-08-01 01:22:16+00:00,2026-08-05 19:14:57+00:00,2026-08-05 19:14:11+00:00,4.744386574074074,41.9858912037037,0
328537,2026-08-01 00:48:01+00:00,2026-08-01 23:28:16+00:00,2026-08-01 23:27:16+00:00,0.9439236111111111,42.009675925925926,0
328535,2026-08-01 00:33:41+00:00,2026-08-02 00:21:54+00:00,2026-08-02 00:21:05+00:00,0.99125,42.01962962962963,0
328534,2026-08-01 00:31:58+00:00,2026-08-02 21:00:07+00:00,2026-08-02 20:59:18+00:00,1.8523148148148147,42.020821759259256,0
328532,2026-08-01 00:08:18+00:00,2026-08-01 00:51:40+00:00,2026-08-01 00:50:51+00:00,0.029548611111111112,42.037256944444444,0
328531,2026-08-01 00:04:07+00:00,2026-08-01 00:51:44+00:00,2026-08-01 00:50:40+00:00,0.03232638888888889,42.040162037037035,0
328530,2026-08-01 00:00:04+00:00,2026-08-01 02:05:12+00:00,2026-08-01 02:04:19+00:00,0.08628472222222222,42.04297453703704,0
328529,2026-07-31 23:51:50+00:00,2026-08-03 20:53:57+00:00,2026-08-03 20:53:02+00:00,2.8758333333333335,42.04869212962963,0
328526,2026-07-31 23:25:32+00:00,2026-08-01 01:39:11+00:00,2026-08-01 01:37:54+00:00,0.09192129629629629,42.06695601851852,0
328524,2026-07-31 23:08:03+00:00,2026-07-31 23:26:01+00:00,2026-07-31 23:25:01+00:00,0.011782407407407408,42.079097222222224,0
328522,2026-07-31 22:41:40+00:00,2026-07-31 23:38:22+00:00,2026-07-31 23:37:18+00:00,0.03863425925925926,42.09741898148148,0
328521,2026-07-31 22:41:00+00:00,2026-07-31 23:02:29+00:00,2026-07-31 23:00:47+00:00,0.013738425925925926,42.097881944444445,0
328519,2026-07-31 22:34:02+00:00,2026-08-03 20:27:36+00:00,2026-08-03 20:26:31+00:00,2.911446759259259,42.102719907407405,0
328514,2026-07-31 22:09:42+00:00,2026-07-31 22:29:03+00:00,2026-07-31 22:28:05+00:00,0.012766203703703703,42.119618055555556,0
328512,2026-07-31 22:05:12+00:00,2026-08-05 09:29:09+00:00,2026-08-05 09:28:02+00:00,4.474189814814815,42.12274305555555,0
328511,2026-07-31 22:04:53+00:00,2026-07-31 22:40:13+00:00,2026-07-31 22:39:09+00:00,0.023796296296296298,42.122962962962966,0
328506,2026-07-31 21:39:46+00:00,2026-07-31 22:22:48+00:00,2026-07-31 22:20:47+00:00,0.028483796296296295,42.140405092592594,0
328505,2026-07-31 21:38:08+00:00,2026-07-31 21:47:50+00:00,2026-07-31 21:47:50+00:00,0.006736111111111111,42.141539351851854,0
328504,2026-07-31 21:36:55+00:00,2026-08-03 16:01:01+00:00,2026-08-03 15:59:54+00:00,2.7659606481481482,42.14238425925926,0
328503,2026-07-31 21:32:29+00:00,2026-08-02 21:58:47+00:00,2026-08-02 21:57:44+00:00,2.0175347222222224,42.14546296296297,0
328502,2026-07-31 21:28:13+00:00,2026-08-03 17:41:58+00:00,2026-08-03 17:41:57+00:00,2.8428703703703704,42.14842592592593,0
328499,2026-07-31 21:10:37+00:00,2026-07-31 22:26:10+00:00,,,42.16064814814815,1
328498,2026-07-31 21:01:23+00:00,2026-07-31 22:02:25+00:00,2026-07-31 22:02:24+00:00,0.04237268518518519,42.167060185185186,0
328497,2026-07-31 20:46:57+00:00,2026-07-31 22:30:32+00:00,2026-07-31 22:30:29+00:00,0.07189814814814814,42.177083333333336,0
328496,2026-07-31 20:43:32+00:00,2026-07-31 22:26:13+00:00,,,42.17945601851852,1
328495,2026-07-31 20:39:23+00:00,2026-08-01 23:05:18+00:00,2026-08-01 23:04:13+00:00,1.1005787037037038,42.18233796296296,0
328494,2026-07-31 20:38:08+00:00,2026-07-31 21:11:26+00:00,2026-07-31 21:10:16+00:00,0.022314814814814815,42.18320601851852,0
328492,2026-07-31 20:34:20+00:00,2026-07-31 20:57:31+00:00,2026-07-31 20:56:26+00:00,0.015347222222222222,42.18584490740741,0
328490,2026-07-31 20:19:36+00:00,2026-07-31 21:55:25+00:00,2026-07-31 21:54:41+00:00,0.0660300925925926,42.19607638888889,0
328485,2026-07-31 20:07:26+00:00,2026-07-31 23:32:24+00:00,2026-07-31 23:31:27+00:00,0.14167824074074073,42.20452546296296,0
328484,2026-07-31 20:04:18+00:00,2026-07-31 20:59:55+00:00,2026-07-31 20:59:53+00:00,0.038599537037037036,42.20670138888889,0
328482,2026-07-31 19:46:38+00:00,2026-07-31 21:30:17+00:00,2026-07-31 21:28:31+00:00,0.07075231481481481,42.218969907407406,0
328481,2026-07-31 19:45:30+00:00,2026-07-31 19:45:34+00:00,2026-07-31 19:45:30+00:00,0.0,42.21975694444444,0
328480,2026-07-31 19:44:03+00:00,2026-07-31 20:09:21+00:00,2026-07-31 20:08:08+00:00,0.016724537037037038,42.22076388888889,0
328477,2026-07-31 19:13:04+00:00,2026-07-31 20:01:11+00:00,2026-07-31 19:59:55+00:00,0.03253472222222222,42.242280092592594,0
328474,2026-07-31 18:50:07+00:00,2026-07-31 19:36:13+00:00,2026-07-31 19:35:14+00:00,0.03133101851851852,42.258217592592594,0
328472,2026-07-31 18:42:29+00:00,2026-07-31 19:19:27+00:00,2026-07-31 19:18:23+00:00,0.024930555555555556,42.26351851851852,0
328471,2026-07-31 18:30:54+00:00,2026-08-01 00:28:35+00:00,2026-08-01 00:26:15+00:00,0.24677083333333333,42.2715625,0
328470,2026-07-31 18:28:24+00:00,2026-07-31 19:39:34+00:00,2026-07-31 19:37:55+00:00,0.048275462962962964,42.27329861111111,0
328469,2026-07-31 18:23:23+00:00,2026-07-31 20:40:53+00:00,2026-07-31 20:39:22+00:00,0.09443287037037038,42.27678240740741,0
328468,2026-07-31 18:10:03+00:00,2026-07-31 18:35:54+00:00,2026-07-31 18:35:54+00:00,0.017951388888888888,42.28604166666667,0
328467,2026-07-31 18:08:49+00:00,2026-08-05 17:25:01+00:00,,,42.28689814814815,1
328466,2026-07-31 18:05:53+00:00,2026-08-05 20:19:33+00:00,2026-08-05 16:58:23+00:00,4.953125,42.28893518518519,0
328465,2026-07-31 18:05:27+00:00,2026-07-31 21:51:15+00:00,2026-07-31 21:49:08+00:00,0.15533564814814815,42.28923611111111,0
328463,2026-07-31 17:58:19+00:00,2026-07-31 18:11:42+00:00,2026-07-31 18:07:18+00:00,0.006238425925925926,42.294189814814814,0
328462,2026-07-31 17:53:56+00:00,2026-08-04 15:44:18+00:00,2026-08-04 15:43:38+00:00,3.9095138888888887,42.2972337962963,0
328461,2026-07-31 17:52:22+00:00,2026-08-17 19:42:17+00:00,2026-08-04 19:57:30+00:00,4.086898148148149,42.29832175925926,0
328460,2026-07-31 17:45:29+00:00,2026-08-03 20:44:09+00:00,2026-08-03 20:43:22+00:00,3.1235300925925924,42.30310185185185,0
328458,2026-07-31 17:39:59+00:00,2026-08-20 17:39:22+00:00,2026-08-20 17:38:35+00:00,19.999027777777776,42.306921296296295,1
328457,2026-07-31 17:36:51+00:00,2026-07-31 18:10:14+00:00,2026-07-31 18:10:13+00:00,0.023171296296296297,42.30909722222222,0
328456,2026-07-31 17:33:48+00:00,2026-07-31 18:05:23+00:00,2026-07-31 18:02:51+00:00,0.02017361111111111,42.31121527777778,0
328455,2026-07-31 17:27:27+00:00,2026-07-31 19:56:09+00:00,2026-07-31 19:56:08+00:00,0.10325231481481481,42.315625,0
328454,2026-07-31 17:22:31+00:00,2026-08-04 18:18:58+00:00,2026-08-04 18:18:02+00:00,4.0385532407407405,42.31905092592593,0
328451,2026-07-31 17:12:38+00:00,2026-07-31 17:21:39+00:00,2026-07-31 17:21:39+00:00,0.006261574074074074,42.32591435185185,0
328450,2026-07-31 17:11:33+00:00,2026-07-31 18:01:18+00:00,2026-07-31 17:58:49+00:00,0.032824074074074075,42.32666666666667,0
328441,2026-07-31 16:38:35+00:00,2026-07-31 17:41:27+00:00,,,42.34956018518518,1
328436,2026-07-31 16:22:15+00:00,2026-07-31 19:44:17+00:00,2026-07-31 19:44:16+00:00,0.14028935185185185,42.36090277777778,0
328431,2026-07-31 16:07:21+00:00,2026-07-31 16:52:13+00:00,2026-07-31 16:51:12+00:00,0.03045138888888889,42.37125,0
328429,2026-07-31 15:54:56+00:00,2026-07-31 18:45:37+00:00,2026-07-31 18:45:36+00:00,0.11851851851851852,42.379872685185184,0
328428,2026-07-31 15:54:06+00:00,2026-07-31 19:58:42+00:00,2026-07-31 19:58:41+00:00,0.16984953703703703,42.380451388888886,0
328425,2026-07-31 15:49:36+00:00,2026-07-31 21:13:37+00:00,2026-07-31 21:12:39+00:00,0.2243402777777778,42.38357638888889,0
328423,2026-07-31 15:46:03+00:00,2026-07-31 16:51:53+00:00,2026-07-31 16:51:00+00:00,0.04510416666666667,42.386041666666664,0
328420,2026-07-31 15:09:04+00:00,2026-08-03 23:56:58+00:00,2026-07-31 16:37:20+00:00,0.06129629629629629,42.41172453703704,0
328416,2026-07-31 14:23:55+00:00,2026-07-31 20:01:11+00:00,2026-07-31 19:59:52+00:00,0.2332986111111111,42.443078703703705,0
328415,2026-07-31 13:39:36+00:00,2026-07-31 14:42:29+00:00,2026-07-31 14:39:47+00:00,0.04179398148148148,42.47385416666667,0
328413,2026-07-31 13:17:27+00:00,2026-07-31 15:04:45+00:00,2026-07-31 15:02:53+00:00,0.0732175925925926,42.48923611111111,0
328412,2026-07-31 13:11:34+00:00,2026-07-31 13:36:18+00:00,2026-07-31 13:34:36+00:00,0.01599537037037037,42.49332175925926,0
328408,2026-07-31 13:01:12+00:00,2026-07-31 13:17:38+00:00,2026-07-31 13:16:52+00:00,0.01087962962962963,42.50052083333333,0
328406,2026-07-31 12:59:20+00:00,2026-07-31 13:19:37+00:00,2026-07-31 13:18:32+00:00,0.013333333333333334,42.50181712962963,0
328404,2026-07-31 12:45:40+00:00,2026-07-31 13:02:43+00:00,2026-07-31 13:01:48+00:00,0.011203703703703704,42.51130787037037,0
328403,2026-07-31 12:41:58+00:00,2026-08-28 18:02:07+00:00,,,42.51387731481481,1
328402,2026-07-31 12:37:52+00:00,2026-07-31 13:40:23+00:00,,,42.516724537037035,1
328392,2026-07-31 11:42:29+00:00,2026-07-31 17:07:34+00:00,2026-07-31 17:07:32+00:00,0.22572916666666668,42.55518518518519,0
328391,2026-07-31 11:41:45+00:00,2026-08-02 20:25:47+00:00,2026-08-02 20:24:46+00:00,2.3632060185185186,42.55569444444444,0
328389,2026-07-31 11:25:42+00:00,2026-07-31 11:59:16+00:00,2026-07-31 11:58:29+00:00,0.022766203703703705,42.56684027777778,0
328388,2026-07-31 11:12:50+00:00,2026-07-31 11:59:07+00:00,2026-07-31 11:58:04+00:00,0.03141203703703704,42.575775462962966,0
328387,2026-07-31 11:00:22+00:00,2026-07-31 11:59:03+00:00,2026-07-31 11:58:01+00:00,0.04003472222222222,42.58443287037037,0
328383,2026-07-31 10:35:35+00:00,2026-07-31 10:43:06+00:00,2026-07-31 10:43:06+00:00,0.0052199074074074075,42.60164351851852,0
328378,2026-07-31 10:19:01+00:00,2026-07-31 11:04:41+00:00,2026-07-31 11:03:43+00:00,0.031041666666666665,42.61314814814815,0
328375,2026-07-31 10:05:10+00:00,2026-07-31 13:28:14+00:00,2026-07-31 13:27:09+00:00,0.1402662037037037,42.622766203703705,0
328369,2026-07-31 09:22:40+00:00,2026-07-31 10:03:46+00:00,2026-07-31 10:02:45+00:00,0.027835648148148148,42.65228009259259,0
328368,2026-07-31 09:19:23+00:00,2026-07-31 09:54:41+00:00,2026-07-31 09:53:34+00:00,0.023738425925925927,42.65456018518518,0
328367,2026-07-31 09:10:40+00:00,2026-07-31 09:28:50+00:00,2026-07-31 09:27:31+00:00,0.01170138888888889,42.66061342592592,0
328363,2026-07-31 08:31:11+00:00,2026-07-31 11:00:08+00:00,,,42.688032407407405,1
328361,2026-07-31 08:29:02+00:00,2026-07-31 08:50:51+00:00,2026-07-31 08:48:51+00:00,0.013761574074074074,42.68952546296296,0
328351,2026-07-31 04:24:35+00:00,2026-07-31 09:23:15+00:00,2026-07-31 09:23:13+00:00,0.20738425925925927,42.859282407407406,0
328349,2026-07-31 03:57:50+00:00,2026-08-04 04:49:14+00:00,2026-08-04 04:49:14+00:00,4.035694444444444,42.877858796296294,0
328347,2026-07-31 03:54:57+00:00,2026-08-04 04:49:12+00:00,2026-08-04 04:49:12+00:00,4.037673611111111,42.87986111111111,0
328343,2026-07-31 03:03:27+00:00,2026-08-07 00:55:32+00:00,2026-08-07 00:55:32+00:00,6.911168981481482,42.915625,0
328342,2026-07-31 03:02:50+00:00,2026-08-07 00:55:36+00:00,2026-08-07 00:55:36+00:00,6.9116435185185185,42.91605324074074,0
328341,2026-07-31 03:01:39+00:00,2026-08-01 00:29:11+00:00,2026-08-01 00:28:17+00:00,0.8934953703703704,42.916875,0
328337,2026-07-31 02:39:29+00:00,2026-07-31 21:28:11+00:00,2026-07-31 21:27:18+00:00,0.7832060185185186,42.93226851851852,0
328334,2026-07-31 01:30:01+00:00,2026-07-31 04:44:33+00:00,2026-07-31 04:43:39+00:00,0.13446759259259258,42.98050925925926,0
328332,2026-07-31 00:54:04+00:00,2026-07-31 01:21:14+00:00,2026-07-31 01:21:14+00:00,0.018865740740740742,43.00547453703704,0
328329,2026-07-31 00:18:39+00:00,2026-07-31 04:38:11+00:00,2026-07-31 03:55:31+00:00,0.15060185185185185,43.03006944444444,0
328326,2026-07-30 23:50:44+00:00,2026-07-31 15:58:54+00:00,2026-07-31 15:58:54+00:00,0.672337962962963,43.04945601851852,0
328325,2026-07-30 23:47:57+00:00,2026-08-03 18:52:47+00:00,2026-08-03 18:51:51+00:00,3.794375,43.05138888888889,0
328320,2026-07-30 23:33:31+00:00,2026-08-26 09:30:29+00:00,,,43.06141203703704,1
328318,2026-07-30 23:25:05+00:00,2026-08-27 19:21:41+00:00,2026-08-26 18:51:07+00:00,26.809745370370372,43.06726851851852,1
328317,2026-07-30 23:23:35+00:00,2026-08-01 00:16:24+00:00,2026-07-31 09:33:47+00:00,0.42375,43.06831018518518,0
328316,2026-07-30 23:21:41+00:00,2026-07-31 16:31:52+00:00,2026-07-31 16:30:18+00:00,0.7143171296296297,43.06962962962963,0
328315,2026-07-30 23:20:05+00:00,2026-07-31 00:53:29+00:00,,,43.07074074074074,1
328314,2026-07-30 23:18:51+00:00,2026-07-30 23:51:28+00:00,2026-07-30 23:50:35+00:00,0.022037037037037036,43.07159722222222,0
328313,2026-07-30 23:18:28+00:00,2026-07-31 00:42:02+00:00,2026-07-31 00:42:00+00:00,0.05800925925925926,43.071863425925926,0
328312,2026-07-30 23:14:12+00:00,2026-07-31 07:26:22+00:00,2026-07-31 07:25:02+00:00,0.34085648148148145,43.07482638888889,0
328311,2026-07-30 23:09:10+00:00,2026-08-03 10:12:26+00:00,2026-08-03 10:12:26+00:00,3.4606018518518518,43.07832175925926,0
328310,2026-07-30 23:03:33+00:00,2026-07-30 23:05:36+00:00,2026-07-30 23:05:36+00:00,0.0014236111111111112,43.08222222222222,0
328308,2026-07-30 22:52:06+00:00,2026-07-30 23:08:51+00:00,2026-07-30 22:53:04+00:00,0.0006712962962962962,43.09017361111111,0
328304,2026-07-30 22:35:01+00:00,2026-07-31 08:42:36+00:00,2026-07-31 08:41:26+00:00,0.4211226851851852,43.102037037037036,0
328303,2026-07-30 22:34:35+00:00,2026-07-30 22:50:39+00:00,2026-07-30 22:43:09+00:00,0.0059490740740740745,43.10233796296296,0
328301,2026-07-30 22:31:22+00:00,2026-07-31 12:46:34+00:00,2026-07-31 12:44:41+00:00,0.5925810185185185,43.10457175925926,0
328297,2026-07-30 22:12:20+00:00,2026-07-30 23:32:58+00:00,2026-07-30 23:31:25+00:00,0.05491898148148148,43.117789351851854,0
328293,2026-07-30 22:11:27+00:00,2026-08-01 00:01:12+00:00,2026-08-01 00:00:06+00:00,1.0754513888888888,43.118402777777774,0
328290,2026-07-30 22:04:13+00:00,2026-07-31 01:24:18+00:00,2026-07-31 01:23:22+00:00,0.1382986111111111,43.12342592592593,0
328288,2026-07-30 21:59:37+00:00,2026-08-12 02:10:21+00:00,2026-07-30 23:38:48+00:00,0.06887731481481481,43.12662037037037,0
328276,2026-07-30 21:03:09+00:00,2026-07-30 22:03:51+00:00,2026-07-30 22:02:25+00:00,0.041157407407407406,43.16583333333333,0
328275,2026-07-30 20:56:20+00:00,2026-07-31 21:22:02+00:00,2026-07-31 21:22:00+00:00,1.017824074074074,43.17056712962963,0
328274,2026-07-30 20:54:16+00:00,2026-09-04 04:43:03+00:00,2026-07-30 21:18:22+00:00,0.01673611111111111,43.17200231481481,0
328273,2026-07-30 20:54:15+00:00,2026-07-30 22:14:38+00:00,2026-07-30 22:13:43+00:00,0.055185185185185184,43.17201388888889,0
328269,2026-07-30 20:24:53+00:00,2026-07-30 21:38:53+00:00,2026-07-30 21:24:24+00:00,0.04133101851851852,43.19240740740741,0
328268,2026-07-30 20:17:45+00:00,2026-07-31 12:38:46+00:00,2026-07-31 12:37:52+00:00,0.6806365740740741,43.197361111111114,0
328267,2026-07-30 20:09:09+00:00,2026-08-06 14:38:34+00:00,2026-08-06 14:37:11+00:00,6.7694675925925925,43.20333333333333,0
328264,2026-07-30 19:23:49+00:00,2026-07-30 20:18:14+00:00,2026-07-30 20:16:55+00:00,0.036875,43.23481481481482,0
328263,2026-07-30 19:21:00+00:00,2026-07-30 19:40:10+00:00,2026-07-30 19:37:59+00:00,0.011793981481481482,43.23677083333333,0
328262,2026-07-30 19:07:26+00:00,2026-08-03 21:13:06+00:00,2026-08-03 21:13:04+00:00,4.08724537037037,43.24619212962963,0
328261,2026-07-30 19:07:10+00:00,2026-07-31 16:44:46+00:00,2026-07-31 16:44:44+00:00,0.901087962962963,43.246377314814815,0
328260,2026-07-30 19:06:22+00:00,2026-07-30 23:00:19+00:00,2026-07-30 23:00:16+00:00,0.16243055555555555,43.24693287037037,0
328259,2026-07-30 19:05:47+00:00,2026-08-03 21:47:51+00:00,2026-07-31 16:40:09+00:00,0.8988657407407408,43.247337962962966,0
328258,2026-07-30 18:53:10+00:00,2026-07-30 23:03:22+00:00,2026-07-30 23:02:32+00:00,0.1731712962962963,43.25609953703704,0
328257,2026-07-30 18:47:52+00:00,2026-07-30 23:04:01+00:00,2026-07-30 23:02:13+00:00,0.17663194444444444,43.25978009259259,0
328248,2026-07-30 18:16:24+00:00,2026-07-30 19:06:35+00:00,2026-07-30 19:06:35+00:00,0.03484953703703704,43.28163194444444,0
328245,2026-07-30 17:49:33+00:00,2026-07-31 05:04:45+00:00,2026-07-31 05:03:48+00:00,0.46822916666666664,43.30027777777778,0
328238,2026-07-30 17:06:42+00:00,2026-07-30 17:07:10+00:00,,,43.33003472222222,1
328237,2026-07-30 17:06:19+00:00,2026-08-12 13:34:36+00:00,2026-08-10 20:14:00+00:00,11.130335648148149,43.330300925925926,1
328233,2026-07-30 15:59:52+00:00,2026-07-30 16:39:29+00:00,2026-07-30 16:37:52+00:00,0.02638888888888889,43.37644675925926,0
328232,2026-07-30 15:58:32+00:00,2026-07-30 18:27:10+00:00,2026-07-30 18:24:59+00:00,0.10170138888888888,43.377372685185186,0
328225,2026-07-30 15:05:24+00:00,2026-07-31 17:05:24+00:00,2026-07-31 17:05:24+00:00,1.0833333333333333,43.41427083333333,0
328220,2026-07-30 14:30:50+00:00,2026-07-30 18:34:51+00:00,2026-07-30 18:34:49+00:00,0.16943287037037036,43.43827546296296,0
328219,2026-07-30 14:30:34+00:00,2026-07-30 22:17:24+00:00,2026-07-30 22:16:27+00:00,0.3235300925925926,43.43846064814815,0
328218,2026-07-30 14:13:49+00:00,2026-07-30 15:59:35+00:00,2026-07-30 15:58:36+00:00,0.07276620370370371,43.45009259259259,0
328217,2026-07-30 14:10:57+00:00,2026-07-31 16:24:26+00:00,2026-07-31 16:24:26+00:00,1.0926967592592594,43.452083333333334,0
328216,2026-07-30 14:05:57+00:00,2026-07-30 16:31:13+00:00,2026-07-30 16:31:12+00:00,0.10086805555555556,43.455555555555556,0
328215,2026-07-30 14:01:47+00:00,2026-07-30 14:48:21+00:00,2026-07-30 14:47:11+00:00,0.03152777777777778,43.458449074074075,0
328214,2026-07-30 13:53:13+00:00,2026-07-30 14:36:25+00:00,2026-07-30 14:35:20+00:00,0.029247685185185186,43.46439814814815,0
328213,2026-07-30 13:46:21+00:00,2026-07-30 16:46:44+00:00,2026-07-30 16:45:42+00:00,0.12454861111111111,43.469166666666666,0
328211,2026-07-30 13:10:26+00:00,2026-07-30 13:40:36+00:00,2026-07-30 13:39:31+00:00,0.020196759259259258,43.494108796296295,0
328210,2026-07-30 12:22:02+00:00,2026-08-03 13:41:13+00:00,2026-07-30 16:58:43+00:00,0.19214120370370372,43.52771990740741,0
328208,2026-07-30 12:05:33+00:00,2026-08-13 20:14:16+00:00,2026-07-31 01:55:18+00:00,0.5762152777777778,43.53916666666667,0
328207,2026-07-30 12:03:46+00:00,2026-08-03 13:41:32+00:00,2026-07-30 16:35:36+00:00,0.18877314814814813,43.54040509259259,0
328206,2026-07-30 11:55:52+00:00,2026-07-30 17:55:18+00:00,2026-07-30 17:55:18+00:00,0.24960648148148148,43.545891203703704,0
328205,2026-07-30 11:51:02+00:00,2026-07-30 21:17:38+00:00,2026-07-30 21:17:37+00:00,0.39346064814814813,43.549247685185186,0
328203,2026-07-30 11:40:35+00:00,2026-07-31 09:52:50+00:00,2026-07-31 07:52:16+00:00,0.8414467592592593,43.55650462962963,0
328202,2026-07-30 11:39:49+00:00,2026-07-31 05:14:24+00:00,2026-07-31 05:14:24+00:00,0.7323495370370371,43.557037037037034,0
328201,2026-07-30 11:39:27+00:00,2026-07-31 10:05:34+00:00,2026-07-31 10:04:05+00:00,0.9337731481481482,43.557291666666664,0
328198,2026-07-30 11:36:29+00:00,2026-08-06 11:47:17+00:00,2026-08-06 11:47:15+00:00,7.007476851851852,43.55935185185185,1
328187,2026-07-30 10:09:03+00:00,2026-07-30 11:42:06+00:00,,,43.62006944444445,1
328186,2026-07-30 10:09:03+00:00,2026-08-03 16:50:33+00:00,,,43.62006944444445,1
328185,2026-07-30 10:09:03+00:00,2026-07-30 11:42:08+00:00,,,43.62006944444445,1
328184,2026-07-30 10:09:03+00:00,2026-07-30 11:42:01+00:00,,,43.62006944444445,1
328183,2026-07-30 10:08:46+00:00,2026-07-30 11:42:09+00:00,,,43.62026620370371,1
328182,2026-07-30 10:08:10+00:00,2026-07-30 13:45:35+00:00,2026-07-30 13:44:40+00:00,0.15034722222222222,43.62068287037037,0
328179,2026-07-30 09:53:08+00:00,2026-09-07 11:01:50+00:00,,,43.63112268518518,1
328176,2026-07-30 09:40:32+00:00,2026-07-30 09:57:23+00:00,2026-07-30 09:56:13+00:00,0.010891203703703703,43.63987268518518,0
328172,2026-07-30 08:55:23+00:00,2026-07-30 16:01:38+00:00,,,43.67122685185185,1
328169,2026-07-30 08:08:47+00:00,2026-07-30 08:54:57+00:00,2026-07-30 08:53:49+00:00,0.03127314814814815,43.70358796296296,0
328164,2026-07-30 06:48:42+00:00,2026-07-30 17:24:25+00:00,2026-07-30 17:23:23+00:00,0.4407523148148148,43.75920138888889,0
328163,2026-07-30 05:55:34+00:00,2026-07-30 17:27:04+00:00,2026-07-30 17:25:58+00:00,0.47944444444444445,43.79609953703704,0
328162,2026-07-30 05:42:29+00:00,2026-08-23 20:35:23+00:00,2026-08-23 20:35:23+00:00,24.620069444444443,43.80518518518519,1
328161,2026-07-30 05:39:45+00:00,2026-07-30 20:32:49+00:00,2026-07-30 20:32:46+00:00,0.620150462962963,43.80708333333333,0
328158,2026-07-30 04:56:21+00:00,2026-08-03 02:04:42+00:00,2026-08-03 02:03:45+00:00,3.880138888888889,43.83722222222222,0
328157,2026-07-30 04:54:01+00:00,2026-07-30 05:27:03+00:00,2026-07-30 05:26:06+00:00,0.02228009259259259,43.83884259259259,0
328155,2026-07-30 04:04:24+00:00,2026-07-30 11:43:10+00:00,2026-07-30 11:41:57+00:00,0.31774305555555554,43.87329861111111,0
328152,2026-07-30 02:47:30+00:00,2026-08-04 03:35:04+00:00,2026-08-04 03:34:05+00:00,5.032349537037037,43.92670138888889,0
328151,2026-07-30 02:28:48+00:00,2026-07-30 21:34:29+00:00,2026-07-30 21:33:32+00:00,0.7949537037037037,43.9396875,0
328150,2026-07-30 02:07:42+00:00,2026-08-18 17:04:46+00:00,2026-07-30 08:17:27+00:00,0.25677083333333334,43.954340277777774,0
328148,2026-07-30 01:18:26+00:00,2026-07-30 02:40:03+00:00,2026-07-30 02:39:08+00:00,0.05604166666666666,43.98855324074074,0
328147,2026-07-30 00:58:27+00:00,2026-07-31 12:58:26+00:00,2026-07-31 12:57:32+00:00,1.4993634259259259,44.002430555555556,0
328146,2026-07-30 00:56:27+00:00,2026-07-31 00:37:22+00:00,2026-07-31 00:36:17+00:00,0.9859953703703703,44.003819444444446,0
328142,2026-07-30 00:27:40+00:00,2026-07-30 00:34:10+00:00,2026-07-30 00:34:10+00:00,0.0045138888888888885,44.02380787037037,0
328141,2026-07-30 00:27:29+00:00,2026-07-30 20:53:31+00:00,2026-07-30 00:27:32+00:00,3.472222222222222e-05,44.02393518518519,0
328140,2026-07-30 00:27:14+00:00,2026-08-07 01:12:56+00:00,2026-08-07 01:12:15+00:00,8.031261574074074,44.0241087962963,1
328138,2026-07-30 00:19:05+00:00,2026-07-30 00:45:46+00:00,2026-07-30 00:45:46+00:00,0.01853009259259259,44.029768518518516,0
328137,2026-07-30 00:16:47+00:00,2026-07-31 17:49:56+00:00,2026-07-31 17:49:56+00:00,1.7313541666666667,44.03136574074074,0
328136,2026-07-29 23:58:06+00:00,2026-07-31 18:34:14+00:00,2026-07-31 18:32:33+00:00,1.7739236111111112,44.04434027777778,0
328134,2026-07-29 23:47:01+00:00,2026-07-30 04:16:02+00:00,2026-07-30 04:13:41+00:00,0.18518518518518517,44.05203703703704,0
328133,2026-07-29 23:39:22+00:00,2026-08-03 19:32:36+00:00,2026-07-30 06:39:35+00:00,0.29181712962962963,44.057349537037034,0
328132,2026-07-29 23:19:12+00:00,2026-07-29 23:47:33+00:00,2026-07-29 23:46:39+00:00,0.0190625,44.071354166666666,0
328130,2026-07-29 23:03:22+00:00,2026-08-03 18:51:17+00:00,2026-08-03 18:50:18+00:00,4.824259259259259,44.08234953703704,0
328129,2026-07-29 22:57:54+00:00,2026-07-29 23:38:49+00:00,2026-07-29 23:36:19+00:00,0.026678240740740742,44.08614583333333,0
328127,2026-07-29 22:51:04+00:00,2026-07-30 02:57:38+00:00,2026-07-30 02:56:36+00:00,0.17050925925925925,44.090891203703706,0
328125,2026-07-29 22:41:57+00:00,2026-07-30 00:47:27+00:00,,,44.09722222222222,1
328124,2026-07-29 22:40:40+00:00,2026-07-30 16:21:43+00:00,2026-07-30 16:19:26+00:00,0.7352546296296296,44.09811342592592,0
328117,2026-07-29 22:04:24+00:00,2026-08-06 19:59:25+00:00,,,44.12329861111111,1
328115,2026-07-29 21:59:56+00:00,2026-07-29 22:27:06+00:00,2026-07-29 22:27:04+00:00,0.01884259259259259,44.12640046296296,0
328111,2026-07-29 21:47:28+00:00,2026-08-04 16:16:32+00:00,2026-07-31 16:23:47+00:00,1.7752199074074073,44.13505787037037,0
328106,2026-07-29 21:36:52+00:00,2026-07-29 23:39:23+00:00,2026-07-29 23:38:16+00:00,0.08430555555555555,44.142418981481484,0
328105,2026-07-29 21:30:24+00:00,2026-07-30 16:51:59+00:00,2026-07-30 16:50:05+00:00,0.8053356481481482,44.14690972222222,0
328101,2026-07-29 21:05:10+00:00,2026-07-29 23:00:59+00:00,2026-07-29 22:59:55+00:00,0.0796875,44.16443287037037,0
328097,2026-07-29 20:46:37+00:00,2026-07-29 23:37:31+00:00,2026-07-29 23:35:21+00:00,0.11717592592592592,44.177314814814814,0
328096,2026-07-29 20:46:02+00:00,2026-07-29 22:27:22+00:00,,,44.17771990740741,1
328095,2026-07-29 20:42:22+00:00,2026-07-30 09:04:28+00:00,2026-07-29 23:49:08+00:00,0.12969907407407408,44.1802662037037,0
328094,2026-07-29 20:32:52+00:00,2026-08-03 23:56:58+00:00,2026-07-29 22:42:19+00:00,0.08989583333333333,44.18686342592593,0
328093,2026-07-29 20:28:26+00:00,2026-07-29 21:00:41+00:00,2026-07-29 20:59:39+00:00,0.02167824074074074,44.18994212962963,0
328090,2026-07-29 20:15:45+00:00,2026-07-29 20:42:15+00:00,2026-07-29 20:41:13+00:00,0.017685185185185186,44.19875,0
328088,2026-07-29 20:03:28+00:00,2026-07-29 20:37:59+00:00,2026-07-29 20:36:54+00:00,0.023217592592592592,44.20728009259259,0
328087,2026-07-29 19:56:26+00:00,2026-07-29 20:42:02+00:00,2026-07-29 20:24:48+00:00,0.019699074074074074,44.212164351851854,0
328086,2026-07-29 19:51:29+00:00,2026-07-29 23:30:08+00:00,2026-07-29 23:28:49+00:00,0.15092592592592594,44.21560185185185,0
328082,2026-07-29 19:38:25+00:00,2026-08-12 18:57:38+00:00,2026-08-11 21:00:34+00:00,13.057048611111112,44.22467592592593,1
328081,2026-07-29 19:25:29+00:00,2026-07-29 21:11:14+00:00,2026-07-29 21:09:10+00:00,0.07200231481481481,44.23365740740741,0
328080,2026-07-29 19:20:17+00:00,2026-08-14 07:40:59+00:00,2026-08-14 07:40:59+00:00,15.514375,44.23726851851852,1
328078,2026-07-29 19:15:15+00:00,2026-07-29 20:50:45+00:00,2026-07-29 20:50:45+00:00,0.06631944444444444,44.240763888888885,0
328077,2026-07-29 19:11:40+00:00,2026-07-30 03:01:10+00:00,2026-07-30 03:00:07+00:00,0.3253125,44.24325231481482,0
328074,2026-07-29 18:59:54+00:00,2026-07-30 00:24:39+00:00,2026-07-30 00:23:46+00:00,0.22490740740740742,44.251423611111115,0
328073,2026-07-29 18:58:59+00:00,2026-07-29 19:54:18+00:00,2026-07-29 19:53:22+00:00,0.037766203703703705,44.25206018518519,0
328071,2026-07-29 18:50:40+00:00,2026-07-29 19:14:18+00:00,2026-07-29 19:13:28+00:00,0.015833333333333335,44.257835648148145,0
328070,2026-07-29 18:49:49+00:00,2026-07-29 20:47:41+00:00,2026-07-29 20:47:40+00:00,0.08184027777777778,44.25842592592593,0
328069,2026-07-29 18:47:43+00:00,2026-07-30 17:30:30+00:00,2026-07-30 17:28:26+00:00,0.9449421296296296,44.25988425925926,0
328068,2026-07-29 18:46:29+00:00,2026-07-29 20:16:30+00:00,2026-07-29 20:14:09+00:00,0.06087962962962963,44.260740740740744,0
328065,2026-07-29 18:33:30+00:00,2026-07-29 22:55:46+00:00,2026-07-29 22:53:37+00:00,0.18063657407407407,44.269756944444445,0
328063,2026-07-29 18:21:35+00:00,2026-07-29 18:44:32+00:00,2026-07-29 18:43:20+00:00,0.015104166666666667,44.27803240740741,0
328060,2026-07-29 18:04:14+00:00,2026-07-29 18:27:12+00:00,2026-07-29 18:26:25+00:00,0.015405092592592592,44.29008101851852,0
328058,2026-07-29 17:41:45+00:00,2026-08-03 23:56:57+00:00,2026-07-29 19:16:46+00:00,0.06598379629629629,44.30569444444444,0
328056,2026-07-29 17:40:56+00:00,2026-07-29 19:53:01+00:00,2026-07-29 19:52:59+00:00,0.09170138888888889,44.30626157407407,0
328051,2026-07-29 17:33:37+00:00,2026-07-29 18:19:59+00:00,2026-07-29 18:19:59+00:00,0.032199074074074074,44.311342592592595,0
328050,2026-07-29 17:24:33+00:00,2026-07-29 19:53:47+00:00,2026-07-29 19:53:46+00:00,0.10362268518518518,44.31763888888889,0
328048,2026-07-29 17:23:34+00:00,2026-07-29 19:17:48+00:00,2026-07-29 19:17:48+00:00,0.0793287037037037,44.31832175925926,0
328047,2026-07-29 17:22:11+00:00,2026-07-29 19:53:20+00:00,2026-07-29 19:53:18+00:00,0.10494212962962964,44.31928240740741,0
328046,2026-07-29 17:12:37+00:00,2026-07-29 20:36:18+00:00,2026-07-29 20:36:17+00:00,0.1414351851851852,44.32592592592592,0
328045,2026-07-29 17:11:24+00:00,2026-07-29 19:56:57+00:00,2026-07-29 19:56:55+00:00,0.11494212962962963,44.326770833333335,0
328044,2026-07-29 17:10:56+00:00,2026-07-29 19:52:39+00:00,2026-07-29 19:52:37+00:00,0.1122800925925926,44.32709490740741,0
328043,2026-07-29 17:09:29+00:00,2026-07-29 20:43:21+00:00,2026-07-29 20:41:08+00:00,0.14697916666666666,44.328101851851855,0
328036,2026-07-29 15:51:46+00:00,2026-07-29 17:34:15+00:00,2026-07-29 17:32:59+00:00,0.07028935185185185,44.38207175925926,0
328031,2026-07-29 15:16:31+00:00,2026-07-29 19:00:37+00:00,2026-07-29 18:58:21+00:00,0.15405092592592592,44.40655092592593,0
328029,2026-07-29 15:08:17+00:00,2026-07-29 16:41:05+00:00,2026-07-29 16:39:03+00:00,0.06303240740740741,44.412268518518516,0
328028,2026-07-29 15:08:16+00:00,2026-07-29 16:40:19+00:00,2026-07-29 16:39:15+00:00,0.06318287037037038,44.412280092592596,0
328027,2026-07-29 15:05:18+00:00,2026-07-29 19:00:39+00:00,2026-07-29 18:59:25+00:00,0.16258101851851853,44.414340277777775,0
328025,2026-07-29 14:44:40+00:00,2026-07-30 09:37:39+00:00,2026-07-30 09:36:05+00:00,0.7857060185185185,44.42866898148148,0
328024,2026-07-29 14:43:40+00:00,2026-07-29 16:41:01+00:00,2026-07-29 16:39:58+00:00,0.08076388888888889,44.42936342592593,0
328023,2026-07-29 14:36:22+00:00,2026-07-29 16:40:45+00:00,2026-07-29 16:39:25+00:00,0.08545138888888888,44.43443287037037,0
328022,2026-07-29 14:30:50+00:00,2026-07-30 16:21:53+00:00,2026-07-30 16:19:25+00:00,1.0754050925925926,44.43827546296296,0
328018,2026-07-29 14:11:58+00:00,2026-08-03 17:03:40+00:00,2026-08-03 17:03:40+00:00,5.119236111111111,44.45137731481481,0
328017,2026-07-29 14:10:40+00:00,2026-07-29 16:59:57+00:00,,,44.452280092592595,1
328016,2026-07-29 13:48:49+00:00,2026-07-29 16:59:51+00:00,,,44.467453703703704,1
328015,2026-07-29 13:46:09+00:00,2026-07-29 17:36:06+00:00,,,44.46930555555556,1
328014,2026-07-29 13:39:54+00:00,2026-07-29 16:38:48+00:00,2026-07-29 16:37:47+00:00,0.1235300925925926,44.473645833333336,0
328013,2026-07-29 13:35:23+00:00,2026-07-30 09:40:29+00:00,2026-07-30 09:38:58+00:00,0.8358217592592593,44.476782407407406,0
328012,2026-07-29 13:35:04+00:00,2026-07-29 16:40:42+00:00,2026-07-29 16:38:57+00:00,0.12769675925925925,44.47700231481482,0
328011,2026-07-29 13:34:16+00:00,2026-07-29 16:40:19+00:00,2026-07-29 16:38:17+00:00,0.12778935185185186,44.47755787037037,0
328010,2026-07-29 13:28:51+00:00,2026-07-29 23:11:45+00:00,2026-07-29 23:10:29+00:00,0.40391203703703704,44.481319444444445,0
328005,2026-07-29 13:01:37+00:00,2026-08-05 11:59:56+00:00,2026-08-05 11:58:15+00:00,6.9559953703703705,44.50023148148148,0
327998,2026-07-29 12:22:55+00:00,2026-07-30 04:04:41+00:00,2026-07-30 04:03:13+00:00,0.6529861111111112,44.52710648148148,0
327992,2026-07-29 11:44:00+00:00,2026-08-06 11:47:19+00:00,2026-08-06 11:47:17+00:00,8.002280092592592,44.55413194444444,1
327991,2026-07-29 11:43:03+00:00,2026-07-30 15:09:20+00:00,2026-07-30 15:06:29+00:00,1.1412731481481482,44.55479166666667,0
327989,2026-07-29 11:19:29+00:00,2026-07-30 13:36:39+00:00,2026-07-30 13:36:39+00:00,1.0952546296296297,44.571157407407405,0
327985,2026-07-29 11:02:50+00:00,2026-07-29 16:35:56+00:00,2026-07-29 16:34:58+00:00,0.23064814814814816,44.58271990740741,0
327984,2026-07-29 10:57:10+00:00,2026-07-29 16:39:32+00:00,2026-07-29 16:38:14+00:00,0.23685185185185184,44.58665509259259,0
327983,2026-07-29 10:54:54+00:00,2026-08-06 22:09:28+00:00,2026-08-06 17:14:40+00:00,8.263726851851851,44.588229166666665,1
327982,2026-07-29 10:51:10+00:00,2026-08-03 14:24:46+00:00,2026-08-03 14:24:45+00:00,5.148321759259259,44.590821759259256,0
327981,2026-07-29 10:49:57+00:00,2026-07-29 15:57:09+00:00,2026-07-29 15:55:47+00:00,0.21238425925925927,44.59166666666667,0
327980,2026-07-29 10:37:31+00:00,2026-07-29 10:55:35+00:00,2026-07-29 10:54:32+00:00,0.011817129629629629,44.60030092592593,0
327975,2026-07-29 08:51:54+00:00,2026-07-29 09:55:42+00:00,2026-07-29 09:54:46+00:00,0.04365740740740741,44.67364583333333,0
327972,2026-07-29 08:24:19+00:00,2026-07-29 22:30:51+00:00,2026-07-29 22:29:21+00:00,0.5868287037037037,44.69280092592592,0
327971,2026-07-29 08:06:19+00:00,2026-08-13 06:56:53+00:00,2026-08-13 06:56:45+00:00,14.951689814814815,44.705300925925926,1
327967,2026-07-29 07:07:36+00:00,2026-07-29 08:48:51+00:00,2026-07-29 08:47:45+00:00,0.06954861111111112,44.74607638888889,0
327963,2026-07-29 06:20:07+00:00,2026-07-31 21:44:33+00:00,2026-07-31 21:44:33+00:00,2.6419675925925925,44.77905092592592,0
327960,2026-07-29 05:14:36+00:00,2026-07-29 17:30:46+00:00,2026-07-29 17:27:49+00:00,0.5091782407407407,44.82454861111111,0
327956,2026-07-29 03:36:40+00:00,2026-07-29 03:59:34+00:00,2026-07-29 03:57:52+00:00,0.014722222222222222,44.89255787037037,0
327955,2026-07-29 03:32:53+00:00,2026-07-29 17:57:08+00:00,2026-07-29 17:56:16+00:00,0.5995717592592592,44.895185185185184,0
327953,2026-07-29 03:21:55+00:00,2026-07-29 18:59:58+00:00,2026-07-29 18:58:33+00:00,0.6504398148148148,44.90280092592592,0
327952,2026-07-29 03:21:14+00:00,2026-07-29 11:32:15+00:00,2026-07-29 11:32:09+00:00,0.34091435185185187,44.90327546296297,0
327951,2026-07-29 03:18:30+00:00,2026-08-19 21:13:13+00:00,2026-08-19 14:22:46+00:00,21.461296296296297,44.90517361111111,1
327950,2026-07-29 02:49:36+00:00,2026-07-29 19:46:59+00:00,2026-07-29 19:44:19+00:00,0.7046643518518518,44.925243055555555,0
327948,2026-07-29 02:25:51+00:00,2026-07-29 03:35:16+00:00,2026-07-29 03:34:20+00:00,0.04755787037037037,44.94173611111111,0
327947,2026-07-29 02:14:39+00:00,2026-08-03 19:32:34+00:00,2026-07-29 18:37:29+00:00,0.6825231481481482,44.94951388888889,0
327946,2026-07-29 02:12:12+00:00,2026-07-29 02:48:56+00:00,2026-07-29 02:47:51+00:00,0.024756944444444446,44.95121527777778,0
327942,2026-07-29 01:25:54+00:00,2026-07-29 02:15:57+00:00,2026-07-29 02:14:52+00:00,0.03400462962962963,44.98336805555556,0
327939,2026-07-29 00:31:33+00:00,2026-07-29 01:44:40+00:00,,,45.02111111111111,1
327938,2026-07-29 00:24:23+00:00,2026-07-29 06:35:04+00:00,2026-07-29 06:33:47+00:00,0.2565277777777778,45.02608796296296,0
327936,2026-07-29 00:11:49+00:00,2026-07-29 18:24:11+00:00,2026-07-29 18:22:57+00:00,0.7577314814814815,45.034814814814816,0
327934,2026-07-28 23:24:11+00:00,2026-07-29 03:34:51+00:00,2026-07-29 03:33:50+00:00,0.17336805555555557,45.06789351851852,0
327933,2026-07-28 23:19:56+00:00,2026-08-12 23:37:50+00:00,2026-07-29 20:07:45+00:00,0.8665393518518518,45.070844907407405,0
327932,2026-07-28 23:17:06+00:00,2026-08-23 20:36:19+00:00,2026-08-23 20:36:19+00:00,25.888344907407408,45.0728125,1
327931,2026-07-28 23:14:32+00:00,2026-07-29 02:16:49+00:00,2026-07-29 02:15:30+00:00,0.1256712962962963,45.07459490740741,0
327930,2026-07-28 23:03:58+00:00,2026-07-29 09:26:48+00:00,2026-07-29 09:26:48+00:00,0.43252314814814813,45.08193287037037,0
327928,2026-07-28 22:51:54+00:00,2026-08-13 15:44:17+00:00,2026-08-13 15:44:17+00:00,15.703043981481482,45.0903125,1
327926,2026-07-28 22:34:49+00:00,2026-07-29 10:15:38+00:00,2026-07-29 10:12:48+00:00,0.4847106481481481,45.10217592592593,0
327925,2026-07-28 22:34:34+00:00,2026-07-28 23:37:48+00:00,2026-07-28 23:37:47+00:00,0.04390046296296296,45.102349537037036,0
327924,2026-07-28 22:32:05+00:00,2026-07-28 23:26:37+00:00,2026-07-28 23:25:34+00:00,0.037141203703703704,45.10407407407408,0
327923,2026-07-28 22:26:51+00:00,2026-07-29 03:54:40+00:00,2026-07-29 03:52:44+00:00,0.22630787037037037,45.107708333333335,0
327922,2026-07-28 22:25:46+00:00,2026-07-28 23:31:41+00:00,2026-07-28 23:30:28+00:00,0.04493055555555556,45.108460648148146,0
327920,2026-07-28 22:19:49+00:00,2026-07-29 11:43:10+00:00,2026-07-29 11:43:08+00:00,0.5578587962962963,45.11259259259259,0
327919,2026-07-28 22:18:33+00:00,2026-07-29 08:00:34+00:00,2026-07-29 00:49:00+00:00,0.10447916666666666,45.11347222222222,0
327918,2026-07-28 22:10:00+00:00,2026-07-31 23:52:45+00:00,2026-07-31 23:52:45+00:00,3.0713541666666666,45.11940972222222,0
327917,2026-07-28 22:09:36+00:00,2026-08-04 21:12:34+00:00,2026-08-04 21:12:29+00:00,6.960335648148148,45.1196875,0
327916,2026-07-28 22:02:34+00:00,2026-07-28 22:11:04+00:00,,,45.12457175925926,1
327915,2026-07-28 22:00:40+00:00,2026-07-29 01:29:12+00:00,2026-07-29 01:27:23+00:00,0.14355324074074075,45.1258912037037,0
327914,2026-07-28 21:50:21+00:00,2026-09-11 23:25:24+00:00,2026-07-28 22:41:55+00:00,0.03581018518518519,45.13305555555556,0
327913,2026-07-28 21:47:37+00:00,2026-07-29 14:33:09+00:00,2026-07-29 14:32:08+00:00,0.6975810185185185,45.1349537037037,0
327912,2026-07-28 21:47:20+00:00,2026-09-11 23:25:24+00:00,2026-07-28 22:18:36+00:00,0.02171296296296296,45.13515046296296,0
327909,2026-07-28 21:37:46+00:00,2026-08-13 20:14:17+00:00,2026-07-31 17:07:00+00:00,2.8119675925925924,45.141793981481484,0
327907,2026-07-28 21:32:07+00:00,2026-09-11 23:25:24+00:00,2026-07-28 23:13:42+00:00,0.07054398148148149,45.14571759259259,0
327905,2026-07-28 21:27:03+00:00,2026-07-29 08:48:41+00:00,2026-07-29 08:48:39+00:00,0.47333333333333333,45.14923611111111,0
327903,2026-07-28 21:23:01+00:00,2026-07-31 20:37:15+00:00,2026-07-31 20:35:15+00:00,2.9668287037037038,45.15203703703704,0
327899,2026-07-28 21:13:34+00:00,2026-07-29 18:18:52+00:00,2026-07-29 18:18:52+00:00,0.8786805555555556,45.158599537037034,0
327895,2026-07-28 20:59:16+00:00,2026-09-11 23:25:24+00:00,2026-07-28 21:28:12+00:00,0.020092592592592592,45.16853009259259,0
327894,2026-07-28 20:49:21+00:00,2026-07-29 02:37:00+00:00,,,45.17541666666666,1
327892,2026-07-28 20:36:33+00:00,2026-09-11 23:25:24+00:00,2026-07-28 21:27:20+00:00,0.0352662037037037,45.184305555555554,0
327890,2026-07-28 20:27:36+00:00,2026-09-11 23:25:24+00:00,2026-07-28 21:29:11+00:00,0.0427662037037037,45.19052083333333,0
327889,2026-07-28 20:18:39+00:00,2026-07-29 01:38:06+00:00,2026-07-29 01:34:40+00:00,0.2194560185185185,45.196736111111115,0
327888,2026-07-28 20:17:58+00:00,2026-09-11 23:25:24+00:00,2026-07-28 21:35:00+00:00,0.053495370370370374,45.19721064814815,0
327885,2026-07-28 19:43:39+00:00,2026-09-01 14:34:00+00:00,2026-08-17 22:45:28+00:00,20.126261574074075,45.221041666666665,1
327884,2026-07-28 19:34:46+00:00,2026-07-29 18:57:56+00:00,2026-07-29 18:56:44+00:00,0.973587962962963,45.22721064814815,0
327883,2026-07-28 19:33:02+00:00,2026-09-11 23:25:24+00:00,2026-07-28 20:11:50+00:00,0.026944444444444444,45.22841435185185,0
327882,2026-07-28 19:30:06+00:00,2026-09-11 23:25:24+00:00,2026-07-28 22:40:50+00:00,0.1324537037037037,45.23045138888889,0
327881,2026-07-28 19:24:28+00:00,2026-07-29 05:37:26+00:00,2026-07-29 05:36:25+00:00,0.42496527777777776,45.23436342592593,0
327878,2026-07-28 18:25:37+00:00,2026-09-11 23:25:24+00:00,2026-07-28 19:40:51+00:00,0.05224537037037037,45.275231481481484,0
327877,2026-07-28 18:21:19+00:00,2026-09-11 23:25:24+00:00,2026-07-28 18:42:45+00:00,0.014884259259259259,45.27821759259259,0
327876,2026-07-28 18:19:18+00:00,2026-09-11 23:25:24+00:00,2026-07-28 19:20:50+00:00,0.04273148148148148,45.27961805555555,0
327875,2026-07-28 18:11:51+00:00,2026-09-11 23:25:24+00:00,2026-07-28 23:18:51+00:00,0.21319444444444444,45.28479166666666,0
327874,2026-07-28 18:11:49+00:00,2026-09-11 23:25:24+00:00,2026-07-28 18:32:27+00:00,0.014328703703703703,45.284814814814816,0
327873,2026-07-28 18:01:43+00:00,2026-07-29 14:56:59+00:00,2026-07-29 14:54:25+00:00,0.8699305555555555,45.2918287037037,0
327871,2026-07-28 17:31:04+00:00,2026-09-11 23:25:24+00:00,2026-07-28 18:01:16+00:00,0.020972222222222222,45.31311342592593,0
327870,2026-07-28 17:30:49+00:00,2026-07-28 17:37:08+00:00,2026-07-28 17:37:08+00:00,0.004386574074074074,45.313287037037036,0
327869,2026-07-28 17:29:22+00:00,2026-09-11 23:25:24+00:00,2026-07-28 20:24:44+00:00,0.12178240740740741,45.314293981481484,0
327868,2026-07-28 17:29:12+00:00,2026-07-28 18:37:07+00:00,,,45.31440972222222,1
327866,2026-07-28 17:17:20+00:00,2026-07-28 18:37:10+00:00,,,45.32265046296296,1
327860,2026-07-28 16:56:12+00:00,2026-07-28 18:37:12+00:00,,,45.33732638888889,1
327859,2026-07-28 16:47:48+00:00,2026-07-28 17:09:08+00:00,2026-07-28 17:09:08+00:00,0.014814814814814815,45.343159722222225,0
327857,2026-07-28 16:32:44+00:00,2026-09-11 23:25:24+00:00,2026-07-28 17:35:05+00:00,0.043298611111111114,45.35362268518519,0
327856,2026-07-28 16:21:41+00:00,2026-09-11 23:25:24+00:00,2026-07-28 22:44:39+00:00,0.2659490740740741,45.361296296296295,0
327855,2026-07-28 16:21:03+00:00,2026-09-11 23:25:24+00:00,2026-07-28 22:41:24+00:00,0.26413194444444443,45.361736111111114,0
327854,2026-07-28 16:18:03+00:00,2026-09-11 23:25:24+00:00,2026-07-28 23:03:51+00:00,0.28180555555555553,45.363819444444445,0
327853,2026-07-28 16:16:52+00:00,2026-09-11 23:25:24+00:00,2026-07-28 22:41:07+00:00,0.2668402777777778,45.364641203703705,0
327852,2026-07-28 16:14:01+00:00,2026-07-29 20:41:52+00:00,2026-07-29 20:41:50+00:00,1.1859837962962962,45.36662037037037,0
327851,2026-07-28 16:13:13+00:00,2026-09-11 23:25:24+00:00,2026-07-28 18:02:51+00:00,0.07613425925925926,45.36717592592593,0
327844,2026-07-28 15:47:56+00:00,2026-07-31 23:58:51+00:00,2026-07-31 23:58:03+00:00,3.340358796296296,45.384733796296295,0
327843,2026-07-28 15:47:54+00:00,2026-08-07 15:38:39+00:00,2026-07-31 18:55:23+00:00,3.130196759259259,45.38475694444445,0
327842,2026-07-28 15:43:41+00:00,2026-07-30 17:09:07+00:00,2026-07-30 17:07:50+00:00,2.0584375,45.387685185185184,0
327841,2026-07-28 15:25:36+00:00,2026-09-11 23:25:24+00:00,2026-07-28 18:06:33+00:00,0.11177083333333333,45.400243055555556,0
327836,2026-07-28 15:04:51+00:00,2026-07-29 20:02:58+00:00,2026-07-29 20:00:22+00:00,1.2052199074074075,45.414652777777775,0
327833,2026-07-28 14:57:51+00:00,2026-07-28 15:37:09+00:00,2026-07-28 15:37:09+00:00,0.027291666666666665,45.419513888888886,0
327832,2026-07-28 14:57:08+00:00,2026-07-29 02:18:08+00:00,2026-07-29 02:18:06+00:00,0.4728935185185185,45.420011574074074,0
327828,2026-07-28 14:54:00+00:00,2026-07-29 02:23:54+00:00,2026-07-29 02:23:52+00:00,0.4790740740740741,45.4221875,0
327827,2026-07-28 14:53:38+00:00,2026-07-29 16:40:32+00:00,2026-07-29 16:40:30+00:00,1.0742129629629629,45.42244212962963,0
327826,2026-07-28 14:52:47+00:00,2026-07-29 02:17:29+00:00,2026-07-29 02:17:28+00:00,0.475474537037037,45.423032407407405,0
327825,2026-07-28 14:52:21+00:00,2026-07-29 02:17:09+00:00,2026-07-29 02:17:07+00:00,0.47553240740740743,45.42333333333333,0
327822,2026-07-28 14:45:53+00:00,2026-09-11 23:25:24+00:00,2026-07-28 15:50:21+00:00,0.04476851851851852,45.427824074074074,0
327821,2026-07-28 14:39:32+00:00,2026-07-29 09:56:51+00:00,2026-07-29 09:56:39+00:00,0.8035532407407407,45.432233796296295,0
327819,2026-07-28 14:35:27+00:00,2026-07-29 10:35:02+00:00,,,45.435069444444444,1
327817,2026-07-28 14:30:37+00:00,2026-07-29 06:44:06+00:00,2026-07-29 06:43:03+00:00,0.6753009259259259,45.43842592592593,0
327816,2026-07-28 14:30:24+00:00,2026-09-11 23:25:24+00:00,2026-07-28 15:41:50+00:00,0.04960648148148148,45.43857638888889,0
327814,2026-07-28 14:27:31+00:00,2026-09-11 23:25:24+00:00,2026-07-28 14:56:17+00:00,0.019976851851851853,45.44057870370371,0
327812,2026-07-28 14:11:12+00:00,2026-09-11 23:25:24+00:00,2026-07-28 14:27:21+00:00,0.011215277777777777,45.451909722222226,0
327811,2026-07-28 13:57:25+00:00,2026-09-11 23:25:24+00:00,2026-07-28 14:12:39+00:00,0.010578703703703703,45.461481481481485,0
327810,2026-07-28 13:48:17+00:00,2026-09-11 23:25:24+00:00,2026-07-28 14:11:30+00:00,0.016122685185185184,45.46782407407407,0
327809,2026-07-28 13:34:38+00:00,2026-09-11 23:25:24+00:00,2026-07-28 16:13:51+00:00,0.11056712962962963,45.47730324074074,0
327807,2026-07-28 13:32:44+00:00,2026-07-29 06:22:16+00:00,,,45.47862268518519,1
327803,2026-07-28 13:06:15+00:00,2026-09-11 23:25:24+00:00,2026-07-28 20:35:41+00:00,0.31210648148148146,45.49701388888889,0
327797,2026-07-28 12:31:10+00:00,2026-07-28 18:16:17+00:00,,,45.52137731481481,1
327796,2026-07-28 12:17:54+00:00,2026-09-11 23:25:24+00:00,2026-07-28 13:27:42+00:00,0.04847222222222222,45.530590277777776,0
327795,2026-07-28 12:07:38+00:00,2026-09-11 23:25:24+00:00,2026-07-28 12:37:23+00:00,0.02065972222222222,45.53771990740741,0
327793,2026-07-28 11:42:51+00:00,2026-09-11 23:25:24+00:00,2026-07-28 12:15:31+00:00,0.022685185185185187,45.55493055555556,0
327792,2026-07-28 11:40:29+00:00,2026-07-28 11:43:21+00:00,,,45.55657407407407,1
327791,2026-07-28 11:40:14+00:00,2026-09-11 23:25:24+00:00,2026-07-28 12:15:44+00:00,0.024652777777777777,45.55674768518519,0
327789,2026-07-28 11:35:46+00:00,2026-09-11 23:25:24+00:00,2026-07-28 13:23:41+00:00,0.07494212962962964,45.55984953703704,0
327786,2026-07-28 10:52:36+00:00,2026-07-29 10:48:57+00:00,2026-07-29 10:46:53+00:00,0.9960300925925926,45.58982638888889,0
327785,2026-07-28 10:35:00+00:00,2026-09-11 23:25:25+00:00,2026-07-28 14:50:48+00:00,0.1776388888888889,45.60204861111111,0
327783,2026-07-28 10:13:29+00:00,2026-09-11 23:25:25+00:00,2026-07-28 12:15:16+00:00,0.08457175925925926,45.61699074074074,0
327782,2026-07-28 10:08:57+00:00,2026-09-11 23:25:25+00:00,2026-07-28 10:33:33+00:00,0.017083333333333332,45.62013888888889,0
327781,2026-07-28 10:00:11+00:00,2026-09-11 23:25:25+00:00,2026-07-28 10:51:25+00:00,0.0355787037037037,45.626226851851854,0
327779,2026-07-28 09:29:21+00:00,2026-09-11 23:25:25+00:00,2026-07-28 13:15:16+00:00,0.15688657407407408,45.64763888888889,0
327777,2026-07-28 09:23:50+00:00,2026-09-11 23:25:25+00:00,2026-07-28 10:41:53+00:00,0.05420138888888889,45.65146990740741,0
327776,2026-07-28 09:14:16+00:00,2026-09-11 23:25:25+00:00,2026-07-28 10:07:13+00:00,0.036770833333333336,45.658113425925926,0
327775,2026-07-28 09:04:35+00:00,2026-09-11 23:25:25+00:00,2026-07-28 09:26:00+00:00,0.014872685185185185,45.66483796296296,0
327773,2026-07-28 08:22:38+00:00,2026-09-11 23:25:25+00:00,2026-07-28 17:47:55+00:00,0.3925578703703704,45.69396990740741,0
327771,2026-07-28 07:35:13+00:00,2026-09-11 23:25:25+00:00,2026-07-28 08:20:57+00:00,0.03175925925925926,45.726898148148145,0
327770,2026-07-28 06:42:01+00:00,2026-09-11 23:25:25+00:00,2026-07-28 10:17:15+00:00,0.1494675925925926,45.763842592592596,0
327769,2026-07-28 06:34:41+00:00,2026-09-11 23:25:25+00:00,2026-07-28 13:22:08+00:00,0.2829513888888889,45.768935185185185,0
327766,2026-07-28 05:59:41+00:00,2026-09-11 23:25:25+00:00,2026-07-28 06:40:52+00:00,0.028599537037037038,45.79324074074074,0
327765,2026-07-28 04:57:37+00:00,2026-07-30 21:56:45+00:00,2026-07-30 21:44:15+00:00,2.699050925925926,45.836342592592594,0
327764,2026-07-28 04:54:21+00:00,2026-09-11 23:25:25+00:00,2026-07-28 06:27:06+00:00,0.06440972222222222,45.83861111111111,0
327761,2026-07-28 03:59:44+00:00,2026-09-11 23:25:25+00:00,2026-07-28 21:27:47+00:00,0.7278125,45.876539351851854,0
327758,2026-07-28 01:38:13+00:00,2026-09-11 23:25:25+00:00,2026-07-28 16:45:04+00:00,0.6297569444444444,45.97481481481481,0
327757,2026-07-28 01:37:43+00:00,2026-09-11 23:25:25+00:00,2026-07-28 02:57:46+00:00,0.05559027777777778,45.97516203703704,0
327753,2026-07-28 01:09:56+00:00,2026-09-11 23:25:25+00:00,2026-07-28 19:04:42+00:00,0.7463657407407407,45.99445601851852,0
327752,2026-07-28 00:49:55+00:00,2026-09-11 23:25:25+00:00,2026-07-28 01:41:28+00:00,0.035798611111111114,46.008356481481485,0
327751,2026-07-28 00:26:03+00:00,2026-09-11 23:25:25+00:00,2026-07-28 01:02:41+00:00,0.025439814814814814,46.02493055555556,0
327749,2026-07-28 00:18:40+00:00,2026-09-11 23:25:25+00:00,2026-07-28 18:05:49+00:00,0.7410763888888889,46.03005787037037,0
327748,2026-07-28 00:13:00+00:00,2026-09-11 23:25:25+00:00,2026-07-28 01:28:31+00:00,0.05244212962962963,46.033993055555555,0
327744,2026-07-27 23:59:39+00:00,2026-09-11 23:25:25+00:00,2026-07-28 04:06:34+00:00,0.17146990740740742,46.04326388888889,0
327743,2026-07-27 23:48:37+00:00,2026-08-06 11:47:21+00:00,2026-08-06 11:47:20+00:00,9.499108796296296,46.050925925925924,1
327742,2026-07-27 23:42:27+00:00,2026-09-11 23:25:25+00:00,2026-07-28 00:20:00+00:00,0.02607638888888889,46.05520833333333,0
327741,2026-07-27 23:30:53+00:00,2026-09-11 23:25:25+00:00,2026-07-28 00:27:15+00:00,0.03914351851851852,46.06324074074074,0
327740,2026-07-27 23:28:38+00:00,2026-09-11 23:25:25+00:00,2026-07-28 00:11:43+00:00,0.02991898148148148,46.064803240740744,0
327739,2026-07-27 23:25:59+00:00,2026-09-11 23:25:25+00:00,2026-07-27 23:46:39+00:00,0.014351851851851852,46.06664351851852,0
327738,2026-07-27 23:20:37+00:00,2026-09-11 23:25:25+00:00,2026-07-28 00:14:38+00:00,0.03751157407407407,46.07037037037037,0
327736,2026-07-27 23:13:06+00:00,2026-09-11 23:25:25+00:00,2026-07-28 00:06:40+00:00,0.03719907407407407,46.07559027777778,0
327735,2026-07-27 22:56:56+00:00,2026-09-11 23:25:25+00:00,2026-07-27 23:41:53+00:00,0.03121527777777778,46.08681712962963,0
327734,2026-07-27 22:50:53+00:00,2026-09-11 23:25:25+00:00,2026-07-27 23:50:17+00:00,0.04125,46.09101851851852,0
327731,2026-07-27 22:29:18+00:00,2026-09-11 23:25:25+00:00,2026-07-28 00:04:42+00:00,0.06625,46.106006944444445,0
327729,2026-07-27 22:22:49+00:00,2026-09-11 23:25:25+00:00,2026-07-28 20:55:03+00:00,0.9390509259259259,46.11050925925926,0
327728,2026-07-27 22:18:36+00:00,2026-09-11 23:25:25+00:00,2026-07-28 01:43:54+00:00,0.14256944444444444,46.1134375,0
327724,2026-07-27 22:01:45+00:00,2026-09-11 23:25:25+00:00,2026-07-27 23:29:54+00:00,0.06121527777777778,46.12513888888889,0
327722,2026-07-27 22:01:36+00:00,2026-07-28 12:44:33+00:00,2026-07-28 12:44:33+00:00,0.6131597222222223,46.12524305555556,0
327720,2026-07-27 21:57:04+00:00,2026-08-27 13:29:29+00:00,2026-08-27 13:29:28+00:00,30.6475,46.12839120370371,1
327719,2026-07-27 21:53:06+00:00,2026-09-11 23:25:25+00:00,2026-07-28 05:36:43+00:00,0.3219560185185185,46.131145833333335,0
327718,2026-07-27 21:46:53+00:00,2026-09-10 23:25:10+00:00,2026-07-27 22:27:42+00:00,0.02834490740740741,46.13546296296296,0
327717,2026-07-27 21:44:15+00:00,2026-09-11 23:25:25+00:00,2026-07-28 19:41:37+00:00,0.9148379629629629,46.13729166666667,0
327716,2026-07-27 21:43:27+00:00,2026-07-29 01:06:40+00:00,2026-07-29 01:06:40+00:00,1.1411226851851852,46.13784722222222,0
327714,2026-07-27 21:40:01+00:00,2026-07-29 08:37:09+00:00,2026-07-29 08:36:14+00:00,1.4557060185185184,46.14023148148148,0
327713,2026-07-27 21:37:53+00:00,2026-09-11 23:25:25+00:00,2026-07-28 15:52:25+00:00,0.7600925925925925,46.14171296296296,0
327711,2026-07-27 21:28:36+00:00,2026-09-10 23:25:10+00:00,2026-07-27 22:15:48+00:00,0.03277777777777778,46.148159722222225,0
327710,2026-07-27 21:19:48+00:00,2026-08-13 15:44:16+00:00,2026-08-13 15:44:16+00:00,16.76699074074074,46.154270833333335,1
327708,2026-07-27 21:02:24+00:00,2026-09-10 23:25:10+00:00,2026-07-27 21:21:42+00:00,0.013402777777777777,46.166354166666665,0
327705,2026-07-27 20:51:19+00:00,2026-09-10 23:25:10+00:00,2026-07-27 21:50:32+00:00,0.041122685185185186,46.174050925925926,0
327704,2026-07-27 20:50:39+00:00,2026-09-10 23:25:10+00:00,2026-07-27 21:45:51+00:00,0.03833333333333333,46.17451388888889,0
327703,2026-07-27 20:46:11+00:00,2026-09-10 23:25:10+00:00,2026-07-27 21:40:29+00:00,0.03770833333333334,46.17761574074074,0
327702,2026-07-27 20:39:12+00:00,2026-09-10 23:25:10+00:00,2026-07-27 21:52:11+00:00,0.05068287037037037,46.18246527777778,0
327700,2026-07-27 20:25:25+00:00,2026-09-10 23:25:10+00:00,2026-07-27 21:04:36+00:00,0.027210648148148147,46.19203703703704,0
327698,2026-07-27 20:03:28+00:00,2026-09-10 23:25:10+00:00,2026-07-27 23:01:37+00:00,0.12371527777777777,46.20728009259259,0
327697,2026-07-27 20:02:34+00:00,2026-09-11 23:25:25+00:00,2026-07-28 18:22:32+00:00,0.9305324074074074,46.20790509259259,0
327696,2026-07-27 20:02:11+00:00,2026-09-10 23:25:10+00:00,2026-07-27 20:18:07+00:00,0.011064814814814816,46.2081712962963,0
327694,2026-07-27 19:55:52+00:00,2026-09-10 23:25:10+00:00,2026-07-27 20:49:13+00:00,0.03704861111111111,46.21255787037037,0
327693,2026-07-27 19:55:38+00:00,2026-09-10 23:25:10+00:00,2026-07-27 23:14:53+00:00,0.13836805555555556,46.212719907407404,0
327692,2026-07-27 19:49:43+00:00,2026-09-10 23:25:10+00:00,2026-07-27 19:49:57+00:00,0.00016203703703703703,46.216828703703705,0
327691,2026-07-27 19:44:35+00:00,2026-09-11 23:25:25+00:00,2026-07-28 06:29:04+00:00,0.44755787037037037,46.22039351851852,0
327690,2026-07-27 19:38:28+00:00,2026-09-10 23:25:10+00:00,2026-07-27 21:23:00+00:00,0.0725925925925926,46.224641203703705,0
327689,2026-07-27 19:38:24+00:00,2026-09-02 20:19:25+00:00,,,46.2246875,1
327688,2026-07-27 19:20:22+00:00,2026-07-27 19:44:43+00:00,2026-07-27 19:44:43+00:00,0.016909722222222222,46.23721064814815,0
327686,2026-07-27 19:10:21+00:00,2026-07-27 20:37:18+00:00,,,46.244166666666665,1
327684,2026-07-27 19:05:56+00:00,2026-09-10 23:25:10+00:00,2026-07-27 20:10:14+00:00,0.04465277777777778,46.2472337962963,0
327683,2026-07-27 18:53:54+00:00,2026-07-28 07:44:25+00:00,,,46.25559027777778,1
327681,2026-07-27 18:38:37+00:00,2026-09-10 23:25:10+00:00,2026-07-27 20:35:01+00:00,0.08083333333333333,46.2662037037037,0
327680,2026-07-27 18:37:42+00:00,2026-09-11 23:25:36+00:00,2026-07-27 23:41:03+00:00,0.21065972222222223,46.266840277777774,0
327679,2026-07-27 18:37:38+00:00,2026-07-27 23:47:31+00:00,2026-07-27 23:47:31+00:00,0.21519675925925927,46.26688657407407,0
327677,2026-07-27 18:21:34+00:00,2026-09-11 23:25:36+00:00,2026-07-28 18:20:20+00:00,0.9991435185185186,46.27804398148148,0
327675,2026-07-27 18:18:40+00:00,2026-09-11 23:25:36+00:00,2026-07-28 18:11:05+00:00,0.9947337962962963,46.28005787037037,0
327674,2026-07-27 18:09:11+00:00,2026-09-10 23:25:10+00:00,2026-07-27 18:40:32+00:00,0.021770833333333333,46.28664351851852,0
327670,2026-07-27 17:39:02+00:00,2026-09-10 23:25:10+00:00,2026-07-27 18:05:28+00:00,0.01835648148148148,46.30758101851852,0
327666,2026-07-27 17:32:42+00:00,2026-07-29 01:17:35+00:00,2026-07-29 01:17:34+00:00,1.322824074074074,46.31197916666667,0
327664,2026-07-27 17:29:25+00:00,2026-09-10 23:25:10+00:00,2026-07-27 17:53:44+00:00,0.016886574074074075,46.31425925925926,0
327662,2026-07-27 17:25:14+00:00,2026-07-28 21:34:24+00:00,2026-07-28 21:34:24+00:00,1.1730324074074074,46.31716435185185,0
327659,2026-07-27 17:03:09+00:00,2026-07-27 18:40:04+00:00,,,46.3325,1
327658,2026-07-27 16:54:30+00:00,2026-09-10 23:25:10+00:00,2026-07-27 18:07:38+00:00,0.05078703703703704,46.33850694444445,0
327657,2026-07-27 16:37:49+00:00,2026-09-10 23:25:10+00:00,2026-07-27 17:42:53+00:00,0.04518518518518518,46.350092592592596,0
327654,2026-07-27 16:31:54+00:00,2026-09-10 23:25:10+00:00,2026-07-27 18:06:50+00:00,0.06592592592592593,46.35420138888889,0
327652,2026-07-27 16:11:57+00:00,2026-09-10 23:25:10+00:00,2026-07-27 16:27:44+00:00,0.010960648148148148,46.36805555555556,0
327651,2026-07-27 16:06:42+00:00,2026-09-10 23:25:10+00:00,2026-07-27 16:22:40+00:00,0.011087962962962963,46.37170138888889,0
327647,2026-07-27 15:40:07+00:00,2026-08-06 05:06:25+00:00,,,46.39016203703704,1
327642,2026-07-27 15:09:40+00:00,2026-09-11 23:25:36+00:00,2026-07-28 04:46:18+00:00,0.5671064814814815,46.41130787037037,0
327638,2026-07-27 14:58:59+00:00,2026-07-28 16:15:55+00:00,2026-07-28 16:15:55+00:00,1.053425925925926,46.41872685185185,0
327637,2026-07-27 14:58:49+00:00,2026-07-29 01:14:00+00:00,2026-07-29 01:14:00+00:00,1.4272106481481481,46.41884259259259,0
327632,2026-07-27 14:10:12+00:00,2026-09-11 23:25:36+00:00,2026-07-28 13:20:40+00:00,0.9656018518518519,46.45260416666667,0
327629,2026-07-27 13:41:19+00:00,2026-09-10 23:25:10+00:00,2026-07-27 16:30:33+00:00,0.11752314814814815,46.47266203703704,0
327628,2026-07-27 13:32:23+00:00,2026-09-02 16:30:53+00:00,2026-09-02 15:53:24+00:00,37.09792824074074,46.478865740740744,1
327624,2026-07-27 12:32:59+00:00,2026-09-10 23:25:10+00:00,2026-07-27 15:23:19+00:00,0.11828703703703704,46.52011574074074,0
327623,2026-07-27 11:43:28+00:00,2026-09-10 23:25:10+00:00,2026-07-27 13:12:07+00:00,0.0615625,46.55450231481481,0
327614,2026-07-27 10:57:30+00:00,2026-09-10 23:25:10+00:00,2026-07-27 13:09:50+00:00,0.09189814814814815,46.58642361111111,0
327612,2026-07-27 10:41:52+00:00,2026-08-07 21:52:20+00:00,2026-08-07 21:51:15+00:00,11.464849537037036,46.59728009259259,1
327609,2026-07-27 10:31:19+00:00,2026-09-10 23:25:10+00:00,2026-07-27 10:55:52+00:00,0.01704861111111111,46.60460648148148,0
327598,2026-07-27 08:34:27+00:00,2026-09-10 23:25:10+00:00,2026-07-27 11:54:35+00:00,0.13898148148148148,46.685763888888886,0
327596,2026-07-27 08:29:34+00:00,2026-09-10 23:25:10+00:00,2026-07-27 09:43:55+00:00,0.051631944444444446,46.68915509259259,0
327594,2026-07-27 08:19:54+00:00,2026-09-10 23:25:10+00:00,2026-07-27 09:18:06+00:00,0.04041666666666666,46.69586805555556,0
327593,2026-07-27 08:19:38+00:00,2026-09-10 23:25:10+00:00,2026-07-27 09:06:55+00:00,0.03283564814814815,46.69605324074074,0
327590,2026-07-27 08:04:04+00:00,2026-09-11 23:25:36+00:00,2026-07-28 09:24:46+00:00,1.0560416666666668,46.706863425925924,0
327588,2026-07-27 07:20:05+00:00,2026-09-10 23:25:10+00:00,2026-07-27 07:36:31+00:00,0.011412037037037037,46.73740740740741,0
327585,2026-07-27 06:18:11+00:00,2026-08-07 03:06:03+00:00,2026-08-07 03:06:03+00:00,10.866574074074075,46.780393518518515,1
327583,2026-07-27 06:09:31+00:00,2026-09-11 23:25:36+00:00,2026-07-28 16:45:48+00:00,1.441863425925926,46.78641203703704,0
327576,2026-07-27 05:23:27+00:00,2026-07-27 07:22:33+00:00,,,46.81840277777778,1
327575,2026-07-27 05:22:16+00:00,2026-07-29 06:57:41+00:00,,,46.81922453703704,1
327573,2026-07-27 03:50:25+00:00,2026-09-11 23:25:36+00:00,2026-07-28 04:06:37+00:00,1.01125,46.88300925925926,0
327571,2026-07-27 03:28:19+00:00,2026-09-10 23:25:10+00:00,2026-07-27 15:36:31+00:00,0.5056944444444444,46.89835648148148,0
327569,2026-07-27 03:07:48+00:00,2026-09-11 23:25:36+00:00,2026-07-28 00:26:16+00:00,0.887824074074074,46.91260416666667,0
327566,2026-07-27 01:46:28+00:00,2026-09-10 23:25:10+00:00,2026-07-27 02:41:03+00:00,0.037905092592592594,46.969085648148145,0
327562,2026-07-27 00:59:44+00:00,2026-09-10 23:25:11+00:00,2026-07-27 01:47:42+00:00,0.033310185185185186,47.001539351851854,0
327560,2026-07-27 00:49:33+00:00,2026-09-10 23:25:11+00:00,2026-07-27 02:40:40+00:00,0.07716435185185185,47.00861111111111,0
327557,2026-07-27 00:12:09+00:00,2026-09-10 23:25:11+00:00,2026-07-27 01:26:40+00:00,0.05174768518518519,47.03458333333333,0
327555,2026-07-26 23:55:10+00:00,2026-09-10 23:25:11+00:00,2026-07-27 00:27:48+00:00,0.022662037037037036,47.04637731481481,0
327553,2026-07-26 23:09:30+00:00,2026-09-10 23:25:11+00:00,2026-07-27 00:18:15+00:00,0.04774305555555555,47.078090277777775,0
327552,2026-07-26 22:22:34+00:00,2026-09-10 23:25:11+00:00,2026-07-27 13:09:39+00:00,0.6160300925925926,47.11068287037037,0
327550,2026-07-26 21:33:15+00:00,2026-09-09 23:27:25+00:00,2026-07-26 22:04:36+00:00,0.021770833333333333,47.144930555555554,0
327549,2026-07-26 20:53:33+00:00,2026-09-10 23:25:11+00:00,2026-07-27 16:19:54+00:00,0.8099652777777778,47.1725,0
327548,2026-07-26 20:46:37+00:00,2026-09-09 23:27:25+00:00,2026-07-26 21:28:07+00:00,0.028819444444444446,47.177314814814814,0
327547,2026-07-26 20:42:18+00:00,2026-09-10 23:25:11+00:00,2026-07-27 10:04:32+00:00,0.5571064814814815,47.1803125,0
327545,2026-07-26 20:22:54+00:00,2026-07-26 20:24:09+00:00,,,47.19378472222222,1
327544,2026-07-26 20:19:39+00:00,2026-08-19 19:26:50+00:00,2026-08-19 19:25:23+00:00,23.962314814814814,47.196041666666666,1
327542,2026-07-26 20:11:19+00:00,2026-09-10 23:25:11+00:00,2026-07-27 00:38:03+00:00,0.18523148148148147,47.201828703703704,0
327541,2026-07-26 19:44:30+00:00,2026-09-09 23:27:25+00:00,2026-07-26 20:01:31+00:00,0.011817129629629629,47.22045138888889,0
327518,2026-07-26 14:02:08+00:00,2026-08-13 20:14:16+00:00,2026-07-31 18:44:32+00:00,5.196111111111111,47.45820601851852,0
327511,2026-07-26 10:36:37+00:00,2026-09-10 23:25:11+00:00,2026-07-27 17:44:35+00:00,1.297199074074074,47.60092592592593,0
327500,2026-07-26 06:03:13+00:00,2026-08-02 12:27:22+00:00,,,47.790787037037035,1
327497,2026-07-26 03:56:06+00:00,2026-08-20 09:32:37+00:00,,,47.8790625,1
327495,2026-07-25 23:10:10+00:00,2026-09-09 23:27:26+00:00,2026-07-26 20:52:13+00:00,0.9042013888888889,48.07762731481481,0
327494,2026-07-25 22:49:22+00:00,2026-09-03 12:20:03+00:00,,,48.09207175925926,1
327491,2026-07-25 21:30:12+00:00,2026-09-10 23:25:11+00:00,2026-07-27 17:37:35+00:00,1.8384606481481482,48.14704861111111,0
327490,2026-07-25 21:13:34+00:00,2026-09-10 23:25:11+00:00,2026-07-27 19:41:30+00:00,1.9360648148148147,48.158599537037034,0
327489,2026-07-25 21:11:48+00:00,2026-09-10 23:25:12+00:00,2026-07-27 04:33:13+00:00,1.3065393518518518,48.15982638888889,0
327486,2026-07-25 20:03:02+00:00,2026-09-08 23:25:33+00:00,2026-07-25 21:25:16+00:00,0.05710648148148148,48.20758101851852,0
327485,2026-07-25 19:45:56+00:00,2026-07-27 16:38:53+00:00,,,48.21945601851852,1
327483,2026-07-25 19:10:50+00:00,2026-09-09 23:27:26+00:00,2026-07-26 00:03:37+00:00,0.20332175925925927,48.24383101851852,0
327482,2026-07-25 19:07:01+00:00,2026-07-26 12:34:23+00:00,2026-07-26 12:34:23+00:00,0.7273379629629629,48.24648148148148,0
327481,2026-07-25 19:05:12+00:00,2026-09-09 23:27:25+00:00,2026-07-26 00:03:01+00:00,0.20681712962962964,48.24774305555555,0
327475,2026-07-25 17:13:38+00:00,2026-07-30 00:40:15+00:00,2026-07-30 00:39:15+00:00,4.309456018518518,48.32521990740741,0
327465,2026-07-25 14:45:57+00:00,2026-09-08 23:25:33+00:00,2026-07-25 16:51:57+00:00,0.0875,48.42777777777778,0
327464,2026-07-25 14:31:49+00:00,2026-08-06 11:47:23+00:00,2026-08-06 11:47:22+00:00,11.885798611111111,48.437592592592594,1
327451,2026-07-25 07:48:06+00:00,2026-09-10 04:03:12+00:00,,,48.71795138888889,1
327450,2026-07-25 06:27:07+00:00,2026-09-10 23:25:11+00:00,2026-07-27 22:01:49+00:00,2.649097222222222,48.77418981481482,0
327448,2026-07-25 05:50:15+00:00,2026-07-25 21:54:24+00:00,2026-07-25 21:54:24+00:00,0.6695486111111111,48.799791666666664,0
327445,2026-07-25 05:06:37+00:00,2026-09-08 23:25:33+00:00,2026-07-25 05:23:20+00:00,0.011608796296296296,48.83009259259259,0
327442,2026-07-25 04:02:09+00:00,2026-08-12 17:01:17+00:00,2026-08-12 17:01:17+00:00,18.541064814814813,48.87486111111111,1
327441,2026-07-25 03:30:51+00:00,2026-09-08 23:25:33+00:00,2026-07-25 04:25:15+00:00,0.03777777777777778,48.89659722222222,0
327433,2026-07-25 01:11:49+00:00,2026-09-08 23:25:33+00:00,2026-07-25 02:40:29+00:00,0.06157407407407407,48.99314814814815,0
327432,2026-07-25 01:07:46+00:00,2026-09-08 23:25:33+00:00,2026-07-25 01:24:59+00:00,0.011956018518518519,48.99596064814815,0
327431,2026-07-25 00:50:43+00:00,2026-09-08 23:25:33+00:00,2026-07-25 02:40:35+00:00,0.07629629629629629,49.00780092592593,0
327428,2026-07-25 00:18:11+00:00,2026-09-08 23:25:33+00:00,2026-07-25 01:22:44+00:00,0.04482638888888889,49.030393518518515,0
327427,2026-07-25 00:07:16+00:00,2026-09-10 23:25:11+00:00,2026-07-27 20:54:17+00:00,2.8659837962962964,49.03797453703704,0
327426,2026-07-25 00:03:59+00:00,2026-07-28 21:35:13+00:00,2026-07-28 21:35:13+00:00,3.896689814814815,49.04025462962963,0
327425,2026-07-25 00:03:31+00:00,2026-07-25 01:41:18+00:00,,,49.0405787037037,1
327423,2026-07-24 23:54:55+00:00,2026-09-08 23:25:33+00:00,2026-07-25 01:05:42+00:00,0.04915509259259259,49.04655092592593,0
327422,2026-07-24 23:42:34+00:00,2026-09-08 23:25:33+00:00,2026-07-25 00:52:22+00:00,0.04847222222222222,49.05512731481482,0
327421,2026-07-24 23:41:17+00:00,2026-09-08 23:25:33+00:00,2026-07-25 19:10:37+00:00,0.812037037037037,49.05601851851852,0
327420,2026-07-24 23:32:27+00:00,2026-09-08 23:25:38+00:00,2026-07-25 00:01:22+00:00,0.02008101851851852,49.062152777777776,0
327419,2026-07-24 23:29:43+00:00,2026-07-25 00:49:57+00:00,,,49.064050925925926,1
327418,2026-07-24 23:24:41+00:00,2026-09-11 23:25:36+00:00,2026-07-28 16:45:31+00:00,3.722800925925926,49.0675462962963,0
327417,2026-07-24 23:20:01+00:00,2026-09-08 23:25:38+00:00,2026-07-25 19:20:20+00:00,0.8335532407407408,49.070787037037036,0
327416,2026-07-24 22:58:11+00:00,2026-07-30 22:42:45+00:00,2026-07-30 22:42:44+00:00,5.989270833333333,49.08594907407407,0
327414,2026-07-24 22:55:30+00:00,2026-09-08 23:25:38+00:00,2026-07-25 00:57:01+00:00,0.08438657407407407,49.0878125,0
327412,2026-07-24 22:50:46+00:00,2026-09-08 23:25:38+00:00,2026-07-25 00:09:44+00:00,0.05483796296296296,49.09109953703704,0
327410,2026-07-24 22:16:30+00:00,2026-09-07 23:25:24+00:00,2026-07-24 23:09:34+00:00,0.03685185185185185,49.114895833333335,0
327409,2026-07-24 22:15:40+00:00,2026-09-07 23:25:24+00:00,2026-07-24 23:05:57+00:00,0.03491898148148148,49.11547453703704,0
327408,2026-07-24 22:13:57+00:00,2026-09-08 23:25:38+00:00,2026-07-25 01:10:04+00:00,0.12230324074074074,49.11666666666667,0
327407,2026-07-24 22:06:48+00:00,2026-09-07 23:25:24+00:00,2026-07-24 23:18:36+00:00,0.04986111111111111,49.121631944444445,0
327406,2026-07-24 22:05:30+00:00,2026-09-07 23:25:24+00:00,2026-07-24 22:43:04+00:00,0.026087962962962962,49.12253472222222,0
327405,2026-07-24 21:54:01+00:00,2026-09-07 23:25:24+00:00,2026-07-24 22:40:47+00:00,0.032476851851851854,49.130509259259256,0
327403,2026-07-24 21:43:41+00:00,2026-08-01 05:44:30+00:00,2026-08-01 05:43:34+00:00,7.333252314814815,49.137685185185184,1
327401,2026-07-24 21:34:36+00:00,2026-09-08 23:25:38+00:00,2026-07-25 08:33:36+00:00,0.4576388888888889,49.143993055555555,0
327400,2026-07-24 21:33:44+00:00,2026-08-20 21:07:21+00:00,2026-08-20 21:07:11+00:00,26.9815625,49.14459490740741,1
327399,2026-07-24 21:33:39+00:00,2026-08-20 21:07:23+00:00,2026-08-20 21:07:14+00:00,26.981655092592593,49.14465277777778,1
327398,2026-07-24 21:29:22+00:00,2026-07-29 05:51:18+00:00,2026-07-29 05:50:19+00:00,4.3478819444444445,49.14762731481481,0
327397,2026-07-24 21:23:40+00:00,2026-09-07 23:25:24+00:00,2026-07-24 22:11:01+00:00,0.03288194444444444,49.15158564814815,0
327395,2026-07-24 21:15:15+00:00,2026-09-07 23:25:24+00:00,2026-07-24 22:20:22+00:00,0.04521990740740741,49.15743055555556,0
327394,2026-07-24 21:12:46+00:00,2026-09-07 23:25:24+00:00,2026-07-24 22:06:06+00:00,0.037037037037037035,49.15915509259259,0
327393,2026-07-24 21:12:04+00:00,2026-09-09 23:27:26+00:00,2026-07-26 18:33:50+00:00,1.8901157407407407,49.15964120370371,0
327391,2026-07-24 20:56:33+00:00,2026-09-07 23:25:24+00:00,2026-07-24 22:25:32+00:00,0.061793981481481484,49.17041666666667,0
327389,2026-07-24 20:37:27+00:00,2026-09-07 23:25:24+00:00,2026-07-24 21:11:30+00:00,0.023645833333333335,49.183680555555554,0
327388,2026-07-24 20:34:09+00:00,2026-09-07 23:25:24+00:00,2026-07-24 21:13:01+00:00,0.026990740740740742,49.18597222222222,0
327387,2026-07-24 20:34:02+00:00,2026-09-07 23:25:25+00:00,2026-07-24 20:55:39+00:00,0.015011574074074075,49.18605324074074,0
327385,2026-07-24 20:32:00+00:00,2026-09-07 23:25:24+00:00,2026-07-24 22:28:34+00:00,0.08094907407407408,49.187465277777775,0
327383,2026-07-24 20:30:42+00:00,2026-09-11 23:25:37+00:00,2026-07-28 22:38:41+00:00,4.088877314814815,49.18836805555556,0
327381,2026-07-24 20:27:52+00:00,2026-09-11 23:25:36+00:00,2026-07-28 10:40:04+00:00,3.5918055555555557,49.19033564814815,0
327379,2026-07-24 20:25:12+00:00,2026-08-23 22:50:10+00:00,2026-08-23 22:50:10+00:00,30.100671296296298,49.1921875,1
327378,2026-07-24 20:22:21+00:00,2026-09-10 23:25:11+00:00,2026-07-27 20:48:39+00:00,3.018263888888889,49.19416666666667,0
327376,2026-07-24 20:19:29+00:00,2026-09-07 23:25:24+00:00,2026-07-24 21:45:25+00:00,0.059675925925925924,49.196157407407405,0
327375,2026-07-24 20:16:27+00:00,2026-09-11 23:25:36+00:00,2026-07-27 23:53:34+00:00,3.150775462962963,49.19826388888889,0
327374,2026-07-24 20:13:40+00:00,2026-07-25 02:21:54+00:00,,,49.200196759259256,1
327372,2026-07-24 20:10:23+00:00,2026-09-07 23:25:24+00:00,2026-07-24 20:49:57+00:00,0.027476851851851853,49.20247685185185,0
327369,2026-07-24 20:01:20+00:00,2026-07-25 19:37:00+00:00,2026-07-25 19:37:00+00:00,0.9831018518518518,49.208761574074074,0
327367,2026-07-24 19:56:13+00:00,2026-08-07 15:04:49+00:00,2026-08-07 15:03:56+00:00,13.797025462962964,49.21231481481482,1
327366,2026-07-24 19:56:09+00:00,2026-09-07 23:25:24+00:00,2026-07-24 20:13:08+00:00,0.011793981481481482,49.212361111111115,0
327361,2026-07-24 19:08:36+00:00,2026-09-07 23:25:24+00:00,2026-07-24 19:45:17+00:00,0.02547453703703704,49.245381944444446,0
327356,2026-07-24 18:58:18+00:00,2026-09-07 23:25:24+00:00,2026-07-24 19:47:56+00:00,0.03446759259259259,49.25253472222222,0
327355,2026-07-24 18:48:37+00:00,2026-09-07 23:25:24+00:00,2026-07-24 19:05:09+00:00,0.011481481481481481,49.25925925925926,0
327351,2026-07-24 18:14:46+00:00,2026-09-07 23:25:24+00:00,2026-07-24 19:09:41+00:00,0.03813657407407407,49.2827662037037,0
327350,2026-07-24 18:14:11+00:00,2026-09-07 23:25:24+00:00,2026-07-24 20:40:50+00:00,0.10184027777777778,49.283171296296295,0
327347,2026-07-24 18:04:59+00:00,2026-07-24 19:37:20+00:00,,,49.28956018518519,1
327345,2026-07-24 17:55:14+00:00,2026-09-08 23:25:38+00:00,2026-07-24 23:29:43+00:00,0.23228009259259258,49.296331018518515,0
327341,2026-07-24 17:32:03+00:00,2026-09-07 23:25:24+00:00,2026-07-24 19:00:31+00:00,0.06143518518518518,49.31243055555556,0
327340,2026-07-24 17:20:23+00:00,2026-09-07 23:25:24+00:00,2026-07-24 19:40:23+00:00,0.09722222222222222,49.320532407407406,0
327337,2026-07-24 17:06:50+00:00,2026-09-07 23:25:24+00:00,2026-07-24 20:32:42+00:00,0.14296296296296296,49.32994212962963,0
327332,2026-07-24 16:58:26+00:00,2026-09-07 23:25:24+00:00,2026-07-24 17:44:13+00:00,0.03179398148148148,49.335775462962964,0
327331,2026-07-24 16:57:56+00:00,2026-09-07 23:25:24+00:00,2026-07-24 19:06:38+00:00,0.089375,49.33612268518519,0
327330,2026-07-24 16:42:40+00:00,2026-07-24 16:47:17+00:00,,,49.34672453703703,1
327328,2026-07-24 16:40:12+00:00,2026-09-07 23:25:24+00:00,2026-07-24 20:35:41+00:00,0.1635300925925926,49.3484375,0
327325,2026-07-24 16:29:29+00:00,2026-07-24 22:01:47+00:00,2026-07-24 22:01:47+00:00,0.23076388888888888,49.35587962962963,0
327321,2026-07-24 16:18:24+00:00,2026-07-24 17:36:07+00:00,,,49.36357638888889,1
327320,2026-07-24 16:07:32+00:00,2026-07-24 17:39:37+00:00,,,49.371122685185185,1
327319,2026-07-24 16:02:33+00:00,2026-09-07 23:25:24+00:00,2026-07-24 18:58:27+00:00,0.12215277777777778,49.374583333333334,0
327316,2026-07-24 15:51:25+00:00,2026-09-07 23:25:24+00:00,2026-07-24 19:55:41+00:00,0.16962962962962963,49.38231481481481,0
327315,2026-07-24 15:45:16+00:00,2026-09-07 23:25:24+00:00,2026-07-24 17:58:58+00:00,0.09284722222222222,49.38658564814815,0
327313,2026-07-24 15:08:25+00:00,2026-09-07 23:25:24+00:00,2026-07-24 19:04:23+00:00,0.16386574074074073,49.41217592592593,0
327312,2026-07-24 15:08:10+00:00,2026-08-18 06:37:09+00:00,,,49.41234953703704,1
327306,2026-07-24 14:40:43+00:00,2026-07-24 16:44:25+00:00,,,49.431412037037035,1
327305,2026-07-24 14:35:27+00:00,2026-08-04 23:26:10+00:00,2026-08-04 23:26:10+00:00,11.368553240740741,49.435069444444444,1
327303,2026-07-24 14:32:39+00:00,2026-09-07 23:25:24+00:00,2026-07-24 16:38:35+00:00,0.0874537037037037,49.43701388888889,0
327302,2026-07-24 14:19:28+00:00,2026-09-07 23:25:24+00:00,2026-07-24 16:39:13+00:00,0.09704861111111111,49.446168981481485,0
327301,2026-07-24 14:17:46+00:00,2026-08-16 23:53:13+00:00,,,49.447349537037034,1
327300,2026-07-24 14:10:25+00:00,2026-09-07 23:25:24+00:00,2026-07-24 18:53:03+00:00,0.19627314814814814,49.4524537037037,0
327298,2026-07-24 13:57:28+00:00,2026-07-31 17:36:50+00:00,2026-07-31 17:36:49+00:00,7.152326388888889,49.46144675925926,1
327297,2026-07-24 13:56:48+00:00,2026-07-24 21:31:42+00:00,2026-07-24 21:31:42+00:00,0.31590277777777775,49.461909722222224,0
327296,2026-07-24 13:47:16+00:00,2026-09-07 23:25:24+00:00,2026-07-24 14:51:31+00:00,0.04461805555555556,49.468530092592594,0
327295,2026-07-24 13:19:13+00:00,2026-09-07 23:25:24+00:00,2026-07-24 14:23:18+00:00,0.044502314814814814,49.48800925925926,0
327294,2026-07-24 13:04:32+00:00,2026-08-13 11:00:42+00:00,,,49.498206018518516,1
327290,2026-07-24 11:50:29+00:00,2026-09-07 23:25:24+00:00,2026-07-24 16:39:07+00:00,0.20043981481481482,49.54962962962963,0
327289,2026-07-24 11:42:57+00:00,2026-09-09 23:27:26+00:00,2026-07-26 15:07:48+00:00,2.1422569444444446,49.55486111111111,0
327280,2026-07-24 10:40:20+00:00,2026-09-07 23:25:26+00:00,2026-07-24 13:02:42+00:00,0.09886574074074074,49.59834490740741,0
327276,2026-07-24 10:15:56+00:00,2026-08-16 16:52:22+00:00,,,49.61528935185185,1
327275,2026-07-24 10:15:35+00:00,2026-09-07 20:30:11+00:00,,,49.61553240740741,1
327273,2026-07-24 10:02:44+00:00,2026-09-07 23:25:25+00:00,2026-07-24 10:20:13+00:00,0.012141203703703704,49.624456018518515,0
327272,2026-07-24 09:55:00+00:00,2026-09-07 23:25:26+00:00,2026-07-24 13:40:16+00:00,0.15643518518518518,49.62982638888889,0
327271,2026-07-24 09:50:41+00:00,2026-09-07 23:25:26+00:00,2026-07-24 13:27:24+00:00,0.1504976851851852,49.63282407407407,0
327270,2026-07-24 09:49:46+00:00,2026-08-16 16:52:50+00:00,,,49.63346064814815,1
327269,2026-07-24 09:49:32+00:00,2026-08-16 16:52:53+00:00,,,49.63362268518519,1
327266,2026-07-24 09:21:03+00:00,2026-08-19 09:55:17+00:00,2026-08-19 09:55:17+00:00,26.02377314814815,49.65340277777778,1
327265,2026-07-24 09:09:10+00:00,2026-09-07 23:25:26+00:00,2026-07-24 10:06:59+00:00,0.040150462962962964,49.66165509259259,0
327258,2026-07-24 08:03:49+00:00,2026-09-07 23:25:26+00:00,2026-07-24 09:23:46+00:00,0.05552083333333333,49.70703703703704,0
327255,2026-07-24 07:51:26+00:00,2026-07-29 08:19:23+00:00,2026-07-29 08:19:21+00:00,5.019386574074074,49.715636574074075,0
327254,2026-07-24 07:25:14+00:00,2026-09-07 23:25:26+00:00,2026-07-24 10:00:30+00:00,0.10782407407407407,49.733831018518515,0
327251,2026-07-24 07:08:21+00:00,2026-09-07 23:25:25+00:00,2026-07-24 07:25:26+00:00,0.011863425925925927,49.745555555555555,0
327248,2026-07-24 06:18:15+00:00,2026-07-28 23:15:16+00:00,2026-07-28 23:14:17+00:00,4.705578703703703,49.780347222222225,0
327246,2026-07-24 04:33:46+00:00,2026-07-24 04:40:17+00:00,2026-07-24 04:40:05+00:00,0.004386574074074074,49.85290509259259,0
327245,2026-07-24 04:32:44+00:00,2026-09-08 23:25:38+00:00,2026-07-25 05:43:51+00:00,1.049386574074074,49.85362268518519,0
327244,2026-07-24 04:04:23+00:00,2026-09-07 23:25:25+00:00,2026-07-24 21:14:28+00:00,0.7153356481481481,49.87331018518518,0
327241,2026-07-24 03:02:26+00:00,2026-09-07 23:25:26+00:00,2026-07-24 22:23:18+00:00,0.8061574074074074,49.91633101851852,0
327237,2026-07-24 02:32:25+00:00,2026-09-07 23:25:26+00:00,2026-07-24 05:18:10+00:00,0.11510416666666666,49.93717592592593,0
327236,2026-07-24 02:32:23+00:00,2026-09-07 23:25:26+00:00,2026-07-24 05:17:12+00:00,0.11445601851851851,49.93719907407407,0
327235,2026-07-24 02:32:20+00:00,2026-09-07 23:25:26+00:00,2026-07-24 05:17:53+00:00,0.11496527777777778,49.9372337962963,0
327233,2026-07-24 02:24:41+00:00,2026-09-07 23:25:26+00:00,2026-07-24 03:46:02+00:00,0.05649305555555555,49.9425462962963,0
327231,2026-07-24 02:03:42+00:00,2026-08-03 20:50:01+00:00,2026-08-03 20:49:03+00:00,10.781493055555556,49.957118055555554,1
327226,2026-07-24 00:05:49+00:00,2026-09-07 23:25:26+00:00,2026-07-24 00:55:09+00:00,0.03425925925925926,50.03898148148148,0
327225,2026-07-23 23:50:39+00:00,2026-09-07 23:25:26+00:00,2026-07-24 00:39:17+00:00,0.03377314814814815,50.04951388888889,0
327224,2026-07-23 23:45:42+00:00,2026-09-07 23:25:26+00:00,2026-07-24 00:30:43+00:00,0.031261574074074074,50.052951388888886,0
327223,2026-07-23 23:41:17+00:00,2026-09-07 23:25:26+00:00,2026-07-24 02:26:29+00:00,0.11472222222222223,50.05601851851852,0
327220,2026-07-23 23:11:51+00:00,2026-08-04 23:26:03+00:00,2026-08-04 23:26:03+00:00,12.00986111111111,50.076458333333335,1
327218,2026-07-23 23:02:08+00:00,2026-09-07 23:25:26+00:00,2026-07-23 23:26:37+00:00,0.017002314814814814,50.08320601851852,0
327215,2026-07-23 22:45:13+00:00,2026-09-07 23:25:26+00:00,2026-07-24 16:38:25+00:00,0.7452777777777778,50.0949537037037,0
327213,2026-07-23 22:38:50+00:00,2026-09-07 23:25:25+00:00,2026-07-23 23:33:30+00:00,0.03796296296296296,50.099386574074074,0
327211,2026-07-23 22:04:33+00:00,2026-09-07 23:25:26+00:00,2026-07-24 00:00:47+00:00,0.08071759259259259,50.123194444444444,0
327210,2026-07-23 21:50:42+00:00,2026-09-06 23:24:15+00:00,2026-07-23 23:05:05+00:00,0.05165509259259259,50.1328125,0
327209,2026-07-23 21:45:42+00:00,2026-09-06 23:24:15+00:00,2026-07-23 23:04:15+00:00,0.05454861111111111,50.13628472222222,0
327208,2026-07-23 21:36:41+00:00,2026-09-09 22:30:31+00:00,2026-09-09 22:29:35+00:00,48.03673611111111,50.142546296296295,1
327206,2026-07-23 21:18:42+00:00,2026-09-07 23:25:26+00:00,2026-07-24 00:58:52+00:00,0.1528935185185185,50.155034722222226,0
327201,2026-07-23 21:02:57+00:00,2026-07-23 22:35:43+00:00,2026-07-23 22:35:43+00:00,0.0644212962962963,50.16597222222222,0
327200,2026-07-23 20:55:22+00:00,2026-09-07 23:25:25+00:00,2026-07-24 12:18:18+00:00,0.6409259259259259,50.17123842592593,0
327199,2026-07-23 20:41:51+00:00,2026-09-06 23:24:15+00:00,2026-07-23 21:00:50+00:00,0.01318287037037037,50.180625,0
327198,2026-07-23 20:25:00+00:00,2026-07-23 21:28:57+00:00,,,50.19232638888889,1
327193,2026-07-23 20:05:33+00:00,2026-07-27 18:02:14+00:00,,,50.20583333333333,1
327192,2026-07-23 20:00:43+00:00,2026-09-07 23:25:26+00:00,2026-07-24 01:07:31+00:00,0.21305555555555555,50.20918981481481,0
327191,2026-07-23 19:37:03+00:00,2026-09-06 23:24:15+00:00,2026-07-23 22:45:16+00:00,0.1307060185185185,50.225625,0
327189,2026-07-23 19:30:18+00:00,2026-09-07 23:25:26+00:00,2026-07-24 09:24:01+00:00,0.5789699074074074,50.2303125,0
327187,2026-07-23 19:25:23+00:00,2026-09-07 23:25:26+00:00,2026-07-24 18:58:15+00:00,0.9811574074074074,50.23372685185185,0
327186,2026-07-23 19:18:01+00:00,2026-09-07 23:25:37+00:00,2026-07-24 20:41:22+00:00,1.0578819444444445,50.23884259259259,0
327184,2026-07-23 19:07:52+00:00,2026-09-06 23:24:15+00:00,2026-07-23 22:58:18+00:00,0.16002314814814814,50.24589120370371,0
327182,2026-07-23 19:05:25+00:00,2026-07-24 18:48:22+00:00,2026-07-24 18:48:21+00:00,0.9881481481481481,50.24759259259259,0
327181,2026-07-23 18:44:42+00:00,2026-09-07 23:25:37+00:00,2026-07-24 11:43:01+00:00,0.7071643518518519,50.26197916666667,0
327180,2026-07-23 18:33:27+00:00,2026-09-06 23:24:15+00:00,2026-07-23 19:39:20+00:00,0.045752314814814815,50.26979166666667,0
327175,2026-07-23 18:09:09+00:00,2026-07-23 19:35:15+00:00,,,50.28666666666667,1
327174,2026-07-23 17:37:08+00:00,2026-09-06 23:24:15+00:00,2026-07-23 18:15:54+00:00,0.026921296296296297,50.30890046296296,0
327173,2026-07-23 17:29:49+00:00,2026-09-06 23:24:16+00:00,2026-07-23 18:34:09+00:00,0.044675925925925924,50.313981481481484,0
327172,2026-07-23 17:18:55+00:00,2026-09-06 23:24:15+00:00,2026-07-23 18:04:05+00:00,0.03136574074074074,50.321550925925926,0
327170,2026-07-23 17:10:20+00:00,2026-08-06 09:25:30+00:00,2026-08-06 09:25:30+00:00,13.677199074074075,50.32751157407407,1
327168,2026-07-23 17:01:18+00:00,2026-09-06 23:24:15+00:00,2026-07-23 17:51:50+00:00,0.03509259259259259,50.33378472222222,0
327166,2026-07-23 16:58:05+00:00,2026-09-06 23:24:15+00:00,2026-07-23 17:47:56+00:00,0.034618055555555555,50.33601851851852,0
327165,2026-07-23 16:56:35+00:00,2026-09-07 23:25:37+00:00,2026-07-24 02:29:27+00:00,0.39782407407407405,50.33706018518519,0
327163,2026-07-23 16:43:17+00:00,2026-07-23 18:35:50+00:00,,,50.346296296296295,1
327162,2026-07-23 16:42:22+00:00,2026-09-06 23:24:15+00:00,2026-07-23 18:36:14+00:00,0.07907407407407407,50.346932870370374,0
327161,2026-07-23 16:41:44+00:00,2026-09-06 23:24:15+00:00,2026-07-23 17:41:12+00:00,0.041296296296296296,50.347372685185185,0
327160,2026-07-23 16:40:50+00:00,2026-09-06 23:24:15+00:00,2026-07-23 17:40:03+00:00,0.041122685185185186,50.347997685185184,0
327157,2026-07-23 16:32:22+00:00,2026-09-02 20:19:24+00:00,,,50.35387731481482,1
327156,2026-07-23 16:31:57+00:00,2026-09-07 23:25:37+00:00,2026-07-24 01:21:53+00:00,0.36800925925925926,50.354166666666664,0
327155,2026-07-23 16:31:24+00:00,2026-09-07 23:25:37+00:00,2026-07-24 00:43:55+00:00,0.342025462962963,50.35454861111111,0
327154,2026-07-23 16:21:08+00:00,2026-09-06 23:24:15+00:00,2026-07-23 17:46:21+00:00,0.05917824074074074,50.361678240740744,0
327151,2026-07-23 16:00:02+00:00,2026-09-06 23:24:15+00:00,2026-07-23 19:23:01+00:00,0.14096064814814815,50.37633101851852,0
327150,2026-07-23 15:55:12+00:00,2026-09-06 23:24:15+00:00,2026-07-23 19:05:27+00:00,0.13211805555555556,50.3796875,0
327147,2026-07-23 15:47:57+00:00,2026-09-06 23:24:15+00:00,2026-07-23 18:02:57+00:00,0.09375,50.38472222222222,0
327146,2026-07-23 15:44:39+00:00,2026-09-06 23:24:15+00:00,2026-07-23 18:43:13+00:00,0.12400462962962963,50.38701388888889,0
327145,2026-07-23 15:39:17+00:00,2026-09-06 23:24:15+00:00,2026-07-23 16:08:00+00:00,0.01994212962962963,50.39074074074074,0
327143,2026-07-23 15:32:36+00:00,2026-09-06 23:24:15+00:00,2026-07-23 16:35:23+00:00,0.043599537037037034,50.395381944444445,0
327141,2026-07-23 15:19:14+00:00,2026-09-06 23:24:15+00:00,2026-07-23 19:10:07+00:00,0.16033564814814816,50.40466435185185,0
327140,2026-07-23 15:18:35+00:00,2026-09-06 23:24:20+00:00,2026-07-23 17:46:07+00:00,0.1024537037037037,50.40511574074074,0
327139,2026-07-23 15:11:13+00:00,2026-07-23 15:45:23+00:00,,,50.41023148148148,1
327138,2026-07-23 15:09:54+00:00,2026-09-06 23:24:20+00:00,2026-07-23 16:41:32+00:00,0.06363425925925927,50.411145833333336,0
327136,2026-07-23 14:45:09+00:00,2026-08-04 23:35:01+00:00,2026-08-04 23:35:01+00:00,12.367962962962963,50.428333333333335,1
327131,2026-07-23 14:17:19+00:00,2026-09-06 23:24:20+00:00,2026-07-23 17:35:18+00:00,0.13748842592592592,50.447662037037034,0
327128,2026-07-23 13:56:32+00:00,2026-08-13 20:14:16+00:00,2026-07-31 02:55:42+00:00,7.541087962962963,50.462094907407405,1
327126,2026-07-23 13:44:02+00:00,2026-09-06 23:24:20+00:00,2026-07-23 14:00:12+00:00,0.011226851851851852,50.47077546296296,0
327124,2026-07-23 13:11:55+00:00,2026-07-23 14:50:49+00:00,,,50.4930787037037,1
327123,2026-07-23 13:11:46+00:00,2026-09-06 23:24:20+00:00,2026-07-23 13:30:54+00:00,0.013287037037037036,50.49318287037037,0
327122,2026-07-23 13:08:56+00:00,2026-07-23 14:50:53+00:00,,,50.49515046296296,1
327117,2026-07-23 11:48:01+00:00,2026-07-24 07:09:34+00:00,,,50.55134259259259,1
327116,2026-07-23 11:42:52+00:00,2026-08-06 09:24:11+00:00,,,50.55491898148148,1
327112,2026-07-23 11:21:09+00:00,2026-09-06 23:24:20+00:00,2026-07-23 13:25:11+00:00,0.08613425925925926,50.57,0
327110,2026-07-23 11:02:21+00:00,2026-09-07 23:25:37+00:00,2026-07-24 21:36:37+00:00,1.440462962962963,50.58305555555555,0
327105,2026-07-23 10:07:36+00:00,2026-09-09 23:27:26+00:00,2026-07-26 19:50:27+00:00,3.4047569444444443,50.62107638888889,0
327104,2026-07-23 09:36:57+00:00,2026-09-07 23:25:37+00:00,2026-07-24 21:31:40+00:00,1.4963310185185186,50.642361111111114,0
327095,2026-07-23 07:32:25+00:00,2026-09-06 23:24:20+00:00,2026-07-23 08:24:53+00:00,0.03643518518518519,50.72884259259259,0
327090,2026-07-23 06:25:54+00:00,2026-07-23 06:47:18+00:00,2026-07-23 06:47:18+00:00,0.014861111111111111,50.77503472222222,0
327089,2026-07-23 06:09:44+00:00,2026-07-24 21:56:47+00:00,,,50.786261574074075,1
327086,2026-07-23 04:22:28+00:00,2026-07-23 16:17:06+00:00,,,50.86075231481482,1
327085,2026-07-23 04:11:58+00:00,2026-07-23 04:24:20+00:00,2026-07-23 04:18:10+00:00,0.0043055555555555555,50.868043981481485,0
327084,2026-07-23 04:09:29+00:00,2026-09-06 23:24:20+00:00,2026-07-23 05:20:04+00:00,0.0490162037037037,50.86976851851852,0
327082,2026-07-23 03:12:57+00:00,2026-07-30 04:03:27+00:00,2026-07-30 04:03:27+00:00,7.035069444444445,50.90902777777778,1
327081,2026-07-23 02:51:48+00:00,2026-09-06 23:24:20+00:00,2026-07-23 07:18:24+00:00,0.18513888888888888,50.92371527777778,0
327080,2026-07-23 01:55:14+00:00,2026-07-31 18:37:42+00:00,,,50.96299768518519,1
327079,2026-07-23 01:37:29+00:00,2026-07-23 03:12:15+00:00,,,50.975324074074074,1
327075,2026-07-23 00:42:29+00:00,2026-09-07 23:25:37+00:00,2026-07-23 01:34:58+00:00,0.03644675925925926,51.01351851851852,0
327074,2026-07-23 00:19:55+00:00,2026-09-07 23:25:37+00:00,2026-07-23 00:58:56+00:00,0.027094907407407408,51.02918981481481,0
327072,2026-07-22 23:46:29+00:00,2026-09-07 23:25:38+00:00,2026-07-23 23:01:15+00:00,0.968587962962963,51.05240740740741,0
327071,2026-07-22 23:39:54+00:00,2026-09-06 23:24:21+00:00,2026-07-23 21:16:03+00:00,0.9001041666666667,51.056979166666665,0
327067,2026-07-22 23:25:08+00:00,2026-09-06 23:24:21+00:00,2026-07-23 14:38:29+00:00,0.6342708333333333,51.06723379629629,0
327065,2026-07-22 22:36:52+00:00,2026-09-06 23:24:21+00:00,2026-07-23 00:11:23+00:00,0.06563657407407407,51.10075231481481,0
327063,2026-07-22 22:00:00+00:00,2026-09-07 23:25:38+00:00,2026-07-24 02:39:27+00:00,1.1940625,51.126354166666665,0
327058,2026-07-22 21:05:45+00:00,2026-09-06 23:24:21+00:00,2026-07-23 01:17:34+00:00,0.17487268518518517,51.164027777777775,0
327056,2026-07-22 20:44:13+00:00,2026-09-06 23:24:21+00:00,2026-07-23 00:29:39+00:00,0.15655092592592593,51.17898148148148,0
327054,2026-07-22 20:32:16+00:00,2026-09-06 23:24:21+00:00,2026-07-22 23:27:51+00:00,0.12193287037037037,51.187280092592594,0
327052,2026-07-22 20:14:49+00:00,2026-09-10 23:25:23+00:00,2026-07-27 19:51:39+00:00,4.983912037037037,51.19939814814815,0
327051,2026-07-22 20:13:25+00:00,2026-07-23 01:24:35+00:00,,,51.20037037037037,1
327050,2026-07-22 20:12:59+00:00,2026-09-06 23:24:21+00:00,2026-07-23 00:13:57+00:00,0.16733796296296297,51.2006712962963,0
327049,2026-07-22 20:12:24+00:00,2026-07-30 15:59:40+00:00,2026-07-30 15:57:56+00:00,7.823287037037037,51.201076388888886,1
327047,2026-07-22 20:08:26+00:00,2026-09-06 23:24:21+00:00,2026-07-23 01:11:17+00:00,0.2103125,51.20383101851852,0
327046,2026-07-22 20:06:00+00:00,2026-09-06 23:24:21+00:00,2026-07-23 17:13:07+00:00,0.8799421296296296,51.20552083333333,0
327044,2026-07-22 20:03:11+00:00,2026-09-06 23:24:21+00:00,2026-07-23 17:09:32+00:00,0.8794097222222222,51.20747685185185,0
327043,2026-07-22 20:00:14+00:00,2026-09-05 23:23:52+00:00,2026-07-22 20:30:31+00:00,0.021030092592592593,51.209525462962965,0
327042,2026-07-22 19:55:05+00:00,2026-09-05 23:23:52+00:00,2026-07-22 21:29:28+00:00,0.06554398148148148,51.21310185185185,0
327035,2026-07-22 19:17:52+00:00,2026-09-06 23:24:21+00:00,2026-07-23 18:48:05+00:00,0.9793171296296296,51.23894675925926,0
327034,2026-07-22 19:08:59+00:00,2026-09-06 23:24:21+00:00,2026-07-23 17:18:51+00:00,0.9235185185185185,51.245115740740744,0
327032,2026-07-22 19:00:26+00:00,2026-09-06 23:24:21+00:00,2026-07-23 00:18:57+00:00,0.22119212962962964,51.25105324074074,0
327030,2026-07-22 18:58:22+00:00,2026-09-05 23:23:52+00:00,2026-07-22 20:55:24+00:00,0.08127314814814815,51.252488425925925,0
327027,2026-07-22 18:52:04+00:00,2026-09-06 23:24:21+00:00,2026-07-22 23:29:56+00:00,0.19296296296296298,51.25686342592593,0
327025,2026-07-22 18:29:36+00:00,2026-09-05 23:23:52+00:00,2026-07-22 20:28:15+00:00,0.08239583333333333,51.272465277777776,0
327022,2026-07-22 18:17:06+00:00,2026-09-05 23:23:52+00:00,2026-07-22 19:11:41+00:00,0.037905092592592594,51.28114583333333,0
327017,2026-07-22 17:54:40+00:00,2026-09-05 23:23:52+00:00,2026-07-22 18:49:15+00:00,0.037905092592592594,51.296724537037036,0
327015,2026-07-22 17:44:11+00:00,2026-09-05 23:23:52+00:00,2026-07-22 20:27:43+00:00,0.11356481481481481,51.30400462962963,0
327011,2026-07-22 17:41:31+00:00,2026-09-05 23:23:52+00:00,2026-07-22 18:57:29+00:00,0.05275462962962963,51.305856481481484,0
327007,2026-07-22 17:04:16+00:00,2026-09-05 23:23:52+00:00,2026-07-22 18:57:54+00:00,0.07891203703703703,51.33172453703704,0
327006,2026-07-22 16:52:49+00:00,2026-09-06 23:24:21+00:00,2026-07-23 15:36:50+00:00,0.9472337962962963,51.339675925925924,0
327005,2026-07-22 16:48:17+00:00,2026-07-22 17:18:47+00:00,,,51.34282407407407,1
326996,2026-07-22 15:57:19+00:00,2026-09-06 23:24:21+00:00,2026-07-23 13:49:35+00:00,0.9112962962962963,51.37821759259259,0
326995,2026-07-22 15:56:55+00:00,2026-09-12 00:51:58+00:00,,,51.37849537037037,1
326992,2026-07-22 15:34:56+00:00,2026-09-05 23:23:52+00:00,2026-07-22 16:18:54+00:00,0.030532407407407407,51.39376157407408,0
326991,2026-07-22 15:30:32+00:00,2026-09-05 23:23:52+00:00,2026-07-22 15:59:30+00:00,0.02011574074074074,51.39681712962963,0
326990,2026-07-22 15:19:22+00:00,2026-07-23 13:19:27+00:00,2026-07-23 13:19:27+00:00,0.916724537037037,51.40457175925926,0
326986,2026-07-22 14:49:25+00:00,2026-09-05 23:23:52+00:00,2026-07-22 15:26:32+00:00,0.025775462962962962,51.42537037037037,0
326984,2026-07-22 14:36:06+00:00,2026-09-06 23:24:21+00:00,2026-07-23 08:56:52+00:00,0.7644212962962963,51.43461805555555,0
326983,2026-07-22 14:34:25+00:00,2026-07-24 23:09:17+00:00,2026-07-24 23:09:17+00:00,2.357546296296296,51.43578703703704,0
326982,2026-07-22 14:32:19+00:00,2026-09-05 23:23:52+00:00,2026-07-22 17:49:05+00:00,0.13664351851851853,51.43724537037037,0
326980,2026-07-22 14:28:17+00:00,2026-07-23 13:19:16+00:00,2026-07-23 13:19:16+00:00,0.9520717592592592,51.440046296296295,0
326979,2026-07-22 14:25:59+00:00,2026-09-05 23:23:52+00:00,2026-07-22 17:11:38+00:00,0.11503472222222222,51.44164351851852,0
326977,2026-07-22 14:24:52+00:00,2026-09-05 23:23:52+00:00,2026-07-22 14:55:05+00:00,0.020983796296296296,51.44241898148148,0
326976,2026-07-22 14:21:35+00:00,2026-09-05 23:23:52+00:00,2026-07-22 14:45:55+00:00,0.016898148148148148,51.44469907407407,0
326974,2026-07-22 14:19:09+00:00,2026-09-05 23:23:52+00:00,2026-07-22 16:46:44+00:00,0.10248842592592593,51.44638888888889,0
326973,2026-07-22 14:03:33+00:00,2026-09-05 23:23:52+00:00,2026-07-22 14:22:18+00:00,0.013020833333333334,51.45722222222222,0
326971,2026-07-22 13:59:02+00:00,2026-09-05 23:23:52+00:00,2026-07-22 14:23:56+00:00,0.017291666666666667,51.4603587962963,0
326970,2026-07-22 13:58:39+00:00,2026-09-05 23:23:52+00:00,2026-07-22 14:26:10+00:00,0.019108796296296297,51.460625,0
326965,2026-07-22 13:20:03+00:00,2026-09-05 23:23:52+00:00,2026-07-22 16:24:57+00:00,0.12840277777777778,51.487430555555555,0
326961,2026-07-22 12:55:03+00:00,2026-09-05 23:23:52+00:00,2026-07-22 16:53:51+00:00,0.16583333333333333,51.50479166666667,0
326958,2026-07-22 12:02:59+00:00,2026-09-11 23:25:47+00:00,2026-07-28 23:14:22+00:00,6.466238425925926,51.54094907407407,0
326957,2026-07-22 12:01:53+00:00,2026-09-11 23:25:47+00:00,2026-07-27 15:59:37+00:00,5.165092592592592,51.54171296296296,0
326954,2026-07-22 11:50:13+00:00,2026-07-22 13:38:02+00:00,,,51.549814814814816,1
326950,2026-07-22 11:14:27+00:00,2026-09-05 23:23:52+00:00,2026-07-22 11:45:54+00:00,0.021840277777777778,51.57465277777778,0
326948,2026-07-22 11:04:54+00:00,2026-09-05 23:23:52+00:00,2026-07-22 15:26:29+00:00,0.1816550925925926,51.58128472222222,0
326938,2026-07-22 09:44:40+00:00,2026-09-05 23:23:52+00:00,2026-07-22 10:55:35+00:00,0.049247685185185186,51.637002314814815,0
326937,2026-07-22 09:39:46+00:00,2026-09-05 23:23:52+00:00,2026-07-22 11:43:34+00:00,0.08597222222222223,51.640405092592594,0
326936,2026-07-22 09:39:18+00:00,2026-07-25 05:47:01+00:00,,,51.64072916666667,1
326934,2026-07-22 09:19:40+00:00,2026-09-05 23:23:52+00:00,2026-07-22 14:51:40+00:00,0.23055555555555557,51.65436342592593,0
326933,2026-07-22 09:18:42+00:00,2026-08-13 20:14:17+00:00,2026-07-31 00:33:23+00:00,8.635196759259259,51.655034722222226,1
326931,2026-07-22 09:17:42+00:00,2026-09-02 20:20:44+00:00,,,51.65572916666667,1
326930,2026-07-22 09:16:22+00:00,2026-09-05 23:23:52+00:00,2026-07-22 18:19:01+00:00,0.3768402777777778,51.656655092592594,0
326928,2026-07-22 09:08:47+00:00,2026-09-05 03:11:26+00:00,,,51.6619212962963,1
326927,2026-07-22 09:08:45+00:00,2026-07-22 10:50:12+00:00,,,51.661944444444444,1
326924,2026-07-22 08:33:57+00:00,2026-09-05 23:23:52+00:00,2026-07-22 10:07:36+00:00,0.06503472222222222,51.68611111111111,0
326923,2026-07-22 07:50:02+00:00,2026-07-22 09:00:29+00:00,,,51.7166087962963,1
326922,2026-07-22 07:08:01+00:00,2026-09-05 23:23:53+00:00,2026-07-22 07:37:54+00:00,0.020752314814814814,51.74578703703704,0
326921,2026-07-22 06:07:59+00:00,2026-09-05 23:23:53+00:00,2026-07-22 07:27:45+00:00,0.055393518518518516,51.78747685185185,0
326917,2026-07-22 05:07:11+00:00,2026-09-04 13:21:51+00:00,2026-09-04 13:21:51+00:00,44.34351851851852,51.82969907407407,1
326916,2026-07-22 05:04:41+00:00,2026-09-10 12:40:49+00:00,,,51.831435185185185,1
326915,2026-07-22 03:43:25+00:00,2026-07-27 16:42:24+00:00,2026-07-27 16:42:24+00:00,5.540960648148148,51.88787037037037,0
326908,2026-07-22 02:22:47+00:00,2026-09-05 23:23:53+00:00,2026-07-22 05:33:55+00:00,0.13273148148148148,51.94386574074074,0
326907,2026-07-22 01:54:21+00:00,2026-09-05 23:23:53+00:00,2026-07-22 02:22:03+00:00,0.01923611111111111,51.96361111111111,0
326903,2026-07-22 00:35:04+00:00,2026-09-05 23:23:54+00:00,2026-07-22 16:23:06+00:00,0.6583564814814815,52.01866898148148,0
326902,2026-07-22 00:28:14+00:00,2026-09-09 23:27:39+00:00,2026-07-25 02:14:04+00:00,3.0734953703703702,52.023414351851855,0
326901,2026-07-22 00:20:22+00:00,2026-08-04 23:25:44+00:00,2026-08-04 23:25:44+00:00,13.962060185185186,52.028877314814814,1
326899,2026-07-22 00:01:03+00:00,2026-07-23 21:01:50+00:00,,,52.042291666666664,1
326898,2026-07-21 23:44:44+00:00,2026-09-05 23:23:53+00:00,2026-07-22 16:23:53+00:00,0.6938541666666667,52.05362268518518,0
326897,2026-07-21 23:31:26+00:00,2026-09-05 23:23:53+00:00,2026-07-22 09:23:34+00:00,0.4112037037037037,52.0628587962963,0
326894,2026-07-21 22:35:30+00:00,2026-09-05 23:23:53+00:00,2026-07-22 00:54:24+00:00,0.09645833333333333,52.10170138888889,0
326892,2026-07-21 22:12:53+00:00,2026-09-05 23:23:53+00:00,2026-07-21 23:47:10+00:00,0.06547453703703704,52.117407407407406,0
326890,2026-07-21 21:56:33+00:00,2026-09-05 23:23:53+00:00,2026-07-22 14:51:18+00:00,0.7046875,52.12875,0
326889,2026-07-21 21:50:24+00:00,2026-09-05 23:23:53+00:00,2026-07-22 00:23:42+00:00,0.10645833333333334,52.13302083333333,0
326888,2026-07-21 21:39:45+00:00,2026-09-05 23:23:53+00:00,2026-07-22 04:12:35+00:00,0.2728009259259259,52.14041666666667,0
326885,2026-07-21 21:07:03+00:00,2026-08-20 12:52:00+00:00,,,52.163125,1
326884,2026-07-21 20:54:00+00:00,2026-09-05 23:23:53+00:00,2026-07-22 00:39:34+00:00,0.15664351851851852,52.1721875,0
326883,2026-07-21 20:53:59+00:00,2026-09-05 23:23:53+00:00,2026-07-22 00:10:21+00:00,0.13636574074074073,52.17219907407407,0
326882,2026-07-21 20:53:26+00:00,2026-09-05 23:23:54+00:00,2026-07-22 16:25:32+00:00,0.8139583333333333,52.17258101851852,0
326881,2026-07-21 20:51:14+00:00,2026-09-04 23:25:34+00:00,2026-07-21 21:33:15+00:00,0.02917824074074074,52.174108796296295,0
326880,2026-07-21 20:38:08+00:00,2026-09-04 23:25:35+00:00,2026-07-21 21:39:50+00:00,0.042847222222222224,52.18320601851852,0
326876,2026-07-21 19:51:27+00:00,2026-08-13 20:14:17+00:00,2026-08-13 18:42:54+00:00,22.952395833333334,52.215625,1
326874,2026-07-21 19:31:48+00:00,2026-07-21 20:33:07+00:00,,,52.22927083333333,1
326873,2026-07-21 19:30:56+00:00,2026-09-04 23:25:34+00:00,2026-07-21 20:44:20+00:00,0.050972222222222224,52.229872685185185,0
326872,2026-07-21 19:25:18+00:00,2026-07-22 14:46:32+00:00,2026-07-22 14:46:31+00:00,0.806400462962963,52.233784722222225,0
326871,2026-07-21 19:15:30+00:00,2026-09-04 23:25:35+00:00,2026-07-21 20:18:18+00:00,0.043611111111111114,52.24059027777778,0
326868,2026-07-21 19:03:46+00:00,2026-09-05 23:23:53+00:00,2026-07-22 07:28:24+00:00,0.5171064814814815,52.24873842592593,0
326867,2026-07-21 19:02:04+00:00,2026-09-04 23:25:35+00:00,2026-07-21 19:40:58+00:00,0.02701388888888889,52.24991898148148,0
326866,2026-07-21 18:58:19+00:00,2026-09-04 23:25:35+00:00,2026-07-21 19:19:37+00:00,0.014791666666666667,52.25252314814815,0
326865,2026-07-21 18:55:38+00:00,2026-09-04 23:25:34+00:00,2026-07-21 20:09:13+00:00,0.051099537037037034,52.254386574074076,0
326864,2026-07-21 18:34:10+00:00,2026-09-04 23:25:35+00:00,2026-07-21 20:55:15+00:00,0.09797453703703704,52.26929398148148,0
326863,2026-07-21 18:24:58+00:00,2026-08-04 23:25:35+00:00,2026-08-04 23:25:35+00:00,14.208761574074074,52.27568287037037,1
326862,2026-07-21 18:22:48+00:00,2026-09-05 23:23:53+00:00,2026-07-21 23:43:04+00:00,0.22240740740740741,52.2771875,0
326861,2026-07-21 18:17:06+00:00,2026-09-04 23:25:35+00:00,2026-07-21 19:41:29+00:00,0.05859953703703704,52.28114583333333,0
326860,2026-07-21 18:16:15+00:00,2026-09-04 23:25:35+00:00,2026-07-21 20:35:09+00:00,0.09645833333333333,52.28173611111111,0
326859,2026-07-21 18:12:09+00:00,2026-09-04 23:25:35+00:00,2026-07-21 21:29:44+00:00,0.13721064814814815,52.28458333333333,0
326858,2026-07-21 18:05:06+00:00,2026-07-21 18:20:19+00:00,2026-07-21 18:20:19+00:00,0.01056712962962963,52.289479166666666,0
326856,2026-07-21 18:03:24+00:00,2026-09-05 23:23:53+00:00,2026-07-22 02:57:02+00:00,0.3705787037037037,52.29065972222222,0
326855,2026-07-21 18:03:22+00:00,2026-09-06 23:24:21+00:00,2026-07-23 18:07:40+00:00,2.002986111111111,52.29068287037037,0
326854,2026-07-21 18:03:19+00:00,2026-07-29 21:52:45+00:00,2026-07-29 21:52:41+00:00,8.159282407407407,52.29071759259259,1
326853,2026-07-21 18:02:01+00:00,2026-09-06 23:24:21+00:00,2026-07-23 21:18:25+00:00,2.136388888888889,52.29162037037037,0
326851,2026-07-21 18:00:49+00:00,2026-09-11 19:19:43+00:00,2026-09-11 19:19:43+00:00,52.05479166666667,52.29245370370371,1
326850,2026-07-21 18:00:48+00:00,2026-09-04 23:25:35+00:00,2026-07-21 22:56:19+00:00,0.20521990740740742,52.29246527777778,0
326849,2026-07-21 17:49:32+00:00,2026-09-04 23:25:35+00:00,2026-07-21 21:11:52+00:00,0.14050925925925925,52.30028935185185,0
326848,2026-07-21 17:29:48+00:00,2026-08-07 06:38:39+00:00,2026-08-07 06:37:48+00:00,16.54722222222222,52.31399305555556,1
326847,2026-07-21 17:24:53+00:00,2026-09-05 23:23:53+00:00,2026-07-22 15:19:48+00:00,0.9131365740740741,52.31740740740741,0
326846,2026-07-21 17:24:32+00:00,2026-09-06 23:24:21+00:00,2026-07-23 20:06:25+00:00,2.1124189814814813,52.317650462962966,0
326845,2026-07-21 17:24:30+00:00,2026-09-06 23:24:21+00:00,2026-07-23 17:46:50+00:00,2.015509259259259,52.31767361111111,0
326844,2026-07-21 17:24:29+00:00,2026-09-06 23:24:21+00:00,2026-07-23 20:31:48+00:00,2.1300810185185184,52.317685185185184,0
326843,2026-07-21 17:16:04+00:00,2026-09-04 23:25:35+00:00,2026-07-21 18:02:29+00:00,0.032233796296296295,52.32353009259259,0
326842,2026-07-21 17:03:55+00:00,2026-09-04 23:25:35+00:00,2026-07-21 19:45:20+00:00,0.11209490740740741,52.33196759259259,0
326841,2026-07-21 17:00:06+00:00,2026-09-04 23:25:35+00:00,2026-07-21 18:59:47+00:00,0.08311342592592592,52.33461805555555,0
326840,2026-07-21 16:59:12+00:00,2026-09-05 23:23:53+00:00,2026-07-22 05:36:19+00:00,0.525775462962963,52.33524305555556,0
326839,2026-07-21 16:53:45+00:00,2026-09-04 23:25:35+00:00,2026-07-21 20:51:24+00:00,0.16503472222222224,52.33902777777778,0
326837,2026-07-21 16:43:38+00:00,2026-09-04 23:25:35+00:00,2026-07-21 17:35:51+00:00,0.03626157407407407,52.346053240740744,0
326836,2026-07-21 16:26:47+00:00,2026-09-04 23:25:35+00:00,2026-07-21 17:23:49+00:00,0.03960648148148148,52.35775462962963,0
326830,2026-07-21 15:53:11+00:00,2026-08-23 06:04:47+00:00,2026-08-23 05:59:37+00:00,32.587800925925926,52.381087962962965,1
326829,2026-07-21 15:52:36+00:00,2026-09-05 23:23:53+00:00,2026-07-22 18:10:20+00:00,1.0956481481481481,52.38149305555555,0
326827,2026-07-21 15:49:23+00:00,2026-08-26 09:33:21+00:00,,,52.383726851851854,1
326822,2026-07-21 15:32:42+00:00,2026-09-04 23:25:35+00:00,2026-07-21 19:22:45+00:00,0.15975694444444444,52.3953125,0
326820,2026-07-21 15:24:27+00:00,2026-07-21 16:02:48+00:00,,,52.401041666666664,1
326814,2026-07-21 14:05:44+00:00,2026-09-06 23:24:21+00:00,2026-07-23 23:05:28+00:00,2.374814814814815,52.45570601851852,0
326813,2026-07-21 13:46:59+00:00,2026-09-04 23:25:35+00:00,2026-07-21 16:08:49+00:00,0.09849537037037037,52.468726851851855,0
326807,2026-07-21 13:10:40+00:00,2026-09-04 23:25:39+00:00,2026-07-21 16:34:02+00:00,0.14122685185185185,52.49394675925926,0
326806,2026-07-21 13:06:45+00:00,2026-09-04 23:25:35+00:00,2026-07-21 14:07:51+00:00,0.042430555555555555,52.49666666666667,0
326802,2026-07-21 12:49:21+00:00,2026-08-12 17:06:18+00:00,2026-08-12 17:06:18+00:00,22.1784375,52.50875,1
326798,2026-07-21 12:36:40+00:00,2026-09-05 23:23:53+00:00,2026-07-22 11:44:42+00:00,0.963912037037037,52.51755787037037,0
326785,2026-07-21 09:27:48+00:00,2026-08-17 20:49:59+00:00,2026-08-17 20:49:58+00:00,27.47372685185185,52.648715277777775,1
326780,2026-07-21 08:13:36+00:00,2026-09-04 23:25:35+00:00,2026-07-21 08:53:33+00:00,0.027743055555555556,52.70024305555555,0
326778,2026-07-21 07:46:58+00:00,2026-09-04 23:25:35+00:00,2026-07-21 08:02:14+00:00,0.010601851851851852,52.71873842592593,0
326776,2026-07-21 07:28:14+00:00,2026-09-04 23:25:35+00:00,2026-07-21 08:48:50+00:00,0.05597222222222222,52.731747685185184,0
326772,2026-07-21 07:11:14+00:00,2026-09-04 23:25:35+00:00,2026-07-21 07:38:22+00:00,0.01884259259259259,52.74355324074074,0
326769,2026-07-21 06:19:31+00:00,2026-09-04 23:25:35+00:00,2026-07-21 08:52:51+00:00,0.10648148148148148,52.779467592592596,0
326768,2026-07-21 05:38:06+00:00,2026-07-28 23:53:05+00:00,2026-07-28 23:49:26+00:00,7.75787037037037,52.80822916666666,1
326767,2026-07-21 05:13:12+00:00,2026-09-04 23:25:35+00:00,2026-07-21 07:36:15+00:00,0.09934027777777778,52.825520833333336,0
326764,2026-07-21 04:27:22+00:00,2026-09-04 23:25:35+00:00,2026-07-21 05:03:33+00:00,0.025127314814814814,52.85734953703704,0
326763,2026-07-21 04:07:20+00:00,2026-09-04 23:25:35+00:00,2026-07-21 05:12:00+00:00,0.04490740740740741,52.871261574074076,0
326760,2026-07-21 03:08:13+00:00,2026-07-24 18:52:40+00:00,2026-07-24 18:52:40+00:00,3.6558680555555556,52.91231481481481,0
326759,2026-07-21 03:03:27+00:00,2026-09-05 23:23:53+00:00,2026-07-21 23:45:34+00:00,0.8625810185185185,52.915625,0
326757,2026-07-21 02:15:06+00:00,2026-08-10 23:54:05+00:00,2026-08-10 23:54:05+00:00,20.902071759259258,52.94920138888889,1
326755,2026-07-21 02:09:35+00:00,2026-09-04 23:25:35+00:00,2026-07-21 03:01:58+00:00,0.036377314814814814,52.953032407407406,0
326753,2026-07-21 01:32:18+00:00,2026-09-04 23:25:35+00:00,2026-07-21 05:07:15+00:00,0.14927083333333332,52.978923611111114,0
326752,2026-07-21 01:25:26+00:00,2026-08-18 11:05:28+00:00,2026-08-18 11:05:28+00:00,28.402800925925927,52.98369212962963,1
326750,2026-07-21 01:08:58+00:00,2026-09-04 23:25:35+00:00,2026-07-21 21:40:26+00:00,0.8551851851851852,52.995127314814816,0
326748,2026-07-21 00:59:39+00:00,2026-09-04 23:25:35+00:00,2026-07-21 04:25:56+00:00,0.14325231481481482,53.00159722222222,0
326747,2026-07-21 00:05:37+00:00,2026-09-04 23:25:36+00:00,2026-07-21 04:55:23+00:00,0.20122685185185185,53.03912037037037,0
326746,2026-07-20 23:56:20+00:00,2026-09-04 23:25:36+00:00,2026-07-21 01:42:44+00:00,0.07388888888888889,53.04556712962963,0
326745,2026-07-20 23:46:09+00:00,2026-09-04 23:25:36+00:00,2026-07-21 02:07:51+00:00,0.09840277777777778,53.052638888888886,0
326744,2026-07-20 23:46:07+00:00,2026-07-21 17:06:53+00:00,,,53.05266203703704,1
326743,2026-07-20 23:46:07+00:00,2026-09-04 23:25:36+00:00,2026-07-21 01:44:26+00:00,0.08216435185185185,53.05266203703704,0
326742,2026-07-20 23:46:03+00:00,2026-09-04 23:25:36+00:00,2026-07-21 03:00:51+00:00,0.13527777777777777,53.052708333333335,0
326741,2026-07-20 23:42:55+00:00,2026-09-04 23:25:36+00:00,2026-07-21 08:18:51+00:00,0.358287037037037,53.05488425925926,0
326739,2026-07-20 23:31:15+00:00,2026-09-04 23:25:36+00:00,2026-07-21 04:55:14+00:00,0.22498842592592594,53.06298611111111,0
326736,2026-07-20 23:01:29+00:00,2026-09-04 23:25:36+00:00,2026-07-20 23:41:45+00:00,0.027962962962962964,53.08365740740741,0
326735,2026-07-20 22:54:44+00:00,2026-09-06 23:24:21+00:00,2026-07-23 22:50:43+00:00,2.997210648148148,53.08834490740741,0
326734,2026-07-20 22:41:37+00:00,2026-09-04 23:25:36+00:00,2026-07-20 23:41:02+00:00,0.041261574074074076,53.09745370370371,0
326733,2026-07-20 22:37:10+00:00,2026-09-04 23:25:36+00:00,2026-07-20 23:44:18+00:00,0.04662037037037037,53.10054398148148,0
326731,2026-07-20 22:25:20+00:00,2026-09-03 23:28:56+00:00,2026-07-20 22:40:24+00:00,0.010462962962962962,53.10876157407407,0
326729,2026-07-20 22:09:06+00:00,2026-09-03 23:28:56+00:00,2026-07-20 22:52:15+00:00,0.029965277777777778,53.12003472222222,0
326722,2026-07-20 21:29:23+00:00,2026-07-21 04:43:06+00:00,,,53.14761574074074,1
326720,2026-07-20 21:21:12+00:00,2026-09-04 23:25:36+00:00,2026-07-20 23:43:59+00:00,0.09915509259259259,53.15329861111111,0
326718,2026-07-20 21:08:50+00:00,2026-09-03 23:28:56+00:00,2026-07-20 21:42:16+00:00,0.023217592592592592,53.161886574074074,0
326716,2026-07-20 20:40:10+00:00,2026-09-04 23:25:36+00:00,2026-07-20 23:42:26+00:00,0.12657407407407406,53.18179398148148,0
326711,2026-07-20 19:35:29+00:00,2026-09-04 23:25:36+00:00,2026-07-20 23:44:26+00:00,0.17288194444444444,53.226712962962964,0
326709,2026-07-20 19:21:34+00:00,2026-09-03 23:28:57+00:00,2026-07-20 20:42:25+00:00,0.05614583333333333,53.23637731481482,0
326708,2026-07-20 19:20:52+00:00,2026-09-03 23:28:57+00:00,2026-07-20 19:21:23+00:00,0.0003587962962962963,53.236863425925925,0
326707,2026-07-20 19:20:31+00:00,2026-09-03 23:28:56+00:00,2026-07-20 22:54:04+00:00,0.14829861111111112,53.23710648148148,0
326706,2026-07-20 19:10:50+00:00,2026-07-21 17:24:46+00:00,,,53.24383101851852,1
326704,2026-07-20 18:49:52+00:00,2026-09-04 23:25:36+00:00,2026-07-21 07:36:26+00:00,0.532337962962963,53.2583912037037,0
326703,2026-07-20 18:34:34+00:00,2026-09-04 23:25:36+00:00,2026-07-21 04:03:17+00:00,0.39494212962962966,53.26901620370371,0
326699,2026-07-20 18:18:58+00:00,2026-09-05 23:23:53+00:00,2026-07-22 18:40:54+00:00,2.0152314814814813,53.27984953703704,0
326698,2026-07-20 18:10:55+00:00,2026-08-11 19:15:26+00:00,2026-08-07 21:19:11+00:00,18.13074074074074,53.285439814814815,1
326697,2026-07-20 18:08:03+00:00,2026-09-03 23:28:56+00:00,2026-07-20 21:16:39+00:00,0.1309722222222222,53.28743055555555,0
326696,2026-07-20 17:59:50+00:00,2026-09-03 23:28:57+00:00,2026-07-20 20:47:14+00:00,0.11625,53.293136574074076,0
326691,2026-07-20 17:53:40+00:00,2026-09-03 23:28:57+00:00,2026-07-20 20:41:50+00:00,0.1167824074074074,53.297418981481485,0
326686,2026-07-20 17:40:20+00:00,2026-09-03 23:28:57+00:00,2026-07-20 20:38:39+00:00,0.12383101851851852,53.30667824074074,0
326685,2026-07-20 17:40:07+00:00,2026-09-04 23:25:36+00:00,2026-07-21 16:29:03+00:00,0.9506481481481481,53.3068287037037,0
326683,2026-07-20 17:30:04+00:00,2026-09-03 23:28:56+00:00,2026-07-20 17:49:11+00:00,0.013275462962962963,53.31380787037037,0
326682,2026-07-20 17:22:52+00:00,2026-09-03 23:28:56+00:00,2026-07-20 17:48:39+00:00,0.017905092592592594,53.31880787037037,0
326678,2026-07-20 17:06:56+00:00,2026-09-03 23:28:57+00:00,2026-07-20 18:29:06+00:00,0.057060185185185186,53.32987268518519,0
326677,2026-07-20 17:01:09+00:00,2026-09-03 23:28:57+00:00,2026-07-20 17:26:54+00:00,0.017881944444444443,53.333888888888886,0
326675,2026-07-20 16:51:17+00:00,2026-09-03 23:28:56+00:00,2026-07-20 17:19:29+00:00,0.019583333333333335,53.34074074074074,0
326673,2026-07-20 16:44:46+00:00,2026-09-03 23:28:57+00:00,2026-07-20 21:00:06+00:00,0.17731481481481481,53.3452662037037,0
326669,2026-07-20 16:29:11+00:00,2026-09-03 23:28:57+00:00,2026-07-20 17:02:20+00:00,0.023020833333333334,53.35608796296296,0
326668,2026-07-20 16:23:01+00:00,2026-09-04 23:25:36+00:00,2026-07-21 18:25:32+00:00,1.0850810185185185,53.36037037037037,0
326666,2026-07-20 16:18:52+00:00,2026-09-05 23:23:53+00:00,2026-07-22 03:33:17+00:00,1.4683449074074073,53.363252314814815,0
326665,2026-07-20 16:17:47+00:00,2026-09-03 23:28:57+00:00,2026-07-20 17:13:01+00:00,0.038356481481481484,53.364004629629626,0
326661,2026-07-20 16:06:31+00:00,2026-09-03 23:28:56+00:00,2026-07-20 16:08:22+00:00,0.0012847222222222223,53.371828703703706,0
326660,2026-07-20 16:05:18+00:00,2026-09-03 23:28:56+00:00,2026-07-20 16:06:02+00:00,0.0005092592592592592,53.37267361111111,0
326652,2026-07-20 15:58:17+00:00,2026-09-04 23:25:36+00:00,2026-07-21 21:56:54+00:00,1.2490393518518519,53.377546296296295,0
326651,2026-07-20 15:58:06+00:00,2026-09-06 23:24:21+00:00,2026-07-23 01:24:51+00:00,2.393576388888889,53.37767361111111,0
326650,2026-07-20 15:56:18+00:00,2026-08-08 17:22:45+00:00,,,53.37892361111111,1
326649,2026-07-20 15:52:04+00:00,2026-09-03 23:28:57+00:00,2026-07-20 16:59:19+00:00,0.04670138888888889,53.38186342592593,0
326648,2026-07-20 15:47:51+00:00,2026-09-03 23:28:57+00:00,2026-07-20 20:00:27+00:00,0.17541666666666667,53.384791666666665,0
326642,2026-07-20 15:42:03+00:00,2026-09-04 23:25:36+00:00,2026-07-21 13:06:54+00:00,0.8922569444444445,53.388819444444444,0
326641,2026-07-20 15:41:29+00:00,2026-09-04 23:25:36+00:00,2026-07-21 13:04:58+00:00,0.8913078703703704,53.389212962962965,0
326638,2026-07-20 15:39:24+00:00,2026-08-17 20:53:33+00:00,,,53.390659722222225,1
326637,2026-07-20 15:37:09+00:00,2026-07-21 13:47:07+00:00,,,53.39222222222222,1
326635,2026-07-20 15:32:39+00:00,2026-08-08 18:41:52+00:00,,,53.39534722222222,1
326627,2026-07-20 15:01:42+00:00,2026-09-03 23:28:57+00:00,2026-07-20 15:53:17+00:00,0.03582175925925926,53.41684027777778,0
326626,2026-07-20 14:30:37+00:00,2026-09-04 23:25:36+00:00,2026-07-20 23:41:18+00:00,0.38241898148148146,53.43842592592593,0
326621,2026-07-20 13:48:58+00:00,2026-09-03 23:28:56+00:00,2026-07-20 14:26:52+00:00,0.026319444444444444,53.46734953703704,0
326620,2026-07-20 13:36:25+00:00,2026-08-09 20:19:34+00:00,2026-08-09 20:19:34+00:00,20.279965277777777,53.47606481481481,1
326617,2026-07-20 12:59:27+00:00,2026-09-03 23:28:57+00:00,2026-07-20 15:16:24+00:00,0.09510416666666667,53.501736111111114,0
326616,2026-07-20 12:59:23+00:00,2026-09-03 23:28:56+00:00,2026-07-20 14:54:46+00:00,0.08012731481481482,53.501782407407404,0
326611,2026-07-20 11:54:59+00:00,2026-09-03 23:28:56+00:00,2026-07-20 20:22:54+00:00,0.3527199074074074,53.54650462962963,0
326600,2026-07-20 11:01:05+00:00,2026-09-04 23:25:36+00:00,2026-07-21 20:56:26+00:00,1.4134375,53.58393518518518,0
326594,2026-07-20 10:38:27+00:00,2026-09-04 23:25:36+00:00,2026-07-21 01:32:56+00:00,0.6211689814814815,53.59965277777778,0
326570,2026-07-20 05:35:11+00:00,2026-09-04 23:25:36+00:00,2026-07-21 04:54:42+00:00,0.9718865740740741,53.81025462962963,0
326569,2026-07-20 05:23:41+00:00,2026-09-03 23:28:58+00:00,2026-07-20 06:50:28+00:00,0.060266203703703704,53.81824074074074,0
326568,2026-07-20 05:23:33+00:00,2026-09-03 23:28:58+00:00,2026-07-20 10:04:22+00:00,0.19501157407407407,53.818333333333335,0
326561,2026-07-20 05:05:22+00:00,2026-07-20 23:06:27+00:00,,,53.83096064814815,1
326558,2026-07-20 04:25:39+00:00,2026-07-20 07:18:32+00:00,,,53.85854166666667,1
326557,2026-07-20 03:49:07+00:00,2026-08-27 13:25:52+00:00,2026-08-27 13:25:52+00:00,38.40052083333333,53.883912037037035,1
326552,2026-07-20 02:46:45+00:00,2026-07-20 05:20:36+00:00,,,53.92722222222222,1
326545,2026-07-19 23:41:34+00:00,2026-09-03 23:28:58+00:00,2026-07-20 04:43:17+00:00,0.20952546296296296,54.05582175925926,0
326542,2026-07-19 23:00:26+00:00,2026-09-03 23:28:58+00:00,2026-07-20 05:33:34+00:00,0.2730092592592593,54.084386574074074,0
326537,2026-07-19 21:50:19+00:00,2026-09-03 23:28:58+00:00,2026-07-20 11:24:21+00:00,0.565300925925926,54.1330787037037,0
326535,2026-07-19 20:27:42+00:00,2026-09-03 23:28:58+00:00,2026-07-20 16:57:16+00:00,0.8538657407407407,54.19045138888889,0
326534,2026-07-19 19:49:27+00:00,2026-07-20 16:51:52+00:00,,,54.217013888888886,1
326531,2026-07-19 19:05:15+00:00,2026-09-03 23:28:58+00:00,2026-07-20 03:48:14+00:00,0.3631828703703704,54.247708333333335,0
326516,2026-07-19 13:07:07+00:00,2026-07-24 23:02:28+00:00,2026-07-24 23:02:27+00:00,5.413425925925926,54.49641203703704,0
326507,2026-07-19 05:13:04+00:00,2026-07-28 23:21:34+00:00,2026-07-28 23:21:34+00:00,9.755902777777777,54.82561342592592,1
326504,2026-07-19 03:49:29+00:00,2026-08-23 20:25:54+00:00,2026-08-23 20:25:54+00:00,35.69195601851852,54.883657407407405,1
326502,2026-07-19 02:55:07+00:00,2026-09-03 23:28:58+00:00,2026-07-20 10:03:52+00:00,1.2977430555555556,54.92141203703704,0
326497,2026-07-19 00:43:38+00:00,2026-07-20 05:02:24+00:00,,,55.01271990740741,1
326496,2026-07-19 00:42:13+00:00,2026-09-02 23:25:08+00:00,2026-07-19 00:59:44+00:00,0.012164351851851852,55.013703703703705,0
326493,2026-07-19 00:21:42+00:00,2026-09-02 23:25:08+00:00,2026-07-19 16:34:01+00:00,0.6752199074074074,55.02795138888889,0
326482,2026-07-18 21:53:42+00:00,2026-07-19 04:59:37+00:00,,,55.13072916666667,1
326480,2026-07-18 21:02:48+00:00,2026-09-01 14:25:44+00:00,,,55.16607638888889,1
326472,2026-07-18 19:59:34+00:00,2026-09-02 23:25:08+00:00,2026-07-19 00:46:09+00:00,0.1990162037037037,55.20998842592593,0
326468,2026-07-18 19:11:18+00:00,2026-09-03 23:28:58+00:00,2026-07-20 15:33:23+00:00,1.8486689814814814,55.24350694444445,0
326461,2026-07-18 18:01:35+00:00,2026-09-01 23:23:43+00:00,2026-07-18 20:45:01+00:00,0.11349537037037037,55.291921296296294,0
326458,2026-07-18 17:41:59+00:00,2026-09-01 23:23:43+00:00,2026-07-18 20:45:09+00:00,0.12719907407407408,55.305532407407405,0
326455,2026-07-18 16:55:34+00:00,2026-09-02 23:25:08+00:00,2026-07-19 00:56:09+00:00,0.33373842592592595,55.3377662037037,0
326454,2026-07-18 16:50:19+00:00,2026-09-01 23:23:43+00:00,2026-07-18 18:36:23+00:00,0.07365740740740741,55.34141203703704,0
326453,2026-07-18 16:39:29+00:00,2026-09-01 23:23:43+00:00,2026-07-18 20:47:02+00:00,0.17190972222222223,55.348935185185184,0
326451,2026-07-18 16:11:49+00:00,2026-07-18 17:25:11+00:00,,,55.36814814814815,1
326447,2026-07-18 14:26:38+00:00,2026-08-29 14:17:10+00:00,,,55.44119212962963,1
326444,2026-07-18 13:28:20+00:00,2026-09-01 23:23:43+00:00,2026-07-18 15:28:19+00:00,0.08332175925925926,55.48167824074074,0
326438,2026-07-18 10:54:48+00:00,2026-09-01 23:23:43+00:00,2026-07-18 10:58:01+00:00,0.0022337962962962962,55.588298611111114,0
326432,2026-07-18 06:44:03+00:00,2026-07-18 06:49:24+00:00,2026-07-18 06:49:24+00:00,0.003715277777777778,55.762430555555554,0
326431,2026-07-18 06:38:52+00:00,2026-07-23 17:04:23+00:00,2026-07-23 17:04:23+00:00,5.434386574074074,55.766030092592594,0
326430,2026-07-18 06:25:33+00:00,2026-08-25 06:21:19+00:00,,,55.77527777777778,1
326427,2026-07-18 04:45:57+00:00,2026-09-01 23:23:43+00:00,2026-07-18 05:01:26+00:00,0.010752314814814815,55.84444444444444,0
326424,2026-07-18 04:30:26+00:00,2026-09-05 23:23:53+00:00,2026-07-21 23:44:30+00:00,3.801435185185185,55.85521990740741,0
326420,2026-07-18 02:07:49+00:00,2026-09-03 23:28:58+00:00,2026-07-20 21:07:51+00:00,2.7916898148148146,55.95425925925926,0
326419,2026-07-18 01:36:11+00:00,2026-09-01 23:23:43+00:00,2026-07-18 01:42:38+00:00,0.004479166666666667,55.976226851851855,0
326415,2026-07-17 22:42:16+00:00,2026-09-01 23:23:43+00:00,2026-07-18 19:03:23+00:00,0.8479976851851851,56.097002314814816,0
326414,2026-07-17 22:03:16+00:00,2026-09-02 23:25:08+00:00,2026-07-19 23:09:50+00:00,2.046226851851852,56.124085648148146,0
326412,2026-07-17 21:37:44+00:00,2026-09-01 23:23:43+00:00,2026-07-18 00:52:13+00:00,0.13505787037037037,56.14181712962963,0
326411,2026-07-17 21:37:39+00:00,2026-08-31 23:25:57+00:00,2026-07-17 22:43:24+00:00,0.04565972222222222,56.141875,0
326410,2026-07-17 21:20:56+00:00,2026-07-18 00:51:41+00:00,,,56.1534837962963,1
326409,2026-07-17 21:15:28+00:00,2026-09-01 23:23:43+00:00,2026-07-18 02:18:37+00:00,0.21052083333333332,56.15728009259259,0
326407,2026-07-17 20:56:27+00:00,2026-09-01 23:23:43+00:00,2026-07-18 02:19:30+00:00,0.2243402777777778,56.17048611111111,0
326406,2026-07-17 20:39:46+00:00,2026-09-02 23:25:08+00:00,2026-07-19 03:32:49+00:00,1.2868402777777779,56.18207175925926,0
326405,2026-07-17 20:28:20+00:00,2026-09-03 23:28:58+00:00,2026-07-20 18:43:01+00:00,2.926863425925926,56.19001157407408,0
326403,2026-07-17 20:17:43+00:00,2026-08-06 14:56:08+00:00,2026-08-06 14:56:08+00:00,19.77667824074074,56.19738425925926,1
326401,2026-07-17 20:11:52+00:00,2026-08-31 23:25:57+00:00,2026-07-17 22:58:19+00:00,0.11559027777777778,56.20144675925926,0
326400,2026-07-17 20:10:02+00:00,2026-09-01 23:23:43+00:00,2026-07-18 02:19:08+00:00,0.25631944444444443,56.202719907407406,0
326399,2026-07-17 20:07:36+00:00,2026-08-31 23:25:57+00:00,2026-07-17 20:52:57+00:00,0.03149305555555556,56.20440972222222,0
326398,2026-07-17 20:05:23+00:00,2026-09-01 23:23:43+00:00,2026-07-18 02:20:08+00:00,0.26024305555555555,56.20594907407408,0
326397,2026-07-17 20:04:57+00:00,2026-07-17 21:21:01+00:00,,,56.20625,1
326396,2026-07-17 20:04:47+00:00,2026-08-31 23:25:57+00:00,2026-07-17 22:58:44+00:00,0.1207986111111111,56.20636574074074,0
326394,2026-07-17 19:53:49+00:00,2026-08-20 23:10:21+00:00,2026-08-20 23:10:21+00:00,34.13648148148148,56.21398148148148,1
326390,2026-07-17 19:14:01+00:00,2026-08-31 23:25:57+00:00,2026-07-17 20:25:03+00:00,0.0493287037037037,56.24162037037037,0
326386,2026-07-17 18:17:21+00:00,2026-08-31 23:25:57+00:00,2026-07-17 18:49:04+00:00,0.022025462962962962,56.280972222222225,0
326384,2026-07-17 18:02:06+00:00,2026-08-31 23:25:57+00:00,2026-07-17 23:02:49+00:00,0.2088310185185185,56.2915625,0
326383,2026-07-17 17:42:26+00:00,2026-09-03 23:28:58+00:00,2026-07-20 18:23:42+00:00,3.0286574074074073,56.305219907407405,0
326382,2026-07-17 17:23:25+00:00,2026-09-01 23:23:43+00:00,2026-07-18 02:18:17+00:00,0.3714351851851852,56.31842592592593,0
326379,2026-07-17 16:51:38+00:00,2026-08-31 23:25:57+00:00,2026-07-17 18:04:14+00:00,0.050416666666666665,56.340497685185184,0
326378,2026-07-17 16:48:43+00:00,2026-08-31 23:25:57+00:00,2026-07-17 17:43:27+00:00,0.038009259259259257,56.342523148148146,0
326375,2026-07-17 16:21:27+00:00,2026-07-19 02:23:54+00:00,,,56.36145833333333,1
326374,2026-07-17 16:04:47+00:00,2026-08-31 23:25:57+00:00,2026-07-17 16:21:39+00:00,0.011712962962962963,56.37303240740741,0
326370,2026-07-17 15:51:16+00:00,2026-08-31 23:25:57+00:00,2026-07-17 18:07:38+00:00,0.09469907407407407,56.38241898148148,0
326369,2026-07-17 15:40:20+00:00,2026-08-31 23:25:57+00:00,2026-07-17 16:50:35+00:00,0.04878472222222222,56.39001157407407,0
326367,2026-07-17 15:39:15+00:00,2026-08-31 23:25:57+00:00,2026-07-17 15:42:56+00:00,0.0025578703703703705,56.39076388888889,0
326366,2026-07-17 15:36:25+00:00,2026-08-31 23:25:58+00:00,2026-07-17 16:24:41+00:00,0.03351851851851852,56.39273148148148,0
326362,2026-07-17 15:28:43+00:00,2026-08-31 23:25:57+00:00,2026-07-17 21:10:44+00:00,0.23751157407407408,56.3980787037037,0
326360,2026-07-17 15:17:22+00:00,2026-07-17 15:19:09+00:00,,,56.405960648148145,1
326357,2026-07-17 15:01:21+00:00,2026-07-17 15:02:50+00:00,,,56.41708333333333,1
326354,2026-07-17 14:47:03+00:00,2026-08-31 23:25:57+00:00,2026-07-17 18:11:44+00:00,0.1421412037037037,56.42701388888889,0
326351,2026-07-17 14:27:28+00:00,2026-08-31 23:25:57+00:00,2026-07-17 17:59:19+00:00,0.14711805555555554,56.440613425925925,0
326350,2026-07-17 14:25:18+00:00,2026-07-17 15:33:50+00:00,,,56.442118055555554,1
326342,2026-07-17 12:49:39+00:00,2026-09-03 23:28:58+00:00,2026-07-20 09:37:55+00:00,2.8668518518518518,56.508541666666666,0
326339,2026-07-17 12:35:55+00:00,2026-08-31 23:25:57+00:00,2026-07-17 14:45:50+00:00,0.0902199074074074,56.5180787037037,0
326337,2026-07-17 12:17:48+00:00,2026-08-31 23:25:57+00:00,2026-07-17 19:57:26+00:00,0.3191898148148148,56.530659722222225,0
326336,2026-07-17 12:17:08+00:00,2026-08-31 23:25:57+00:00,2026-07-17 12:33:39+00:00,0.011469907407407408,56.53112268518519,0
326334,2026-07-17 12:10:48+00:00,2026-08-31 23:25:57+00:00,2026-07-17 15:35:10+00:00,0.1419212962962963,56.53552083333334,0
326333,2026-07-17 11:59:18+00:00,2026-07-17 20:27:25+00:00,,,56.543506944444445,1
326332,2026-07-17 11:53:43+00:00,2026-08-31 23:25:57+00:00,2026-07-17 16:59:42+00:00,0.21248842592592593,56.54738425925926,0
326326,2026-07-17 11:24:36+00:00,2026-08-31 23:26:01+00:00,2026-07-17 12:04:19+00:00,0.02758101851851852,56.56760416666667,0
326325,2026-07-17 11:23:25+00:00,2026-08-31 23:25:57+00:00,2026-07-17 14:35:08+00:00,0.1331365740740741,56.56842592592593,0
326323,2026-07-17 10:57:50+00:00,2026-08-31 23:25:58+00:00,2026-07-17 16:42:21+00:00,0.2392476851851852,56.58619212962963,0
326315,2026-07-17 10:04:19+00:00,2026-09-01 23:23:43+00:00,2026-07-18 15:28:03+00:00,1.2248148148148148,56.62335648148148,0
326311,2026-07-17 09:05:39+00:00,2026-08-31 23:25:57+00:00,2026-07-17 09:47:27+00:00,0.029027777777777777,56.664097222222225,0
326307,2026-07-17 08:45:16+00:00,2026-08-31 23:25:57+00:00,2026-07-17 09:04:09+00:00,0.013113425925925926,56.67825231481481,0
326306,2026-07-17 08:44:32+00:00,2026-08-31 23:25:57+00:00,2026-07-17 09:22:28+00:00,0.02634259259259259,56.67876157407407,0
326301,2026-07-17 07:49:17+00:00,2026-08-31 23:25:57+00:00,2026-07-17 09:29:01+00:00,0.06925925925925926,56.71712962962963,0
326295,2026-07-17 07:28:48+00:00,2026-08-31 23:26:00+00:00,2026-07-17 07:45:43+00:00,0.011747685185185186,56.73135416666667,0
326291,2026-07-17 06:15:43+00:00,2026-08-08 06:45:04+00:00,2026-08-08 06:45:04+00:00,22.020381944444445,56.782106481481485,1
326290,2026-07-17 05:48:34+00:00,2026-08-31 23:26:00+00:00,2026-07-17 06:33:55+00:00,0.03149305555555556,56.80096064814815,0
326288,2026-07-17 05:32:37+00:00,2026-08-31 23:26:00+00:00,2026-07-17 06:35:07+00:00,0.043402777777777776,56.81203703703704,0
326287,2026-07-17 05:29:50+00:00,2026-08-31 23:26:00+00:00,2026-07-17 05:52:21+00:00,0.015636574074074074,56.813969907407404,0
326283,2026-07-17 04:33:27+00:00,2026-09-01 23:23:43+00:00,2026-07-18 05:00:08+00:00,1.0185300925925926,56.853125,0
326282,2026-07-17 04:25:18+00:00,2026-07-17 15:59:42+00:00,2026-07-17 15:59:42+00:00,0.4822222222222222,56.858784722222225,0
326281,2026-07-17 03:48:39+00:00,2026-08-31 23:26:00+00:00,2026-07-17 04:34:38+00:00,0.03193287037037037,56.884236111111115,0
326279,2026-07-17 03:36:43+00:00,2026-08-31 23:26:00+00:00,2026-07-17 04:32:46+00:00,0.03892361111111111,56.89252314814815,0
326278,2026-07-17 03:19:13+00:00,2026-08-31 23:26:00+00:00,2026-07-17 12:11:14+00:00,0.3694560185185185,56.90467592592593,0
326277,2026-07-17 03:13:10+00:00,2026-08-31 23:26:00+00:00,2026-07-17 03:35:26+00:00,0.015462962962962963,56.908877314814816,0
326275,2026-07-17 03:08:49+00:00,2026-08-19 07:14:05+00:00,,,56.91189814814815,1
326273,2026-07-17 02:45:00+00:00,2026-09-01 23:23:43+00:00,2026-07-18 07:46:04+00:00,1.209074074074074,56.9284375,0
326272,2026-07-17 02:41:37+00:00,2026-08-31 23:26:00+00:00,2026-07-17 20:09:54+00:00,0.7279745370370371,56.930787037037035,0
326270,2026-07-17 02:32:51+00:00,2026-07-18 21:17:48+00:00,,,56.936875,1
326267,2026-07-17 01:36:26+00:00,2026-09-01 23:23:43+00:00,2026-07-18 06:51:18+00:00,1.2186574074074075,56.97605324074074,0
326265,2026-07-17 01:21:42+00:00,2026-08-31 23:26:00+00:00,2026-07-17 02:13:46+00:00,0.03615740740740741,56.98628472222222,0
326264,2026-07-17 01:19:40+00:00,2026-08-31 23:26:00+00:00,2026-07-17 03:07:07+00:00,0.07461805555555556,56.98769675925926,0
326262,2026-07-17 01:06:36+00:00,2026-08-31 23:26:00+00:00,2026-07-17 01:23:58+00:00,0.012060185185185186,56.996770833333336,0
326261,2026-07-17 01:00:58+00:00,2026-08-31 23:26:00+00:00,2026-07-17 01:53:01+00:00,0.036145833333333335,57.00068287037037,0
326256,2026-07-17 00:32:37+00:00,2026-07-17 01:41:57+00:00,,,57.02037037037037,1
326255,2026-07-17 00:30:59+00:00,2026-08-31 23:26:00+00:00,2026-07-17 03:14:22+00:00,0.11346064814814814,57.02150462962963,0
326253,2026-07-17 00:27:20+00:00,2026-07-22 03:29:45+00:00,,,57.024039351851854,1
326252,2026-07-17 00:14:11+00:00,2026-07-22 02:39:40+00:00,,,57.033171296296295,1
326251,2026-07-17 00:12:18+00:00,2026-08-31 23:26:00+00:00,2026-07-17 03:18:47+00:00,0.1295023148148148,57.034479166666664,0
326247,2026-07-16 23:23:50+00:00,2026-08-02 03:19:39+00:00,,,57.068136574074074,1
326246,2026-07-16 22:51:13+00:00,2026-08-31 23:26:00+00:00,2026-07-17 17:38:58+00:00,0.7831597222222222,57.09078703703704,0
326245,2026-07-16 22:46:46+00:00,2026-08-31 23:26:00+00:00,2026-07-17 03:07:02+00:00,0.18074074074074073,57.09387731481481,0
326242,2026-07-16 22:27:03+00:00,2026-08-31 23:26:00+00:00,2026-07-17 00:47:42+00:00,0.09767361111111111,57.107569444444444,0
326239,2026-07-16 21:46:19+00:00,2026-08-30 23:23:59+00:00,2026-07-16 21:47:03+00:00,0.0005092592592592592,57.13585648148148,0
326238,2026-07-16 21:42:51+00:00,2026-07-20 07:15:23+00:00,,,57.138263888888886,1
326237,2026-07-16 21:41:35+00:00,2026-08-04 23:25:27+00:00,2026-08-04 23:25:27+00:00,19.07212962962963,57.139143518518516,1
326236,2026-07-16 21:41:26+00:00,2026-08-31 23:26:00+00:00,2026-07-17 00:10:41+00:00,0.10364583333333334,57.13924768518518,0
326235,2026-07-16 21:21:46+00:00,2026-08-30 23:23:59+00:00,2026-07-16 22:13:09+00:00,0.03568287037037037,57.15290509259259,0
326233,2026-07-16 21:14:45+00:00,2026-07-16 21:41:06+00:00,,,57.15777777777778,1
326231,2026-07-16 21:10:15+00:00,2026-07-20 18:09:59+00:00,2026-07-20 18:09:59+00:00,3.874814814814815,57.16090277777778,0
326230,2026-07-16 21:05:07+00:00,2026-08-31 23:26:00+00:00,2026-07-17 20:27:26+00:00,0.9738310185185185,57.164467592592594,0
326229,2026-07-16 20:57:33+00:00,2026-08-31 23:26:00+00:00,2026-07-17 00:46:09+00:00,0.15875,57.16972222222222,0
326228,2026-07-16 20:57:18+00:00,2026-07-23 14:11:36+00:00,2026-07-23 14:11:35+00:00,6.718252314814815,57.169895833333335,0
326226,2026-07-16 20:52:41+00:00,2026-08-31 23:26:00+00:00,2026-07-17 02:48:19+00:00,0.2469675925925926,57.173101851851854,0
326225,2026-07-16 20:44:13+00:00,2026-07-16 20:58:56+00:00,,,57.17898148148148,1
326224,2026-07-16 20:44:11+00:00,2026-07-22 00:39:35+00:00,,,57.17900462962963,1
326223,2026-07-16 20:44:03+00:00,2026-09-08 23:26:33+00:00,2026-07-21 20:57:53+00:00,5.009606481481481,57.179097222222225,0
326222,2026-07-16 20:42:13+00:00,2026-08-30 23:23:59+00:00,2026-07-16 21:43:58+00:00,0.042881944444444445,57.18037037037037,0
326221,2026-07-16 20:41:32+00:00,2026-08-30 23:23:59+00:00,2026-07-16 22:11:10+00:00,0.06224537037037037,57.180844907407405,0
326219,2026-07-16 20:36:04+00:00,2026-08-30 23:23:59+00:00,2026-07-16 21:07:56+00:00,0.02212962962962963,57.184641203703706,0
326217,2026-07-16 20:10:06+00:00,2026-07-16 21:27:33+00:00,,,57.20267361111111,1
326216,2026-07-16 20:05:01+00:00,2026-09-07 23:25:48+00:00,2026-07-23 07:38:06+00:00,6.481307870370371,57.20620370370371,0
326213,2026-07-16 19:44:06+00:00,2026-09-07 23:25:49+00:00,2026-07-23 18:06:32+00:00,6.932245370370371,57.220729166666665,0
326212,2026-07-16 19:42:49+00:00,2026-08-30 23:23:59+00:00,2026-07-16 22:19:07+00:00,0.10854166666666666,57.22162037037037,0
326211,2026-07-16 19:41:25+00:00,2026-08-30 23:23:59+00:00,2026-07-16 20:59:02+00:00,0.05390046296296296,57.22259259259259,0
326210,2026-07-16 19:35:20+00:00,2026-07-16 21:27:41+00:00,,,57.22681712962963,1
326209,2026-07-16 19:31:50+00:00,2026-08-30 23:23:59+00:00,2026-07-16 19:48:31+00:00,0.011585648148148149,57.229247685185186,0
326206,2026-07-16 19:03:20+00:00,2026-09-01 23:23:43+00:00,2026-07-18 04:48:57+00:00,1.4066782407407408,57.24903935185185,0
326205,2026-07-16 19:01:45+00:00,2026-08-30 23:23:59+00:00,2026-07-16 19:22:21+00:00,0.014305555555555556,57.25013888888889,0
326204,2026-07-16 19:00:23+00:00,2026-07-21 10:17:23+00:00,,,57.25108796296296,1
326203,2026-07-16 18:57:36+00:00,2026-08-30 23:23:59+00:00,2026-07-16 21:06:13+00:00,0.08931712962962964,57.25302083333333,0
326202,2026-07-16 18:47:52+00:00,2026-08-30 23:23:59+00:00,2026-07-16 22:13:13+00:00,0.14260416666666667,57.25978009259259,0
326201,2026-07-16 18:40:37+00:00,2026-07-16 18:53:41+00:00,,,57.26481481481481,1
326200,2026-07-16 18:39:36+00:00,2026-08-31 23:26:00+00:00,2026-07-17 06:47:36+00:00,0.5055555555555555,57.26552083333333,0
326198,2026-07-16 18:37:08+00:00,2026-07-16 20:26:53+00:00,,,57.267233796296296,1
326195,2026-07-16 18:18:26+00:00,2026-07-21 11:56:11+00:00,2026-07-21 11:56:01+00:00,4.73443287037037,57.28021990740741,0
326194,2026-07-16 18:17:07+00:00,2026-08-30 23:23:59+00:00,2026-07-16 18:48:22+00:00,0.021701388888888888,57.28113425925926,0
326193,2026-07-16 18:14:56+00:00,2026-09-07 23:25:49+00:00,2026-07-20 20:37:56+00:00,4.0993055555555555,57.28265046296296,0
326192,2026-07-16 18:10:39+00:00,2026-08-30 23:23:59+00:00,2026-07-16 19:01:24+00:00,0.035243055555555555,57.285625,0
326191,2026-07-16 18:04:30+00:00,2026-08-30 23:23:59+00:00,2026-07-16 19:02:00+00:00,0.03993055555555555,57.28989583333333,0
326190,2026-07-16 18:00:05+00:00,2026-07-16 19:31:46+00:00,,,57.29296296296296,1
326189,2026-07-16 17:49:13+00:00,2026-07-16 17:59:28+00:00,,,57.30050925925926,1
326188,2026-07-16 17:48:35+00:00,2026-07-16 17:54:51+00:00,,,57.300949074074076,1
326187,2026-07-16 17:43:46+00:00,2026-08-30 23:23:59+00:00,2026-07-16 17:48:08+00:00,0.0030324074074074073,57.30429398148148,0
326186,2026-07-16 17:42:00+00:00,2026-08-30 23:23:59+00:00,2026-07-16 18:00:26+00:00,0.012800925925925926,57.30552083333333,0
326184,2026-07-16 17:30:51+00:00,2026-08-30 23:23:59+00:00,2026-07-16 18:47:21+00:00,0.053125,57.31326388888889,0
326183,2026-07-16 17:26:59+00:00,2026-08-30 23:23:59+00:00,2026-07-16 17:47:10+00:00,0.014016203703703704,57.31594907407408,0
326182,2026-07-16 17:25:39+00:00,2026-08-30 23:23:59+00:00,2026-07-16 17:53:50+00:00,0.01957175925925926,57.316875,0
326180,2026-07-16 17:17:43+00:00,2026-08-30 23:23:59+00:00,2026-07-16 17:42:08+00:00,0.01695601851851852,57.32238425925926,0
326178,2026-07-16 17:12:43+00:00,2026-08-30 23:23:59+00:00,2026-07-16 20:04:19+00:00,0.11916666666666667,57.32585648148148,0
326176,2026-07-16 17:04:13+00:00,2026-08-30 23:23:59+00:00,2026-07-16 21:38:38+00:00,0.19056712962962963,57.33175925925926,0
326172,2026-07-16 15:53:45+00:00,2026-08-31 23:26:00+00:00,2026-07-17 19:57:16+00:00,1.1691087962962963,57.380694444444444,0
326170,2026-07-16 15:17:49+00:00,2026-08-30 23:23:59+00:00,2026-07-16 17:21:04+00:00,0.08559027777777778,57.405648148148146,0
326169,2026-07-16 15:13:58+00:00,2026-08-30 23:23:59+00:00,2026-07-16 17:20:47+00:00,0.08806712962962963,57.40832175925926,0
326168,2026-07-16 15:10:33+00:00,2026-09-02 23:25:10+00:00,2026-07-19 23:09:53+00:00,3.33287037037037,57.410694444444445,0
326165,2026-07-16 14:45:31+00:00,2026-08-30 23:23:59+00:00,2026-07-16 18:28:53+00:00,0.15511574074074075,57.428078703703704,0
326164,2026-07-16 14:32:43+00:00,2026-08-30 23:23:59+00:00,2026-07-16 16:33:32+00:00,0.08390046296296297,57.436967592592595,0
326162,2026-07-16 14:12:43+00:00,2026-08-30 23:23:59+00:00,2026-07-16 16:52:58+00:00,0.11128472222222222,57.45085648148148,0
326159,2026-07-16 13:55:16+00:00,2026-08-30 23:23:59+00:00,2026-07-16 18:29:12+00:00,0.19023148148148147,57.462974537037034,0
326157,2026-07-16 13:51:24+00:00,2026-08-30 23:23:59+00:00,2026-07-16 17:20:07+00:00,0.14494212962962963,57.46565972222222,0
326156,2026-07-16 13:46:13+00:00,2026-07-16 14:14:37+00:00,,,57.46925925925926,1
326150,2026-07-16 12:35:25+00:00,2026-07-16 12:37:31+00:00,,,57.518425925925925,1
326148,2026-07-16 12:21:03+00:00,2026-08-30 23:23:59+00:00,2026-07-16 16:05:27+00:00,0.15583333333333332,57.52840277777778,0
326145,2026-07-16 11:42:49+00:00,2026-09-10 23:27:10+00:00,2026-07-27 21:49:18+00:00,11.42116898148148,57.5549537037037,1
326144,2026-07-16 11:42:44+00:00,2026-08-21 12:00:26+00:00,,,57.55501157407407,1
326143,2026-07-16 11:22:21+00:00,2026-08-30 23:23:59+00:00,2026-07-16 13:54:47+00:00,0.10585648148148148,57.56916666666667,0
326141,2026-07-16 11:15:09+00:00,2026-08-30 23:23:59+00:00,2026-07-16 11:56:48+00:00,0.028923611111111112,57.57416666666666,0
326137,2026-07-16 10:55:49+00:00,2026-08-31 16:12:12+00:00,2026-08-31 16:12:11+00:00,46.21969907407407,57.58759259259259,1
326135,2026-07-16 10:34:29+00:00,2026-08-30 23:23:59+00:00,2026-07-16 10:50:31+00:00,0.011134259259259259,57.602407407407405,0
326134,2026-07-16 10:34:00+00:00,2026-08-31 23:26:00+00:00,2026-07-17 20:35:19+00:00,1.4175810185185185,57.60274305555556,0
326121,2026-07-16 08:15:35+00:00,2026-08-13 22:57:22+00:00,,,57.69886574074074,1
326118,2026-07-16 07:37:28+00:00,2026-07-23 18:54:57+00:00,,,57.725335648148146,1
326115,2026-07-16 07:23:57+00:00,2026-08-30 23:23:59+00:00,2026-07-16 10:16:48+00:00,0.12003472222222222,57.734722222222224,0
326106,2026-07-16 06:08:25+00:00,2026-08-30 23:23:59+00:00,2026-07-16 17:02:42+00:00,0.45436342592592593,57.78717592592593,0
326101,2026-07-16 04:01:29+00:00,2026-08-30 23:23:59+00:00,2026-07-16 04:47:55+00:00,0.03224537037037037,57.87532407407407,0
326097,2026-07-16 02:53:25+00:00,2026-08-30 23:23:59+00:00,2026-07-16 04:11:00+00:00,0.053877314814814815,57.92259259259259,0
326089,2026-07-16 01:47:03+00:00,2026-08-30 23:23:59+00:00,2026-07-16 02:33:24+00:00,0.0321875,57.96868055555556,0
326088,2026-07-16 01:44:06+00:00,2026-08-30 23:23:59+00:00,2026-07-16 10:55:07+00:00,0.38265046296296296,57.970729166666665,0
326086,2026-07-16 01:23:55+00:00,2026-08-31 23:26:00+00:00,2026-07-17 00:15:19+00:00,0.9523611111111111,57.98474537037037,0
326084,2026-07-16 01:09:53+00:00,2026-09-02 23:25:10+00:00,2026-07-18 23:38:52+00:00,2.9367939814814816,57.994490740740744,0
326080,2026-07-16 00:14:45+00:00,2026-08-30 23:24:01+00:00,2026-07-16 02:58:21+00:00,0.11361111111111111,58.03277777777778,0
326077,2026-07-15 23:42:30+00:00,2026-08-30 23:24:00+00:00,2026-07-16 02:58:11+00:00,0.1358912037037037,58.05517361111111,0
326076,2026-07-15 23:40:30+00:00,2026-08-30 23:24:00+00:00,2026-07-15 23:59:07+00:00,0.01292824074074074,58.0565625,0
326075,2026-07-15 23:36:08+00:00,2026-08-30 23:24:01+00:00,2026-07-16 17:51:12+00:00,0.760462962962963,58.05959490740741,0
326074,2026-07-15 23:25:58+00:00,2026-08-30 23:24:00+00:00,2026-07-16 00:32:16+00:00,0.04604166666666667,58.06665509259259,0
326072,2026-07-15 23:15:10+00:00,2026-08-30 23:24:00+00:00,2026-07-16 18:29:58+00:00,0.8019444444444445,58.07415509259259,0
326071,2026-07-15 22:56:48+00:00,2026-07-29 00:26:31+00:00,2026-07-29 00:26:31+00:00,13.062303240740741,58.086909722222224,1
326070,2026-07-15 22:49:42+00:00,2026-08-30 23:24:01+00:00,2026-07-16 00:17:01+00:00,0.06063657407407407,58.09184027777778,0
326068,2026-07-15 22:35:29+00:00,2026-08-30 23:24:00+00:00,2026-07-16 01:26:02+00:00,0.1184375,58.101712962962964,0
326067,2026-07-15 22:31:19+00:00,2026-07-16 18:40:01+00:00,,,58.10460648148148,1
326066,2026-07-15 22:28:48+00:00,2026-08-29 23:23:31+00:00,2026-07-15 22:29:14+00:00,0.00030092592592592595,58.10635416666667,0
326064,2026-07-15 22:22:26+00:00,2026-07-15 22:33:27+00:00,2026-07-15 22:33:27+00:00,0.007650462962962963,58.11077546296296,0
326063,2026-07-15 22:20:10+00:00,2026-08-30 23:24:01+00:00,2026-07-16 18:33:59+00:00,0.8429282407407407,58.11234953703703,0
326062,2026-07-15 22:08:45+00:00,2026-08-29 23:23:31+00:00,2026-07-15 22:58:19+00:00,0.0344212962962963,58.12027777777778,0
326061,2026-07-15 22:06:13+00:00,2026-07-17 20:17:55+00:00,2026-07-17 20:17:55+00:00,1.9247916666666667,58.12203703703704,0
326058,2026-07-15 21:46:32+00:00,2026-08-29 23:23:31+00:00,2026-07-15 22:21:01+00:00,0.023946759259259258,58.13570601851852,0
326057,2026-07-15 21:37:45+00:00,2026-08-30 23:24:00+00:00,2026-07-16 00:29:35+00:00,0.1193287037037037,58.14180555555556,0
326056,2026-07-15 21:31:11+00:00,2026-08-29 23:23:31+00:00,2026-07-15 22:46:27+00:00,0.05226851851851852,58.14636574074074,0
326055,2026-07-15 21:31:09+00:00,2026-08-29 23:23:31+00:00,2026-07-15 22:21:11+00:00,0.03474537037037037,58.146388888888886,0
326053,2026-07-15 21:20:26+00:00,2026-08-30 23:24:01+00:00,2026-07-16 01:10:02+00:00,0.15944444444444444,58.15383101851852,0
326052,2026-07-15 21:16:49+00:00,2026-08-30 23:24:00+00:00,2026-07-16 16:10:48+00:00,0.7874884259259259,58.156342592592594,0
326050,2026-07-15 20:57:25+00:00,2026-08-30 23:24:01+00:00,2026-07-16 18:46:50+00:00,0.9093171296296296,58.16981481481481,0
326049,2026-07-15 20:49:22+00:00,2026-08-29 23:23:31+00:00,2026-07-15 22:18:10+00:00,0.06166666666666667,58.17540509259259,0
326048,2026-07-15 20:48:14+00:00,2026-08-30 23:24:01+00:00,2026-07-16 17:18:19+00:00,0.854224537037037,58.17619212962963,0
326047,2026-07-15 20:41:06+00:00,2026-08-29 23:23:31+00:00,2026-07-15 21:01:12+00:00,0.013958333333333333,58.18114583333333,0
326046,2026-07-15 20:23:16+00:00,2026-08-29 23:23:31+00:00,2026-07-15 22:54:20+00:00,0.10490740740740741,58.193530092592596,0
326044,2026-07-15 20:14:58+00:00,2026-08-30 23:24:01+00:00,2026-07-16 15:18:07+00:00,0.7938541666666666,58.19929398148148,0
326040,2026-07-15 19:26:48+00:00,2026-08-29 23:23:31+00:00,2026-07-15 19:45:14+00:00,0.012800925925925926,58.23274305555555,0
326038,2026-07-15 19:19:19+00:00,2026-08-29 23:23:31+00:00,2026-07-15 19:53:13+00:00,0.023541666666666666,58.237939814814816,0
326036,2026-07-15 19:18:32+00:00,2026-08-30 23:24:01+00:00,2026-07-16 20:16:48+00:00,1.040462962962963,58.23848379629629,0
326035,2026-07-15 19:18:22+00:00,2026-08-30 23:24:01+00:00,2026-07-16 14:15:50+00:00,0.7899074074074074,58.23859953703704,0
326032,2026-07-15 19:10:24+00:00,2026-08-30 23:24:00+00:00,2026-07-16 14:57:03+00:00,0.8240625,58.24413194444445,0
326031,2026-07-15 19:10:04+00:00,2026-08-29 23:23:31+00:00,2026-07-15 20:54:17+00:00,0.07237268518518518,58.244363425925926,0
326030,2026-07-15 19:02:53+00:00,2026-08-29 23:23:31+00:00,2026-07-15 19:19:19+00:00,0.011412037037037037,58.24935185185185,0
326029,2026-07-15 18:49:41+00:00,2026-08-29 23:23:31+00:00,2026-07-15 19:54:56+00:00,0.0453125,58.25851851851852,0
326028,2026-07-15 18:49:24+00:00,2026-07-16 16:54:54+00:00,,,58.258715277777775,1
326023,2026-07-15 18:13:44+00:00,2026-08-29 23:23:31+00:00,2026-07-15 22:24:09+00:00,0.17390046296296297,58.283483796296295,0
326022,2026-07-15 17:59:21+00:00,2026-08-29 23:23:31+00:00,2026-07-15 18:13:52+00:00,0.010081018518518519,58.29347222222222,0
326020,2026-07-15 17:46:22+00:00,2026-08-29 23:23:31+00:00,2026-07-15 19:42:21+00:00,0.08054398148148148,58.30248842592592,0
326019,2026-07-15 17:46:16+00:00,2026-08-29 23:23:31+00:00,2026-07-15 23:08:07+00:00,0.22350694444444444,58.30255787037037,0
326014,2026-07-15 17:34:57+00:00,2026-08-29 23:23:31+00:00,2026-07-15 19:12:57+00:00,0.06805555555555555,58.31041666666667,0
326013,2026-07-15 17:28:29+00:00,2026-08-29 23:23:31+00:00,2026-07-15 20:53:47+00:00,0.14256944444444444,58.31490740740741,0
326012,2026-07-15 17:26:53+00:00,2026-08-29 23:23:31+00:00,2026-07-15 18:27:59+00:00,0.042430555555555555,58.31601851851852,0
326009,2026-07-15 17:10:12+00:00,2026-08-29 23:23:31+00:00,2026-07-15 17:43:32+00:00,0.023148148148148147,58.32760416666667,0
326005,2026-07-15 16:54:54+00:00,2026-08-29 23:23:31+00:00,2026-07-15 17:15:04+00:00,0.014004629629629629,58.338229166666665,0
326004,2026-07-15 16:48:12+00:00,2026-08-29 23:23:31+00:00,2026-07-15 17:20:52+00:00,0.022685185185185187,58.34288194444444,0
326003,2026-07-15 16:47:54+00:00,2026-08-29 23:23:31+00:00,2026-07-15 17:03:56+00:00,0.011134259259259259,58.343090277777776,0
326001,2026-07-15 16:43:21+00:00,2026-07-16 14:48:51+00:00,2026-07-16 14:48:51+00:00,0.9204861111111111,58.34625,0
326000,2026-07-15 16:34:16+00:00,2026-08-29 23:23:31+00:00,2026-07-15 16:53:52+00:00,0.01361111111111111,58.35255787037037,0
325999,2026-07-15 16:33:23+00:00,2026-08-29 23:23:31+00:00,2026-07-15 21:29:24+00:00,0.20556712962962964,58.353171296296296,0
325998,2026-07-15 16:30:20+00:00,2026-08-29 23:23:31+00:00,2026-07-15 20:54:23+00:00,0.18336805555555555,58.35528935185185,0
325997,2026-07-15 16:29:43+00:00,2026-08-29 23:23:31+00:00,2026-07-15 16:46:52+00:00,0.011909722222222223,58.35571759259259,0
325996,2026-07-15 16:24:18+00:00,2026-08-29 23:23:31+00:00,2026-07-15 16:42:10+00:00,0.012407407407407407,58.35947916666667,0
325993,2026-07-15 16:22:54+00:00,2026-07-15 21:13:57+00:00,2026-07-15 21:12:30+00:00,0.2011111111111111,58.36045138888889,0
325992,2026-07-15 16:19:54+00:00,2026-08-29 23:23:31+00:00,2026-07-15 16:36:48+00:00,0.01173611111111111,58.36253472222222,0
325989,2026-07-15 16:12:17+00:00,2026-08-29 23:23:31+00:00,2026-07-15 16:52:19+00:00,0.027800925925925927,58.36782407407407,0
325988,2026-07-15 16:08:53+00:00,2026-09-04 04:43:01+00:00,2026-07-15 16:51:48+00:00,0.02980324074074074,58.370185185185186,0
325985,2026-07-15 15:44:42+00:00,2026-09-07 23:26:20+00:00,2026-07-24 14:09:55+00:00,8.93417824074074,58.38697916666667,1
325983,2026-07-15 15:41:47+00:00,2026-09-04 04:43:01+00:00,2026-07-15 21:54:33+00:00,0.25886574074074076,58.38900462962963,0
325982,2026-07-15 15:39:53+00:00,2026-08-29 23:23:31+00:00,2026-07-15 17:16:52+00:00,0.06734953703703704,58.39032407407407,0
325977,2026-07-15 15:20:52+00:00,2026-08-29 23:23:31+00:00,2026-07-15 19:42:26+00:00,0.1816435185185185,58.40353009259259,0
325975,2026-07-15 15:05:21+00:00,2026-07-15 16:41:49+00:00,,,58.41430555555556,1
325973,2026-07-15 14:49:55+00:00,2026-08-29 23:23:31+00:00,2026-07-15 15:22:34+00:00,0.02267361111111111,58.42502314814815,0
325971,2026-07-15 14:45:14+00:00,2026-08-18 11:05:27+00:00,2026-08-18 11:05:27+00:00,33.847372685185185,58.428275462962965,1
325970,2026-07-15 14:45:12+00:00,2026-07-23 09:43:40+00:00,,,58.42829861111111,1
325969,2026-07-15 14:41:44+00:00,2026-09-01 18:59:20+00:00,2026-09-01 18:25:20+00:00,48.155277777777776,58.43070601851852,1
325968,2026-07-15 14:33:03+00:00,2026-08-29 23:23:31+00:00,2026-07-15 16:22:55+00:00,0.07629629629629629,58.43673611111111,0
325966,2026-07-15 14:14:37+00:00,2026-08-31 23:26:00+00:00,2026-07-17 06:01:05+00:00,1.6572685185185185,58.44953703703704,0
325963,2026-07-15 14:09:23+00:00,2026-08-29 23:23:31+00:00,2026-07-15 20:15:58+00:00,0.25457175925925923,58.4531712962963,0
325962,2026-07-15 14:08:29+00:00,2026-08-29 23:23:31+00:00,2026-07-15 16:51:21+00:00,0.11310185185185186,58.4537962962963,0
325959,2026-07-15 13:42:02+00:00,2026-08-29 23:23:32+00:00,2026-07-15 16:52:03+00:00,0.13195601851851851,58.47216435185185,0
325955,2026-07-15 13:19:23+00:00,2026-07-15 14:40:25+00:00,,,58.48789351851852,1
325953,2026-07-15 13:13:01+00:00,2026-08-29 23:23:32+00:00,2026-07-15 14:40:41+00:00,0.06087962962962963,58.49231481481481,0
325949,2026-07-15 12:48:21+00:00,2026-07-16 09:35:33+00:00,,,58.50944444444445,1
325948,2026-07-15 12:39:04+00:00,2026-08-29 23:23:32+00:00,2026-07-15 16:21:59+00:00,0.15480324074074073,58.5158912037037,0
325946,2026-07-15 12:24:08+00:00,2026-09-06 00:29:45+00:00,,,58.52626157407408,1
325944,2026-07-15 12:13:27+00:00,2026-08-29 23:23:32+00:00,2026-07-15 12:30:22+00:00,0.011747685185185186,58.533680555555556,0
325942,2026-07-15 12:01:50+00:00,2026-08-29 23:23:32+00:00,2026-07-15 14:08:27+00:00,0.08792824074074074,58.541747685185186,0
325940,2026-07-15 11:47:19+00:00,2026-08-29 23:23:32+00:00,2026-07-15 15:06:52+00:00,0.1385763888888889,58.551828703703706,0
325937,2026-07-15 11:26:22+00:00,2026-08-30 23:24:00+00:00,2026-07-16 10:16:27+00:00,0.9514467592592593,58.566377314814815,0
325934,2026-07-15 11:07:31+00:00,2026-08-29 23:23:32+00:00,2026-07-15 12:00:21+00:00,0.036689814814814814,58.57946759259259,0
325933,2026-07-15 10:54:32+00:00,2026-08-29 23:23:32+00:00,2026-07-15 14:41:09+00:00,0.15737268518518518,58.588483796296295,0
325932,2026-07-15 10:54:19+00:00,2026-08-29 23:23:32+00:00,2026-07-15 16:28:52+00:00,0.2323263888888889,58.58863425925926,0
325931,2026-07-15 10:46:23+00:00,2026-08-30 23:24:00+00:00,2026-07-16 20:16:31+00:00,1.395925925925926,58.59414351851852,0
325929,2026-07-15 10:35:18+00:00,2026-08-29 23:23:32+00:00,2026-07-15 11:03:24+00:00,0.01951388888888889,58.601840277777775,0
325928,2026-07-15 10:06:43+00:00,2026-08-29 23:23:32+00:00,2026-07-15 12:58:23+00:00,0.11921296296296297,58.621689814814815,0
325927,2026-07-15 10:06:06+00:00,2026-08-29 23:23:32+00:00,2026-07-15 10:56:35+00:00,0.03505787037037037,58.62211805555555,0
325925,2026-07-15 09:56:55+00:00,2026-07-15 09:59:50+00:00,,,58.62849537037037,1
325916,2026-07-15 08:20:00+00:00,2026-08-29 23:23:32+00:00,2026-07-15 21:42:31+00:00,0.5573032407407408,58.69579861111111,0
325908,2026-07-15 05:59:40+00:00,2026-08-29 23:23:32+00:00,2026-07-15 16:25:24+00:00,0.43453703703703705,58.793252314814815,0
325907,2026-07-15 05:37:06+00:00,2026-08-29 23:23:32+00:00,2026-07-15 06:44:20+00:00,0.046689814814814816,58.80892361111111,0
325905,2026-07-15 05:27:08+00:00,2026-08-30 23:24:01+00:00,2026-07-16 00:07:10+00:00,0.777800925925926,58.81584490740741,0
325903,2026-07-15 04:51:48+00:00,2026-08-29 23:23:32+00:00,2026-07-15 06:26:05+00:00,0.06547453703703704,58.840381944444445,0
325898,2026-07-15 03:36:17+00:00,2026-07-21 11:56:32+00:00,2026-07-21 11:56:23+00:00,6.347291666666667,58.89282407407408,0
325897,2026-07-15 03:15:04+00:00,2026-07-16 18:41:47+00:00,,,58.90755787037037,1
325896,2026-07-15 02:48:23+00:00,2026-09-03 23:29:21+00:00,2026-07-19 02:08:22+00:00,3.972210648148148,58.92608796296296,0
325895,2026-07-15 02:13:58+00:00,2026-08-29 23:23:32+00:00,2026-07-15 18:28:27+00:00,0.676724537037037,58.94998842592592,0
325893,2026-07-15 01:10:07+00:00,2026-08-29 23:23:32+00:00,2026-07-15 08:54:15+00:00,0.32231481481481483,58.9943287037037,0
325892,2026-07-15 01:06:16+00:00,2026-08-29 23:23:32+00:00,2026-07-15 03:47:25+00:00,0.11190972222222222,58.997002314814814,0
325889,2026-07-15 00:29:06+00:00,2026-08-29 23:23:32+00:00,2026-07-15 06:24:21+00:00,0.2467013888888889,59.0228125,0
325887,2026-07-15 00:24:04+00:00,2026-08-12 02:11:28+00:00,2026-08-05 22:00:45+00:00,21.900474537037038,59.02630787037037,1
325886,2026-07-15 00:19:22+00:00,2026-08-05 22:00:37+00:00,2026-08-05 22:00:37+00:00,21.903645833333332,59.02957175925926,1
325885,2026-07-15 00:00:31+00:00,2026-08-29 23:23:32+00:00,2026-07-15 16:26:24+00:00,0.6846412037037037,59.04266203703704,0
325883,2026-07-14 23:59:04+00:00,2026-08-29 23:23:32+00:00,2026-07-15 06:24:49+00:00,0.26788194444444446,59.04366898148148,0
325882,2026-07-14 23:47:38+00:00,2026-07-14 23:48:36+00:00,2026-07-14 23:48:35+00:00,0.0006597222222222222,59.05160879629629,0
325881,2026-07-14 23:47:05+00:00,2026-08-29 23:23:32+00:00,2026-07-15 15:39:09+00:00,0.6611574074074074,59.05199074074074,0
325880,2026-07-14 23:45:05+00:00,2026-08-29 23:23:32+00:00,2026-07-15 10:30:58+00:00,0.4485300925925926,59.05337962962963,0
325879,2026-07-14 23:35:21+00:00,2026-09-07 23:26:51+00:00,2026-07-24 19:17:32+00:00,9.820960648148148,59.060138888888886,1
325878,2026-07-14 23:30:11+00:00,2026-08-29 23:23:32+00:00,2026-07-15 21:30:06+00:00,0.9166087962962963,59.063726851851854,0
325877,2026-07-14 23:23:53+00:00,2026-08-29 23:23:32+00:00,2026-07-14 23:45:27+00:00,0.014976851851851852,59.06810185185185,0
325875,2026-07-14 23:10:23+00:00,2026-07-17 16:52:38+00:00,2026-07-17 16:52:38+00:00,2.737673611111111,59.07747685185185,0
325874,2026-07-14 23:08:04+00:00,2026-08-29 23:23:32+00:00,2026-07-15 00:08:45+00:00,0.0421412037037037,59.07908564814815,0
325873,2026-07-14 23:01:04+00:00,2026-07-16 21:13:43+00:00,2026-07-16 21:13:43+00:00,1.925451388888889,59.08394675925926,0
325870,2026-07-14 22:21:38+00:00,2026-08-29 23:23:32+00:00,2026-07-14 23:55:21+00:00,0.06508101851851852,59.11133101851852,0
325869,2026-07-14 22:19:36+00:00,2026-08-29 23:23:32+00:00,2026-07-15 00:35:25+00:00,0.09431712962962963,59.112743055555555,0
325868,2026-07-14 22:18:08+00:00,2026-08-28 23:22:45+00:00,2026-07-14 22:56:31+00:00,0.02665509259259259,59.113761574074076,0
325866,2026-07-14 22:11:12+00:00,2026-08-28 23:22:45+00:00,2026-07-14 22:57:35+00:00,0.03221064814814815,59.11857638888889,0
325865,2026-07-14 22:08:59+00:00,2026-08-29 23:23:32+00:00,2026-07-15 06:35:33+00:00,0.3517824074074074,59.120115740740744,0
325864,2026-07-14 21:50:05+00:00,2026-08-31 23:26:00+00:00,2026-07-17 19:07:33+00:00,2.8871296296296296,59.13324074074074,0
325863,2026-07-14 21:24:27+00:00,2026-08-28 23:22:45+00:00,2026-07-14 21:48:19+00:00,0.016574074074074074,59.151041666666664,0
325861,2026-07-14 21:06:48+00:00,2026-08-28 23:22:45+00:00,2026-07-14 21:22:49+00:00,0.011122685185185185,59.16329861111111,0
325858,2026-07-14 19:59:02+00:00,2026-08-29 23:23:32+00:00,2026-07-15 06:25:13+00:00,0.43484953703703705,59.2103587962963,0
325857,2026-07-14 19:56:15+00:00,2026-08-28 23:22:45+00:00,2026-07-14 21:47:46+00:00,0.07744212962962962,59.212291666666665,0
325856,2026-07-14 19:44:16+00:00,2026-08-29 23:23:32+00:00,2026-07-15 13:12:08+00:00,0.7276851851851852,59.220613425925926,0
325855,2026-07-14 19:30:09+00:00,2026-08-29 23:23:32+00:00,2026-07-14 23:43:26+00:00,0.1758912037037037,59.23041666666666,0
325854,2026-07-14 19:21:19+00:00,2026-07-14 20:32:29+00:00,,,59.236550925925926,1
325851,2026-07-14 18:58:08+00:00,2026-08-28 23:22:45+00:00,2026-07-14 20:50:37+00:00,0.07811342592592592,59.25265046296296,0
325850,2026-07-14 18:50:53+00:00,2026-08-29 23:23:32+00:00,2026-07-15 14:41:47+00:00,0.8270138888888889,59.25768518518519,0
325849,2026-07-14 18:36:24+00:00,2026-08-28 23:22:45+00:00,2026-07-14 18:49:29+00:00,0.009085648148148148,59.267743055555556,0
325848,2026-07-14 18:33:46+00:00,2026-08-28 23:22:45+00:00,2026-07-14 18:49:06+00:00,0.010648148148148148,59.26957175925926,0
325847,2026-07-14 18:31:25+00:00,2026-08-28 23:22:45+00:00,2026-07-14 18:54:30+00:00,0.016030092592592592,59.271203703703705,0
325843,2026-07-14 18:08:58+00:00,2026-08-29 23:23:32+00:00,2026-07-15 21:43:59+00:00,1.1493171296296296,59.28679398148148,0
325842,2026-07-14 17:49:48+00:00,2026-07-31 20:42:13+00:00,2026-07-31 20:42:13+00:00,17.119733796296295,59.300104166666664,1
325841,2026-07-14 17:39:35+00:00,2026-07-14 23:01:14+00:00,2026-07-14 23:01:14+00:00,0.22336805555555556,59.30719907407408,0
325838,2026-07-14 17:31:11+00:00,2026-08-28 23:22:45+00:00,2026-07-14 19:56:16+00:00,0.10075231481481481,59.313032407407405,0
325837,2026-07-14 17:28:56+00:00,2026-08-28 23:22:45+00:00,2026-07-14 17:29:27+00:00,0.0003587962962962963,59.314594907407404,0
325835,2026-07-14 17:24:25+00:00,2026-08-28 23:22:45+00:00,2026-07-14 19:57:33+00:00,0.10634259259259259,59.31773148148148,0
325833,2026-07-14 17:15:53+00:00,2026-09-10 23:28:12+00:00,2026-07-27 18:39:53+00:00,13.058333333333334,59.32365740740741,1
325832,2026-07-14 16:58:36+00:00,2026-07-16 14:39:09+00:00,2026-07-16 09:15:12+00:00,1.6781944444444445,59.335659722222225,0
325831,2026-07-14 16:58:34+00:00,2026-08-23 20:36:50+00:00,2026-08-23 20:36:50+00:00,40.15157407407408,59.33568287037037,1
325828,2026-07-14 16:48:27+00:00,2026-07-14 21:42:20+00:00,,,59.342708333333334,1
325823,2026-07-14 16:28:22+00:00,2026-08-28 23:22:45+00:00,2026-07-14 21:28:57+00:00,0.20873842592592592,59.35665509259259,0
325821,2026-07-14 16:25:28+00:00,2026-07-14 17:32:26+00:00,,,59.35866898148148,1
325818,2026-07-14 16:03:58+00:00,2026-08-28 23:22:45+00:00,2026-07-14 16:19:29+00:00,0.010775462962962962,59.37359953703704,0
325816,2026-07-14 15:41:44+00:00,2026-08-28 23:22:45+00:00,2026-07-14 21:09:16+00:00,0.2274537037037037,59.38903935185185,0
325815,2026-07-14 15:34:31+00:00,2026-08-05 15:57:19+00:00,,,59.394050925925924,1
325813,2026-07-14 15:24:00+00:00,2026-08-28 23:22:45+00:00,2026-07-14 17:11:46+00:00,0.07483796296296297,59.401354166666664,0
325810,2026-07-14 15:10:18+00:00,2026-07-29 00:47:51+00:00,2026-07-29 00:46:47+00:00,14.400335648148149,59.410868055555554,1
325809,2026-07-14 15:01:36+00:00,2026-08-28 23:22:45+00:00,2026-07-14 15:36:17+00:00,0.024085648148148148,59.41690972222222,0
325808,2026-07-14 14:56:48+00:00,2026-08-28 23:22:45+00:00,2026-07-14 21:47:28+00:00,0.2851851851851852,59.42024305555555,0
325807,2026-07-14 14:49:58+00:00,2026-07-14 23:59:23+00:00,2026-07-14 23:59:22+00:00,0.3815277777777778,59.424988425925925,0
325806,2026-07-14 14:48:57+00:00,2026-08-28 23:22:45+00:00,2026-07-14 17:58:13+00:00,0.13143518518518518,59.425694444444446,0
325805,2026-07-14 14:40:10+00:00,2026-08-28 23:22:45+00:00,2026-07-14 15:36:47+00:00,0.03931712962962963,59.43179398148148,0
325804,2026-07-14 14:35:26+00:00,2026-09-01 18:30:37+00:00,,,59.43508101851852,1
325801,2026-07-14 14:16:13+00:00,2026-08-30 23:24:01+00:00,2026-07-16 08:39:35+00:00,1.7662268518518518,59.448425925925925,0
325799,2026-07-14 14:07:39+00:00,2026-08-28 23:22:45+00:00,2026-07-14 15:51:51+00:00,0.07236111111111111,59.454375,0
325797,2026-07-14 13:49:48+00:00,2026-08-28 23:22:45+00:00,2026-07-14 14:41:52+00:00,0.03615740740740741,59.466770833333335,0
325794,2026-07-14 13:33:59+00:00,2026-08-28 23:22:45+00:00,2026-07-14 13:49:05+00:00,0.010486111111111111,59.47775462962963,0
325793,2026-07-14 13:18:05+00:00,2026-08-28 23:22:45+00:00,2026-07-14 13:34:58+00:00,0.011724537037037037,59.48879629629629,0
325792,2026-07-14 13:11:54+00:00,2026-07-14 22:50:57+00:00,,,59.493090277777775,1
325791,2026-07-14 13:07:52+00:00,2026-07-24 21:24:52+00:00,2026-07-24 21:24:51+00:00,10.345127314814814,59.49589120370371,1
325790,2026-07-14 13:06:51+00:00,2026-08-28 23:22:45+00:00,2026-07-14 13:23:58+00:00,0.011886574074074074,59.49659722222222,0
325788,2026-07-14 12:58:49+00:00,2026-08-28 23:22:45+00:00,2026-07-14 13:35:28+00:00,0.025451388888888888,59.502175925925926,0
325787,2026-07-14 12:56:58+00:00,2026-09-08 23:28:48+00:00,2026-07-24 22:00:11+00:00,10.377233796296297,59.50346064814815,1
325785,2026-07-14 12:53:42+00:00,2026-09-06 23:25:57+00:00,2026-07-22 18:58:41+00:00,8.253460648148149,59.50572916666667,1
325783,2026-07-14 12:40:37+00:00,2026-08-28 23:22:45+00:00,2026-07-14 12:57:48+00:00,0.01193287037037037,59.51481481481481,0
325781,2026-07-14 12:24:22+00:00,2026-08-28 23:22:45+00:00,2026-07-14 12:57:16+00:00,0.022847222222222224,59.526099537037034,0
325780,2026-07-14 12:18:38+00:00,2026-08-28 23:22:45+00:00,2026-07-14 12:59:08+00:00,0.028125,59.530081018518516,0
325777,2026-07-14 11:49:53+00:00,2026-08-29 23:23:32+00:00,2026-07-15 20:49:28+00:00,1.3747106481481481,59.550046296296294,0
325774,2026-07-14 11:30:38+00:00,2026-08-29 23:23:32+00:00,2026-07-15 14:44:32+00:00,1.1346527777777777,59.563414351851854,0
325772,2026-07-14 11:21:13+00:00,2026-08-28 23:22:45+00:00,2026-07-14 12:15:22+00:00,0.03760416666666667,59.5699537037037,0
325769,2026-07-14 10:55:29+00:00,2026-08-28 23:22:45+00:00,2026-07-14 12:27:25+00:00,0.06384259259259259,59.58782407407407,0
325768,2026-07-14 10:36:58+00:00,2026-08-28 23:22:45+00:00,2026-07-14 12:29:25+00:00,0.07809027777777777,59.60068287037037,0
325766,2026-07-14 10:26:11+00:00,2026-08-28 23:22:45+00:00,2026-07-14 21:47:06+00:00,0.4728587962962963,59.6081712962963,0
325765,2026-07-14 10:23:21+00:00,2026-08-29 23:23:32+00:00,2026-07-15 16:23:25+00:00,1.2500462962962964,59.61013888888889,0
325762,2026-07-14 10:03:19+00:00,2026-07-20 13:22:23+00:00,,,59.62405092592593,1
325757,2026-07-14 09:55:59+00:00,2026-08-28 23:22:45+00:00,2026-07-14 10:34:05+00:00,0.026458333333333334,59.62914351851852,0
325756,2026-07-14 09:44:23+00:00,2026-08-28 23:22:45+00:00,2026-07-14 10:02:34+00:00,0.012627314814814815,59.637199074074076,0
325753,2026-07-14 09:15:40+00:00,2026-08-28 23:22:45+00:00,2026-07-14 10:00:47+00:00,0.03133101851851852,59.6571412037037,0
325752,2026-07-14 09:11:43+00:00,2026-08-28 23:22:45+00:00,2026-07-14 10:00:24+00:00,0.03380787037037037,59.65988425925926,0
325749,2026-07-14 08:47:03+00:00,2026-08-28 23:22:45+00:00,2026-07-14 22:05:14+00:00,0.5542939814814815,59.67701388888889,0
325746,2026-07-14 07:53:20+00:00,2026-08-31 23:26:17+00:00,2026-07-17 08:21:17+00:00,3.019409722222222,59.71431712962963,0
325741,2026-07-14 05:57:25+00:00,2026-08-28 23:22:46+00:00,2026-07-14 06:56:46+00:00,0.04121527777777778,59.79481481481481,0
325737,2026-07-14 03:13:26+00:00,2026-08-28 23:22:46+00:00,2026-07-14 06:27:49+00:00,0.13498842592592591,59.90869212962963,0
325735,2026-07-14 02:16:21+00:00,2026-08-28 23:22:46+00:00,2026-07-14 07:26:32+00:00,0.2154050925925926,59.94833333333333,0
325733,2026-07-14 01:44:17+00:00,2026-08-28 23:22:46+00:00,2026-07-14 06:05:26+00:00,0.18135416666666668,59.97060185185185,0
325726,2026-07-14 00:04:02+00:00,2026-08-28 23:22:46+00:00,2026-07-14 20:50:02+00:00,0.8652777777777778,60.040219907407405,0
325725,2026-07-14 00:01:37+00:00,2026-09-02 23:25:34+00:00,2026-07-18 20:44:54+00:00,4.863391203703704,60.04189814814815,0
325724,2026-07-13 23:55:29+00:00,2026-08-28 02:02:17+00:00,2026-07-14 00:22:15+00:00,0.018587962962962962,60.04615740740741,0
325723,2026-07-13 23:52:41+00:00,2026-08-28 02:02:17+00:00,2026-07-14 00:20:35+00:00,0.019375,60.048101851851854,0
325722,2026-07-13 23:50:23+00:00,2026-08-28 23:22:46+00:00,2026-07-14 21:46:11+00:00,0.91375,60.04969907407408,0
325719,2026-07-13 23:25:01+00:00,2026-08-28 02:02:17+00:00,2026-07-13 23:56:01+00:00,0.021527777777777778,60.067314814814814,0
325718,2026-07-13 23:19:40+00:00,2026-08-28 02:02:17+00:00,2026-07-14 00:13:06+00:00,0.03710648148148148,60.07103009259259,0
325716,2026-07-13 23:01:03+00:00,2026-08-28 02:02:17+00:00,2026-07-13 23:48:58+00:00,0.033275462962962965,60.083958333333335,0
325714,2026-07-13 23:00:25+00:00,2026-09-02 23:25:34+00:00,2026-07-19 17:21:04+00:00,5.7643402777777775,60.084398148148146,0
325713,2026-07-13 22:53:50+00:00,2026-08-28 23:22:46+00:00,2026-07-14 03:12:57+00:00,0.17994212962962963,60.08896990740741,0
325712,2026-07-13 22:52:33+00:00,2026-08-09 22:47:12+00:00,2026-08-09 22:47:12+00:00,26.99628472222222,60.08986111111111,1
325710,2026-07-13 22:48:02+00:00,2026-08-28 02:02:17+00:00,2026-07-13 23:47:18+00:00,0.041157407407407406,60.09299768518518,0
325707,2026-07-13 22:10:42+00:00,2026-08-28 02:02:17+00:00,2026-07-13 22:19:21+00:00,0.006006944444444444,60.118923611111114,0
325706,2026-07-13 21:55:49+00:00,2026-08-28 02:02:17+00:00,2026-07-13 22:23:45+00:00,0.019398148148148147,60.12925925925926,0
325704,2026-07-13 21:53:54+00:00,2026-08-28 02:02:17+00:00,2026-07-13 23:16:43+00:00,0.057511574074074076,60.13059027777778,0
325702,2026-07-13 21:51:29+00:00,2026-08-28 02:02:17+00:00,2026-07-14 01:44:16+00:00,0.1616550925925926,60.132268518518515,0
325701,2026-07-13 21:46:07+00:00,2026-08-28 02:02:17+00:00,2026-07-13 23:19:04+00:00,0.06454861111111111,60.135995370370374,0
325699,2026-07-13 21:34:16+00:00,2026-08-28 02:02:17+00:00,2026-07-13 22:07:21+00:00,0.022974537037037036,60.14422453703704,0
325698,2026-07-13 21:30:01+00:00,2026-08-29 23:23:43+00:00,2026-07-14 23:58:09+00:00,1.1028703703703704,60.14717592592593,0
325697,2026-07-13 21:25:56+00:00,2026-08-28 02:02:17+00:00,2026-07-13 23:21:23+00:00,0.08017361111111111,60.15001157407407,0
325695,2026-07-13 21:18:53+00:00,2026-08-28 02:02:17+00:00,2026-07-13 21:42:54+00:00,0.01667824074074074,60.15490740740741,0
325693,2026-07-13 21:11:41+00:00,2026-08-28 02:02:17+00:00,2026-07-13 21:58:28+00:00,0.03248842592592593,60.15990740740741,0
325691,2026-07-13 21:03:07+00:00,2026-08-28 02:02:17+00:00,2026-07-13 22:04:10+00:00,0.042395833333333334,60.165856481481484,0
325690,2026-07-13 20:56:45+00:00,2026-09-05 23:25:18+00:00,2026-07-22 00:12:44+00:00,8.136099537037037,60.17027777777778,1
325689,2026-07-13 20:47:41+00:00,2026-08-28 02:02:17+00:00,2026-07-13 21:51:37+00:00,0.044398148148148145,60.176574074074075,0
325687,2026-07-13 20:31:57+00:00,2026-08-28 02:02:17+00:00,2026-07-13 22:03:44+00:00,0.06373842592592592,60.1875,0
325685,2026-07-13 19:52:19+00:00,2026-08-28 02:02:17+00:00,2026-07-13 20:49:16+00:00,0.03954861111111111,60.21502314814815,0
325683,2026-07-13 19:34:37+00:00,2026-09-06 01:31:34+00:00,2026-09-06 01:31:34+00:00,54.247881944444444,60.22731481481482,1
325682,2026-07-13 19:17:34+00:00,2026-07-15 13:00:41+00:00,2026-07-15 13:00:40+00:00,1.7382638888888888,60.23915509259259,0
325681,2026-07-13 18:56:21+00:00,2026-08-28 02:02:17+00:00,2026-07-13 20:50:13+00:00,0.07907407407407407,60.25388888888889,0
325680,2026-07-13 18:54:05+00:00,2026-07-13 20:41:07+00:00,,,60.255462962962966,1
325679,2026-07-13 18:49:24+00:00,2026-09-06 23:26:33+00:00,2026-07-23 20:09:26+00:00,10.055578703703704,60.258715277777775,1
325678,2026-07-13 18:47:53+00:00,2026-08-28 02:02:17+00:00,2026-07-13 19:43:20+00:00,0.03850694444444445,60.25976851851852,0
325676,2026-07-13 18:35:36+00:00,2026-08-28 02:02:17+00:00,2026-07-13 20:27:36+00:00,0.07777777777777778,60.26829861111111,0
325674,2026-07-13 18:30:50+00:00,2026-08-28 23:22:46+00:00,2026-07-14 18:50:00+00:00,1.0133101851851851,60.2716087962963,0
325659,2026-07-13 17:17:11+00:00,2026-08-28 02:02:17+00:00,2026-07-13 20:27:26+00:00,0.13211805555555556,60.32275462962963,0
325654,2026-07-13 16:55:43+00:00,2026-09-10 17:22:14+00:00,,,60.337662037037035,1
325649,2026-07-13 16:42:08+00:00,2026-08-19 21:43:17+00:00,,,60.34709490740741,1
325646,2026-07-13 16:30:35+00:00,2026-08-13 10:12:32+00:00,,,60.35511574074074,1
325641,2026-07-13 15:35:36+00:00,2026-08-28 02:02:17+00:00,2026-07-13 16:11:31+00:00,0.02494212962962963,60.39329861111111,0
325640,2026-07-13 15:32:28+00:00,2026-08-06 02:02:21+00:00,,,60.39547453703704,1
325639,2026-07-13 15:31:58+00:00,2026-08-28 02:02:17+00:00,2026-07-13 19:24:18+00:00,0.1613425925925926,60.395821759259256,0
325638,2026-07-13 15:29:52+00:00,2026-08-28 02:02:17+00:00,2026-07-13 16:27:26+00:00,0.039976851851851854,60.397280092592595,0
325637,2026-07-13 15:28:16+00:00,2026-08-28 02:02:17+00:00,2026-07-13 17:06:40+00:00,0.06833333333333333,60.3983912037037,0
325636,2026-07-13 15:26:44+00:00,2026-08-28 02:02:22+00:00,2026-07-13 16:31:05+00:00,0.0446875,60.39945601851852,0
325632,2026-07-13 14:59:24+00:00,2026-08-28 02:02:17+00:00,2026-07-13 16:11:12+00:00,0.04986111111111111,60.4184375,0
325629,2026-07-13 14:48:05+00:00,2026-07-13 16:57:26+00:00,,,60.42629629629629,1
325628,2026-07-13 14:45:42+00:00,2026-08-28 02:02:17+00:00,2026-07-13 16:12:03+00:00,0.05996527777777778,60.427951388888886,0
325626,2026-07-13 14:43:37+00:00,2026-08-28 02:02:17+00:00,2026-07-13 16:11:11+00:00,0.06081018518518518,60.429398148148145,0
325625,2026-07-13 14:38:44+00:00,2026-08-28 02:02:17+00:00,2026-07-13 16:11:02+00:00,0.06409722222222222,60.43278935185185,0
325624,2026-07-13 14:28:37+00:00,2026-08-28 02:02:17+00:00,2026-07-13 15:24:28+00:00,0.03878472222222222,60.43981481481482,0
325622,2026-07-13 14:16:40+00:00,2026-08-28 02:02:17+00:00,2026-07-13 14:38:07+00:00,0.014895833333333334,60.448113425925925,0
325615,2026-07-13 13:49:19+00:00,2026-08-28 23:22:46+00:00,2026-07-14 11:25:24+00:00,0.9000578703703703,60.46710648148148,0
325614,2026-07-13 13:36:00+00:00,2026-08-28 02:02:17+00:00,2026-07-13 20:31:12+00:00,0.28833333333333333,60.47635416666667,0
325613,2026-07-13 13:24:53+00:00,2026-08-28 02:02:17+00:00,2026-07-13 16:11:44+00:00,0.11586805555555556,60.48407407407407,0
325609,2026-07-13 13:12:16+00:00,2026-07-13 15:08:38+00:00,,,60.49283564814815,1
325599,2026-07-13 11:35:55+00:00,2026-08-28 02:02:17+00:00,2026-07-13 15:03:04+00:00,0.14385416666666667,60.55974537037037,0
325597,2026-07-13 11:03:36+00:00,2026-08-28 02:02:17+00:00,2026-07-13 13:31:18+00:00,0.10256944444444445,60.5821875,0
325596,2026-07-13 11:03:00+00:00,2026-08-28 23:22:46+00:00,2026-07-14 09:55:15+00:00,0.9529513888888889,60.58260416666667,0
325594,2026-07-13 10:47:25+00:00,2026-08-28 02:02:17+00:00,2026-07-13 14:23:31+00:00,0.15006944444444445,60.59342592592593,0
325593,2026-07-13 10:38:06+00:00,2026-08-28 02:02:17+00:00,2026-07-13 16:46:12+00:00,0.255625,60.599895833333335,0
325591,2026-07-13 10:06:24+00:00,2026-08-28 02:02:19+00:00,2026-07-13 10:56:50+00:00,0.03502314814814815,60.62190972222222,0
325585,2026-07-13 09:59:47+00:00,2026-07-16 16:41:08+00:00,,,60.62650462962963,1
325584,2026-07-13 09:51:44+00:00,2026-08-28 02:02:19+00:00,2026-07-13 10:10:26+00:00,0.012986111111111111,60.63209490740741,0
325582,2026-07-13 09:46:36+00:00,2026-08-28 02:02:19+00:00,2026-07-13 10:03:04+00:00,0.011435185185185185,60.63565972222222,0
325581,2026-07-13 09:45:10+00:00,2026-08-28 02:02:19+00:00,2026-07-13 10:14:37+00:00,0.02045138888888889,60.63665509259259,0
325580,2026-07-13 09:25:53+00:00,2026-08-28 02:02:19+00:00,2026-07-13 14:18:24+00:00,0.20313657407407407,60.650046296296296,0
325578,2026-07-13 09:19:37+00:00,2026-09-01 20:24:07+00:00,,,60.65439814814815,1
325575,2026-07-13 09:11:27+00:00,2026-08-28 02:02:19+00:00,2026-07-13 09:47:15+00:00,0.02486111111111111,60.660069444444446,0
325573,2026-07-13 09:05:49+00:00,2026-08-28 02:02:19+00:00,2026-07-13 10:18:22+00:00,0.050381944444444444,60.66398148148148,0
325563,2026-07-13 08:58:26+00:00,2026-08-28 02:02:19+00:00,2026-07-13 14:19:14+00:00,0.22277777777777777,60.6691087962963,0
325553,2026-07-13 08:36:30+00:00,2026-08-28 02:02:19+00:00,2026-07-13 09:04:12+00:00,0.01923611111111111,60.68434027777778,0
325548,2026-07-13 08:16:59+00:00,2026-08-28 02:02:19+00:00,2026-07-13 08:54:41+00:00,0.026180555555555554,60.69789351851852,0
325547,2026-07-13 08:16:57+00:00,2026-08-29 23:23:43+00:00,2026-07-15 20:54:42+00:00,2.5262152777777778,60.697916666666664,0
325544,2026-07-13 07:43:37+00:00,2026-08-28 02:02:19+00:00,2026-07-13 17:01:49+00:00,0.38763888888888887,60.72106481481482,0
325543,2026-07-13 07:43:29+00:00,2026-08-28 02:02:19+00:00,2026-07-13 10:04:16+00:00,0.0977662037037037,60.72115740740741,0
325541,2026-07-13 07:11:02+00:00,2026-08-28 02:02:19+00:00,2026-07-13 07:26:46+00:00,0.010925925925925926,60.74369212962963,0
325538,2026-07-13 06:45:29+00:00,2026-08-28 02:02:19+00:00,2026-07-13 07:01:41+00:00,0.01125,60.761435185185185,0
325536,2026-07-13 06:08:12+00:00,2026-07-14 02:51:54+00:00,,,60.787326388888886,1
325532,2026-07-13 05:07:57+00:00,2026-08-28 02:02:19+00:00,2026-07-13 05:32:45+00:00,0.017222222222222222,60.829166666666666,0
325528,2026-07-13 03:05:27+00:00,2026-08-28 02:02:19+00:00,2026-07-13 17:22:49+00:00,0.5953935185185185,60.91423611111111,0
325525,2026-07-13 02:55:20+00:00,2026-08-28 02:02:19+00:00,2026-07-13 23:40:08+00:00,0.8644444444444445,60.92126157407407,0
325521,2026-07-13 01:46:49+00:00,2026-08-28 23:22:47+00:00,2026-07-14 16:07:01+00:00,1.597361111111111,60.968842592592594,0
325515,2026-07-12 23:36:17+00:00,2026-08-27 00:31:07+00:00,2026-07-13 00:29:04+00:00,0.03665509259259259,61.05949074074074,0
325514,2026-07-12 23:10:43+00:00,2026-07-19 17:20:34+00:00,2026-07-19 17:20:34+00:00,6.756840277777778,61.07724537037037,0
325513,2026-07-12 22:22:08+00:00,2026-08-28 02:02:19+00:00,2026-07-13 17:29:34+00:00,0.7968287037037037,61.110983796296296,0
325511,2026-07-12 22:16:23+00:00,2026-08-28 02:02:19+00:00,2026-07-13 06:17:44+00:00,0.33427083333333335,61.11497685185185,0
325509,2026-07-12 22:06:21+00:00,2026-08-27 00:31:07+00:00,2026-07-12 22:57:57+00:00,0.035833333333333335,61.121944444444445,0
325505,2026-07-12 20:25:31+00:00,2026-08-28 23:22:46+00:00,2026-07-14 14:09:13+00:00,1.7386805555555556,61.19196759259259,0
325503,2026-07-12 19:32:00+00:00,2026-09-08 23:29:20+00:00,2026-07-25 09:48:46+00:00,12.594976851851852,61.22913194444445,1
325492,2026-07-12 18:03:58+00:00,2026-08-28 02:02:19+00:00,2026-07-13 05:49:21+00:00,0.48984953703703704,61.2902662037037,0
325478,2026-07-12 10:01:59+00:00,2026-08-28 02:02:19+00:00,2026-07-13 06:36:31+00:00,0.8573148148148149,61.624976851851855,0
325477,2026-07-12 09:14:07+00:00,2026-08-28 02:02:19+00:00,2026-07-13 06:46:22+00:00,0.8973958333333333,61.65821759259259,0
325472,2026-07-12 08:23:32+00:00,2026-08-28 02:02:19+00:00,2026-07-13 07:18:00+00:00,0.9544907407407407,61.69334490740741,0
325468,2026-07-12 06:14:59+00:00,2026-08-06 12:30:59+00:00,,,61.78261574074074,1
325464,2026-07-12 05:08:44+00:00,2026-07-12 13:59:48+00:00,,,61.82862268518519,1
325463,2026-07-12 04:48:20+00:00,2026-07-12 07:02:23+00:00,,,61.84278935185185,1
325460,2026-07-12 04:35:17+00:00,2026-08-18 12:39:06+00:00,,,61.851851851851855,1
325458,2026-07-12 04:04:26+00:00,2026-08-27 00:31:07+00:00,2026-07-12 15:28:23+00:00,0.47496527777777775,61.873275462962965,0
325457,2026-07-12 02:50:53+00:00,2026-08-28 02:02:19+00:00,2026-07-13 15:42:04+00:00,1.5355439814814815,61.92435185185185,0
325454,2026-07-12 01:08:58+00:00,2026-08-28 02:02:19+00:00,2026-07-13 16:38:35+00:00,1.6455671296296297,61.995127314814816,0
325445,2026-07-11 19:59:53+00:00,2026-08-28 23:22:46+00:00,2026-07-14 09:53:31+00:00,2.578912037037037,62.209768518518516,0
325444,2026-07-11 19:42:56+00:00,2026-08-25 23:30:09+00:00,2026-07-11 21:56:19+00:00,0.09262731481481482,62.22153935185185,0
325443,2026-07-11 19:14:23+00:00,2026-08-25 23:30:09+00:00,2026-07-11 21:58:49+00:00,0.11418981481481481,62.24136574074074,0
325442,2026-07-11 18:16:16+00:00,2026-07-13 05:10:41+00:00,,,62.281724537037036,1
325441,2026-07-11 17:29:35+00:00,2026-07-16 05:33:27+00:00,,,62.31414351851852,1
325437,2026-07-11 15:10:48+00:00,2026-07-23 14:56:47+00:00,,,62.41052083333334,1
325428,2026-07-11 12:50:28+00:00,2026-08-27 00:31:07+00:00,2026-07-12 20:30:31+00:00,1.3194791666666668,62.507974537037036,0
325423,2026-07-11 10:33:23+00:00,2026-07-11 12:27:25+00:00,,,62.603171296296296,1
325422,2026-07-11 09:45:03+00:00,2026-08-28 23:22:46+00:00,2026-07-14 10:01:05+00:00,3.011134259259259,62.63673611111111,0
325417,2026-07-11 06:32:00+00:00,2026-08-25 23:30:09+00:00,2026-07-11 21:55:34+00:00,0.6413657407407407,62.77079861111111,0
325410,2026-07-11 02:48:19+00:00,2026-08-28 23:22:46+00:00,2026-07-14 14:43:22+00:00,3.4965625,62.92613425925926,0
325407,2026-07-11 02:27:25+00:00,2026-08-25 23:30:09+00:00,2026-07-11 05:09:45+00:00,0.11273148148148149,62.94064814814815,0
325405,2026-07-11 01:36:37+00:00,2026-08-28 02:02:30+00:00,2026-07-13 23:58:35+00:00,2.9319212962962964,62.97592592592593,0
325404,2026-07-11 01:21:53+00:00,2026-08-28 02:02:30+00:00,2026-07-13 04:23:54+00:00,2.126400462962963,62.986157407407404,0
325401,2026-07-11 01:02:27+00:00,2026-08-25 23:30:09+00:00,2026-07-11 09:22:44+00:00,0.3474189814814815,62.999652777777776,0
325400,2026-07-11 00:56:14+00:00,2026-08-25 23:30:09+00:00,2026-07-11 01:39:22+00:00,0.029953703703703705,63.00396990740741,0
325399,2026-07-11 00:43:00+00:00,2026-08-25 23:30:09+00:00,2026-07-11 22:48:59+00:00,0.9208217592592592,63.01315972222222,0
325397,2026-07-11 00:30:04+00:00,2026-08-25 23:30:09+00:00,2026-07-11 01:41:19+00:00,0.049479166666666664,63.022141203703704,0
325396,2026-07-11 00:29:17+00:00,2026-07-19 20:30:24+00:00,2026-07-19 20:30:24+00:00,8.834108796296297,63.02268518518518,1
325393,2026-07-10 23:53:05+00:00,2026-09-05 23:26:20+00:00,2026-07-22 17:43:06+00:00,11.74306712962963,63.04782407407407,1
325391,2026-07-10 23:33:57+00:00,2026-08-25 23:30:09+00:00,2026-07-10 23:56:20+00:00,0.015543981481481482,63.06111111111111,0
325387,2026-07-10 22:59:09+00:00,2026-08-24 23:29:55+00:00,2026-07-10 23:26:46+00:00,0.019178240740740742,63.085277777777776,0
325386,2026-07-10 22:49:36+00:00,2026-08-25 23:30:09+00:00,2026-07-10 23:47:42+00:00,0.04034722222222222,63.09190972222222,0
325385,2026-07-10 22:44:15+00:00,2026-07-20 17:39:16+00:00,2026-07-20 17:39:16+00:00,9.788206018518519,63.095625,1
325384,2026-07-10 22:43:47+00:00,2026-08-25 23:30:09+00:00,2026-07-10 23:33:14+00:00,0.034340277777777775,63.09594907407408,0
325383,2026-07-10 22:38:10+00:00,2026-08-25 23:30:09+00:00,2026-07-11 00:30:18+00:00,0.07787037037037037,63.09984953703704,0
325382,2026-07-10 22:37:51+00:00,2026-08-25 23:30:09+00:00,2026-07-10 23:32:23+00:00,0.037870370370370374,63.10006944444444,0
325380,2026-07-10 22:28:28+00:00,2026-07-31 19:41:05+00:00,2026-07-31 19:18:45+00:00,20.868252314814814,63.10658564814815,1
325374,2026-07-10 22:03:18+00:00,2026-08-24 23:29:55+00:00,2026-07-10 22:23:39+00:00,0.014131944444444445,63.1240625,0
325372,2026-07-10 21:47:13+00:00,2026-08-28 02:02:30+00:00,2026-07-13 23:17:05+00:00,3.0624074074074072,63.13523148148148,0
325371,2026-07-10 21:33:05+00:00,2026-08-28 23:22:46+00:00,2026-07-14 20:45:00+00:00,3.9666087962962964,63.14504629629629,0
325370,2026-07-10 21:33:03+00:00,2026-07-29 21:51:58+00:00,2026-07-29 21:51:53+00:00,19.013078703703705,63.145069444444445,1
325369,2026-07-10 21:31:39+00:00,2026-08-27 00:31:07+00:00,2026-07-12 19:01:09+00:00,1.8954861111111112,63.14604166666667,0
325368,2026-07-10 21:30:20+00:00,2026-08-28 23:22:46+00:00,2026-07-14 06:04:39+00:00,3.3571643518518517,63.146956018518516,0
325367,2026-07-10 21:29:01+00:00,2026-08-30 23:24:11+00:00,2026-07-16 19:56:20+00:00,5.935636574074074,63.14787037037037,0
325366,2026-07-10 21:28:58+00:00,2026-08-28 02:02:30+00:00,2026-07-13 20:39:03+00:00,2.965335648148148,63.147905092592595,0
325365,2026-07-10 21:28:56+00:00,2026-08-29 23:23:43+00:00,2026-07-15 13:12:45+00:00,4.655428240740741,63.14792824074074,0
325364,2026-07-10 21:08:09+00:00,2026-08-25 23:30:09+00:00,2026-07-10 23:55:23+00:00,0.11613425925925926,63.16236111111111,0
325359,2026-07-10 20:35:44+00:00,2026-08-28 19:46:39+00:00,2026-08-28 19:46:39+00:00,48.96591435185185,63.184872685185184,1
325358,2026-07-10 20:29:35+00:00,2026-08-24 23:29:55+00:00,2026-07-10 20:58:25+00:00,0.020023148148148148,63.18914351851852,0
325351,2026-07-10 19:19:20+00:00,2026-08-24 23:29:55+00:00,2026-07-10 20:13:57+00:00,0.03792824074074074,63.23792824074074,0
325347,2026-07-10 18:53:13+00:00,2026-08-24 23:29:55+00:00,2026-07-10 20:56:47+00:00,0.08581018518518518,63.25606481481481,0
325346,2026-07-10 18:33:06+00:00,2026-08-24 23:29:55+00:00,2026-07-10 20:16:42+00:00,0.07194444444444445,63.27003472222222,0
325344,2026-07-10 18:27:11+00:00,2026-08-24 23:29:55+00:00,2026-07-10 19:01:44+00:00,0.023993055555555556,63.27414351851852,0
325343,2026-07-10 18:22:59+00:00,2026-08-24 23:29:55+00:00,2026-07-10 18:44:51+00:00,0.015185185185185185,63.277060185185185,0
325342,2026-07-10 18:21:14+00:00,2026-07-10 19:37:51+00:00,,,63.27827546296297,1
325340,2026-07-10 18:00:47+00:00,2026-08-24 23:29:55+00:00,2026-07-10 18:01:04+00:00,0.00019675925925925926,63.29247685185185,0
325339,2026-07-10 17:54:00+00:00,2026-08-25 23:30:09+00:00,2026-07-10 23:50:17+00:00,0.24741898148148148,63.2971875,0
325338,2026-07-10 17:53:44+00:00,2026-08-28 02:02:30+00:00,2026-07-13 18:16:18+00:00,3.015671296296296,63.29737268518519,0
325337,2026-07-10 17:51:04+00:00,2026-08-24 23:29:55+00:00,2026-07-10 18:39:08+00:00,0.03337962962962963,63.299224537037034,0
325335,2026-07-10 17:35:33+00:00,2026-08-25 23:30:09+00:00,2026-07-11 15:14:55+00:00,0.902337962962963,63.31,0
325332,2026-07-10 17:20:05+00:00,2026-08-24 23:29:55+00:00,2026-07-10 17:56:21+00:00,0.025185185185185185,63.32074074074074,0
325331,2026-07-10 17:15:26+00:00,2026-09-01 13:25:10+00:00,2026-09-01 13:24:17+00:00,52.83947916666666,63.32396990740741,1
325329,2026-07-10 16:50:09+00:00,2026-08-27 00:31:07+00:00,2026-07-12 18:07:02+00:00,2.0533912037037036,63.34152777777778,0
325322,2026-07-10 15:58:57+00:00,2026-08-27 00:31:07+00:00,2026-07-12 15:51:34+00:00,1.9948726851851852,63.37708333333333,0
325321,2026-07-10 15:57:52+00:00,2026-08-24 23:29:55+00:00,2026-07-10 16:54:14+00:00,0.03914351851851852,63.37783564814815,0
325320,2026-07-10 15:54:20+00:00,2026-08-24 23:29:55+00:00,2026-07-10 17:50:06+00:00,0.08039351851851852,63.38028935185185,0
325316,2026-07-10 15:22:02+00:00,2026-08-24 23:29:55+00:00,2026-07-10 17:55:46+00:00,0.10675925925925926,63.40271990740741,0
325314,2026-07-10 15:00:45+00:00,2026-08-24 23:29:55+00:00,2026-07-10 16:09:36+00:00,0.0478125,63.4175,0
325311,2026-07-10 14:38:20+00:00,2026-07-23 16:32:05+00:00,,,63.43306712962963,1
325310,2026-07-10 14:37:25+00:00,2026-08-25 23:30:09+00:00,2026-07-11 13:49:59+00:00,0.9670601851851852,63.433703703703706,0
325309,2026-07-10 14:26:52+00:00,2026-08-24 23:29:55+00:00,2026-07-10 15:02:56+00:00,0.025046296296296296,63.44103009259259,0
325307,2026-07-10 14:08:57+00:00,2026-08-24 23:29:55+00:00,2026-07-10 16:03:46+00:00,0.0797337962962963,63.453472222222224,0
325305,2026-07-10 13:55:23+00:00,2026-07-10 15:01:54+00:00,,,63.46289351851852,1
325304,2026-07-10 13:55:19+00:00,2026-08-24 23:29:55+00:00,2026-07-10 13:55:33+00:00,0.00016203703703703703,63.46293981481482,0
325303,2026-07-10 13:47:10+00:00,2026-08-24 23:29:55+00:00,2026-07-10 15:01:57+00:00,0.05193287037037037,63.468599537037036,0
325302,2026-07-10 13:42:32+00:00,2026-08-24 23:29:55+00:00,2026-07-10 13:57:48+00:00,0.010601851851851852,63.47181712962963,0
325301,2026-07-10 13:31:21+00:00,2026-08-24 23:29:55+00:00,2026-07-10 14:46:56+00:00,0.052488425925925924,63.47958333333333,0
325300,2026-07-10 13:22:02+00:00,2026-08-24 23:29:55+00:00,2026-07-10 13:39:37+00:00,0.012210648148148148,63.48605324074074,0
325299,2026-07-10 13:20:46+00:00,2026-08-24 23:29:55+00:00,2026-07-10 15:24:39+00:00,0.08603009259259259,63.48693287037037,0
325298,2026-07-10 13:19:16+00:00,2026-08-24 23:29:55+00:00,2026-07-10 15:20:12+00:00,0.08398148148148148,63.48797453703704,0
325295,2026-07-10 12:58:22+00:00,2026-08-24 23:29:55+00:00,2026-07-10 13:29:36+00:00,0.021689814814814815,63.502488425925925,0
325296,2026-07-10 12:58:22+00:00,2026-08-24 23:29:55+00:00,2026-07-10 13:29:23+00:00,0.02153935185185185,63.502488425925925,0
325294,2026-07-10 12:58:22+00:00,2026-08-24 23:29:55+00:00,2026-07-10 18:22:42+00:00,0.22523148148148148,63.502488425925925,0
325293,2026-07-10 12:47:12+00:00,2026-08-24 23:29:55+00:00,2026-07-10 13:27:46+00:00,0.028171296296296295,63.510243055555556,0
325291,2026-07-10 12:39:00+00:00,2026-08-24 23:29:55+00:00,2026-07-10 20:33:38+00:00,0.3296064814814815,63.5159375,0
325284,2026-07-10 12:09:50+00:00,2026-08-24 23:29:55+00:00,2026-07-10 12:35:45+00:00,0.017997685185185186,63.53619212962963,0
325283,2026-07-10 12:02:19+00:00,2026-08-24 23:29:55+00:00,2026-07-10 12:35:13+00:00,0.022847222222222224,63.541412037037034,0
325278,2026-07-10 11:06:51+00:00,2026-08-24 23:29:55+00:00,2026-07-10 12:58:38+00:00,0.07762731481481482,63.579930555555556,0
325276,2026-07-10 10:52:40+00:00,2026-08-24 23:29:55+00:00,2026-07-10 15:46:36+00:00,0.20412037037037037,63.58978009259259,0
325275,2026-07-10 10:47:43+00:00,2026-08-24 23:29:55+00:00,2026-07-10 12:58:21+00:00,0.09071759259259259,63.593217592592595,0
325272,2026-07-10 10:25:51+00:00,2026-08-24 23:29:55+00:00,2026-07-10 12:59:11+00:00,0.10648148148148148,63.608402777777776,0
325271,2026-07-10 10:07:11+00:00,2026-08-24 23:29:55+00:00,2026-07-10 14:34:16+00:00,0.18547453703703703,63.62136574074074,0
325269,2026-07-10 09:58:26+00:00,2026-08-28 02:02:30+00:00,2026-07-13 12:06:03+00:00,3.088622685185185,63.62744212962963,0
325268,2026-07-10 09:54:24+00:00,2026-08-24 23:29:55+00:00,2026-07-10 12:59:32+00:00,0.12856481481481483,63.63024305555555,0
325263,2026-07-10 09:35:09+00:00,2026-08-25 23:30:14+00:00,2026-07-11 21:56:26+00:00,1.5147800925925925,63.64361111111111,0
325262,2026-07-10 09:34:53+00:00,2026-08-24 23:29:55+00:00,2026-07-10 12:31:50+00:00,0.12288194444444445,63.643796296296294,0
325259,2026-07-10 09:17:43+00:00,2026-08-27 00:31:07+00:00,2026-07-12 19:56:11+00:00,2.4433796296296295,63.655717592592595,0
325258,2026-07-10 09:16:11+00:00,2026-08-24 23:29:55+00:00,2026-07-10 12:32:34+00:00,0.13637731481481483,63.656782407407405,0
325257,2026-07-10 09:11:42+00:00,2026-08-24 23:29:55+00:00,2026-07-10 09:52:25+00:00,0.028275462962962964,63.65989583333333,0
325254,2026-07-10 08:00:08+00:00,2026-08-24 23:29:55+00:00,2026-07-10 09:12:45+00:00,0.05042824074074074,63.70959490740741,0
325249,2026-07-10 07:46:24+00:00,2026-08-24 23:29:56+00:00,2026-07-10 10:52:48+00:00,0.12944444444444445,63.71913194444444,0
325247,2026-07-10 07:33:16+00:00,2026-08-24 23:29:56+00:00,2026-07-10 07:49:20+00:00,0.011157407407407408,63.72825231481482,0
325241,2026-07-10 06:39:11+00:00,2026-09-04 23:28:34+00:00,2026-07-21 13:58:00+00:00,11.304733796296297,63.76581018518519,1
325239,2026-07-10 06:13:36+00:00,2026-08-24 23:29:56+00:00,2026-07-10 11:02:34+00:00,0.2006712962962963,63.78357638888889,0
325238,2026-07-10 06:03:36+00:00,2026-08-24 23:29:56+00:00,2026-07-10 17:02:33+00:00,0.45760416666666665,63.79052083333333,0
325234,2026-07-10 03:33:19+00:00,2026-08-24 23:29:56+00:00,2026-07-10 04:13:29+00:00,0.02789351851851852,63.89488425925926,0
325233,2026-07-10 03:22:03+00:00,2026-08-24 23:29:56+00:00,2026-07-10 04:24:25+00:00,0.04331018518518519,63.90270833333334,0
325228,2026-07-10 02:11:43+00:00,2026-07-10 03:14:52+00:00,,,63.95155092592593,1
325226,2026-07-10 01:55:22+00:00,2026-08-24 23:29:56+00:00,2026-07-10 05:41:41+00:00,0.15716435185185185,63.96290509259259,0
325223,2026-07-10 01:19:48+00:00,2026-08-24 23:29:56+00:00,2026-07-10 19:51:01+00:00,0.7716782407407408,63.987604166666664,0
325222,2026-07-10 01:09:21+00:00,2026-08-24 23:29:56+00:00,2026-07-10 03:15:13+00:00,0.0874074074074074,63.99486111111111,0
325212,2026-07-09 23:09:09+00:00,2026-08-24 23:29:57+00:00,2026-07-10 00:50:44+00:00,0.07054398148148149,64.07833333333333,0
325211,2026-07-09 23:08:56+00:00,2026-08-24 23:29:56+00:00,2026-07-10 00:10:26+00:00,0.042708333333333334,64.0784837962963,0
325209,2026-07-09 23:01:09+00:00,2026-08-24 23:29:56+00:00,2026-07-09 23:29:59+00:00,0.020023148148148148,64.0838888888889,0
325207,2026-07-09 22:56:27+00:00,2026-08-24 23:29:56+00:00,2026-07-09 23:53:38+00:00,0.03971064814814815,64.08715277777777,0
325206,2026-07-09 22:47:36+00:00,2026-07-10 00:54:09+00:00,,,64.09329861111111,1
325205,2026-07-09 22:42:11+00:00,2026-08-23 23:29:01+00:00,2026-07-09 23:22:30+00:00,0.027997685185185184,64.09706018518519,0
325203,2026-07-09 22:31:08+00:00,2026-08-24 23:29:56+00:00,2026-07-09 23:29:37+00:00,0.04061342592592593,64.1047337962963,0
325202,2026-07-09 22:22:12+00:00,2026-08-24 23:29:56+00:00,2026-07-10 05:43:40+00:00,0.30657407407407405,64.1109375,0
325200,2026-07-09 22:13:51+00:00,2026-08-24 23:29:56+00:00,2026-07-10 19:07:39+00:00,0.8706944444444444,64.11673611111111,0
325198,2026-07-09 22:09:09+00:00,2026-08-24 23:29:56+00:00,2026-07-10 06:00:13+00:00,0.3271296296296296,64.12,0
325196,2026-07-09 21:40:11+00:00,2026-08-24 23:29:56+00:00,2026-07-10 19:50:17+00:00,0.9236805555555555,64.14011574074074,0
325195,2026-07-09 21:30:34+00:00,2026-08-28 23:22:58+00:00,2026-07-13 17:20:11+00:00,3.8261226851851853,64.14679398148148,0
325194,2026-07-09 21:15:56+00:00,2026-08-23 23:29:01+00:00,2026-07-09 23:13:52+00:00,0.08189814814814815,64.15695601851851,0
325193,2026-07-09 21:04:56+00:00,2026-08-23 23:29:01+00:00,2026-07-09 21:26:42+00:00,0.01511574074074074,64.1645949074074,0
325191,2026-07-09 21:00:53+00:00,2026-08-23 23:29:01+00:00,2026-07-09 21:26:31+00:00,0.017800925925925925,64.16740740740741,0
325190,2026-07-09 20:59:12+00:00,2026-08-31 23:27:00+00:00,2026-07-15 13:13:24+00:00,5.676527777777777,64.1685763888889,0
325189,2026-07-09 20:54:20+00:00,2026-08-07 04:48:01+00:00,2026-08-07 04:48:01+00:00,28.32894675925926,64.17195601851851,1
325187,2026-07-09 20:42:13+00:00,2026-08-23 23:29:01+00:00,2026-07-09 22:09:23+00:00,0.06053240740740741,64.18037037037037,0
325184,2026-07-09 20:36:11+00:00,2026-08-07 01:14:57+00:00,2026-08-07 01:14:53+00:00,28.19354166666667,64.18456018518519,1
325183,2026-07-09 20:22:48+00:00,2026-08-23 23:29:01+00:00,2026-07-09 21:23:00+00:00,0.041805555555555554,64.19385416666667,0
325181,2026-07-09 20:02:03+00:00,2026-08-23 23:29:01+00:00,2026-07-09 21:24:05+00:00,0.05696759259259259,64.2082638888889,0
325180,2026-07-09 19:33:41+00:00,2026-08-23 23:29:01+00:00,2026-07-09 20:06:26+00:00,0.022743055555555555,64.22796296296296,0
325175,2026-07-09 19:14:09+00:00,2026-08-24 23:29:56+00:00,2026-07-10 00:06:48+00:00,0.20322916666666666,64.24152777777778,0
325173,2026-07-09 18:48:37+00:00,2026-08-23 23:29:01+00:00,2026-07-09 19:32:15+00:00,0.030300925925925926,64.25925925925925,0
325170,2026-07-09 18:02:31+00:00,2026-08-23 23:29:01+00:00,2026-07-09 19:32:05+00:00,0.06219907407407407,64.29127314814815,0
325169,2026-07-09 17:59:47+00:00,2026-08-23 23:29:01+00:00,2026-07-09 18:15:18+00:00,0.010775462962962962,64.2931712962963,0
325168,2026-07-09 17:57:53+00:00,2026-08-24 23:29:56+00:00,2026-07-10 03:10:37+00:00,0.38384259259259257,64.29449074074074,0
325166,2026-07-09 17:24:49+00:00,2026-08-23 23:29:01+00:00,2026-07-09 21:44:04+00:00,0.18003472222222222,64.3174537037037,0
325165,2026-07-09 17:21:58+00:00,2026-08-26 11:37:07+00:00,2026-08-26 11:37:06+00:00,47.76050925925926,64.31943287037036,1
325163,2026-07-09 17:03:30+00:00,2026-07-09 18:45:05+00:00,,,64.33225694444444,1
325161,2026-07-09 16:48:32+00:00,2026-08-31 23:27:00+00:00,2026-07-15 16:00:01+00:00,5.96630787037037,64.34265046296296,0
325159,2026-07-09 16:37:26+00:00,2026-08-23 23:29:01+00:00,2026-07-09 17:51:37+00:00,0.0515162037037037,64.35035879629629,0
325158,2026-07-09 16:17:11+00:00,2026-08-23 23:29:01+00:00,2026-07-09 16:17:26+00:00,0.00017361111111111112,64.3644212962963,0
325155,2026-07-09 16:08:44+00:00,2026-08-25 23:30:09+00:00,2026-07-11 15:12:58+00:00,1.9612731481481482,64.37028935185185,0
325154,2026-07-09 16:08:27+00:00,2026-07-09 17:42:54+00:00,,,64.3704861111111,1
325153,2026-07-09 16:08:18+00:00,2026-07-09 17:42:56+00:00,,,64.37059027777778,1
325151,2026-07-09 16:00:59+00:00,2026-07-09 16:06:08+00:00,,,64.37567129629629,1
325148,2026-07-09 15:47:56+00:00,2026-08-23 23:29:01+00:00,2026-07-09 16:29:40+00:00,0.028981481481481483,64.3847337962963,0
325145,2026-07-09 15:30:08+00:00,2026-08-03 08:10:43+00:00,,,64.3970949074074,1
325143,2026-07-09 15:13:59+00:00,2026-08-13 03:10:26+00:00,2026-08-13 03:09:49+00:00,34.49710648148148,64.40831018518519,1
325140,2026-07-09 14:53:34+00:00,2026-08-23 23:29:01+00:00,2026-07-09 16:11:26+00:00,0.05407407407407407,64.42248842592592,0
325139,2026-07-09 14:45:16+00:00,2026-08-23 23:29:01+00:00,2026-07-09 17:56:23+00:00,0.1327199074074074,64.42825231481481,0
325138,2026-07-09 14:37:20+00:00,2026-08-23 23:29:01+00:00,2026-07-09 21:56:23+00:00,0.3048958333333333,64.43376157407407,0
325137,2026-07-09 14:32:39+00:00,2026-08-23 23:29:01+00:00,2026-07-09 15:59:30+00:00,0.0603125,64.43701388888888,0
325135,2026-07-09 14:14:40+00:00,2026-08-23 23:29:01+00:00,2026-07-09 14:31:13+00:00,0.011493055555555555,64.44950231481481,0
325134,2026-07-09 14:07:18+00:00,2026-08-23 23:29:01+00:00,2026-07-09 15:52:56+00:00,0.07335648148148148,64.45461805555556,0
325131,2026-07-09 13:34:13+00:00,2026-08-23 23:29:01+00:00,2026-07-09 15:03:57+00:00,0.062314814814814816,64.47759259259259,0
325129,2026-07-09 13:10:28+00:00,2026-08-24 23:29:56+00:00,2026-07-10 08:49:09+00:00,0.8185300925925926,64.49408564814814,0
325126,2026-07-09 12:49:22+00:00,2026-08-23 23:29:01+00:00,2026-07-09 15:52:35+00:00,0.1272337962962963,64.50873842592593,0
325124,2026-07-09 11:57:23+00:00,2026-08-23 23:29:01+00:00,2026-07-09 13:56:42+00:00,0.08285879629629629,64.54483796296296,0
325123,2026-07-09 11:54:39+00:00,2026-08-23 23:29:01+00:00,2026-07-09 13:55:55+00:00,0.08421296296296296,64.54673611111112,0
325122,2026-07-09 11:54:02+00:00,2026-08-24 23:29:56+00:00,2026-07-10 17:56:54+00:00,1.2519907407407407,64.54716435185185,0
325120,2026-07-09 11:35:18+00:00,2026-08-23 23:29:01+00:00,2026-07-09 13:55:49+00:00,0.09758101851851853,64.56017361111111,0
325119,2026-07-09 11:33:21+00:00,2026-08-23 23:29:01+00:00,2026-07-09 21:17:38+00:00,0.40575231481481483,64.56152777777778,0
325118,2026-07-09 11:32:31+00:00,2026-08-23 23:29:01+00:00,2026-07-09 12:10:05+00:00,0.026087962962962962,64.56210648148148,0
325117,2026-07-09 11:30:27+00:00,2026-08-23 23:29:01+00:00,2026-07-09 12:07:02+00:00,0.025405092592592594,64.56354166666667,0
