pr_number,commits_count,commit_authors,files_changed,additions,deletions,total_changes,max_file_changes,avg_file_changes,files_added,files_modified,files_removed,files_renamed,deletion_ratio,changes_per_commit,files_per_commit,developers_involved
325117,1,1,1.0,4.0,0.0,4.0,4.0,4.0,0.0,1.0,0.0,0.0,0.0,4.0,1.0,1
325118,6,1,315.0,13358.0,2659.0,16017.0,746.0,48.243975903614455,29.0,297.0,4.0,2.0,0.16601111319223325,2669.5,52.5,1
325120,1,1,2.0,20.0,18.0,38.0,31.0,19.0,0.0,2.0,0.0,0.0,0.47368421052631576,38.0,2.0,1
325122,4,2,350.0,23497.0,12747.0,36244.0,14687.0,100.958217270195,31.0,327.0,0.0,1.0,0.35169959165655007,9061.0,87.5,2
325123,1,1,3.0,12.0,6.0,18.0,14.0,6.0,0.0,3.0,0.0,0.0,0.3333333333333333,18.0,3.0,1
325124,1,1,1.0,9.0,0.0,9.0,9.0,9.0,0.0,1.0,0.0,0.0,0.0,9.0,1.0,1
325126,2,1,1.0,20.0,1.0,21.0,19.0,10.5,0.0,2.0,0.0,0.0,0.047619047619047616,10.5,0.5,1
325129,2,1,289.0,14152.0,1853.0,16005.0,696.0,55.38062283737024,55.0,227.0,2.0,5.0,0.11577631990003125,8002.5,144.5,1
325131,2,1,16.0,118.0,170.0,288.0,87.0,18.0,0.0,15.0,1.0,0.0,0.5902777777777778,144.0,8.0,1
325134,1,1,1.0,13.0,4.0,17.0,17.0,17.0,0.0,1.0,0.0,0.0,0.23529411764705882,17.0,1.0,1
325135,1,1,3.0,11.0,19.0,30.0,24.0,10.0,0.0,3.0,0.0,0.0,0.6333333333333333,30.0,3.0,1
325137,1,1,5.0,26.0,6.0,32.0,11.0,6.4,0.0,5.0,0.0,0.0,0.1875,32.0,5.0,1
325138,19,1,18.0,1828.0,702.0,2530.0,223.0,55.0,5.0,41.0,0.0,0.0,0.2774703557312253,133.1578947368421,0.9473684210526315,1
325139,5,1,33.0,730.0,203.0,933.0,246.0,25.916666666666668,0.0,35.0,1.0,0.0,0.21757770632368703,186.6,6.6,1
325140,2,1,2.0,39.0,8.0,47.0,26.0,15.666666666666666,0.0,3.0,0.0,0.0,0.1702127659574468,23.5,1.0,1
325143,16,1,18.0,2304.0,1410.0,3714.0,138.0,33.160714285714285,0.0,112.0,0.0,0.0,0.37964458804523427,232.125,1.125,1
325145,4,2,521.0,53602.0,16495.0,70097.0,14687.0,116.44019933554817,58.0,540.0,4.0,0.0,0.2353167753256202,17524.25,130.25,2
325148,1,1,1.0,26.0,2.0,28.0,28.0,28.0,0.0,1.0,0.0,0.0,0.07142857142857142,28.0,1.0,1
325151,1,1,6.0,123.0,123.0,246.0,82.0,41.0,0.0,6.0,0.0,0.0,0.5,246.0,6.0,1
325153,2,1,2.0,136.0,23.0,159.0,116.0,53.0,0.0,3.0,0.0,0.0,0.14465408805031446,79.5,1.0,1
325154,1,1,3.0,78.0,3.0,81.0,59.0,27.0,0.0,3.0,0.0,0.0,0.037037037037037035,81.0,3.0,1
325155,17,1,619.0,37705.0,14466.0,52171.0,14687.0,75.06618705035972,91.0,596.0,2.0,6.0,0.27728048149355006,3068.8823529411766,36.411764705882355,1
325158,1,1,4.0,368.0,8.0,376.0,246.0,94.0,0.0,4.0,0.0,0.0,0.02127659574468085,376.0,4.0,1
325159,2,1,3.0,110.0,4.0,114.0,55.0,19.0,0.0,6.0,0.0,0.0,0.03508771929824561,57.0,1.5,1
325161,16,1,801.0,52977.0,20084.0,73061.0,14687.0,77.06856540084388,85.0,852.0,8.0,3.0,0.27489358207525216,4566.3125,50.0625,1
325163,1,1,1.0,14.0,3.0,17.0,17.0,17.0,0.0,1.0,0.0,0.0,0.17647058823529413,17.0,1.0,1
325165,4,1,306.0,28652.0,13516.0,42168.0,14687.0,136.0258064516129,28.0,282.0,0.0,0.0,0.32052741415291214,10542.0,76.5,1
325166,3,1,32.0,880.0,22.0,902.0,237.0,28.1875,2.0,30.0,0.0,0.0,0.024390243902439025,300.6666666666667,10.666666666666666,1
325168,4,1,1.0,195.0,15.0,210.0,153.0,52.5,1.0,3.0,0.0,0.0,0.07142857142857142,52.5,0.25,1
325169,1,1,2.0,109.0,25.0,134.0,93.0,67.0,0.0,2.0,0.0,0.0,0.1865671641791045,134.0,2.0,1
325170,2,1,2.0,6.0,6.0,12.0,8.0,4.0,0.0,3.0,0.0,0.0,0.5,6.0,1.0,1
325173,2,1,6.0,53.0,27.0,80.0,24.0,13.333333333333334,0.0,6.0,0.0,0.0,0.3375,40.0,3.0,1
325175,5,2,127.0,5695.0,854.0,6549.0,594.0,50.37692307692308,18.0,112.0,0.0,0.0,0.13040158802870666,1309.8,25.4,2
325180,1,1,3.0,9.0,3.0,12.0,6.0,4.0,0.0,3.0,0.0,0.0,0.25,12.0,3.0,1
325181,1,1,9.0,288.0,12.0,300.0,120.0,33.333333333333336,0.0,9.0,0.0,0.0,0.04,300.0,9.0,1
325183,2,1,4.0,179.0,38.0,217.0,150.0,43.4,0.0,5.0,0.0,0.0,0.17511520737327188,108.5,2.0,1
325184,5,1,732.0,75930.0,33554.0,109484.0,14687.0,118.4891774891775,103.0,814.0,7.0,0.0,0.30647400533411273,21896.8,146.4,1
325187,4,1,315.0,16056.0,2871.0,18927.0,1074.0,59.146875,39.0,278.0,1.0,2.0,0.15168806466951973,4731.75,78.75,1
325189,2,1,2.0,102.0,4.0,106.0,91.0,35.333333333333336,0.0,3.0,0.0,0.0,0.03773584905660377,53.0,1.0,1
325190,3,1,21.0,482.0,172.0,654.0,148.0,21.096774193548388,2.0,28.0,1.0,0.0,0.26299694189602446,218.0,7.0,1
325191,3,1,21.0,418.0,157.0,575.0,126.0,26.136363636363637,1.0,21.0,0.0,0.0,0.27304347826086955,191.66666666666666,7.0,1
325193,1,1,1.0,13.0,3.0,16.0,16.0,16.0,0.0,1.0,0.0,0.0,0.1875,16.0,1.0,1
325194,2,2,66.0,956.0,213.0,1169.0,146.0,17.71212121212121,2.0,64.0,0.0,0.0,0.1822070145423439,584.5,33.0,2
325195,5,1,302.0,22141.0,12461.0,34602.0,14687.0,112.71009771986971,33.0,274.0,0.0,0.0,0.360123692272123,6920.4,60.4,1
325196,1,1,5.0,257.0,19.0,276.0,104.0,55.2,0.0,5.0,0.0,0.0,0.06884057971014493,276.0,5.0,1
325198,6,1,300.0,14393.0,1865.0,16258.0,696.0,51.28706624605678,54.0,255.0,2.0,6.0,0.11471275679665395,2709.6666666666665,50.0,1
325200,5,1,302.0,21621.0,12398.0,34019.0,14687.0,111.17320261437908,39.0,267.0,0.0,0.0,0.3644433992768747,6803.8,60.4,1
325202,2,1,1.0,148.0,135.0,283.0,153.0,141.5,0.0,2.0,0.0,0.0,0.47703180212014135,141.5,0.5,1
325203,1,1,2.0,202.0,64.0,266.0,138.0,133.0,0.0,2.0,0.0,0.0,0.24060150375939848,266.0,2.0,1
325205,2,1,3.0,261.0,36.0,297.0,156.0,99.0,0.0,3.0,0.0,0.0,0.12121212121212122,148.5,1.5,1
325206,3,1,22.0,205.0,330.0,535.0,43.0,14.45945945945946,1.0,36.0,0.0,0.0,0.616822429906542,178.33333333333334,7.333333333333333,1
325207,4,1,15.0,286.0,75.0,361.0,87.0,18.05,0.0,20.0,0.0,0.0,0.2077562326869806,90.25,3.75,1
325209,3,1,301.0,18099.0,4588.0,22687.0,7487.0,71.79430379746836,29.0,284.0,1.0,2.0,0.20223035218407018,7562.333333333333,100.33333333333333,1
325211,5,1,2.0,257.0,63.0,320.0,152.0,80.0,0.0,4.0,0.0,0.0,0.196875,64.0,0.4,1
325212,2,1,5.0,300.0,49.0,349.0,77.0,49.857142857142854,0.0,7.0,0.0,0.0,0.14040114613180515,174.5,2.5,1
325222,2,1,3.0,260.0,1.0,261.0,182.0,65.25,2.0,2.0,0.0,0.0,0.0038314176245210726,130.5,1.5,1
325223,11,1,306.0,21515.0,12523.0,34038.0,14687.0,107.71518987341773,39.0,277.0,0.0,0.0,0.36791233327457545,3094.3636363636365,27.818181818181817,1
325226,2,1,4.0,191.0,43.0,234.0,49.0,39.0,0.0,6.0,0.0,0.0,0.18376068376068377,117.0,2.0,1
325228,1,1,2.0,41.0,3.0,44.0,27.0,22.0,0.0,2.0,0.0,0.0,0.06818181818181818,44.0,2.0,1
325233,1,1,4.0,46.0,17.0,63.0,27.0,15.75,1.0,3.0,0.0,0.0,0.2698412698412698,63.0,4.0,1
325234,1,1,1.0,4.0,0.0,4.0,4.0,4.0,0.0,1.0,0.0,0.0,0.0,4.0,1.0,1
325238,2,1,2.0,311.0,57.0,368.0,173.0,92.0,1.0,3.0,0.0,0.0,0.15489130434782608,184.0,1.0,1
325239,4,1,209.0,12454.0,1253.0,13707.0,696.0,64.65566037735849,53.0,154.0,0.0,5.0,0.09141314656744728,3426.75,52.25,1
325241,23,1,840.0,88455.0,29309.0,117764.0,14687.0,108.53824884792627,179.0,862.0,7.0,37.0,0.24887911416052444,5120.173913043478,36.52173913043478,1
325247,1,1,8.0,90.0,30.0,120.0,51.0,15.0,0.0,8.0,0.0,0.0,0.25,120.0,8.0,1
325249,3,1,7.0,282.0,226.0,508.0,165.0,42.333333333333336,1.0,11.0,0.0,0.0,0.4448818897637795,169.33333333333334,2.3333333333333335,1
325254,2,1,11.0,160.0,91.0,251.0,73.0,20.916666666666668,0.0,12.0,0.0,0.0,0.36254980079681276,125.5,5.5,1
325257,1,1,1.0,1.0,2.0,3.0,3.0,3.0,0.0,1.0,0.0,0.0,0.6666666666666666,3.0,1.0,1
325258,3,1,7.0,212.0,32.0,244.0,83.0,22.181818181818183,1.0,10.0,0.0,0.0,0.13114754098360656,81.33333333333333,2.3333333333333335,1
325259,3,1,309.0,24997.0,13174.0,38171.0,14687.0,123.13225806451612,30.0,278.0,2.0,0.0,0.3451311204841372,12723.666666666666,103.0,1
325262,2,1,300.0,755.0,302.0,1057.0,30.0,3.5233333333333334,30.0,270.0,0.0,0.0,0.2857142857142857,528.5,150.0,1
325263,6,1,27.0,2994.0,235.0,3229.0,481.0,84.97368421052632,7.0,31.0,0.0,0.0,0.07277794982966863,538.1666666666666,4.5,1
325268,3,1,9.0,18322.0,11933.0,30255.0,14687.0,3025.5,0.0,10.0,0.0,0.0,0.394414146422079,10085.0,3.0,1
325269,1,1,2.0,213.0,43.0,256.0,177.0,128.0,0.0,2.0,0.0,0.0,0.16796875,256.0,2.0,1
325271,7,1,4.0,538.0,10.0,548.0,481.0,54.8,2.0,8.0,0.0,0.0,0.01824817518248175,78.28571428571429,0.5714285714285714,1
325272,2,1,3.0,67.0,7.0,74.0,38.0,18.5,0.0,4.0,0.0,0.0,0.0945945945945946,37.0,1.5,1
325275,1,1,1.0,2.0,21.0,23.0,23.0,23.0,0.0,1.0,0.0,0.0,0.9130434782608695,23.0,1.0,1
325276,2,1,3.0,202.0,25.0,227.0,90.0,45.4,1.0,4.0,0.0,0.0,0.11013215859030837,113.5,1.5,1
325278,2,1,2.0,286.0,73.0,359.0,219.0,89.75,0.0,4.0,0.0,0.0,0.20334261838440112,179.5,1.0,1
325283,4,1,198.0,12140.0,1231.0,13371.0,696.0,66.5223880597015,53.0,143.0,0.0,5.0,0.09206491661057513,3342.75,49.5,1
325284,1,1,1.0,1.0,1.0,2.0,2.0,2.0,0.0,1.0,0.0,0.0,0.5,2.0,1.0,1
325291,5,1,136.0,22915.0,12872.0,35787.0,14687.0,243.44897959183675,17.0,130.0,0.0,0.0,0.35968368401933665,7157.4,27.2,1
325293,1,1,3.0,169.0,104.0,273.0,141.0,91.0,1.0,2.0,0.0,0.0,0.38095238095238093,273.0,3.0,1
325294,3,1,305.0,19957.0,12348.0,32305.0,14687.0,105.5718954248366,34.0,272.0,0.0,0.0,0.38223185265438786,10768.333333333334,101.66666666666667,1
325295,1,1,6.0,192.0,30.0,222.0,135.0,37.0,0.0,6.0,0.0,0.0,0.13513513513513514,222.0,6.0,1
325296,1,1,7.0,163.0,21.0,184.0,72.0,26.285714285714285,2.0,5.0,0.0,0.0,0.11413043478260869,184.0,7.0,1
325298,4,1,309.0,20597.0,12335.0,32932.0,14687.0,105.89067524115755,36.0,275.0,0.0,0.0,0.3745596987732297,8233.0,77.25,1
325299,8,1,99.0,21469.0,12629.0,34098.0,14687.0,293.94827586206895,12.0,104.0,0.0,0.0,0.37037362895184467,4262.25,12.375,1
325300,1,1,3.0,104.0,93.0,197.0,103.0,65.66666666666667,1.0,2.0,0.0,0.0,0.4720812182741117,197.0,3.0,1
325301,2,1,9.0,443.0,115.0,558.0,205.0,34.875,1.0,15.0,0.0,0.0,0.2060931899641577,279.0,4.5,1
325302,1,1,14.0,152.0,42.0,194.0,39.0,13.857142857142858,0.0,14.0,0.0,0.0,0.21649484536082475,194.0,14.0,1
325303,3,1,26.0,945.0,292.0,1237.0,163.0,41.233333333333334,5.0,25.0,0.0,0.0,0.2360549717057397,412.3333333333333,8.666666666666666,1
325304,1,1,5.0,103.0,15.0,118.0,54.0,23.6,0.0,5.0,0.0,0.0,0.1271186440677966,118.0,5.0,1
325305,1,1,2.0,25.0,7.0,32.0,18.0,16.0,0.0,2.0,0.0,0.0,0.21875,32.0,2.0,1
325307,1,1,3.0,85.0,3.0,88.0,65.0,29.333333333333332,1.0,2.0,0.0,0.0,0.03409090909090909,88.0,3.0,1
325309,2,1,17.0,82.0,93.0,175.0,16.0,8.333333333333334,0.0,21.0,0.0,0.0,0.5314285714285715,87.5,8.5,1
325310,4,1,453.0,24653.0,13965.0,38618.0,14687.0,84.50328227571116,48.0,405.0,4.0,0.0,0.36161893417577295,9654.5,113.25,1
325311,11,1,12.0,2814.0,600.0,3414.0,389.0,85.35,6.0,34.0,0.0,0.0,0.1757469244288225,310.3636363636364,1.0909090909090908,1
325314,2,1,4.0,25.0,19.0,44.0,31.0,8.8,0.0,5.0,0.0,0.0,0.4318181818181818,22.0,2.0,1
325320,3,1,2.0,56.0,29.0,85.0,38.0,21.25,0.0,4.0,0.0,0.0,0.3411764705882353,28.333333333333332,0.6666666666666666,1
325321,5,1,499.0,32490.0,13684.0,46174.0,14687.0,91.07297830374753,89.0,413.0,0.0,5.0,0.29635725733096546,9234.8,99.8,1
325322,2,1,2.0,50.0,21.0,71.0,31.0,17.75,0.0,4.0,0.0,0.0,0.29577464788732394,35.5,1.0,1
325329,6,1,6.0,11.0,11.0,22.0,12.0,3.6666666666666665,0.0,6.0,0.0,0.0,0.5,3.6666666666666665,1.0,1
325331,43,3,19.0,6393.0,5060.0,11453.0,756.0,89.4765625,9.0,113.0,6.0,0.0,0.4418056404435519,266.3488372093023,0.4418604651162791,3
325332,2,1,14.0,159.0,93.0,252.0,81.0,14.823529411764707,1.0,16.0,0.0,0.0,0.36904761904761907,126.0,7.0,1
325335,2,1,5.0,733.0,711.0,1444.0,714.0,206.28571428571428,0.0,7.0,0.0,0.0,0.49238227146814406,722.0,2.5,1
325337,2,1,1.0,59.0,5.0,64.0,56.0,32.0,0.0,2.0,0.0,0.0,0.078125,32.0,0.5,1
325338,4,1,331.0,17185.0,4405.0,21590.0,1057.0,61.68571428571428,33.0,310.0,7.0,0.0,0.20402964335340434,5397.5,82.75,1
325339,6,1,3.0,436.0,119.0,555.0,266.0,61.666666666666664,0.0,9.0,0.0,0.0,0.21441441441441442,92.5,0.5,1
325340,1,1,1.0,0.0,0.0,0.0,0.0,0.0,1.0,0.0,0.0,0.0,0.0,0.0,1.0,1
325342,1,1,4.0,13.0,3.0,16.0,6.0,4.0,0.0,4.0,0.0,0.0,0.1875,16.0,4.0,1
325343,1,1,1.0,1.0,1.0,2.0,2.0,2.0,0.0,1.0,0.0,0.0,0.5,2.0,1.0,1
325344,1,1,2.0,51.0,5.0,56.0,47.0,28.0,1.0,1.0,0.0,0.0,0.08928571428571429,56.0,2.0,1
325346,2,1,1.0,15.0,10.0,25.0,19.0,12.5,0.0,2.0,0.0,0.0,0.4,12.5,0.5,1
325347,1,1,2.0,11.0,1.0,12.0,10.0,6.0,0.0,2.0,0.0,0.0,0.08333333333333333,12.0,2.0,1
325351,1,1,1.0,1.0,1.0,2.0,2.0,2.0,0.0,1.0,0.0,0.0,0.5,2.0,1.0,1
325358,2,1,2.0,7.0,7.0,14.0,6.0,4.666666666666667,0.0,3.0,0.0,0.0,0.5,7.0,1.0,1
325359,7,1,305.0,24543.0,6208.0,30751.0,3553.0,97.00630914826499,78.0,231.0,7.0,1.0,0.20187961367110013,4393.0,43.57142857142857,1
325365,2,1,1.0,14.0,9.0,23.0,19.0,11.5,0.0,2.0,0.0,0.0,0.391304347826087,11.5,0.5,1
325366,3,1,5.0,181.0,151.0,332.0,67.0,36.888888888888886,0.0,9.0,0.0,0.0,0.45481927710843373,110.66666666666667,1.6666666666666667,1
325367,7,1,514.0,24500.0,7826.0,32326.0,1057.0,52.90671031096563,40.0,561.0,9.0,1.0,0.24209614551754005,4618.0,73.42857142857143,1
325368,3,1,3.0,247.0,42.0,289.0,73.0,41.285714285714285,0.0,7.0,0.0,0.0,0.1453287197231834,96.33333333333333,1.0,1
325370,4,1,19.0,524.0,98.0,622.0,93.0,22.214285714285715,3.0,25.0,0.0,0.0,0.15755627009646303,155.5,4.75,1
325371,3,1,5.0,222.0,62.0,284.0,90.0,31.555555555555557,0.0,9.0,0.0,0.0,0.21830985915492956,94.66666666666667,1.6666666666666667,1
325372,2,1,303.0,17281.0,5234.0,22515.0,1057.0,74.3069306930693,34.0,262.0,6.0,1.0,0.23246724405951588,11257.5,151.5,1
325374,1,1,2.0,2.0,2.0,4.0,2.0,2.0,0.0,2.0,0.0,0.0,0.5,4.0,2.0,1
325380,4,2,316.0,11458.0,2709.0,14167.0,587.0,44.271875,30.0,288.0,2.0,0.0,0.1912190301404673,3541.75,79.0,2
325382,2,1,10.0,253.0,87.0,340.0,87.0,34.0,4.0,6.0,0.0,0.0,0.25588235294117645,170.0,5.0,1
325383,2,1,2.0,4.0,6.0,10.0,8.0,5.0,0.0,2.0,0.0,0.0,0.6,5.0,1.0,1
325384,4,1,5.0,67.0,35.0,102.0,21.0,9.272727272727273,0.0,11.0,0.0,0.0,0.3431372549019608,25.5,1.25,1
325385,1,1,5.0,649.0,0.0,649.0,333.0,129.8,3.0,2.0,0.0,0.0,0.0,649.0,5.0,1
325386,2,1,2.0,5.0,5.0,10.0,6.0,5.0,0.0,2.0,0.0,0.0,0.5,5.0,1.0,1
325387,2,1,1.0,9.0,9.0,18.0,10.0,9.0,0.0,2.0,0.0,0.0,0.5,9.0,0.5,1
325391,2,1,8.0,33.0,33.0,66.0,28.0,6.6,0.0,10.0,0.0,0.0,0.5,33.0,4.0,1
325393,3,3,300.0,9611.0,1841.0,11452.0,950.0,37.79537953795379,23.0,280.0,0.0,0.0,0.16075794621026895,3817.3333333333335,100.0,3
325396,2,1,2.0,110.0,55.0,165.0,113.0,55.0,0.0,3.0,0.0,0.0,0.3333333333333333,82.5,1.0,1
325397,4,1,7.0,75.0,189.0,264.0,50.0,29.333333333333332,0.0,8.0,1.0,0.0,0.7159090909090909,66.0,1.75,1
325399,1,1,1.0,6.0,0.0,6.0,6.0,6.0,0.0,1.0,0.0,0.0,0.0,6.0,1.0,1
325400,1,1,1.0,1.0,0.0,1.0,1.0,1.0,0.0,1.0,0.0,0.0,0.0,1.0,1.0,1
325401,1,1,6.0,123.0,123.0,246.0,82.0,41.0,0.0,6.0,0.0,0.0,0.5,246.0,6.0,1
325404,2,1,6.0,149.0,43.0,192.0,56.0,17.454545454545453,1.0,10.0,0.0,0.0,0.22395833333333334,96.0,3.0,1
325405,2,1,301.0,16760.0,5290.0,22050.0,1057.0,73.25581395348837,30.0,262.0,8.0,1.0,0.2399092970521542,11025.0,150.5,1
325407,1,1,2.0,43.0,5.0,48.0,41.0,24.0,0.0,2.0,0.0,0.0,0.10416666666666667,48.0,2.0,1
325410,6,1,301.0,17196.0,5564.0,22760.0,1057.0,72.25396825396825,28.0,278.0,8.0,1.0,0.2444639718804921,3793.3333333333335,50.166666666666664,1
325417,2,1,27.0,4092.0,407.0,4499.0,1030.0,132.3235294117647,5.0,29.0,0.0,0.0,0.09046454767726161,2249.5,13.5,1
325422,4,2,302.0,16831.0,5317.0,22148.0,1057.0,72.85526315789474,28.0,268.0,7.0,1.0,0.24006682318945277,5537.0,75.5,2
325423,2,1,1.0,34.0,7.0,41.0,38.0,20.5,0.0,2.0,0.0,0.0,0.17073170731707318,20.5,0.5,1
325428,7,1,23.0,241.0,121.0,362.0,150.0,12.928571428571429,0.0,28.0,0.0,0.0,0.3342541436464088,51.714285714285715,3.2857142857142856,1
325437,2,1,303.0,9747.0,1833.0,11580.0,981.0,38.0921052631579,23.0,281.0,0.0,0.0,0.1582901554404145,5790.0,151.5,1
325441,3,1,303.0,15071.0,3165.0,18236.0,1445.0,59.59477124183007,30.0,275.0,0.0,1.0,0.17355779776266725,6078.666666666667,101.0,1
325442,2,1,2.0,19.0,1.0,20.0,16.0,10.0,0.0,2.0,0.0,0.0,0.05,10.0,1.0,1
325443,2,1,2.0,121.0,15.0,136.0,46.0,34.0,0.0,4.0,0.0,0.0,0.11029411764705882,68.0,1.0,1
325444,1,1,3.0,98.0,39.0,137.0,80.0,45.666666666666664,0.0,3.0,0.0,0.0,0.2846715328467153,137.0,3.0,1
325445,3,2,176.0,10133.0,2002.0,12135.0,1057.0,68.94886363636364,19.0,155.0,2.0,0.0,0.1649773382777091,4045.0,58.666666666666664,2
325454,1,1,1.0,2.0,78.0,80.0,80.0,80.0,0.0,1.0,0.0,0.0,0.975,80.0,1.0,1
325457,1,1,2.0,8.0,0.0,8.0,7.0,4.0,0.0,2.0,0.0,0.0,0.0,8.0,2.0,1
325458,3,1,7.0,321.0,110.0,431.0,158.0,30.785714285714285,0.0,14.0,0.0,0.0,0.2552204176334107,143.66666666666666,2.3333333333333335,1
325460,5,1,806.0,41044.0,33312.0,74356.0,2700.0,81.62019758507135,96.0,705.0,108.0,2.0,0.44800688579267306,14871.2,161.2,1
325463,1,1,1.0,1.0,1.0,2.0,2.0,2.0,0.0,1.0,0.0,0.0,0.5,2.0,1.0,1
325464,1,1,1.0,9.0,0.0,9.0,9.0,9.0,0.0,1.0,0.0,0.0,0.0,9.0,1.0,1
325468,1,1,2.0,92.0,10.0,102.0,90.0,51.0,0.0,2.0,0.0,0.0,0.09803921568627451,102.0,2.0,1
325472,2,1,4.0,68.0,10.0,78.0,39.0,19.5,1.0,3.0,0.0,0.0,0.1282051282051282,39.0,2.0,1
325477,5,2,87.0,2404.0,576.0,2980.0,197.0,33.48314606741573,4.0,85.0,0.0,0.0,0.19328859060402684,596.0,17.4,2
325478,4,1,97.0,2688.0,715.0,3403.0,197.0,34.03,6.0,94.0,0.0,0.0,0.21010872759330004,850.75,24.25,1
325492,1,1,1.0,5.0,3.0,8.0,8.0,8.0,0.0,1.0,0.0,0.0,0.375,8.0,1.0,1
325503,11,1,1053.0,53920.0,10333.0,64253.0,905.0,48.20180045011253,155.0,1169.0,5.0,4.0,0.1608173937403701,5841.181818181818,95.72727272727273,1
325505,4,1,323.0,11021.0,5283.0,16304.0,906.0,45.54189944134078,17.0,335.0,5.0,1.0,0.3240309126594701,4076.0,80.75,1
325509,1,1,1.0,8.0,1.0,9.0,9.0,9.0,0.0,1.0,0.0,0.0,0.1111111111111111,9.0,1.0,1
325511,1,1,1.0,1.0,1.0,2.0,2.0,2.0,0.0,1.0,0.0,0.0,0.5,2.0,1.0,1
325513,2,1,86.0,2152.0,1115.0,3267.0,559.0,37.98837209302326,5.0,78.0,3.0,0.0,0.34129170492806854,1633.5,43.0,1
325514,10,1,4.0,808.0,281.0,1089.0,281.0,57.31578947368421,2.0,17.0,0.0,0.0,0.2580348943985308,108.9,0.4,1
325515,3,1,8.0,193.0,28.0,221.0,80.0,18.416666666666668,0.0,12.0,0.0,0.0,0.12669683257918551,73.66666666666667,2.6666666666666665,1
325521,1,1,4.0,120.0,15.0,135.0,59.0,33.75,0.0,4.0,0.0,0.0,0.1111111111111111,135.0,4.0,1
325525,7,1,309.0,17802.0,5319.0,23121.0,1057.0,66.06,31.0,312.0,6.0,1.0,0.23005060334760608,3303.0,44.142857142857146,1
325528,2,1,3.0,226.0,43.0,269.0,111.0,44.833333333333336,0.0,6.0,0.0,0.0,0.15985130111524162,134.5,1.5,1
325532,1,1,1.0,10.0,4.0,14.0,14.0,14.0,0.0,1.0,0.0,0.0,0.2857142857142857,14.0,1.0,1
325536,4,1,3.0,209.0,61.0,270.0,79.0,27.0,0.0,10.0,0.0,0.0,0.22592592592592592,67.5,0.75,1
325538,1,1,2.0,41.0,22.0,63.0,40.0,31.5,0.0,2.0,0.0,0.0,0.3492063492063492,63.0,2.0,1
325541,1,1,1.0,1.0,1.0,2.0,2.0,2.0,0.0,1.0,0.0,0.0,0.5,2.0,1.0,1
325543,1,1,4.0,8.0,8.0,16.0,6.0,4.0,0.0,4.0,0.0,0.0,0.5,16.0,4.0,1
325544,1,1,2.0,2.0,2.0,4.0,2.0,2.0,0.0,2.0,0.0,0.0,0.5,4.0,2.0,1
325547,19,2,603.0,28617.0,9735.0,38352.0,853.0,42.56603773584906,45.0,849.0,5.0,2.0,0.2538329161451815,2018.5263157894738,31.736842105263158,2
325548,2,1,62.0,1245.0,330.0,1575.0,150.0,24.609375,3.0,61.0,0.0,0.0,0.20952380952380953,787.5,31.0,1
325553,2,1,4.0,75.0,80.0,155.0,70.0,25.833333333333332,0.0,6.0,0.0,0.0,0.5161290322580645,77.5,2.0,1
325563,3,1,24.0,168.0,707.0,875.0,175.0,35.0,0.0,23.0,2.0,0.0,0.808,291.6666666666667,8.0,1
325573,2,1,305.0,26067.0,13188.0,39255.0,14687.0,128.70491803278688,27.0,275.0,2.0,1.0,0.33595720290408865,19627.5,152.5,1
325575,1,1,1.0,5.0,1.0,6.0,6.0,6.0,0.0,1.0,0.0,0.0,0.16666666666666666,6.0,1.0,1
325578,5,1,934.0,62595.0,58477.0,121072.0,11600.0,100.80932556203165,148.0,924.0,126.0,3.0,0.4829935905907229,24214.4,186.8,1
325580,2,1,11.0,181.0,52.0,233.0,46.0,16.642857142857142,0.0,14.0,0.0,0.0,0.22317596566523606,116.5,5.5,1
325581,1,1,8.0,11.0,603.0,614.0,175.0,76.75,0.0,6.0,2.0,0.0,0.9820846905537459,614.0,8.0,1
325582,1,1,1.0,6.0,1.0,7.0,7.0,7.0,0.0,1.0,0.0,0.0,0.14285714285714285,7.0,1.0,1
325584,1,1,1.0,5.0,1.0,6.0,6.0,6.0,0.0,1.0,0.0,0.0,0.16666666666666666,6.0,1.0,1
325585,2,1,1.0,8.0,5.0,13.0,8.0,6.5,0.0,2.0,0.0,0.0,0.38461538461538464,6.5,0.5,1
325591,2,1,6.0,53.0,8.0,61.0,30.0,8.714285714285714,0.0,7.0,0.0,0.0,0.13114754098360656,30.5,3.0,1
325593,4,1,10.0,536.0,73.0,609.0,130.0,38.0625,1.0,15.0,0.0,0.0,0.11986863711001643,152.25,2.5,1
325594,1,1,1.0,11.0,8.0,19.0,19.0,19.0,0.0,1.0,0.0,0.0,0.42105263157894735,19.0,1.0,1
325596,3,1,189.0,7233.0,4025.0,11258.0,906.0,58.635416666666664,10.0,176.0,5.0,1.0,0.35752353881684135,3752.6666666666665,63.0,1
325597,2,1,2.0,159.0,52.0,211.0,93.0,70.33333333333333,0.0,3.0,0.0,0.0,0.24644549763033174,105.5,1.0,1
325599,1,1,2.0,12.0,0.0,12.0,8.0,6.0,0.0,2.0,0.0,0.0,0.0,12.0,2.0,1
325609,2,1,2.0,177.0,59.0,236.0,98.0,59.0,0.0,4.0,0.0,0.0,0.25,118.0,1.0,1
325613,4,1,2.0,599.0,40.0,639.0,377.0,127.8,1.0,4.0,0.0,0.0,0.06259780907668232,159.75,0.5,1
325614,1,1,9.0,176.0,103.0,279.0,111.0,31.0,0.0,9.0,0.0,0.0,0.36917562724014336,279.0,9.0,1
325622,1,1,1.0,1.0,0.0,1.0,1.0,1.0,0.0,1.0,0.0,0.0,0.0,1.0,1.0,1
325624,1,1,1.0,11.0,8.0,19.0,19.0,19.0,0.0,1.0,0.0,0.0,0.42105263157894735,19.0,1.0,1
325625,1,1,1.0,6.0,6.0,12.0,12.0,12.0,0.0,1.0,0.0,0.0,0.5,12.0,1.0,1
325626,1,1,1.0,1.0,0.0,1.0,1.0,1.0,0.0,1.0,0.0,0.0,0.0,1.0,1.0,1
325628,1,1,2.0,0.0,111.0,111.0,110.0,55.5,0.0,1.0,1.0,0.0,1.0,111.0,2.0,1
325629,2,1,4.0,4.0,3.0,7.0,2.0,1.75,0.0,4.0,0.0,0.0,0.42857142857142855,3.5,2.0,1
325632,2,1,1.0,5.0,4.0,9.0,5.0,4.5,0.0,2.0,0.0,0.0,0.4444444444444444,4.5,0.5,1
325636,1,1,1.0,8.0,11.0,19.0,19.0,19.0,0.0,1.0,0.0,0.0,0.5789473684210527,19.0,1.0,1
325637,1,1,1.0,0.0,6.0,6.0,6.0,6.0,0.0,1.0,0.0,0.0,1.0,6.0,1.0,1
325638,1,1,1.0,0.0,6.0,6.0,6.0,6.0,0.0,1.0,0.0,0.0,1.0,6.0,1.0,1
325640,2,1,64.0,1108.0,962.0,2070.0,175.0,32.34375,4.0,58.0,2.0,0.0,0.4647342995169082,1035.0,32.0,1
325641,1,1,1.0,7.0,8.0,15.0,15.0,15.0,0.0,1.0,0.0,0.0,0.5333333333333333,15.0,1.0,1
325646,1,1,1.0,1.0,1.0,2.0,2.0,2.0,0.0,1.0,0.0,0.0,0.5,2.0,1.0,1
325649,1,1,1.0,12.0,1.0,13.0,13.0,13.0,0.0,1.0,0.0,0.0,0.07692307692307693,13.0,1.0,1
325654,4,1,301.0,21814.0,5023.0,26837.0,2700.0,88.57095709570957,71.0,224.0,7.0,1.0,0.18716697097291055,6709.25,75.25,1
325659,3,1,35.0,1622.0,193.0,1815.0,182.0,47.76315789473684,3.0,35.0,0.0,0.0,0.10633608815426997,605.0,11.666666666666666,1
325674,1,1,1.0,1.0,1.0,2.0,2.0,2.0,0.0,1.0,0.0,0.0,0.5,2.0,1.0,1
325676,2,1,8.0,148.0,474.0,622.0,236.0,77.75,1.0,7.0,0.0,0.0,0.7620578778135049,311.0,4.0,1
325678,1,1,1.0,1.0,1.0,2.0,2.0,2.0,0.0,1.0,0.0,0.0,0.5,2.0,1.0,1
325679,7,1,383.0,15588.0,4374.0,19962.0,1255.0,49.780548628428924,36.0,362.0,1.0,2.0,0.21911632100991885,2851.714285714286,54.714285714285715,1
325680,2,1,1.0,47.0,12.0,59.0,49.0,29.5,0.0,2.0,0.0,0.0,0.2033898305084746,29.5,0.5,1
325681,3,1,45.0,2102.0,302.0,2404.0,559.0,52.26086956521739,4.0,41.0,1.0,0.0,0.12562396006655574,801.3333333333334,15.0,1
325682,1,1,1.0,12.0,1.0,13.0,13.0,13.0,0.0,1.0,0.0,0.0,0.07692307692307693,13.0,1.0,1
325683,1,1,2.0,105.0,25.0,130.0,97.0,65.0,0.0,2.0,0.0,0.0,0.19230769230769232,130.0,2.0,1
325685,1,1,1.0,9.0,0.0,9.0,9.0,9.0,0.0,1.0,0.0,0.0,0.0,9.0,1.0,1
325687,2,2,2.0,98.0,9.0,107.0,83.0,53.5,0.0,2.0,0.0,0.0,0.08411214953271028,53.5,1.0,2
325689,1,1,1.0,3.0,3.0,6.0,6.0,6.0,0.0,1.0,0.0,0.0,0.5,6.0,1.0,1
325690,1,1,1.0,1.0,1.0,2.0,2.0,2.0,0.0,1.0,0.0,0.0,0.5,2.0,1.0,1
325691,2,1,92.0,5001.0,2454.0,7455.0,832.0,80.16129032258064,9.0,82.0,1.0,1.0,0.3291750503018109,3727.5,46.0,1
325693,1,1,4.0,10.0,10.0,20.0,8.0,5.0,0.0,4.0,0.0,0.0,0.5,20.0,4.0,1
325695,1,1,4.0,7.0,6.0,13.0,5.0,3.25,0.0,4.0,0.0,0.0,0.46153846153846156,13.0,4.0,1
325697,3,1,73.0,3207.0,2508.0,5715.0,934.0,78.28767123287672,5.0,65.0,2.0,1.0,0.4388451443569554,1905.0,24.333333333333332,1
325698,2,1,8.0,125.0,29.0,154.0,44.0,11.846153846153847,0.0,13.0,0.0,0.0,0.18831168831168832,77.0,4.0,1
325699,2,1,1.0,23.0,2.0,25.0,21.0,12.5,0.0,2.0,0.0,0.0,0.08,12.5,0.5,1
325701,1,1,5.0,40.0,92.0,132.0,87.0,26.4,0.0,5.0,0.0,0.0,0.696969696969697,132.0,5.0,1
325702,2,1,2.0,79.0,2.0,81.0,72.0,40.5,0.0,2.0,0.0,0.0,0.024691358024691357,40.5,1.0,1
325706,1,1,1.0,1.0,1.0,2.0,2.0,2.0,0.0,1.0,0.0,0.0,0.5,2.0,1.0,1
325707,2,2,4.0,14.0,14.0,28.0,8.0,4.666666666666667,0.0,6.0,0.0,0.0,0.5,14.0,2.0,2
325710,2,1,1.0,19.0,5.0,24.0,13.0,12.0,0.0,2.0,0.0,0.0,0.20833333333333334,12.0,0.5,1
325712,5,1,4.0,260.0,196.0,456.0,165.0,76.0,1.0,4.0,0.0,1.0,0.4298245614035088,91.2,0.8,1
325713,1,1,2.0,94.0,3.0,97.0,76.0,48.5,0.0,2.0,0.0,0.0,0.030927835051546393,97.0,2.0,1
325714,1,1,4.0,610.0,152.0,762.0,309.0,190.5,2.0,2.0,0.0,0.0,0.1994750656167979,762.0,4.0,1
325716,2,1,3.0,163.0,86.0,249.0,136.0,49.8,0.0,5.0,0.0,0.0,0.3453815261044177,124.5,1.5,1
325718,1,1,8.0,194.0,31.0,225.0,121.0,28.125,0.0,8.0,0.0,0.0,0.13777777777777778,225.0,8.0,1
325719,1,1,7.0,164.0,30.0,194.0,96.0,27.714285714285715,0.0,7.0,0.0,0.0,0.15463917525773196,194.0,7.0,1
325723,1,1,1.0,14.0,0.0,14.0,14.0,14.0,0.0,1.0,0.0,0.0,0.0,14.0,1.0,1
325724,2,1,3.0,130.0,5.0,135.0,78.0,33.75,0.0,4.0,0.0,0.0,0.037037037037037035,67.5,1.5,1
325725,5,1,442.0,33530.0,5476.0,39006.0,13437.0,79.76687116564418,35.0,450.0,2.0,2.0,0.1403886581551556,7801.2,88.4,1
325726,5,1,9.0,300.0,151.0,451.0,53.0,21.476190476190474,0.0,21.0,0.0,0.0,0.3348115299334812,90.2,1.8,1
325733,1,1,2.0,95.0,0.0,95.0,91.0,47.5,1.0,1.0,0.0,0.0,0.0,95.0,2.0,1
325737,5,1,8.0,288.0,322.0,610.0,130.0,61.0,0.0,10.0,0.0,0.0,0.5278688524590164,122.0,1.6,1
325741,3,1,1.0,5.0,3.0,8.0,5.0,2.6666666666666665,0.0,3.0,0.0,0.0,0.375,2.6666666666666665,0.3333333333333333,1
325746,2,1,4.0,102.0,6.0,108.0,58.0,21.6,0.0,5.0,0.0,0.0,0.05555555555555555,54.0,2.0,1
325749,3,1,203.0,5445.0,1488.0,6933.0,354.0,33.81951219512195,4.0,201.0,0.0,0.0,0.21462570315880572,2311.0,67.66666666666667,1
325752,2,1,1.0,17.0,7.0,24.0,13.0,12.0,0.0,2.0,0.0,0.0,0.2916666666666667,12.0,0.5,1
325753,1,1,2.0,13.0,2.0,15.0,9.0,7.5,0.0,2.0,0.0,0.0,0.13333333333333333,15.0,2.0,1
325756,1,1,1.0,1.0,1.0,2.0,2.0,2.0,0.0,1.0,0.0,0.0,0.5,2.0,1.0,1
325757,14,1,733.0,44697.0,19919.0,64616.0,14687.0,78.227602905569,67.0,748.0,9.0,2.0,0.3082673022161694,4615.428571428572,52.357142857142854,1
325762,1,1,2.0,106.0,6.0,112.0,82.0,56.0,0.0,2.0,0.0,0.0,0.05357142857142857,112.0,2.0,1
325765,14,1,114.0,2941.0,897.0,3838.0,354.0,30.704,4.0,121.0,0.0,0.0,0.23371547681083898,274.14285714285717,8.142857142857142,1
325768,3,1,6.0,158.0,60.0,218.0,49.0,19.818181818181817,0.0,11.0,0.0,0.0,0.27522935779816515,72.66666666666667,2.0,1
325769,3,1,2.0,438.0,80.0,518.0,222.0,103.6,0.0,5.0,0.0,0.0,0.15444015444015444,172.66666666666666,0.6666666666666666,1
325772,1,1,1.0,78.0,67.0,145.0,145.0,145.0,0.0,1.0,0.0,0.0,0.46206896551724136,145.0,1.0,1
325774,1,1,13.0,462.0,52.0,514.0,240.0,39.53846153846154,3.0,10.0,0.0,0.0,0.10116731517509728,514.0,13.0,1
325777,2,1,29.0,2402.0,244.0,2646.0,564.0,85.35483870967742,6.0,25.0,0.0,0.0,0.09221466364323508,1323.0,14.5,1
325780,2,1,5.0,201.0,52.0,253.0,101.0,36.142857142857146,1.0,6.0,0.0,0.0,0.20553359683794467,126.5,2.5,1
325781,1,1,11.0,258.0,127.0,385.0,188.0,35.0,0.0,11.0,0.0,0.0,0.32987012987012987,385.0,11.0,1
325783,2,1,5.0,44.0,23.0,67.0,33.0,11.166666666666666,0.0,6.0,0.0,0.0,0.34328358208955223,33.5,2.5,1
325785,4,2,302.0,10471.0,1951.0,12422.0,585.0,40.99669966996699,27.0,275.0,0.0,1.0,0.15706005474158752,3105.5,75.5,2
325787,6,2,561.0,22930.0,4493.0,27423.0,863.0,45.029556650246306,66.0,537.0,4.0,2.0,0.16384057178281006,4570.5,93.5,2
325788,2,1,3.0,22.0,5.0,27.0,17.0,9.0,0.0,3.0,0.0,0.0,0.18518518518518517,13.5,1.5,1
325790,1,1,1.0,3.0,3.0,6.0,6.0,6.0,0.0,1.0,0.0,0.0,0.5,6.0,1.0,1
325791,7,2,549.0,22585.0,3524.0,26109.0,863.0,44.47870528109029,64.0,522.0,0.0,1.0,0.1349726148071546,3729.8571428571427,78.42857142857143,2
325792,5,1,149.0,4654.0,1081.0,5735.0,331.0,38.233333333333334,5.0,145.0,0.0,0.0,0.1884917175239756,1147.0,29.8,1
325793,1,1,1.0,2.0,17.0,19.0,19.0,19.0,0.0,1.0,0.0,0.0,0.8947368421052632,19.0,1.0,1
325794,1,1,1.0,13.0,6.0,19.0,19.0,19.0,0.0,1.0,0.0,0.0,0.3157894736842105,19.0,1.0,1
325797,1,1,2.0,5.0,0.0,5.0,4.0,2.5,0.0,2.0,0.0,0.0,0.0,5.0,2.0,1
325799,1,1,1.0,6.0,2.0,8.0,8.0,8.0,0.0,1.0,0.0,0.0,0.25,8.0,1.0,1
325801,3,1,244.0,9428.0,2068.0,11496.0,717.0,46.73170731707317,13.0,233.0,0.0,0.0,0.17988865692414752,3832.0,81.33333333333333,1
325804,6,1,13.0,530.0,32.0,562.0,159.0,37.46666666666667,1.0,14.0,0.0,0.0,0.05693950177935943,93.66666666666667,2.1666666666666665,1
325805,2,1,1.0,69.0,49.0,118.0,112.0,59.0,0.0,2.0,0.0,0.0,0.4152542372881356,59.0,0.5,1
325806,4,1,189.0,4733.0,1630.0,6363.0,354.0,32.63076923076923,5.0,188.0,2.0,0.0,0.25616847399025616,1590.75,47.25,1
325807,2,1,7.0,368.0,158.0,526.0,197.0,75.14285714285714,0.0,7.0,0.0,0.0,0.30038022813688214,263.0,3.5,1
325808,1,1,4.0,115.0,1.0,116.0,83.0,29.0,1.0,3.0,0.0,0.0,0.008620689655172414,116.0,4.0,1
325809,2,1,1.0,32.0,20.0,52.0,32.0,26.0,0.0,2.0,0.0,0.0,0.38461538461538464,26.0,0.5,1
325810,2,2,302.0,14357.0,2597.0,16954.0,4674.0,56.13907284768212,26.0,274.0,2.0,0.0,0.1531791907514451,8477.0,151.0,2
325813,2,1,4.0,316.0,6.0,322.0,93.0,53.666666666666664,0.0,6.0,0.0,0.0,0.018633540372670808,161.0,2.0,1
325815,25,1,17.0,2570.0,197.0,2767.0,257.0,53.21153846153846,1.0,51.0,0.0,0.0,0.07119624141669678,110.68,0.68,1
325816,1,1,6.0,182.0,60.0,242.0,115.0,40.333333333333336,0.0,6.0,0.0,0.0,0.24793388429752067,242.0,6.0,1
325818,1,1,2.0,2.0,2.0,4.0,2.0,2.0,0.0,2.0,0.0,0.0,0.5,4.0,2.0,1
325821,1,1,4.0,120.0,15.0,135.0,59.0,33.75,0.0,4.0,0.0,0.0,0.1111111111111111,135.0,4.0,1
325828,1,1,2.0,49.0,0.0,49.0,30.0,24.5,0.0,2.0,0.0,0.0,0.0,49.0,2.0,1
325831,1,1,1.0,2.0,4.0,6.0,6.0,6.0,0.0,1.0,0.0,0.0,0.6666666666666666,6.0,1.0,1
325832,1,1,1.0,1.0,5.0,6.0,6.0,6.0,0.0,1.0,0.0,0.0,0.8333333333333334,6.0,1.0,1
325833,1,1,2.0,92.0,1.0,93.0,67.0,46.5,0.0,2.0,0.0,0.0,0.010752688172043012,93.0,2.0,1
325835,1,1,12.0,158.0,72.0,230.0,115.0,19.166666666666668,0.0,12.0,0.0,0.0,0.3130434782608696,230.0,12.0,1
325837,6,4,13.0,122.0,23.0,145.0,31.0,11.153846153846153,0.0,13.0,0.0,0.0,0.15862068965517243,24.166666666666668,2.1666666666666665,4
325838,2,2,1.0,11.0,12.0,23.0,12.0,11.5,0.0,2.0,0.0,0.0,0.5217391304347826,11.5,0.5,2
325842,5,1,17.0,371.0,114.0,485.0,87.0,24.25,2.0,18.0,0.0,0.0,0.23505154639175257,97.0,3.4,1
325843,2,1,9.0,417.0,5.0,422.0,142.0,38.36363636363637,0.0,11.0,0.0,0.0,0.011848341232227487,211.0,4.5,1
325847,3,3,7.0,94.0,10.0,104.0,31.0,14.857142857142858,0.0,7.0,0.0,0.0,0.09615384615384616,34.666666666666664,2.3333333333333335,3
325848,1,1,1.0,8.0,5.0,13.0,13.0,13.0,0.0,1.0,0.0,0.0,0.38461538461538464,13.0,1.0,1
325849,3,3,7.0,94.0,10.0,104.0,31.0,14.857142857142858,0.0,7.0,0.0,0.0,0.09615384615384616,34.666666666666664,2.3333333333333335,3
325850,1,1,7.0,94.0,10.0,104.0,31.0,14.857142857142858,0.0,7.0,0.0,0.0,0.09615384615384616,104.0,7.0,1
325851,2,1,4.0,49.0,53.0,102.0,48.0,14.571428571428571,0.0,7.0,0.0,0.0,0.5196078431372549,51.0,2.0,1
325854,2,1,6.0,137.0,78.0,215.0,111.0,26.875,0.0,8.0,0.0,0.0,0.3627906976744186,107.5,3.0,1
325855,1,1,1.0,48.0,32.0,80.0,80.0,80.0,0.0,1.0,0.0,0.0,0.4,80.0,1.0,1
325856,1,1,2.0,4.0,8.0,12.0,6.0,6.0,0.0,2.0,0.0,0.0,0.6666666666666666,12.0,2.0,1
325857,2,2,2.0,97.0,0.0,97.0,93.0,48.5,0.0,2.0,0.0,0.0,0.0,48.5,1.0,2
325858,1,1,1.0,1.0,1.0,2.0,2.0,2.0,0.0,1.0,0.0,0.0,0.5,2.0,1.0,1
325861,1,1,1.0,12.0,1.0,13.0,13.0,13.0,0.0,1.0,0.0,0.0,0.07692307692307693,13.0,1.0,1
325863,2,1,1.0,7.0,6.0,13.0,9.0,6.5,0.0,2.0,0.0,0.0,0.46153846153846156,6.5,0.5,1
325864,5,1,307.0,29032.0,2886.0,31918.0,13437.0,103.29449838187702,39.0,269.0,0.0,1.0,0.09041919919794474,6383.6,61.4,1
325865,2,1,13.0,912.0,305.0,1217.0,452.0,60.85,0.0,20.0,0.0,0.0,0.25061626951520133,608.5,6.5,1
325866,2,1,10.0,303.0,44.0,347.0,94.0,34.7,0.0,10.0,0.0,0.0,0.12680115273775217,173.5,5.0,1
325868,1,1,5.0,20.0,37.0,57.0,25.0,11.4,0.0,5.0,0.0,0.0,0.6491228070175439,57.0,5.0,1
325869,1,1,3.0,311.0,155.0,466.0,180.0,155.33333333333334,1.0,2.0,0.0,0.0,0.33261802575107297,466.0,3.0,1
325873,2,1,7.0,241.0,30.0,271.0,66.0,20.846153846153847,0.0,13.0,0.0,0.0,0.11070110701107011,135.5,3.5,1
325874,2,2,11.0,157.0,50.0,207.0,80.0,18.818181818181817,0.0,11.0,0.0,0.0,0.24154589371980675,103.5,5.5,2
325875,2,1,3.0,140.0,9.0,149.0,85.0,29.8,1.0,4.0,0.0,0.0,0.06040268456375839,74.5,1.5,1
325877,1,1,1.0,1.0,1.0,2.0,2.0,2.0,0.0,1.0,0.0,0.0,0.5,2.0,1.0,1
325878,1,1,4.0,622.0,122.0,744.0,374.0,186.0,0.0,4.0,0.0,0.0,0.1639784946236559,744.0,4.0,1
325879,14,1,66.0,4006.0,852.0,4858.0,190.0,26.692307692307693,12.0,166.0,4.0,0.0,0.1753808151502676,347.0,4.714285714285714,1
325880,1,1,1.0,48.0,32.0,80.0,80.0,80.0,0.0,1.0,0.0,0.0,0.4,80.0,1.0,1
325882,1,1,1.0,8.0,0.0,8.0,8.0,8.0,0.0,1.0,0.0,0.0,0.0,8.0,1.0,1
325883,2,1,4.0,102.0,35.0,137.0,48.0,27.4,0.0,5.0,0.0,0.0,0.25547445255474455,68.5,2.0,1
325885,2,1,2.0,37.0,111.0,148.0,74.0,49.333333333333336,0.0,3.0,0.0,0.0,0.75,74.0,1.0,1
325886,1,1,3.0,508.0,0.0,508.0,293.0,169.33333333333334,2.0,1.0,0.0,0.0,0.0,508.0,3.0,1
325887,1,1,3.0,70.0,212.0,282.0,210.0,94.0,0.0,3.0,0.0,0.0,0.75177304964539,282.0,3.0,1
325889,2,1,1.0,14.0,7.0,21.0,13.0,10.5,0.0,2.0,0.0,0.0,0.3333333333333333,10.5,0.5,1
325892,5,1,11.0,1137.0,244.0,1381.0,686.0,51.148148148148145,2.0,25.0,0.0,0.0,0.17668356263577117,276.2,2.2,1
325893,2,1,2.0,11.0,18.0,29.0,23.0,9.666666666666666,0.0,3.0,0.0,0.0,0.6206896551724138,14.5,1.0,1
325895,4,1,2.0,116.0,62.0,178.0,60.0,25.428571428571427,0.0,7.0,0.0,0.0,0.34831460674157305,44.5,0.5,1
325896,6,1,382.0,32334.0,3459.0,35793.0,13437.0,86.24819277108433,41.0,373.0,0.0,1.0,0.09663900762718967,5965.5,63.666666666666664,1
325897,1,1,2.0,61.0,1.0,62.0,60.0,31.0,1.0,1.0,0.0,0.0,0.016129032258064516,62.0,2.0,1
325898,1,1,1.0,15.0,78.0,93.0,93.0,93.0,0.0,1.0,0.0,0.0,0.8387096774193549,93.0,1.0,1
325903,2,1,2.0,173.0,17.0,190.0,90.0,47.5,0.0,4.0,0.0,0.0,0.08947368421052632,95.0,1.0,1
325905,2,1,11.0,175.0,18.0,193.0,96.0,17.545454545454547,0.0,11.0,0.0,0.0,0.09326424870466321,96.5,5.5,1
325907,4,1,3.0,45.0,19.0,64.0,20.0,10.666666666666666,0.0,6.0,0.0,0.0,0.296875,16.0,0.75,1
325908,2,1,12.0,1390.0,92.0,1482.0,422.0,82.33333333333333,4.0,14.0,0.0,0.0,0.0620782726045884,741.0,6.0,1
325916,1,1,17.0,636.0,212.0,848.0,218.0,49.88235294117647,4.0,13.0,0.0,0.0,0.25,848.0,17.0,1
325925,1,1,6.0,133.0,17.0,150.0,52.0,25.0,1.0,5.0,0.0,0.0,0.11333333333333333,150.0,6.0,1
325929,1,1,3.0,50.0,12.0,62.0,39.0,20.666666666666668,0.0,3.0,0.0,0.0,0.1935483870967742,62.0,3.0,1
325931,6,1,305.0,16932.0,4055.0,20987.0,864.0,66.8375796178344,44.0,265.0,4.0,1.0,0.1932148472864154,3497.8333333333335,50.833333333333336,1
325932,1,1,1.0,0.0,2.0,2.0,2.0,2.0,0.0,1.0,0.0,0.0,1.0,2.0,1.0,1
325933,2,1,2.0,26.0,23.0,49.0,25.0,16.333333333333332,0.0,3.0,0.0,0.0,0.46938775510204084,24.5,1.0,1
325934,2,1,2.0,71.0,10.0,81.0,50.0,27.0,0.0,3.0,0.0,0.0,0.12345679012345678,40.5,1.0,1
325937,13,1,369.0,36151.0,14644.0,50795.0,14687.0,127.30576441102757,33.0,361.0,3.0,2.0,0.28829609213505264,3907.3076923076924,28.384615384615383,1
325940,3,1,6.0,180.0,47.0,227.0,161.0,32.42857142857143,1.0,6.0,0.0,0.0,0.20704845814977973,75.66666666666667,2.0,1
325942,4,1,5.0,39.0,22.0,61.0,16.0,6.777777777777778,0.0,9.0,0.0,0.0,0.36065573770491804,15.25,1.25,1
325944,1,1,3.0,58.0,11.0,69.0,44.0,23.0,0.0,3.0,0.0,0.0,0.15942028985507245,69.0,3.0,1
325946,4,1,2.0,135.0,28.0,163.0,145.0,40.75,0.0,4.0,0.0,0.0,0.17177914110429449,40.75,0.5,1
325948,5,1,24.0,432.0,249.0,681.0,61.0,17.92105263157895,1.0,36.0,0.0,1.0,0.3656387665198238,136.2,4.8,1
325949,2,1,16.0,500.0,66.0,566.0,86.0,28.3,1.0,19.0,0.0,0.0,0.1166077738515901,283.0,8.0,1
325953,2,1,4.0,353.0,99.0,452.0,168.0,75.33333333333333,0.0,6.0,0.0,0.0,0.21902654867256638,226.0,2.0,1
325955,1,1,1.0,1.0,1.0,2.0,2.0,2.0,0.0,1.0,0.0,0.0,0.5,2.0,1.0,1
325959,1,1,1.0,1.0,1.0,2.0,2.0,2.0,0.0,1.0,0.0,0.0,0.5,2.0,1.0,1
325962,2,1,2.0,23.0,5.0,28.0,15.0,9.333333333333334,0.0,3.0,0.0,0.0,0.17857142857142858,14.0,1.0,1
325963,2,1,2.0,131.0,37.0,168.0,104.0,56.0,0.0,3.0,0.0,0.0,0.22023809523809523,84.0,1.0,1
325966,50,3,574.0,33847.0,9902.0,43749.0,944.0,59.12027027027027,61.0,672.0,5.0,2.0,0.2263366019794738,874.98,11.48,3
325968,2,1,2.0,7.0,9.0,16.0,8.0,5.333333333333333,0.0,3.0,0.0,0.0,0.5625,8.0,1.0,1
325969,2,1,2.0,3.0,5.0,8.0,3.0,2.6666666666666665,0.0,3.0,0.0,0.0,0.625,4.0,1.0,1
325970,3,1,5.0,167.0,44.0,211.0,115.0,19.181818181818183,0.0,11.0,0.0,0.0,0.20853080568720378,70.33333333333333,1.6666666666666667,1
325971,1,1,6.0,659.0,123.0,782.0,350.0,130.33333333333334,0.0,6.0,0.0,0.0,0.15728900255754474,782.0,6.0,1
325973,2,1,9.0,198.0,87.0,285.0,129.0,21.923076923076923,0.0,13.0,0.0,0.0,0.30526315789473685,142.5,4.5,1
325975,2,1,3.0,91.0,11.0,102.0,68.0,34.0,1.0,2.0,0.0,0.0,0.10784313725490197,51.0,1.5,1
325977,8,1,7.0,1698.0,333.0,2031.0,225.0,92.31818181818181,4.0,18.0,0.0,0.0,0.16395864106351551,253.875,0.875,1
325982,9,1,971.0,78910.0,32263.0,111173.0,14687.0,89.58340048348106,101.0,1128.0,8.0,4.0,0.2902053556169214,12352.555555555555,107.88888888888889,1
325983,5,1,236.0,8085.0,2717.0,10802.0,432.0,42.86507936507937,16.0,233.0,2.0,1.0,0.2515274949083503,2160.4,47.2,1
325985,1,1,2.0,9.0,6.0,15.0,10.0,7.5,0.0,2.0,0.0,0.0,0.4,15.0,2.0,1
325988,1,1,7.0,53.0,18.0,71.0,23.0,10.142857142857142,0.0,7.0,0.0,0.0,0.2535211267605634,71.0,7.0,1
325989,2,1,2.0,20.0,2.0,22.0,12.0,7.333333333333333,0.0,3.0,0.0,0.0,0.09090909090909091,11.0,1.0,1
325992,1,1,1.0,6.0,0.0,6.0,6.0,6.0,0.0,1.0,0.0,0.0,0.0,6.0,1.0,1
325993,250,50,1266.0,141086.0,73099.0,214185.0,37063.0,87.45814618211514,245.0,2183.0,20.0,1.0,0.34128907253075613,856.74,5.064,50
325996,1,1,3.0,3.0,3.0,6.0,2.0,2.0,0.0,3.0,0.0,0.0,0.5,6.0,3.0,1
325997,5,1,9.0,37.0,15.0,52.0,20.0,5.777777777777778,0.0,9.0,0.0,0.0,0.28846153846153844,10.4,1.8,1
325998,2,1,2.0,50.0,13.0,63.0,31.0,21.0,0.0,3.0,0.0,0.0,0.20634920634920634,31.5,1.0,1
325999,1,1,4.0,622.0,122.0,744.0,374.0,186.0,0.0,4.0,0.0,0.0,0.1639784946236559,744.0,4.0,1
326000,1,1,1.0,2.0,2.0,4.0,4.0,4.0,0.0,1.0,0.0,0.0,0.5,4.0,1.0,1
326001,8,2,21.0,395.0,187.0,582.0,175.0,16.62857142857143,0.0,35.0,0.0,0.0,0.32130584192439865,72.75,2.625,2
326003,3,1,24.0,758.0,251.0,1009.0,240.0,30.575757575757574,0.0,33.0,0.0,0.0,0.2487611496531219,336.3333333333333,8.0,1
326004,2,1,1.0,45.0,12.0,57.0,30.0,28.5,0.0,2.0,0.0,0.0,0.21052631578947367,28.5,0.5,1
326005,1,1,5.0,7.0,1.0,8.0,3.0,1.6,0.0,5.0,0.0,0.0,0.125,8.0,5.0,1
326009,1,1,1.0,1.0,1.0,2.0,2.0,2.0,0.0,1.0,0.0,0.0,0.5,2.0,1.0,1
326012,2,1,18.0,805.0,924.0,1729.0,853.0,78.5909090909091,3.0,19.0,0.0,0.0,0.5344129554655871,864.5,9.0,1
326013,2,1,3.0,104.0,72.0,176.0,57.0,29.333333333333332,0.0,6.0,0.0,0.0,0.4090909090909091,88.0,1.5,1
326014,1,1,1.0,17.0,0.0,17.0,17.0,17.0,0.0,1.0,0.0,0.0,0.0,17.0,1.0,1
326019,3,1,48.0,3061.0,996.0,4057.0,853.0,84.52083333333333,9.0,39.0,0.0,0.0,0.24550160216909045,1352.3333333333333,16.0,1
326020,2,1,2.0,82.0,7.0,89.0,33.0,22.25,0.0,4.0,0.0,0.0,0.07865168539325842,44.5,1.0,1
326022,1,1,3.0,102.0,5.0,107.0,58.0,35.666666666666664,0.0,3.0,0.0,0.0,0.04672897196261682,107.0,3.0,1
326023,3,1,6.0,701.0,111.0,812.0,429.0,73.81818181818181,0.0,11.0,0.0,0.0,0.13669950738916256,270.6666666666667,2.0,1
326028,2,1,6.0,37.0,7.0,44.0,15.0,7.333333333333333,0.0,6.0,0.0,0.0,0.1590909090909091,22.0,3.0,1
326029,1,1,1.0,1.0,1.0,2.0,2.0,2.0,0.0,1.0,0.0,0.0,0.5,2.0,1.0,1
326030,1,1,2.0,186.0,1.0,187.0,160.0,93.5,0.0,2.0,0.0,0.0,0.0053475935828877,187.0,2.0,1
326031,3,1,27.0,996.0,931.0,1927.0,853.0,68.82142857142857,3.0,25.0,0.0,0.0,0.48313440581214323,642.3333333333334,9.0,1
326032,3,1,5.0,151.0,23.0,174.0,44.0,21.75,0.0,8.0,0.0,0.0,0.13218390804597702,58.0,1.6666666666666667,1
326035,4,2,2.0,13.0,11.0,24.0,9.0,6.0,0.0,4.0,0.0,0.0,0.4583333333333333,6.0,0.5,2
326036,3,1,1.0,66.0,7.0,73.0,55.0,36.5,0.0,2.0,0.0,0.0,0.0958904109589041,24.333333333333332,0.3333333333333333,1
326038,1,1,2.0,2.0,4.0,6.0,4.0,3.0,0.0,2.0,0.0,0.0,0.6666666666666666,6.0,2.0,1
326040,3,1,3.0,3.0,3.0,6.0,2.0,2.0,0.0,3.0,0.0,0.0,0.5,2.0,1.0,1
326044,24,1,242.0,14292.0,3997.0,18289.0,853.0,58.43130990415335,48.0,256.0,9.0,0.0,0.21854666739570233,762.0416666666666,10.083333333333334,1
326046,2,1,5.0,8.0,8.0,16.0,8.0,3.2,0.0,5.0,0.0,0.0,0.5,8.0,2.5,1
326047,1,1,1.0,4.0,0.0,4.0,4.0,4.0,0.0,1.0,0.0,0.0,0.0,4.0,1.0,1
326048,2,1,2.0,21.0,11.0,32.0,14.0,10.666666666666666,0.0,3.0,0.0,0.0,0.34375,16.0,1.0,1
326050,4,1,313.0,22190.0,3759.0,25949.0,5764.0,81.6006289308176,57.0,253.0,5.0,3.0,0.14486107364445644,6487.25,78.25,1
326052,12,1,282.0,23752.0,7984.0,31736.0,5764.0,85.54177897574124,49.0,313.0,6.0,3.0,0.2515754978573229,2644.6666666666665,23.5,1
326053,1,1,2.0,28.0,18.0,46.0,38.0,23.0,0.0,2.0,0.0,0.0,0.391304347826087,46.0,2.0,1
326056,2,1,2.0,15.0,22.0,37.0,31.0,12.333333333333334,0.0,3.0,0.0,0.0,0.5945945945945946,18.5,1.0,1
326057,1,1,4.0,622.0,122.0,744.0,374.0,186.0,0.0,4.0,0.0,0.0,0.1639784946236559,744.0,4.0,1
326058,2,1,3.0,50.0,4.0,54.0,40.0,13.5,0.0,4.0,0.0,0.0,0.07407407407407407,27.0,1.5,1
326061,24,6,59.0,7101.0,1456.0,8557.0,460.0,72.51694915254237,26.0,90.0,2.0,0.0,0.17015309103657825,356.5416666666667,2.4583333333333335,6
326062,1,1,9.0,642.0,38.0,680.0,231.0,75.55555555555556,4.0,5.0,0.0,0.0,0.05588235294117647,680.0,9.0,1
326063,6,1,245.0,12613.0,3820.0,16433.0,853.0,61.31716417910448,31.0,235.0,2.0,0.0,0.23245907624901113,2738.8333333333335,40.833333333333336,1
326064,1,1,2.0,6.0,0.0,6.0,3.0,3.0,0.0,2.0,0.0,0.0,0.0,6.0,2.0,1
326066,1,1,1.0,0.0,0.0,0.0,0.0,0.0,1.0,0.0,0.0,0.0,0.0,0.0,1.0,1
326067,5,1,8.0,453.0,131.0,584.0,162.0,44.92307692307692,0.0,13.0,0.0,0.0,0.2243150684931507,116.8,1.6,1
326068,2,1,5.0,8.0,19.0,27.0,13.0,5.4,0.0,5.0,0.0,0.0,0.7037037037037037,13.5,2.5,1
326070,2,1,24.0,963.0,67.0,1030.0,231.0,42.916666666666664,6.0,18.0,0.0,0.0,0.06504854368932039,515.0,12.0,1
326071,4,1,309.0,27200.0,2764.0,29964.0,13437.0,95.12380952380953,25.0,288.0,2.0,0.0,0.09224402616473101,7491.0,77.25,1
326072,2,1,4.0,176.0,4.0,180.0,127.0,30.0,0.0,6.0,0.0,0.0,0.022222222222222223,90.0,2.0,1
326074,1,1,12.0,48.0,21.0,69.0,22.0,5.75,0.0,12.0,0.0,0.0,0.30434782608695654,69.0,12.0,1
326075,1,1,7.0,299.0,0.0,299.0,136.0,42.714285714285715,2.0,5.0,0.0,0.0,0.0,299.0,7.0,1
326076,1,1,1.0,7.0,0.0,7.0,7.0,7.0,0.0,1.0,0.0,0.0,0.0,7.0,1.0,1
326077,1,1,7.0,189.0,27.0,216.0,71.0,30.857142857142858,0.0,7.0,0.0,0.0,0.125,216.0,7.0,1
326080,3,1,7.0,356.0,102.0,458.0,148.0,38.166666666666664,1.0,11.0,0.0,0.0,0.22270742358078602,152.66666666666666,2.3333333333333335,1
326084,1,1,1.0,68.0,8.0,76.0,76.0,76.0,0.0,1.0,0.0,0.0,0.10526315789473684,76.0,1.0,1
326086,3,1,23.0,391.0,132.0,523.0,206.0,19.37037037037037,0.0,27.0,0.0,0.0,0.25239005736137665,174.33333333333334,7.666666666666667,1
326089,2,1,2.0,17.0,2.0,19.0,9.0,6.333333333333333,0.0,3.0,0.0,0.0,0.10526315789473684,9.5,1.0,1
326097,1,1,4.0,15.0,3.0,18.0,12.0,4.5,0.0,4.0,0.0,0.0,0.16666666666666666,18.0,4.0,1
326101,3,1,7.0,106.0,36.0,142.0,50.0,17.75,0.0,8.0,0.0,0.0,0.2535211267605634,47.333333333333336,2.3333333333333335,1
326106,2,2,8.0,716.0,134.0,850.0,383.0,106.25,0.0,8.0,0.0,0.0,0.15764705882352942,425.0,4.0,2
326115,2,1,1.0,100.0,3.0,103.0,100.0,51.5,0.0,2.0,0.0,0.0,0.02912621359223301,51.5,0.5,1
326118,1,1,3.0,62.0,17.0,79.0,41.0,26.333333333333332,1.0,2.0,0.0,0.0,0.21518987341772153,79.0,3.0,1
326121,1,1,16.0,2280.0,8.0,2288.0,658.0,143.0,9.0,7.0,0.0,0.0,0.0034965034965034965,2288.0,16.0,1
326134,5,2,300.0,31388.0,6355.0,37743.0,13437.0,121.36012861736334,40.0,263.0,3.0,5.0,0.16837559282515963,7548.6,60.0,2
326135,1,1,5.0,114.0,77.0,191.0,126.0,38.2,0.0,5.0,0.0,0.0,0.4031413612565445,191.0,5.0,1
326137,10,1,1355.0,122685.0,35503.0,158188.0,13437.0,82.5615866388309,293.0,1595.0,18.0,10.0,0.2244354818317445,15818.8,135.5,1
326141,1,1,2.0,15.0,0.0,15.0,10.0,7.5,0.0,2.0,0.0,0.0,0.0,15.0,2.0,1
326143,2,1,1.0,5.0,1.0,6.0,4.0,3.0,0.0,2.0,0.0,0.0,0.16666666666666666,3.0,0.5,1
326144,1,1,13.0,25.0,25.0,50.0,12.0,3.8461538461538463,0.0,13.0,0.0,0.0,0.5,50.0,13.0,1
326145,1,1,1.0,2.0,2.0,4.0,4.0,4.0,0.0,1.0,0.0,0.0,0.5,4.0,1.0,1
326148,3,1,51.0,8429.0,133.0,8562.0,5764.0,161.54716981132074,12.0,41.0,0.0,0.0,0.015533753795842093,2854.0,17.0,1
326150,1,1,1.0,2.0,2.0,4.0,4.0,4.0,0.0,1.0,0.0,0.0,0.5,4.0,1.0,1
326156,1,1,2.0,3.0,5.0,8.0,5.0,4.0,0.0,2.0,0.0,0.0,0.625,8.0,2.0,1
326157,4,1,2.0,114.0,35.0,149.0,64.0,29.8,0.0,5.0,0.0,0.0,0.2348993288590604,37.25,0.5,1
326162,1,1,1.0,4.0,0.0,4.0,4.0,4.0,0.0,1.0,0.0,0.0,0.0,4.0,1.0,1
326164,1,1,9.0,91.0,64.0,155.0,48.0,17.22222222222222,0.0,9.0,0.0,0.0,0.4129032258064516,155.0,9.0,1
326165,3,1,5.0,158.0,168.0,326.0,69.0,46.57142857142857,0.0,7.0,0.0,0.0,0.5153374233128835,108.66666666666667,1.6666666666666667,1
326168,1,1,1.0,1.0,1.0,2.0,2.0,2.0,0.0,1.0,0.0,0.0,0.5,2.0,1.0,1
326169,8,1,10.0,530.0,268.0,798.0,158.0,33.25,0.0,24.0,0.0,0.0,0.3358395989974937,99.75,1.25,1
326170,2,1,1.0,3.0,1.0,4.0,2.0,2.0,0.0,2.0,0.0,0.0,0.25,2.0,0.5,1
326172,2,1,1.0,10.0,8.0,18.0,14.0,9.0,0.0,2.0,0.0,0.0,0.4444444444444444,9.0,0.5,1
326176,1,1,4.0,622.0,131.0,753.0,383.0,188.25,0.0,4.0,0.0,0.0,0.17397078353253653,753.0,4.0,1
326178,3,1,10.0,203.0,133.0,336.0,87.0,24.0,0.0,14.0,0.0,0.0,0.3958333333333333,112.0,3.3333333333333335,1
326180,1,1,1.0,1.0,1.0,2.0,2.0,2.0,0.0,1.0,0.0,0.0,0.5,2.0,1.0,1
326182,2,1,14.0,46.0,46.0,92.0,16.0,6.133333333333334,0.0,15.0,0.0,0.0,0.5,46.0,7.0,1
326183,1,1,4.0,98.0,8.0,106.0,46.0,26.5,0.0,4.0,0.0,0.0,0.07547169811320754,106.0,4.0,1
326184,1,1,0.0,0.0,0.0,0.0,0.0,0.0,0.0,0.0,0.0,0.0,0.0,0.0,0.0,1
326186,1,1,1.0,1.0,1.0,2.0,2.0,2.0,0.0,1.0,0.0,0.0,0.5,2.0,1.0,1
326187,1,1,1.0,1.0,1.0,2.0,2.0,2.0,0.0,1.0,0.0,0.0,0.5,2.0,1.0,1
326188,2,1,1.0,9.0,0.0,9.0,9.0,9.0,0.0,1.0,0.0,0.0,0.0,4.5,0.5,1
326189,2,1,2.0,14.0,0.0,14.0,13.0,7.0,0.0,2.0,0.0,0.0,0.0,7.0,1.0,1
326190,2,2,11.0,30.0,30.0,60.0,14.0,4.285714285714286,0.0,14.0,0.0,0.0,0.5,30.0,5.5,2
326191,5,1,2.0,33.0,16.0,49.0,17.0,9.8,0.0,5.0,0.0,0.0,0.32653061224489793,9.8,0.4,1
326192,3,1,307.0,27975.0,13583.0,41558.0,14687.0,133.62700964630224,26.0,285.0,0.0,0.0,0.3268444102218586,13852.666666666666,102.33333333333333,1
326193,2,2,2.0,3.0,3.0,6.0,2.0,2.0,0.0,3.0,0.0,0.0,0.5,3.0,1.0,2
326194,1,1,2.0,123.0,19.0,142.0,85.0,71.0,0.0,2.0,0.0,0.0,0.13380281690140844,142.0,2.0,1
326198,2,1,45.0,1338.0,693.0,2031.0,247.0,45.13333333333333,0.0,45.0,0.0,0.0,0.3412112259970458,1015.5,22.5,1
326200,9,3,147.0,7597.0,1384.0,8981.0,1817.0,58.69934640522876,12.0,141.0,0.0,0.0,0.1541031065582897,997.8888888888889,16.333333333333332,3
326201,1,1,1.0,18.0,0.0,18.0,18.0,18.0,0.0,1.0,0.0,0.0,0.0,18.0,1.0,1
326202,3,1,92.0,2734.0,863.0,3597.0,247.0,39.09782608695652,4.0,88.0,0.0,0.0,0.23992215735335,1199.0,30.666666666666668,1
326203,3,1,19.0,839.0,406.0,1245.0,242.0,49.8,0.0,25.0,0.0,0.0,0.3261044176706827,415.0,6.333333333333333,1
326204,1,1,5.0,60.0,8.0,68.0,36.0,13.6,1.0,4.0,0.0,0.0,0.11764705882352941,68.0,5.0,1
326205,1,1,1.0,1.0,1.0,2.0,2.0,2.0,0.0,1.0,0.0,0.0,0.5,2.0,1.0,1
326206,3,1,133.0,5023.0,1530.0,6553.0,362.0,48.18382352941177,5.0,131.0,0.0,0.0,0.23348084846635128,2184.3333333333335,44.333333333333336,1
326209,1,1,8.0,115.0,13.0,128.0,34.0,16.0,0.0,8.0,0.0,0.0,0.1015625,128.0,8.0,1
326210,1,1,1.0,6.0,0.0,6.0,6.0,6.0,0.0,1.0,0.0,0.0,0.0,6.0,1.0,1
326211,8,1,6.0,330.0,56.0,386.0,104.0,27.571428571428573,1.0,13.0,0.0,0.0,0.14507772020725387,48.25,0.75,1
326212,2,1,38.0,1189.0,201.0,1390.0,239.0,35.64102564102564,2.0,37.0,0.0,0.0,0.1446043165467626,695.0,19.0,1
326213,9,1,22.0,908.0,116.0,1024.0,167.0,23.272727272727273,4.0,40.0,0.0,0.0,0.11328125,113.77777777777777,2.4444444444444446,1
326216,2,1,2.0,8.0,13.0,21.0,9.0,7.0,0.0,3.0,0.0,0.0,0.6190476190476191,10.5,1.0,1
326217,1,1,7.0,112.0,111.0,223.0,72.0,31.857142857142858,0.0,7.0,0.0,0.0,0.4977578475336323,223.0,7.0,1
326219,1,1,23.0,118.0,239.0,357.0,150.0,15.521739130434783,0.0,23.0,0.0,0.0,0.6694677871148459,357.0,23.0,1
326221,1,1,1.0,17.0,0.0,17.0,17.0,17.0,0.0,1.0,0.0,0.0,0.0,17.0,1.0,1
326222,2,1,24.0,123.0,244.0,367.0,150.0,13.592592592592593,0.0,27.0,0.0,0.0,0.6648501362397821,183.5,12.0,1
326223,3,1,2.0,84.0,7.0,91.0,70.0,30.333333333333332,1.0,2.0,0.0,0.0,0.07692307692307693,30.333333333333332,0.6666666666666666,1
326224,4,1,5.0,125.0,18.0,143.0,54.0,20.428571428571427,2.0,5.0,0.0,0.0,0.1258741258741259,35.75,1.25,1
326225,2,1,1.0,2.0,2.0,4.0,4.0,4.0,0.0,1.0,0.0,0.0,0.5,2.0,0.5,1
326226,4,1,16.0,792.0,55.0,847.0,120.0,36.82608695652174,3.0,20.0,0.0,0.0,0.06493506493506493,211.75,4.0,1
326228,3,1,31.0,3375.0,540.0,3915.0,579.0,63.145161290322584,15.0,47.0,0.0,0.0,0.13793103448275862,1305.0,10.333333333333334,1
326229,4,1,5.0,474.0,47.0,521.0,154.0,65.125,0.0,8.0,0.0,0.0,0.09021113243761997,130.25,1.25,1
326230,4,1,371.0,38989.0,7354.0,46343.0,13437.0,105.08616780045351,52.0,375.0,6.0,8.0,0.1586863172431651,11585.75,92.75,1
326231,1,1,23.0,128.0,195.0,323.0,150.0,14.043478260869565,0.0,23.0,0.0,0.0,0.6037151702786377,323.0,23.0,1
326233,3,1,1.0,9.0,20.0,29.0,27.0,14.5,0.0,2.0,0.0,0.0,0.6896551724137931,9.666666666666666,0.3333333333333333,1
326235,1,1,1.0,1.0,0.0,1.0,1.0,1.0,0.0,1.0,0.0,0.0,0.0,1.0,1.0,1
326236,4,1,5.0,177.0,21.0,198.0,70.0,28.285714285714285,0.0,7.0,0.0,0.0,0.10606060606060606,49.5,1.25,1
326237,2,2,8.0,708.0,133.0,841.0,383.0,105.125,0.0,8.0,0.0,0.0,0.1581450653983353,420.5,4.0,2
326238,1,1,1.0,61.0,14.0,75.0,75.0,75.0,0.0,1.0,0.0,0.0,0.18666666666666668,75.0,1.0,1
326239,1,1,4.0,21.0,0.0,21.0,8.0,5.25,0.0,4.0,0.0,0.0,0.0,21.0,4.0,1
326242,4,1,33.0,656.0,157.0,813.0,221.0,23.91176470588235,0.0,34.0,0.0,0.0,0.1931119311193112,203.25,8.25,1
326245,2,1,10.0,455.0,73.0,528.0,76.0,37.714285714285715,2.0,11.0,1.0,0.0,0.13825757575757575,264.0,5.0,1
326246,2,1,212.0,23137.0,2197.0,25334.0,13437.0,119.5,16.0,196.0,0.0,0.0,0.08672140206836662,12667.0,106.0,1
326247,8,1,425.0,16109.0,5314.0,21423.0,1066.0,45.58085106382979,36.0,428.0,6.0,0.0,0.2480511599682584,2677.875,53.125,1
326251,2,1,13.0,975.0,95.0,1070.0,254.0,59.44444444444444,3.0,15.0,0.0,0.0,0.08878504672897196,535.0,6.5,1
326252,3,1,324.0,14979.0,1696.0,16675.0,720.0,51.46604938271605,98.0,192.0,2.0,32.0,0.10170914542728636,5558.333333333333,108.0,1
326253,2,1,301.0,14597.0,1573.0,16170.0,720.0,53.72093023255814,98.0,169.0,2.0,32.0,0.09727891156462586,8085.0,150.5,1
326255,1,1,1.0,1.0,1.0,2.0,2.0,2.0,0.0,1.0,0.0,0.0,0.5,2.0,1.0,1
326256,3,1,15.0,2145.0,238.0,2383.0,363.0,125.42105263157895,9.0,10.0,0.0,0.0,0.09987410826689047,794.3333333333334,5.0,1
326261,2,1,2.0,7.0,2.0,9.0,5.0,4.5,0.0,2.0,0.0,0.0,0.2222222222222222,4.5,1.0,1
326262,1,1,1.0,1.0,0.0,1.0,1.0,1.0,0.0,1.0,0.0,0.0,0.0,1.0,1.0,1
326264,3,1,2.0,150.0,14.0,164.0,100.0,32.8,0.0,5.0,0.0,0.0,0.08536585365853659,54.666666666666664,0.6666666666666666,1
326265,2,1,4.0,61.0,15.0,76.0,48.0,15.2,0.0,5.0,0.0,0.0,0.19736842105263158,38.0,2.0,1
326267,3,1,2.0,102.0,92.0,194.0,91.0,64.66666666666667,1.0,1.0,1.0,0.0,0.4742268041237113,64.66666666666667,0.6666666666666666,1
326270,3,1,8.0,739.0,669.0,1408.0,401.0,156.44444444444446,2.0,7.0,0.0,0.0,0.47514204545454547,469.3333333333333,2.6666666666666665,1
326272,1,1,4.0,349.0,55.0,404.0,226.0,101.0,1.0,3.0,0.0,0.0,0.13613861386138615,404.0,4.0,1
326275,6,1,342.0,19179.0,14106.0,33285.0,1591.0,95.92219020172911,58.0,237.0,51.0,1.0,0.4237945020279405,5547.5,57.0,1
326277,1,1,23.0,239.0,118.0,357.0,150.0,15.521739130434783,0.0,23.0,0.0,0.0,0.33053221288515405,357.0,23.0,1
326278,1,1,4.0,349.0,55.0,404.0,226.0,101.0,1.0,3.0,0.0,0.0,0.13613861386138615,404.0,4.0,1
326279,1,1,2.0,23.0,0.0,23.0,15.0,11.5,0.0,2.0,0.0,0.0,0.0,23.0,2.0,1
326282,5,2,4.0,18.0,3.0,21.0,11.0,3.5,0.0,6.0,0.0,0.0,0.14285714285714285,4.2,0.8,2
326283,3,1,66.0,16080.0,582.0,16662.0,13437.0,248.6865671641791,4.0,63.0,0.0,0.0,0.03492978033849478,5554.0,22.0,1
326287,1,1,2.0,6.0,22.0,28.0,22.0,14.0,0.0,2.0,0.0,0.0,0.7857142857142857,28.0,2.0,1
326288,1,1,12.0,113.0,50.0,163.0,41.0,13.583333333333334,0.0,12.0,0.0,0.0,0.3067484662576687,163.0,12.0,1
326290,3,1,6.0,171.0,17.0,188.0,68.0,18.8,0.0,10.0,0.0,0.0,0.09042553191489362,62.666666666666664,2.0,1
326295,2,1,2.0,16.0,14.0,30.0,16.0,10.0,0.0,3.0,0.0,0.0,0.4666666666666667,15.0,1.0,1
326306,3,1,5.0,22.0,7.0,29.0,11.0,4.833333333333333,0.0,6.0,0.0,0.0,0.2413793103448276,9.666666666666666,1.6666666666666667,1
326307,1,1,1.0,2.0,2.0,4.0,4.0,4.0,0.0,1.0,0.0,0.0,0.5,4.0,1.0,1
326311,1,1,2.0,2.0,0.0,2.0,1.0,1.0,0.0,2.0,0.0,0.0,0.0,2.0,2.0,1
326315,1,1,30.0,1682.0,301.0,1983.0,277.0,66.1,0.0,30.0,0.0,0.0,0.15179021684316693,1983.0,30.0,1
326323,2,1,2.0,25.0,3.0,28.0,25.0,14.0,0.0,2.0,0.0,0.0,0.10714285714285714,14.0,1.0,1
326325,2,1,2.0,328.0,2.0,330.0,315.0,165.0,1.0,1.0,0.0,0.0,0.006060606060606061,165.0,1.0,1
326326,1,1,2.0,8.0,2.0,10.0,8.0,5.0,0.0,2.0,0.0,0.0,0.2,10.0,2.0,1
326332,1,1,1.0,3.0,0.0,3.0,3.0,3.0,0.0,1.0,0.0,0.0,0.0,3.0,1.0,1
326333,15,1,486.0,38050.0,5828.0,43878.0,13437.0,76.17708333333333,58.0,505.0,8.0,5.0,0.13282282692921282,2925.2,32.4,1
326334,1,1,1.0,6.0,0.0,6.0,6.0,6.0,0.0,1.0,0.0,0.0,0.0,6.0,1.0,1
326337,1,1,6.0,141.0,36.0,177.0,98.0,29.5,0.0,6.0,0.0,0.0,0.2033898305084746,177.0,6.0,1
326339,1,1,1.0,2.0,2.0,4.0,4.0,4.0,0.0,1.0,0.0,0.0,0.5,4.0,1.0,1
326342,1,1,11.0,104.0,110.0,214.0,150.0,19.454545454545453,0.0,11.0,0.0,0.0,0.514018691588785,214.0,11.0,1
326350,1,1,7.0,50.0,2.0,52.0,30.0,7.428571428571429,0.0,7.0,0.0,0.0,0.038461538461538464,52.0,7.0,1
326351,3,1,46.0,1744.0,1232.0,2976.0,276.0,36.292682926829265,4.0,70.0,3.0,5.0,0.41397849462365593,992.0,15.333333333333334,1
326354,6,1,17.0,608.0,147.0,755.0,225.0,31.458333333333332,1.0,23.0,0.0,0.0,0.1947019867549669,125.83333333333333,2.8333333333333335,1
326357,1,1,1.0,7.0,1.0,8.0,8.0,8.0,0.0,1.0,0.0,0.0,0.125,8.0,1.0,1
326360,1,1,1.0,25.0,5.0,30.0,30.0,30.0,0.0,1.0,0.0,0.0,0.16666666666666666,30.0,1.0,1
326362,7,2,99.0,4576.0,1722.0,6298.0,604.0,52.483333333333334,8.0,104.0,3.0,5.0,0.27342013337567483,899.7142857142857,14.142857142857142,2
326366,1,1,1.0,6.0,0.0,6.0,6.0,6.0,0.0,1.0,0.0,0.0,0.0,6.0,1.0,1
326367,1,1,1.0,6.0,0.0,6.0,6.0,6.0,0.0,1.0,0.0,0.0,0.0,6.0,1.0,1
326369,3,1,2.0,350.0,46.0,396.0,176.0,66.0,1.0,5.0,0.0,0.0,0.11616161616161616,132.0,0.6666666666666666,1
326370,1,1,1.0,10.0,2.0,12.0,12.0,12.0,0.0,1.0,0.0,0.0,0.16666666666666666,12.0,1.0,1
326374,1,1,4.0,4.0,57.0,61.0,39.0,15.25,0.0,4.0,0.0,0.0,0.9344262295081968,61.0,4.0,1
326375,6,1,2.0,103.0,11.0,114.0,46.0,16.285714285714285,0.0,7.0,0.0,0.0,0.09649122807017543,19.0,0.3333333333333333,1
326378,3,1,3.0,84.0,47.0,131.0,62.0,26.2,0.0,5.0,0.0,0.0,0.35877862595419846,43.666666666666664,1.0,1
326379,3,1,10.0,238.0,70.0,308.0,44.0,14.0,1.0,21.0,0.0,0.0,0.22727272727272727,102.66666666666667,3.3333333333333335,1
326382,3,1,61.0,2019.0,1155.0,3174.0,368.0,48.83076923076923,5.0,52.0,3.0,5.0,0.3638941398865784,1058.0,20.333333333333332,1
326383,5,2,225.0,10557.0,2968.0,13525.0,604.0,53.03921568627451,8.0,239.0,3.0,5.0,0.21944547134935305,2705.0,45.0,2
326384,3,1,19.0,625.0,133.0,758.0,196.0,32.95652173913044,0.0,23.0,0.0,0.0,0.17546174142480211,252.66666666666666,6.333333333333333,1
326386,2,1,3.0,129.0,20.0,149.0,73.0,37.25,0.0,4.0,0.0,0.0,0.1342281879194631,74.5,1.5,1
326390,4,1,6.0,787.0,226.0,1013.0,573.0,84.41666666666667,1.0,11.0,0.0,0.0,0.22309970384995065,253.25,1.5,1
326394,7,1,310.0,11650.0,3209.0,14859.0,818.0,47.625,28.0,282.0,2.0,0.0,0.21596338919173566,2122.714285714286,44.285714285714285,1
326396,1,1,4.0,45.0,5.0,50.0,34.0,12.5,0.0,4.0,0.0,0.0,0.1,50.0,4.0,1
326397,1,1,4.0,158.0,17.0,175.0,55.0,43.75,1.0,3.0,0.0,0.0,0.09714285714285714,175.0,4.0,1
326398,8,1,49.0,1767.0,562.0,2329.0,276.0,36.96825396825397,0.0,63.0,0.0,0.0,0.24130528123658224,291.125,6.125,1
326399,3,1,5.0,359.0,140.0,499.0,259.0,62.375,0.0,8.0,0.0,0.0,0.280561122244489,166.33333333333334,1.6666666666666667,1
326400,8,1,41.0,2595.0,562.0,3157.0,604.0,64.42857142857143,2.0,47.0,0.0,0.0,0.17801710484637315,394.625,5.125,1
326401,2,1,9.0,175.0,32.0,207.0,67.0,18.818181818181817,0.0,11.0,0.0,0.0,0.15458937198067632,103.5,4.5,1
326403,4,1,21.0,4465.0,716.0,5181.0,429.0,132.84615384615384,14.0,25.0,0.0,0.0,0.1381972592163675,1295.25,5.25,1
326405,10,2,307.0,19929.0,3724.0,23653.0,5451.0,73.00308641975309,94.0,188.0,4.0,38.0,0.15744303048239125,2365.3,30.7,2
326406,3,1,302.0,40981.0,13471.0,54452.0,14687.0,179.7095709570957,29.0,274.0,0.0,0.0,0.247392198633659,18150.666666666668,100.66666666666667,1
326407,2,1,7.0,89.0,10.0,99.0,58.0,12.375,0.0,8.0,0.0,0.0,0.10101010101010101,49.5,3.5,1
326409,2,1,3.0,210.0,162.0,372.0,243.0,74.4,0.0,5.0,0.0,0.0,0.43548387096774194,186.0,1.5,1
326410,3,1,11.0,338.0,92.0,430.0,110.0,21.5,0.0,20.0,0.0,0.0,0.21395348837209302,143.33333333333334,3.6666666666666665,1
326411,1,1,1.0,1.0,1.0,2.0,2.0,2.0,0.0,1.0,0.0,0.0,0.5,2.0,1.0,1
326412,2,1,13.0,378.0,25.0,403.0,178.0,25.1875,0.0,16.0,0.0,0.0,0.062034739454094295,201.5,6.5,1
326414,22,1,322.0,22178.0,2556.0,24734.0,5452.0,67.95054945054945,83.0,278.0,3.0,0.0,0.10333953262715291,1124.2727272727273,14.636363636363637,1
326415,6,1,71.0,2965.0,617.0,3582.0,289.0,42.141176470588235,0.0,85.0,0.0,0.0,0.172250139586823,597.0,11.833333333333334,1
326419,1,1,1.0,86.0,4.0,90.0,90.0,90.0,0.0,1.0,0.0,0.0,0.044444444444444446,90.0,1.0,1
326420,3,1,307.0,19387.0,4582.0,23969.0,5451.0,76.82371794871794,94.0,173.0,7.0,38.0,0.1911635862989695,7989.666666666667,102.33333333333333,1
326424,1,1,25.0,1349.0,35.0,1384.0,342.0,55.36,2.0,23.0,0.0,0.0,0.025289017341040464,1384.0,25.0,1
326427,1,1,5.0,0.0,44.0,44.0,20.0,8.8,0.0,5.0,0.0,0.0,1.0,44.0,5.0,1
326430,6,1,34.0,1198.0,573.0,1771.0,197.0,34.05769230769231,10.0,37.0,4.0,1.0,0.3235460191981931,295.1666666666667,5.666666666666667,1
326431,6,1,416.0,25011.0,18432.0,43443.0,13437.0,100.09907834101382,116.0,278.0,5.0,35.0,0.42428009115392584,7240.5,69.33333333333333,1
326432,4,2,13.0,87.0,22.0,109.0,20.0,5.7368421052631575,1.0,18.0,0.0,0.0,0.2018348623853211,27.25,3.25,2
326438,1,1,4.0,145.0,28.0,173.0,86.0,43.25,2.0,2.0,0.0,0.0,0.16184971098265896,173.0,4.0,1
326444,2,1,4.0,93.0,39.0,132.0,58.0,18.857142857142858,0.0,7.0,0.0,0.0,0.29545454545454547,66.0,2.0,1
326447,6,2,503.0,38208.0,9155.0,47363.0,2700.0,77.77175697865353,128.0,471.0,9.0,1.0,0.19329434368599963,7893.833333333333,83.83333333333333,2
326451,1,1,2.0,15.0,4.0,19.0,16.0,9.5,0.0,2.0,0.0,0.0,0.21052631578947367,19.0,2.0,1
326453,1,1,9.0,6.0,52.0,58.0,12.0,6.444444444444445,0.0,9.0,0.0,0.0,0.896551724137931,58.0,9.0,1
326454,2,1,3.0,109.0,41.0,150.0,47.0,30.0,0.0,5.0,0.0,0.0,0.2733333333333333,75.0,1.5,1
326455,7,1,47.0,2170.0,539.0,2709.0,322.0,43.0,3.0,60.0,0.0,0.0,0.19896640826873385,387.0,6.714285714285714,1
326458,1,1,2.0,17.0,7.0,24.0,13.0,12.0,0.0,2.0,0.0,0.0,0.2916666666666667,24.0,2.0,1
326461,2,1,5.0,258.0,22.0,280.0,130.0,56.0,0.0,5.0,0.0,0.0,0.07857142857142857,140.0,2.5,1
326468,1,1,2.0,36.0,3.0,39.0,29.0,19.5,0.0,2.0,0.0,0.0,0.07692307692307693,39.0,2.0,1
326472,3,1,8.0,275.0,87.0,362.0,71.0,24.133333333333333,0.0,15.0,0.0,0.0,0.24033149171270718,120.66666666666667,2.6666666666666665,1
326480,6,2,613.0,26650.0,7422.0,34072.0,2700.0,54.08253968253968,93.0,524.0,11.0,2.0,0.2178328246067152,5678.666666666667,102.16666666666667,2
326482,3,1,47.0,1020.0,230.0,1250.0,166.0,26.041666666666668,3.0,45.0,0.0,0.0,0.184,416.6666666666667,15.666666666666666,1
326493,4,1,98.0,13965.0,1717.0,15682.0,5452.0,117.90977443609023,77.0,56.0,0.0,0.0,0.10948858563958679,3920.5,24.5,1
326496,2,1,3.0,5.0,75.0,80.0,74.0,26.666666666666668,0.0,3.0,0.0,0.0,0.9375,40.0,1.5,1
326497,6,1,4.0,179.0,149.0,328.0,77.0,27.333333333333332,0.0,12.0,0.0,0.0,0.45426829268292684,54.666666666666664,0.6666666666666666,1
326502,5,1,7.0,3.0,43.0,46.0,15.0,6.571428571428571,0.0,7.0,0.0,0.0,0.9347826086956522,9.2,1.4,1
326504,13,1,1272.0,155650.0,59897.0,215547.0,7640.0,127.76941315945466,331.0,1152.0,151.0,53.0,0.27788370981734845,16580.53846153846,97.84615384615384,1
326507,1,1,8.0,335.0,22.0,357.0,82.0,44.625,0.0,8.0,0.0,0.0,0.06162464985994398,357.0,8.0,1
326516,8,1,361.0,14938.0,16013.0,30951.0,13437.0,77.96221662468514,54.0,338.0,3.0,2.0,0.5173661594132661,3868.875,45.125,1
326531,4,1,210.0,2961.0,2782.0,5743.0,1702.0,26.22374429223744,14.0,25.0,1.0,179.0,0.4844158105519763,1435.75,52.5,1
326534,2,1,1.0,5.0,4.0,9.0,5.0,4.5,0.0,2.0,0.0,0.0,0.4444444444444444,4.5,0.5,1
326535,2,1,6.0,15.0,7.0,22.0,6.0,3.6666666666666665,0.0,6.0,0.0,0.0,0.3181818181818182,11.0,3.0,1
326537,3,1,4.0,245.0,52.0,297.0,86.0,37.125,0.0,8.0,0.0,0.0,0.1750841750841751,99.0,1.3333333333333333,1
326542,3,1,15.0,446.0,528.0,974.0,185.0,60.875,0.0,13.0,3.0,0.0,0.5420944558521561,324.6666666666667,5.0,1
326545,5,1,170.0,14887.0,2642.0,17529.0,5451.0,100.74137931034483,91.0,41.0,4.0,38.0,0.15072166124707628,3505.8,34.0,1
326552,1,1,4.0,51.0,81.0,132.0,62.0,33.0,0.0,4.0,0.0,0.0,0.6136363636363636,132.0,4.0,1
326557,3,1,456.0,20275.0,6782.0,27057.0,1780.0,59.205689277899346,50.0,286.0,8.0,113.0,0.2506560224710796,9019.0,152.0,1
326558,1,1,3.0,55.0,21.0,76.0,56.0,25.333333333333332,0.0,3.0,0.0,0.0,0.27631578947368424,76.0,3.0,1
326561,4,1,2.0,90.0,57.0,147.0,54.0,36.75,0.0,4.0,0.0,0.0,0.3877551020408163,36.75,0.5,1
326568,1,1,4.0,8.0,8.0,16.0,6.0,4.0,0.0,4.0,0.0,0.0,0.5,16.0,4.0,1
326569,2,2,4.0,120.0,12.0,132.0,114.0,33.0,0.0,4.0,0.0,0.0,0.09090909090909091,66.0,2.0,2
326570,2,1,3.0,48.0,6.0,54.0,24.0,13.5,1.0,3.0,0.0,0.0,0.1111111111111111,27.0,1.5,1
326594,2,1,4.0,8.0,2.0,10.0,6.0,2.5,0.0,4.0,0.0,0.0,0.2,5.0,2.0,1
326600,5,1,64.0,2093.0,1778.0,3871.0,797.0,59.55384615384615,3.0,58.0,4.0,0.0,0.4593128390596745,774.2,12.8,1
326611,4,2,58.0,2438.0,1839.0,4277.0,797.0,64.8030303030303,3.0,59.0,4.0,0.0,0.4299742810381108,1069.25,14.5,2
326616,1,1,1.0,1.0,1.0,2.0,2.0,2.0,0.0,1.0,0.0,0.0,0.5,2.0,1.0,1
326617,1,1,1.0,1.0,1.0,2.0,2.0,2.0,0.0,1.0,0.0,0.0,0.5,2.0,1.0,1
326621,6,1,6.0,1.0,0.0,1.0,1.0,0.1111111111111111,5.0,2.0,2.0,0.0,0.0,0.16666666666666666,1.0,1
326626,6,1,13.0,328.0,101.0,429.0,52.0,16.5,0.0,26.0,0.0,0.0,0.23543123543123542,71.5,2.1666666666666665,1
326627,2,1,4.0,19.0,17.0,36.0,12.0,6.0,0.0,6.0,0.0,0.0,0.4722222222222222,18.0,2.0,1
326635,2,1,1.0,4.0,4.0,8.0,4.0,4.0,0.0,2.0,0.0,0.0,0.5,4.0,0.5,1
326637,3,1,2.0,80.0,17.0,97.0,48.0,19.4,0.0,5.0,0.0,0.0,0.17525773195876287,32.333333333333336,0.6666666666666666,1
326638,2,1,1.0,26.0,5.0,31.0,21.0,15.5,0.0,2.0,0.0,0.0,0.16129032258064516,15.5,0.5,1
326641,1,1,2.0,129.0,20.0,149.0,82.0,74.5,0.0,2.0,0.0,0.0,0.1342281879194631,149.0,2.0,1
326642,1,1,2.0,55.0,18.0,73.0,41.0,36.5,0.0,2.0,0.0,0.0,0.2465753424657534,73.0,2.0,1
326648,2,1,4.0,4.0,4.0,8.0,2.0,2.0,0.0,4.0,0.0,0.0,0.5,4.0,2.0,1
326649,1,1,1.0,8.0,2.0,10.0,10.0,10.0,0.0,1.0,0.0,0.0,0.2,10.0,1.0,1
326650,2,1,1.0,6.0,3.0,9.0,7.0,4.5,0.0,2.0,0.0,0.0,0.3333333333333333,4.5,0.5,1
326651,1,1,1.0,1.0,1.0,2.0,2.0,2.0,0.0,1.0,0.0,0.0,0.5,2.0,1.0,1
326652,2,1,1.0,6.0,2.0,8.0,6.0,4.0,0.0,2.0,0.0,0.0,0.25,4.0,0.5,1
326660,1,1,2.0,246.0,27.0,273.0,160.0,136.5,0.0,2.0,0.0,0.0,0.0989010989010989,273.0,2.0,1
326661,159,4,945.0,133758.0,17775.0,151533.0,23054.0,96.95009596928983,455.0,1075.0,28.0,5.0,0.11730118192076973,953.0377358490566,5.943396226415095,4
326665,3,1,2.0,141.0,3.0,144.0,115.0,36.0,1.0,3.0,0.0,0.0,0.020833333333333332,48.0,0.6666666666666666,1
326666,6,1,318.0,22257.0,2994.0,25251.0,5451.0,74.92878338278932,114.0,182.0,4.0,37.0,0.11856956160152073,4208.5,53.0,1
326668,3,1,191.0,7173.0,3358.0,10531.0,797.0,54.56476683937824,30.0,159.0,4.0,0.0,0.3188681036938562,3510.3333333333335,63.666666666666664,1
326669,2,1,8.0,59.0,20.0,79.0,29.0,9.875,0.0,8.0,0.0,0.0,0.25316455696202533,39.5,4.0,1
326673,6,2,54.0,2403.0,1842.0,4245.0,797.0,68.46774193548387,3.0,55.0,4.0,0.0,0.43392226148409896,707.5,9.0,2
326675,1,1,13.0,12.0,77.0,89.0,23.0,6.846153846153846,0.0,12.0,1.0,0.0,0.8651685393258427,89.0,13.0,1
326677,2,1,1.0,2.0,0.0,2.0,2.0,2.0,0.0,1.0,0.0,0.0,0.0,1.0,0.5,1
326678,2,1,25.0,244.0,102.0,346.0,136.0,13.84,1.0,23.0,1.0,0.0,0.2947976878612717,173.0,12.5,1
326682,1,1,13.0,12.0,77.0,89.0,23.0,6.846153846153846,0.0,12.0,1.0,0.0,0.8651685393258427,89.0,13.0,1
326683,1,1,2.0,30.0,14.0,44.0,31.0,22.0,0.0,2.0,0.0,0.0,0.3181818181818182,44.0,2.0,1
326685,2,1,2.0,176.0,17.0,193.0,139.0,48.25,0.0,4.0,0.0,0.0,0.08808290155440414,96.5,1.0,1
326686,4,2,5.0,895.0,575.0,1470.0,333.0,113.07692307692308,3.0,9.0,1.0,0.0,0.391156462585034,367.5,1.25,2
326691,1,1,2.0,1293.0,342.0,1635.0,1603.0,817.5,0.0,2.0,0.0,0.0,0.20917431192660552,1635.0,2.0,1
326696,9,1,64.0,2703.0,2085.0,4788.0,797.0,56.32941176470588,3.0,78.0,4.0,0.0,0.43546365914786966,532.0,7.111111111111111,1
326697,6,2,45.0,2990.0,1824.0,4814.0,797.0,96.28,6.0,41.0,3.0,0.0,0.37889488990444536,802.3333333333334,7.5,2
326699,1,1,1.0,3.0,3.0,6.0,6.0,6.0,0.0,1.0,0.0,0.0,0.5,6.0,1.0,1
326703,2,1,2.0,33.0,4.0,37.0,33.0,18.5,0.0,2.0,0.0,0.0,0.10810810810810811,18.5,1.0,1
326704,7,2,13.0,134.0,135.0,269.0,72.0,13.45,0.0,20.0,0.0,0.0,0.5018587360594795,38.42857142857143,1.8571428571428572,2
326706,6,1,3.0,70.0,25.0,95.0,23.0,11.875,1.0,7.0,0.0,0.0,0.2631578947368421,15.833333333333334,0.5,1
326707,1,1,4.0,47.0,208.0,255.0,141.0,63.75,0.0,4.0,0.0,0.0,0.8156862745098039,255.0,4.0,1
326709,5,1,11.0,458.0,124.0,582.0,117.0,30.63157894736842,2.0,17.0,0.0,0.0,0.21305841924398625,116.4,2.2,1
326711,2,1,5.0,92.0,29.0,121.0,31.0,15.125,0.0,8.0,0.0,0.0,0.2396694214876033,60.5,2.5,1
326716,1,1,3.0,320.0,0.0,320.0,172.0,106.66666666666667,2.0,1.0,0.0,0.0,0.0,320.0,3.0,1
326718,1,1,5.0,15.0,50.0,65.0,34.0,13.0,0.0,5.0,0.0,0.0,0.7692307692307693,65.0,5.0,1
326720,6,1,120.0,1961.0,786.0,2747.0,744.0,11.995633187772926,113.0,17.0,98.0,1.0,0.2861303239898071,457.8333333333333,20.0,1
326722,2,1,4.0,110.0,5.0,115.0,88.0,23.0,1.0,4.0,0.0,0.0,0.043478260869565216,57.5,2.0,1
326729,1,1,10.0,83.0,13.0,96.0,19.0,9.6,0.0,10.0,0.0,0.0,0.13541666666666666,96.0,10.0,1
326731,1,1,1.0,5.0,3.0,8.0,8.0,8.0,0.0,1.0,0.0,0.0,0.375,8.0,1.0,1
326733,1,1,5.0,19.0,4.0,23.0,9.0,4.6,0.0,5.0,0.0,0.0,0.17391304347826086,23.0,5.0,1
326734,1,1,1.0,2.0,2.0,4.0,4.0,4.0,0.0,1.0,0.0,0.0,0.5,4.0,1.0,1
326735,1,1,12.0,61.0,12.0,73.0,19.0,6.083333333333333,0.0,12.0,0.0,0.0,0.1643835616438356,73.0,12.0,1
326739,2,1,6.0,644.0,115.0,759.0,300.0,84.33333333333333,3.0,6.0,0.0,0.0,0.15151515151515152,379.5,3.0,1
326741,1,1,13.0,257.0,30.0,287.0,80.0,22.076923076923077,0.0,13.0,0.0,0.0,0.10452961672473868,287.0,13.0,1
326742,1,1,2.0,5.0,5.0,10.0,8.0,5.0,0.0,2.0,0.0,0.0,0.5,10.0,2.0,1
326743,1,1,1.0,47.0,17.0,64.0,64.0,64.0,0.0,1.0,0.0,0.0,0.265625,64.0,1.0,1
326744,2,2,35.0,3494.0,831.0,4325.0,1169.0,123.57142857142857,5.0,30.0,0.0,0.0,0.1921387283236994,2162.5,17.5,2
326745,1,1,1.0,3.0,3.0,6.0,6.0,6.0,0.0,1.0,0.0,0.0,0.5,6.0,1.0,1
326746,2,1,5.0,46.0,24.0,70.0,31.0,11.666666666666666,0.0,6.0,0.0,0.0,0.34285714285714286,35.0,2.5,1
326747,2,1,3.0,18.0,4.0,22.0,12.0,7.333333333333333,0.0,3.0,0.0,0.0,0.18181818181818182,11.0,1.5,1
326748,2,1,8.0,386.0,9.0,395.0,172.0,49.375,2.0,6.0,0.0,0.0,0.02278481012658228,197.5,4.0,1
326750,2,1,9.0,116.0,190.0,306.0,105.0,34.0,0.0,9.0,0.0,0.0,0.6209150326797386,153.0,4.5,1
326752,1,1,3.0,134.0,43.0,177.0,142.0,59.0,0.0,3.0,0.0,0.0,0.24293785310734464,177.0,3.0,1
326753,1,1,5.0,54.0,6.0,60.0,31.0,12.0,2.0,3.0,0.0,0.0,0.1,60.0,5.0,1
326755,1,1,1.0,3.0,3.0,6.0,6.0,6.0,0.0,1.0,0.0,0.0,0.5,6.0,1.0,1
326757,4,1,2.0,91.0,58.0,149.0,91.0,21.285714285714285,0.0,7.0,0.0,0.0,0.38926174496644295,37.25,0.5,1
326759,1,1,3.0,934.0,456.0,1390.0,1380.0,463.3333333333333,0.0,3.0,0.0,0.0,0.32805755395683456,1390.0,3.0,1
326760,1,1,1.0,0.0,2.0,2.0,2.0,2.0,0.0,1.0,0.0,0.0,1.0,2.0,1.0,1
326763,1,1,2.0,33.0,4.0,37.0,33.0,18.5,0.0,2.0,0.0,0.0,0.10810810810810811,37.0,2.0,1
326764,1,1,5.0,66.0,9.0,75.0,38.0,15.0,0.0,5.0,0.0,0.0,0.12,75.0,5.0,1
326767,1,1,2.0,108.0,5.0,113.0,103.0,56.5,1.0,1.0,0.0,0.0,0.04424778761061947,113.0,2.0,1
326768,16,1,922.0,65376.0,28921.0,94297.0,13437.0,71.11387631975867,245.0,1019.0,21.0,41.0,0.30670116758751603,5893.5625,57.625,1
326769,2,1,16.0,1595.0,717.0,2312.0,797.0,110.0952380952381,3.0,17.0,1.0,0.0,0.310121107266436,1156.0,8.0,1
326772,1,1,6.0,169.0,169.0,338.0,96.0,56.333333333333336,0.0,6.0,0.0,0.0,0.5,338.0,6.0,1
326776,2,1,5.0,86.0,86.0,172.0,150.0,28.666666666666668,0.0,6.0,0.0,0.0,0.5,86.0,2.5,1
326778,1,1,1.0,1.0,1.0,2.0,2.0,2.0,0.0,1.0,0.0,0.0,0.5,2.0,1.0,1
326780,1,1,1.0,0.0,6.0,6.0,6.0,6.0,0.0,1.0,0.0,0.0,1.0,6.0,1.0,1
326785,3,1,302.0,12725.0,16140.0,28865.0,13437.0,95.5794701986755,26.0,271.0,5.0,0.0,0.5591546856054045,9621.666666666666,100.66666666666667,1
326798,3,1,4.0,81.0,64.0,145.0,75.0,24.166666666666668,0.0,6.0,0.0,0.0,0.4413793103448276,48.333333333333336,1.3333333333333333,1
326806,3,1,1.0,29.0,13.0,42.0,28.0,14.0,0.0,3.0,0.0,0.0,0.30952380952380953,14.0,0.3333333333333333,1
326807,3,1,18.0,984.0,65.0,1049.0,220.0,52.45,5.0,15.0,0.0,0.0,0.06196377502383222,349.6666666666667,6.0,1
326813,1,1,1.0,1.0,1.0,2.0,2.0,2.0,0.0,1.0,0.0,0.0,0.5,2.0,1.0,1
326814,7,1,855.0,70981.0,25731.0,96712.0,13437.0,87.76043557168784,233.0,824.0,9.0,36.0,0.2660579865993879,13816.0,122.14285714285714,1
326820,1,1,1.0,3.0,0.0,3.0,3.0,3.0,0.0,1.0,0.0,0.0,0.0,3.0,1.0,1
326822,2,1,1.0,6.0,4.0,10.0,6.0,5.0,0.0,2.0,0.0,0.0,0.4,5.0,0.5,1
326827,4,2,301.0,20987.0,8019.0,29006.0,2700.0,95.72937293729373,66.0,221.0,16.0,0.0,0.2764600427497759,7251.5,75.25,2
326829,8,1,54.0,3425.0,792.0,4217.0,632.0,68.01612903225806,43.0,19.0,0.0,0.0,0.18781124021816456,527.125,6.75,1
326830,2,2,1.0,17.0,8.0,25.0,25.0,25.0,0.0,1.0,0.0,0.0,0.32,12.5,0.5,2
326836,2,1,1.0,32.0,14.0,46.0,34.0,23.0,0.0,2.0,0.0,0.0,0.30434782608695654,23.0,0.5,1
326837,2,1,3.0,3.0,14.0,17.0,10.0,5.666666666666667,0.0,3.0,0.0,0.0,0.8235294117647058,8.5,1.5,1
326839,8,1,50.0,3028.0,1838.0,4866.0,797.0,70.52173913043478,7.0,59.0,3.0,0.0,0.3777229757501028,608.25,6.25,1
326840,2,1,231.0,11101.0,16597.0,27698.0,13437.0,118.36752136752136,26.0,205.0,3.0,0.0,0.5992129395624233,13849.0,115.5,1
326841,3,1,5.0,36.0,24.0,60.0,36.0,10.0,0.0,6.0,0.0,0.0,0.4,20.0,1.6666666666666667,1
326842,4,1,20.0,507.0,196.0,703.0,133.0,31.954545454545453,1.0,21.0,0.0,0.0,0.27880512091038406,175.75,5.0,1
326843,2,1,4.0,103.0,14.0,117.0,54.0,23.4,0.0,5.0,0.0,0.0,0.11965811965811966,58.5,2.0,1
326844,3,2,301.0,12562.0,16588.0,29150.0,13437.0,96.84385382059801,68.0,229.0,4.0,0.0,0.5690566037735849,9716.666666666666,100.33333333333333,2
326845,4,1,1.0,27.0,26.0,53.0,21.0,17.666666666666668,0.0,3.0,0.0,0.0,0.49056603773584906,13.25,0.25,1
326846,4,2,3.0,19.0,3.0,22.0,12.0,5.5,0.0,4.0,0.0,0.0,0.13636363636363635,5.5,0.75,2
326847,10,1,411.0,24141.0,5925.0,30066.0,5451.0,63.97021276595745,118.0,309.0,6.0,37.0,0.1970664538016364,3006.6,41.1,1
326848,4,1,376.0,23038.0,5883.0,28921.0,1780.0,73.21772151898735,51.0,336.0,8.0,0.0,0.2034162027592407,7230.25,94.0,1
326849,7,2,53.0,956.0,377.0,1333.0,133.0,24.236363636363638,2.0,52.0,1.0,0.0,0.2828207051762941,190.42857142857142,7.571428571428571,2
326850,3,2,90.0,3060.0,2200.0,5260.0,855.0,58.44444444444444,6.0,80.0,4.0,0.0,0.41825095057034223,1753.3333333333333,30.0,2
326851,3,1,1.0,17.0,14.0,31.0,21.0,15.5,0.0,2.0,0.0,0.0,0.45161290322580644,10.333333333333334,0.3333333333333333,1
326853,4,2,302.0,12550.0,16358.0,28908.0,13437.0,95.4059405940594,68.0,231.0,4.0,0.0,0.5658641206586412,7227.0,75.5,2
326854,2,1,3.0,40.0,3.0,43.0,32.0,14.333333333333334,0.0,3.0,0.0,0.0,0.06976744186046512,21.5,1.5,1
326855,3,1,3.0,17.0,2.0,19.0,11.0,6.333333333333333,0.0,3.0,0.0,0.0,0.10526315789473684,6.333333333333333,1.0,1
326856,4,1,7.0,14.0,14.0,28.0,4.0,3.5,0.0,8.0,0.0,0.0,0.5,7.0,1.75,1
326858,1,1,3.0,75.0,1.0,76.0,39.0,25.333333333333332,0.0,3.0,0.0,0.0,0.013157894736842105,76.0,3.0,1
326859,7,2,53.0,1084.0,399.0,1483.0,133.0,26.017543859649123,3.0,53.0,1.0,0.0,0.26904922454484154,211.85714285714286,7.571428571428571,2
326860,6,1,50.0,928.0,344.0,1272.0,133.0,24.0,2.0,50.0,1.0,0.0,0.27044025157232704,212.0,8.333333333333334,1
326861,3,1,9.0,252.0,260.0,512.0,87.0,39.38461538461539,0.0,12.0,1.0,0.0,0.5078125,170.66666666666666,3.0,1
326862,3,1,52.0,864.0,13810.0,14674.0,13437.0,282.1923076923077,3.0,47.0,2.0,0.0,0.9411203489164509,4891.333333333333,17.333333333333332,1
326863,1,1,4.0,548.0,63.0,611.0,317.0,152.75,0.0,4.0,0.0,0.0,0.10310965630114566,611.0,4.0,1
326864,5,1,54.0,1039.0,413.0,1452.0,133.0,24.610169491525422,3.0,55.0,1.0,0.0,0.284435261707989,290.4,10.8,1
326865,3,1,19.0,346.0,142.0,488.0,133.0,23.238095238095237,1.0,20.0,0.0,0.0,0.29098360655737704,162.66666666666666,6.333333333333333,1
326866,1,1,1.0,3.0,3.0,6.0,6.0,6.0,0.0,1.0,0.0,0.0,0.5,6.0,1.0,1
326867,3,1,39.0,636.0,139.0,775.0,133.0,19.375,1.0,39.0,0.0,0.0,0.17935483870967742,258.3333333333333,13.0,1
326868,2,1,11.0,429.0,30.0,459.0,149.0,32.785714285714285,0.0,14.0,0.0,0.0,0.06535947712418301,229.5,5.5,1
326871,3,1,2.0,8.0,6.0,14.0,8.0,3.5,0.0,4.0,0.0,0.0,0.42857142857142855,4.666666666666667,0.6666666666666666,1
326872,1,1,9.0,247.0,66.0,313.0,129.0,34.77777777777778,0.0,9.0,0.0,0.0,0.2108626198083067,313.0,9.0,1
326873,2,1,36.0,623.0,280.0,903.0,104.0,25.083333333333332,3.0,32.0,1.0,0.0,0.31007751937984496,451.5,18.0,1
326874,1,1,1.0,0.0,2.0,2.0,2.0,2.0,0.0,1.0,0.0,0.0,1.0,2.0,1.0,1
326876,3,2,346.0,17645.0,4386.0,22031.0,1530.0,60.0299727520436,47.0,315.0,3.0,2.0,0.19908311016295221,7343.666666666667,115.33333333333333,2
326880,2,1,1.0,12.0,9.0,21.0,12.0,10.5,0.0,2.0,0.0,0.0,0.42857142857142855,10.5,0.5,1
326881,2,1,2.0,250.0,50.0,300.0,131.0,75.0,0.0,4.0,0.0,0.0,0.16666666666666666,150.0,1.0,1
326882,1,1,1.0,3.0,3.0,6.0,6.0,6.0,0.0,1.0,0.0,0.0,0.5,6.0,1.0,1
326883,1,1,1.0,3.0,3.0,6.0,6.0,6.0,0.0,1.0,0.0,0.0,0.5,6.0,1.0,1
326884,1,1,1.0,3.0,3.0,6.0,6.0,6.0,0.0,1.0,0.0,0.0,0.5,6.0,1.0,1
326885,3,1,301.0,17028.0,12903.0,29931.0,1591.0,99.1092715231788,56.0,202.0,43.0,1.0,0.4310915104740904,9977.0,100.33333333333333,1
326888,4,1,132.0,6698.0,1920.0,8618.0,1169.0,62.44927536231884,12.0,124.0,2.0,0.0,0.2227895103272221,2154.5,33.0,1
326889,2,1,2.0,282.0,28.0,310.0,207.0,77.5,0.0,4.0,0.0,0.0,0.09032258064516129,155.0,1.0,1
326890,1,1,1.0,3.0,2.0,5.0,5.0,5.0,0.0,1.0,0.0,0.0,0.4,5.0,1.0,1
326892,2,1,1.0,4.0,1.0,5.0,3.0,2.5,0.0,2.0,0.0,0.0,0.2,2.5,0.5,1
326894,6,1,93.0,4808.0,3059.0,7867.0,855.0,75.64423076923077,11.0,89.0,4.0,0.0,0.38883945595525615,1311.1666666666667,15.5,1
326897,1,1,7.0,30.0,5.0,35.0,11.0,5.0,0.0,7.0,0.0,0.0,0.14285714285714285,35.0,7.0,1
326898,1,1,1.0,3.0,3.0,6.0,6.0,6.0,0.0,1.0,0.0,0.0,0.5,6.0,1.0,1
326899,3,1,179.0,8639.0,15411.0,24050.0,13437.0,133.61111111111111,20.0,157.0,3.0,0.0,0.6407900207900208,8016.666666666667,59.666666666666664,1
326901,6,3,105.0,6918.0,2590.0,9508.0,699.0,76.6774193548387,15.0,108.0,1.0,0.0,0.27240218763146823,1584.6666666666667,17.5,3
326902,10,1,554.0,28080.0,18856.0,46936.0,13437.0,71.43987823439878,108.0,541.0,7.0,1.0,0.40173853758309186,4693.6,55.4,1
326903,3,2,182.0,6116.0,2065.0,8181.0,699.0,43.05789473684211,16.0,173.0,1.0,0.0,0.25241413030191906,2727.0,60.666666666666664,2
326907,2,1,2.0,0.0,13.0,13.0,11.0,6.5,0.0,2.0,0.0,0.0,1.0,6.5,1.0,1
326908,13,1,40.0,954.0,208.0,1162.0,149.0,18.444444444444443,7.0,56.0,0.0,0.0,0.17900172117039587,89.38461538461539,3.076923076923077,1
326915,1,1,1.0,2.0,1.0,3.0,3.0,3.0,0.0,1.0,0.0,0.0,0.3333333333333333,3.0,1.0,1
326916,18,1,102.0,3333.0,770.0,4103.0,318.0,29.731884057971016,5.0,132.0,1.0,0.0,0.1876675603217158,227.94444444444446,5.666666666666667,1
326917,14,1,1220.0,85074.0,61715.0,146789.0,11600.0,95.00906148867314,221.0,1192.0,129.0,3.0,0.4204334112229118,10484.92857142857,87.14285714285714,1
326921,1,1,8.0,424.0,197.0,621.0,215.0,77.625,3.0,5.0,0.0,0.0,0.3172302737520129,621.0,8.0,1
326922,2,1,134.0,7038.0,16475.0,23513.0,13437.0,175.47014925373134,17.0,113.0,4.0,0.0,0.7006762216646111,11756.5,67.0,1
326923,1,1,13.0,285.0,9.0,294.0,68.0,22.615384615384617,1.0,12.0,0.0,0.0,0.030612244897959183,294.0,13.0,1
326924,2,1,2.0,27.0,0.0,27.0,26.0,13.5,2.0,0.0,0.0,0.0,0.0,13.5,1.0,1
326927,1,1,1.0,1.0,1.0,2.0,2.0,2.0,0.0,1.0,0.0,0.0,0.5,2.0,1.0,1
326928,2,1,2.0,31.0,1.0,32.0,30.0,16.0,0.0,2.0,0.0,0.0,0.03125,16.0,1.0,1
326930,2,1,2.0,24.0,2.0,26.0,20.0,13.0,0.0,2.0,0.0,0.0,0.07692307692307693,13.0,1.0,1
326931,5,1,501.0,33002.0,18013.0,51015.0,1645.0,83.08631921824104,111.0,450.0,52.0,1.0,0.3530922277761443,10203.0,100.2,1
326933,3,2,302.0,15630.0,2577.0,18207.0,4674.0,60.288079470198674,30.0,270.0,2.0,0.0,0.1415389685285879,6069.0,100.66666666666667,2
326934,1,1,1.0,2.0,1.0,3.0,3.0,3.0,0.0,1.0,0.0,0.0,0.3333333333333333,3.0,1.0,1
326936,3,1,303.0,12582.0,2497.0,15079.0,741.0,49.43934426229508,55.0,246.0,4.0,0.0,0.16559453544664765,5026.333333333333,101.0,1
326937,3,1,1.0,8.0,3.0,11.0,7.0,3.6666666666666665,0.0,3.0,0.0,0.0,0.2727272727272727,3.6666666666666665,0.3333333333333333,1
326938,3,1,8.0,324.0,63.0,387.0,133.0,29.76923076923077,0.0,13.0,0.0,0.0,0.16279069767441862,129.0,2.6666666666666665,1
326948,3,1,29.0,798.0,316.0,1114.0,336.0,35.935483870967744,0.0,30.0,1.0,0.0,0.2836624775583483,371.3333333333333,9.666666666666666,1
326950,1,1,1.0,4.0,0.0,4.0,4.0,4.0,0.0,1.0,0.0,0.0,0.0,4.0,1.0,1
326954,2,1,3.0,326.0,94.0,420.0,163.0,84.0,2.0,3.0,0.0,0.0,0.22380952380952382,210.0,1.5,1
326957,3,1,301.0,14387.0,2841.0,17228.0,980.0,56.85808580858086,78.0,221.0,4.0,0.0,0.1649059670304156,5742.666666666667,100.33333333333333,1
326958,3,1,9.0,453.0,381.0,834.0,190.0,37.90909090909091,0.0,22.0,0.0,0.0,0.4568345323741007,278.0,3.0,1
326961,5,1,4.0,283.0,40.0,323.0,136.0,40.375,0.0,8.0,0.0,0.0,0.1238390092879257,64.6,0.8,1
326965,8,1,105.0,2951.0,2198.0,5149.0,822.0,43.63559322033898,4.0,112.0,2.0,0.0,0.4268790056321616,643.625,13.125,1
326970,1,1,2.0,283.0,44.0,327.0,197.0,163.5,0.0,2.0,0.0,0.0,0.1345565749235474,327.0,2.0,1
326971,2,1,3.0,3.0,157.0,160.0,154.0,40.0,0.0,3.0,1.0,0.0,0.98125,80.0,1.5,1
326973,1,1,3.0,90.0,3.0,93.0,80.0,31.0,0.0,3.0,0.0,0.0,0.03225806451612903,93.0,3.0,1
326974,3,1,11.0,253.0,98.0,351.0,81.0,23.4,0.0,15.0,0.0,0.0,0.2792022792022792,117.0,3.6666666666666665,1
326976,1,1,4.0,112.0,23.0,135.0,56.0,33.75,1.0,3.0,0.0,0.0,0.17037037037037037,135.0,4.0,1
326977,1,1,3.0,90.0,3.0,93.0,80.0,31.0,0.0,3.0,0.0,0.0,0.03225806451612903,93.0,3.0,1
326979,3,1,18.0,1320.0,229.0,1549.0,228.0,64.54166666666667,6.0,18.0,0.0,0.0,0.14783731439638476,516.3333333333334,6.0,1
326980,1,1,2.0,91.0,50.0,141.0,137.0,70.5,0.0,2.0,0.0,0.0,0.3546099290780142,141.0,2.0,1
326982,5,1,7.0,343.0,45.0,388.0,82.0,29.846153846153847,0.0,13.0,0.0,0.0,0.11597938144329897,77.6,1.4,1
326983,3,1,7.0,434.0,16.0,450.0,171.0,40.90909090909091,1.0,10.0,0.0,0.0,0.035555555555555556,150.0,2.3333333333333335,1
326984,2,1,302.0,10600.0,3193.0,13793.0,980.0,45.67218543046358,61.0,240.0,1.0,0.0,0.23149423620677156,6896.5,151.0,1
326986,1,1,1.0,4.0,0.0,4.0,4.0,4.0,0.0,1.0,0.0,0.0,0.0,4.0,1.0,1
326990,1,1,2.0,108.0,0.0,108.0,76.0,54.0,1.0,1.0,0.0,0.0,0.0,108.0,2.0,1
326991,2,1,3.0,124.0,12.0,136.0,97.0,34.0,0.0,4.0,0.0,0.0,0.08823529411764706,68.0,1.5,1
326992,1,1,5.0,17.0,10.0,27.0,8.0,5.4,0.0,5.0,0.0,0.0,0.37037037037037035,27.0,5.0,1
326995,4,2,499.0,29619.0,19377.0,48996.0,1591.0,80.71828665568368,93.0,459.0,53.0,2.0,0.39548126377663484,12249.0,124.75,2
326996,3,1,303.0,10659.0,3194.0,13853.0,980.0,45.56907894736842,60.0,243.0,1.0,0.0,0.23056377679924925,4617.666666666667,101.0,1
327005,2,1,1.0,19.0,6.0,25.0,16.0,12.5,0.0,2.0,0.0,0.0,0.24,12.5,0.5,1
327006,1,1,4.0,71.0,3.0,74.0,41.0,18.5,1.0,3.0,0.0,0.0,0.04054054054054054,74.0,4.0,1
327007,3,1,14.0,422.0,115.0,537.0,87.0,24.40909090909091,3.0,19.0,0.0,0.0,0.21415270018621974,179.0,4.666666666666667,1
327011,2,1,2.0,121.0,12.0,133.0,110.0,44.333333333333336,0.0,3.0,0.0,0.0,0.09022556390977443,66.5,1.0,1
327015,2,1,5.0,63.0,4.0,67.0,31.0,13.4,2.0,3.0,0.0,0.0,0.05970149253731343,33.5,2.5,1
327022,2,1,10.0,44.0,115.0,159.0,40.0,13.25,0.0,12.0,0.0,0.0,0.7232704402515723,79.5,5.0,1
327025,2,1,1.0,11.0,9.0,20.0,11.0,10.0,0.0,2.0,0.0,0.0,0.45,10.0,0.5,1
327027,3,1,12.0,292.0,106.0,398.0,71.0,20.94736842105263,0.0,19.0,0.0,0.0,0.2663316582914573,132.66666666666666,4.0,1
327030,2,1,4.0,73.0,27.0,100.0,38.0,20.0,0.0,5.0,0.0,0.0,0.27,50.0,2.0,1
327032,3,1,321.0,13897.0,18669.0,32566.0,13437.0,100.20307692307692,73.0,247.0,5.0,0.0,0.5732665970644231,10855.333333333334,107.0,1
327034,3,1,303.0,10821.0,3215.0,14036.0,980.0,45.71986970684039,63.0,243.0,1.0,0.0,0.22905386149900256,4678.666666666667,101.0,1
327035,5,1,276.0,11012.0,1856.0,12868.0,980.0,40.721518987341774,59.0,257.0,0.0,0.0,0.14423375815977618,2573.6,55.2,1
327042,5,1,7.0,91.0,72.0,163.0,24.0,12.538461538461538,0.0,13.0,0.0,0.0,0.44171779141104295,32.6,1.4,1
327043,1,1,1.0,0.0,1310.0,1310.0,1310.0,1310.0,0.0,1.0,0.0,0.0,1.0,1310.0,1.0,1
327044,3,1,303.0,11295.0,2406.0,13701.0,980.0,44.62866449511401,61.0,245.0,1.0,0.0,0.17560761988176046,4567.0,101.0,1
327046,3,1,302.0,11299.0,2401.0,13700.0,980.0,44.62540716612378,61.0,245.0,1.0,0.0,0.17525547445255474,4566.666666666667,100.66666666666667,1
327047,2,1,2.0,46.0,2.0,48.0,19.0,12.0,0.0,4.0,0.0,0.0,0.041666666666666664,24.0,1.0,1
327049,2,1,32.0,678.0,131.0,809.0,90.0,25.28125,1.0,31.0,0.0,0.0,0.1619283065512979,404.5,16.0,1
327050,5,1,7.0,168.0,26.0,194.0,58.0,12.933333333333334,1.0,14.0,0.0,0.0,0.13402061855670103,38.8,1.4,1
327051,2,1,6.0,26.0,110.0,136.0,66.0,17.0,0.0,8.0,0.0,0.0,0.8088235294117647,68.0,3.0,1
327056,2,1,7.0,35.0,18.0,53.0,22.0,6.625,0.0,8.0,0.0,0.0,0.33962264150943394,26.5,3.5,1
327058,4,1,15.0,173.0,209.0,382.0,35.0,16.608695652173914,0.0,23.0,0.0,0.0,0.5471204188481675,95.5,3.75,1
327063,11,1,349.0,14445.0,1971.0,16416.0,796.0,40.334152334152336,58.0,331.0,18.0,0.0,0.12006578947368421,1492.3636363636363,31.727272727272727,1
327065,2,1,9.0,670.0,83.0,753.0,213.0,53.785714285714285,1.0,13.0,0.0,0.0,0.1102257636122178,376.5,4.5,1
327067,2,1,5.0,40.0,17.0,57.0,30.0,11.4,0.0,5.0,0.0,0.0,0.2982456140350877,28.5,2.5,1
327071,4,1,137.0,4808.0,573.0,5381.0,349.0,36.85616438356164,8.0,138.0,0.0,0.0,0.10648578331165211,1345.25,34.25,1
327072,19,2,568.0,31492.0,9040.0,40532.0,14687.0,61.412121212121214,62.0,597.0,0.0,1.0,0.22303365242277706,2133.2631578947367,29.894736842105264,2
327074,4,1,8.0,104.0,29.0,133.0,42.0,9.5,0.0,14.0,0.0,0.0,0.21804511278195488,33.25,2.0,1
327075,3,1,10.0,362.0,89.0,451.0,84.0,23.736842105263158,0.0,19.0,0.0,0.0,0.1973392461197339,150.33333333333334,3.3333333333333335,1
327079,1,1,6.0,43.0,9.0,52.0,20.0,8.666666666666666,0.0,6.0,0.0,0.0,0.17307692307692307,52.0,6.0,1
327080,21,1,564.0,37802.0,7534.0,45336.0,4674.0,63.94358251057828,93.0,610.0,6.0,0.0,0.1661814010940533,2158.8571428571427,26.857142857142858,1
327081,2,1,1.0,4.0,3.0,7.0,5.0,3.5,0.0,2.0,0.0,0.0,0.42857142857142855,3.5,0.5,1
327082,3,1,9.0,172.0,32.0,204.0,61.0,20.4,1.0,9.0,0.0,0.0,0.1568627450980392,68.0,3.0,1
327084,1,1,5.0,96.0,18.0,114.0,44.0,22.8,0.0,5.0,0.0,0.0,0.15789473684210525,114.0,5.0,1
327085,1,1,1.0,1.0,1.0,2.0,2.0,2.0,0.0,1.0,0.0,0.0,0.5,2.0,1.0,1
327086,4,1,50.0,1994.0,246.0,2240.0,390.0,43.07692307692308,4.0,48.0,0.0,0.0,0.10982142857142857,560.0,12.5,1
327089,3,1,355.0,15395.0,2829.0,18224.0,905.0,50.34254143646409,47.0,310.0,4.0,1.0,0.1552348551360843,6074.666666666667,118.33333333333333,1
327090,18,1,400.0,17251.0,2758.0,20009.0,788.0,41.08624229979466,75.0,393.0,2.0,17.0,0.13783797291218952,1111.611111111111,22.22222222222222,1
327095,2,1,2.0,9.0,21.0,30.0,16.0,15.0,0.0,2.0,0.0,0.0,0.7,15.0,1.0,1
327104,8,1,339.0,14068.0,2885.0,16953.0,576.0,46.961218836565095,42.0,314.0,4.0,1.0,0.17017636996401816,2119.125,42.375,1
327105,3,2,301.0,11800.0,2770.0,14570.0,741.0,48.24503311258278,37.0,260.0,4.0,1.0,0.19011667810569663,4856.666666666667,100.33333333333333,2
327110,9,1,351.0,17947.0,18074.0,36021.0,13437.0,90.96212121212122,46.0,343.0,7.0,0.0,0.501762860553566,4002.3333333333335,39.0,1
327112,5,1,5.0,312.0,68.0,380.0,100.0,38.0,1.0,9.0,0.0,0.0,0.17894736842105263,76.0,1.0,1
327116,1,1,1.0,2.0,2.0,4.0,4.0,4.0,0.0,1.0,0.0,0.0,0.5,4.0,1.0,1
327117,6,1,275.0,12087.0,1632.0,13719.0,755.0,44.25483870967742,37.0,273.0,0.0,0.0,0.11895910780669144,2286.5,45.833333333333336,1
327122,2,1,2.0,59.0,1.0,60.0,35.0,30.0,0.0,2.0,0.0,0.0,0.016666666666666666,30.0,1.0,1
327123,1,1,2.0,54.0,0.0,54.0,32.0,27.0,0.0,2.0,0.0,0.0,0.0,54.0,2.0,1
327124,1,1,1.0,21.0,5.0,26.0,26.0,26.0,0.0,1.0,0.0,0.0,0.19230769230769232,26.0,1.0,1
327126,1,1,2.0,61.0,2.0,63.0,59.0,31.5,0.0,2.0,0.0,0.0,0.031746031746031744,63.0,2.0,1
327128,6,2,349.0,19271.0,3529.0,22800.0,4674.0,64.58923512747876,42.0,306.0,5.0,0.0,0.15478070175438596,3800.0,58.166666666666664,2
327131,9,1,51.0,2449.0,404.0,2853.0,390.0,44.578125,3.0,61.0,0.0,0.0,0.14160532772520154,317.0,5.666666666666667,1
327136,1,1,6.0,447.0,123.0,570.0,244.0,95.0,0.0,6.0,0.0,0.0,0.21578947368421053,570.0,6.0,1
327138,3,1,7.0,114.0,26.0,140.0,46.0,17.5,1.0,7.0,0.0,0.0,0.18571428571428572,46.666666666666664,2.3333333333333335,1
327139,1,1,3.0,36.0,0.0,36.0,24.0,12.0,1.0,2.0,0.0,0.0,0.0,36.0,3.0,1
327140,2,1,13.0,370.0,36.0,406.0,90.0,29.0,2.0,12.0,0.0,0.0,0.08866995073891626,203.0,6.5,1
327141,1,1,1.0,8.0,0.0,8.0,8.0,8.0,0.0,1.0,0.0,0.0,0.0,8.0,1.0,1
327143,3,1,10.0,187.0,78.0,265.0,66.0,26.5,1.0,9.0,0.0,0.0,0.2943396226415094,88.33333333333333,3.3333333333333335,1
327145,1,1,1.0,4.0,2.0,6.0,6.0,6.0,0.0,1.0,0.0,0.0,0.3333333333333333,6.0,1.0,1
327146,1,1,1.0,6.0,0.0,6.0,6.0,6.0,0.0,1.0,0.0,0.0,0.0,6.0,1.0,1
327147,2,1,12.0,196.0,100.0,296.0,66.0,24.666666666666668,0.0,12.0,0.0,0.0,0.33783783783783783,148.0,6.0,1
327150,1,1,1.0,1.0,0.0,1.0,1.0,1.0,0.0,1.0,0.0,0.0,0.0,1.0,1.0,1
327151,4,2,1.0,29.0,18.0,47.0,17.0,11.75,0.0,4.0,0.0,0.0,0.3829787234042553,11.75,0.25,2
327154,1,1,5.0,386.0,71.0,457.0,204.0,91.4,0.0,5.0,0.0,0.0,0.15536105032822758,457.0,5.0,1
327155,2,2,301.0,12445.0,2082.0,14527.0,980.0,48.262458471760795,68.0,233.0,0.0,0.0,0.14331933640806774,7263.5,150.5,2
327156,2,1,2.0,48.0,31.0,79.0,44.0,39.5,0.0,2.0,0.0,0.0,0.3924050632911392,39.5,1.0,1
327157,7,2,1193.0,68114.0,51940.0,120054.0,2450.0,79.92942743009321,218.0,1149.0,129.0,6.0,0.43263864594265916,17150.571428571428,170.42857142857142,2
327160,1,1,9.0,153.0,54.0,207.0,96.0,23.0,0.0,9.0,0.0,0.0,0.2608695652173913,207.0,9.0,1
327161,1,1,5.0,30.0,10.0,40.0,20.0,8.0,0.0,5.0,0.0,0.0,0.25,40.0,5.0,1
327162,1,1,10.0,179.0,35.0,214.0,93.0,21.4,0.0,10.0,0.0,0.0,0.16355140186915887,214.0,10.0,1
327163,1,1,11.0,277.0,43.0,320.0,75.0,29.09090909090909,0.0,11.0,0.0,0.0,0.134375,320.0,11.0,1
327165,2,1,216.0,8852.0,1345.0,10197.0,796.0,46.77522935779817,22.0,196.0,0.0,0.0,0.13190153966852997,5098.5,108.0,1
327166,1,1,2.0,53.0,7.0,60.0,42.0,30.0,0.0,2.0,0.0,0.0,0.11666666666666667,60.0,2.0,1
327168,1,1,2.0,63.0,72.0,135.0,129.0,67.5,0.0,2.0,0.0,0.0,0.5333333333333333,135.0,2.0,1
327170,2,1,10.0,456.0,180.0,636.0,121.0,37.411764705882355,0.0,17.0,0.0,0.0,0.2830188679245283,318.0,5.0,1
327172,1,1,3.0,5.0,5.0,10.0,4.0,3.3333333333333335,0.0,3.0,0.0,0.0,0.5,10.0,3.0,1
327173,2,1,4.0,80.0,23.0,103.0,29.0,17.166666666666668,0.0,6.0,0.0,0.0,0.22330097087378642,51.5,2.0,1
327174,1,1,1.0,3.0,3.0,6.0,6.0,6.0,0.0,1.0,0.0,0.0,0.5,6.0,1.0,1
327175,2,1,2.0,72.0,17.0,89.0,58.0,29.666666666666668,0.0,3.0,0.0,0.0,0.19101123595505617,44.5,1.0,1
327180,3,1,155.0,5974.0,889.0,6863.0,511.0,42.364197530864196,16.0,146.0,0.0,0.0,0.1295351886929914,2287.6666666666665,51.666666666666664,1
327181,1,1,2.0,5.0,5.0,10.0,8.0,5.0,0.0,2.0,0.0,0.0,0.5,10.0,2.0,1
327182,1,1,1.0,1.0,1.0,2.0,2.0,2.0,0.0,1.0,0.0,0.0,0.5,2.0,1.0,1
327184,4,1,232.0,8649.0,1326.0,9975.0,511.0,40.714285714285715,15.0,230.0,0.0,0.0,0.13293233082706768,2493.75,58.0,1
327186,1,1,3.0,53.0,2.0,55.0,38.0,18.333333333333332,0.0,3.0,0.0,0.0,0.03636363636363636,55.0,3.0,1
327187,2,1,5.0,51.0,16.0,67.0,29.0,11.166666666666666,0.0,6.0,0.0,0.0,0.23880597014925373,33.5,2.5,1
327189,5,1,311.0,11296.0,2694.0,13990.0,980.0,43.58255451713396,63.0,256.0,2.0,0.0,0.19256611865618298,2798.0,62.2,1
327191,2,1,5.0,102.0,84.0,186.0,52.0,26.571428571428573,0.0,7.0,0.0,0.0,0.45161290322580644,93.0,2.5,1
327192,4,1,2.0,197.0,41.0,238.0,149.0,39.666666666666664,0.0,6.0,0.0,0.0,0.1722689075630252,59.5,0.5,1
327193,2,1,1.0,49.0,3.0,52.0,38.0,26.0,0.0,2.0,0.0,0.0,0.057692307692307696,26.0,0.5,1
327198,3,1,4.0,189.0,22.0,211.0,90.0,30.142857142857142,2.0,5.0,0.0,0.0,0.10426540284360189,70.33333333333333,1.3333333333333333,1
327199,2,1,7.0,232.0,172.0,404.0,75.0,33.666666666666664,0.0,12.0,0.0,0.0,0.42574257425742573,202.0,3.5,1
327200,2,1,8.0,291.0,143.0,434.0,66.0,28.933333333333334,0.0,15.0,0.0,0.0,0.3294930875576037,217.0,4.0,1
327201,5,1,15.0,469.0,163.0,632.0,89.0,28.727272727272727,2.0,20.0,0.0,0.0,0.2579113924050633,126.4,3.0,1
327206,1,1,2.0,71.0,6.0,77.0,70.0,38.5,0.0,2.0,0.0,0.0,0.07792207792207792,77.0,2.0,1
327208,3,1,305.0,17192.0,21011.0,38203.0,2700.0,125.25573770491803,44.0,193.0,67.0,1.0,0.5499829856294008,12734.333333333334,101.66666666666667,1
327209,2,1,9.0,178.0,33.0,211.0,49.0,19.181818181818183,0.0,11.0,0.0,0.0,0.15639810426540285,105.5,4.5,1
327210,2,1,5.0,39.0,22.0,61.0,24.0,10.166666666666666,0.0,6.0,0.0,0.0,0.36065573770491804,30.5,2.5,1
327211,1,1,1.0,2.0,1.0,3.0,3.0,3.0,0.0,1.0,0.0,0.0,0.3333333333333333,3.0,1.0,1
327213,1,1,1.0,2.0,1.0,3.0,3.0,3.0,0.0,1.0,0.0,0.0,0.3333333333333333,3.0,1.0,1
327215,3,1,237.0,10206.0,2182.0,12388.0,796.0,50.77049180327869,27.0,213.0,4.0,0.0,0.17613819825637714,4129.333333333333,79.0,1
327218,1,1,2.0,35.0,7.0,42.0,36.0,21.0,0.0,2.0,0.0,0.0,0.16666666666666666,42.0,2.0,1
327220,1,1,6.0,123.0,123.0,246.0,82.0,41.0,0.0,6.0,0.0,0.0,0.5,246.0,6.0,1
327223,1,1,7.0,7.0,7.0,14.0,2.0,2.0,0.0,7.0,0.0,0.0,0.5,14.0,7.0,1
327224,10,1,72.0,3462.0,387.0,3849.0,755.0,47.51851851851852,8.0,73.0,0.0,0.0,0.10054559625876851,384.9,7.2,1
327225,2,1,7.0,500.0,46.0,546.0,239.0,60.666666666666664,0.0,9.0,0.0,0.0,0.08424908424908426,273.0,3.5,1
327226,2,1,7.0,21.0,91.0,112.0,46.0,11.2,0.0,10.0,0.0,0.0,0.8125,56.0,3.5,1
327231,1,1,1.0,4.0,0.0,4.0,4.0,4.0,0.0,1.0,0.0,0.0,0.0,4.0,1.0,1
327233,1,1,5.0,283.0,12.0,295.0,138.0,59.0,0.0,5.0,0.0,0.0,0.04067796610169491,295.0,5.0,1
327235,1,1,1.0,0.0,1310.0,1310.0,1310.0,1310.0,0.0,1.0,0.0,0.0,1.0,1310.0,1.0,1
327236,1,1,1.0,3.0,3.0,6.0,6.0,6.0,0.0,1.0,0.0,0.0,0.5,6.0,1.0,1
327237,1,1,1.0,3.0,3.0,6.0,6.0,6.0,0.0,1.0,0.0,0.0,0.5,6.0,1.0,1
327241,3,1,278.0,12186.0,1740.0,13926.0,796.0,49.55871886120996,37.0,244.0,0.0,0.0,0.12494614390348988,4642.0,92.66666666666667,1
327244,2,1,2.0,31.0,3.0,34.0,25.0,11.333333333333334,0.0,3.0,0.0,0.0,0.08823529411764706,17.0,1.0,1
327245,2,1,4.0,22.0,1.0,23.0,9.0,3.8333333333333335,0.0,6.0,0.0,0.0,0.043478260869565216,11.5,2.0,1
327248,7,2,442.0,17466.0,3036.0,20502.0,905.0,42.53526970954357,67.0,409.0,4.0,2.0,0.14808311384255193,2928.8571428571427,63.142857142857146,2
327251,1,1,1.0,2.0,0.0,2.0,2.0,2.0,0.0,1.0,0.0,0.0,0.0,2.0,1.0,1
327254,1,1,5.0,123.0,19.0,142.0,57.0,28.4,0.0,5.0,0.0,0.0,0.13380281690140844,142.0,5.0,1
327255,1,1,1.0,1.0,5.0,6.0,6.0,6.0,0.0,1.0,0.0,0.0,0.8333333333333334,6.0,1.0,1
327258,1,1,3.0,7.0,0.0,7.0,3.0,2.3333333333333335,0.0,3.0,0.0,0.0,0.0,7.0,3.0,1
327265,1,1,4.0,187.0,24.0,211.0,97.0,52.75,0.0,4.0,0.0,0.0,0.11374407582938388,211.0,4.0,1
327266,2,1,1.0,2.0,2.0,4.0,4.0,4.0,0.0,1.0,0.0,0.0,0.5,2.0,0.5,1
327269,1,1,2.0,102.0,3.0,105.0,95.0,52.5,0.0,2.0,0.0,0.0,0.02857142857142857,105.0,2.0,1
327270,2,1,2.0,32.0,4.0,36.0,16.0,9.0,0.0,4.0,0.0,0.0,0.1111111111111111,18.0,1.0,1
327271,4,1,4.0,163.0,33.0,196.0,54.0,17.818181818181817,0.0,11.0,0.0,0.0,0.1683673469387755,49.0,1.0,1
327272,1,1,4.0,102.0,10.0,112.0,86.0,28.0,1.0,3.0,0.0,0.0,0.08928571428571429,112.0,4.0,1
327273,1,1,1.0,1.0,1.0,2.0,2.0,2.0,0.0,1.0,0.0,0.0,0.5,2.0,1.0,1
327275,5,1,305.0,11841.0,4558.0,16399.0,1645.0,53.416938110749186,42.0,258.0,7.0,0.0,0.2779437770595768,3279.8,61.0,1
327276,1,1,2.0,50.0,0.0,50.0,46.0,25.0,1.0,1.0,0.0,0.0,0.0,50.0,2.0,1
327280,1,1,3.0,17.0,4.0,21.0,15.0,7.0,0.0,3.0,0.0,0.0,0.19047619047619047,21.0,3.0,1
327289,2,2,302.0,14715.0,2692.0,17407.0,972.0,57.63907284768212,46.0,251.0,4.0,1.0,0.15465042798874015,8703.5,151.0,2
327290,14,1,359.0,17356.0,19228.0,36584.0,13437.0,81.66071428571429,83.0,348.0,14.0,3.0,0.5255849551716597,2613.1428571428573,25.642857142857142,1
327294,18,1,590.0,35641.0,7366.0,43007.0,4674.0,63.998511904761905,76.0,586.0,7.0,3.0,0.1712744436952124,2389.277777777778,32.77777777777778,1
327295,1,1,9.0,96.0,24.0,120.0,66.0,13.333333333333334,0.0,9.0,0.0,0.0,0.2,120.0,9.0,1
327296,3,1,23.0,454.0,78.0,532.0,90.0,22.166666666666668,1.0,22.0,0.0,1.0,0.14661654135338345,177.33333333333334,7.666666666666667,1
327297,1,1,2.0,34.0,18.0,52.0,49.0,26.0,0.0,2.0,0.0,0.0,0.34615384615384615,52.0,2.0,1
327298,1,1,6.0,46.0,25.0,71.0,42.0,11.833333333333334,0.0,6.0,0.0,0.0,0.352112676056338,71.0,6.0,1
327300,1,1,2.0,34.0,11.0,45.0,36.0,22.5,0.0,2.0,0.0,0.0,0.24444444444444444,45.0,2.0,1
327302,1,1,3.0,19.0,9.0,28.0,13.0,9.333333333333334,0.0,3.0,0.0,0.0,0.32142857142857145,28.0,3.0,1
327303,1,1,5.0,86.0,0.0,86.0,53.0,17.2,1.0,4.0,0.0,0.0,0.0,86.0,5.0,1
327305,1,1,6.0,111.0,111.0,222.0,72.0,37.0,0.0,6.0,0.0,0.0,0.5,222.0,6.0,1
327306,3,1,2.0,7.0,3.0,10.0,4.0,3.3333333333333335,0.0,3.0,0.0,0.0,0.3,3.3333333333333335,0.6666666666666666,1
327312,1,1,1.0,10.0,2.0,12.0,12.0,12.0,0.0,1.0,0.0,0.0,0.16666666666666666,12.0,1.0,1
327313,1,1,4.0,13.0,3.0,16.0,9.0,4.0,0.0,4.0,0.0,0.0,0.1875,16.0,4.0,1
327315,1,1,1.0,1.0,1.0,2.0,2.0,2.0,0.0,1.0,0.0,0.0,0.5,2.0,1.0,1
327316,2,1,44.0,1322.0,249.0,1571.0,208.0,34.15217391304348,2.0,43.0,0.0,1.0,0.158497772119669,785.5,22.0,1
327319,4,1,2.0,421.0,102.0,523.0,266.0,65.375,1.0,7.0,0.0,0.0,0.1950286806883365,130.75,0.5,1
327320,1,1,4.0,74.0,74.0,148.0,72.0,37.0,0.0,4.0,0.0,0.0,0.5,148.0,4.0,1
327321,4,1,87.0,3518.0,1211.0,4729.0,573.0,52.544444444444444,22.0,64.0,4.0,0.0,0.2560795094100233,1182.25,21.75,1
327325,3,1,1.0,12.0,3.0,15.0,12.0,7.5,0.0,2.0,0.0,0.0,0.2,5.0,0.3333333333333333,1
327328,3,2,191.0,8764.0,1620.0,10384.0,576.0,52.44444444444444,32.0,162.0,4.0,0.0,0.15600924499229585,3461.3333333333335,63.666666666666664,2
327330,3,1,201.0,7037.0,1803.0,8840.0,573.0,41.8957345971564,32.0,174.0,4.0,1.0,0.20395927601809954,2946.6666666666665,67.0,1
327331,6,1,105.0,4327.0,1282.0,5609.0,576.0,49.20175438596491,22.0,88.0,4.0,0.0,0.22856124086289892,934.8333333333334,17.5,1
327332,2,1,20.0,403.0,43.0,446.0,106.0,19.391304347826086,0.0,23.0,0.0,0.0,0.09641255605381166,223.0,10.0,1
327337,1,1,5.0,143.0,119.0,262.0,116.0,52.4,1.0,3.0,0.0,1.0,0.4541984732824427,262.0,5.0,1
327340,2,2,2.0,28.0,2.0,30.0,15.0,15.0,0.0,2.0,0.0,0.0,0.06666666666666667,15.0,1.0,2
327341,2,1,22.0,436.0,43.0,479.0,106.0,21.772727272727273,0.0,22.0,0.0,0.0,0.08977035490605428,239.5,11.0,1
327345,7,2,241.0,9795.0,1148.0,10943.0,905.0,42.08846153846154,23.0,236.0,0.0,1.0,0.10490724664168875,1563.2857142857142,34.42857142857143,2
327347,1,1,1.0,9.0,1.0,10.0,10.0,10.0,0.0,1.0,0.0,0.0,0.1,10.0,1.0,1
327350,3,2,3.0,21.0,12.0,33.0,11.0,6.6,0.0,5.0,0.0,0.0,0.36363636363636365,11.0,1.0,2
327351,1,1,1.0,5.0,0.0,5.0,5.0,5.0,0.0,1.0,0.0,0.0,0.0,5.0,1.0,1
327355,1,1,1.0,1.0,0.0,1.0,1.0,1.0,0.0,1.0,0.0,0.0,0.0,1.0,1.0,1
327356,2,2,4.0,8.0,7.0,15.0,7.0,3.75,0.0,4.0,0.0,0.0,0.4666666666666667,7.5,2.0,2
327361,2,1,10.0,135.0,93.0,228.0,55.0,13.411764705882353,0.0,17.0,0.0,0.0,0.40789473684210525,114.0,5.0,1
327366,1,1,10.0,81.0,17.0,98.0,40.0,9.8,0.0,10.0,0.0,0.0,0.17346938775510204,98.0,10.0,1
327367,26,3,22.0,892.0,387.0,1279.0,98.0,16.189873417721518,0.0,79.0,0.0,0.0,0.30258014073494915,49.19230769230769,0.8461538461538461,3
327369,2,1,2.0,65.0,4.0,69.0,51.0,23.0,1.0,2.0,0.0,0.0,0.057971014492753624,34.5,1.0,1
327372,2,1,7.0,76.0,46.0,122.0,31.0,11.090909090909092,0.0,11.0,0.0,0.0,0.3770491803278688,61.0,3.5,1
327374,7,1,14.0,1050.0,343.0,1393.0,120.0,38.69444444444444,5.0,31.0,0.0,0.0,0.24623115577889448,199.0,2.0,1
327375,4,2,303.0,12222.0,4740.0,16962.0,1389.0,55.07142857142857,36.0,254.0,14.0,4.0,0.2794481782808631,4240.5,75.75,2
327376,6,1,52.0,995.0,356.0,1351.0,208.0,22.147540983606557,3.0,57.0,0.0,1.0,0.26350851221317545,225.16666666666666,8.666666666666666,1
327378,2,1,1.0,11.0,3.0,14.0,9.0,7.0,0.0,2.0,0.0,0.0,0.21428571428571427,7.0,0.5,1
327379,1,1,1.0,35.0,25.0,60.0,60.0,60.0,0.0,1.0,0.0,0.0,0.4166666666666667,60.0,1.0,1
327381,2,1,2.0,120.0,9.0,129.0,51.0,32.25,0.0,4.0,0.0,0.0,0.06976744186046512,64.5,1.0,1
327383,6,1,301.0,16180.0,3637.0,19817.0,4674.0,62.712025316455694,25.0,289.0,2.0,0.0,0.1835292930312358,3302.8333333333335,50.166666666666664,1
327385,6,1,135.0,4389.0,697.0,5086.0,905.0,35.816901408450704,11.0,130.0,0.0,1.0,0.13704286276051908,847.6666666666666,22.5,1
327387,1,1,10.0,69.0,45.0,114.0,26.0,11.4,0.0,10.0,0.0,0.0,0.39473684210526316,114.0,10.0,1
327388,3,1,3.0,9.0,6.0,15.0,7.0,3.0,0.0,5.0,0.0,0.0,0.4,5.0,1.0,1
327389,1,1,10.0,79.0,10.0,89.0,32.0,8.9,0.0,10.0,0.0,0.0,0.11235955056179775,89.0,10.0,1
327391,2,2,304.0,14151.0,2455.0,16606.0,905.0,54.625,45.0,254.0,4.0,1.0,0.14783813079609778,8303.0,152.0,2
327393,3,1,9.0,516.0,89.0,605.0,263.0,37.8125,0.0,16.0,0.0,0.0,0.14710743801652892,201.66666666666666,3.0,1
327394,1,1,4.0,73.0,8.0,81.0,46.0,20.25,0.0,4.0,0.0,0.0,0.09876543209876543,81.0,4.0,1
327395,2,1,2.0,10.0,22.0,32.0,17.0,10.666666666666666,0.0,3.0,0.0,0.0,0.6875,16.0,1.0,1
327397,1,1,1.0,1.0,1.0,2.0,2.0,2.0,0.0,1.0,0.0,0.0,0.5,2.0,1.0,1
327398,5,2,398.0,21776.0,3993.0,25769.0,4674.0,63.470443349753694,35.0,369.0,2.0,0.0,0.15495362645038613,5153.8,79.6,2
327399,2,2,195.0,6632.0,837.0,7469.0,905.0,38.302564102564105,33.0,162.0,0.0,0.0,0.11206319453742135,3734.5,97.5,2
327400,2,2,195.0,6628.0,833.0,7461.0,905.0,38.261538461538464,33.0,162.0,0.0,0.0,0.11164723227449404,3730.5,97.5,2
327401,9,1,303.0,12884.0,2734.0,15618.0,905.0,48.959247648902824,38.0,276.0,4.0,1.0,0.17505442438212318,1735.3333333333333,33.666666666666664,1
327403,4,2,302.0,11929.0,3132.0,15061.0,818.0,49.54276315789474,32.0,270.0,2.0,0.0,0.20795431910231724,3765.25,75.5,2
327405,2,1,1.0,3.0,2.0,5.0,3.0,2.5,0.0,2.0,0.0,0.0,0.4,2.5,0.5,1
327406,1,1,1.0,2.0,1.0,3.0,3.0,3.0,0.0,1.0,0.0,0.0,0.3333333333333333,3.0,1.0,1
327407,1,1,1.0,1.0,1.0,2.0,2.0,2.0,0.0,1.0,0.0,0.0,0.5,2.0,1.0,1
327408,3,1,12.0,884.0,57.0,941.0,154.0,49.526315789473685,3.0,16.0,0.0,0.0,0.06057385759829968,313.6666666666667,4.0,1
327409,1,1,1.0,1.0,0.0,1.0,1.0,1.0,0.0,1.0,0.0,0.0,0.0,1.0,1.0,1
327410,2,1,27.0,77.0,171.0,248.0,181.0,8.857142857142858,0.0,28.0,0.0,0.0,0.6895161290322581,124.0,13.5,1
327412,3,1,244.0,9672.0,1153.0,10825.0,905.0,43.825910931174086,36.0,210.0,0.0,1.0,0.10651270207852194,3608.3333333333335,81.33333333333333,1
327414,2,1,2.0,202.0,37.0,239.0,152.0,59.75,0.0,4.0,0.0,0.0,0.15481171548117154,119.5,1.0,1
327416,26,2,945.0,60618.0,14110.0,74728.0,4674.0,55.767164179104476,142.0,1172.0,14.0,12.0,0.18881811369232415,2874.153846153846,36.34615384615385,2
327417,5,1,269.0,9330.0,1377.0,10707.0,905.0,37.70070422535211,41.0,243.0,0.0,0.0,0.1286074530680863,2141.4,53.8,1
327418,3,1,314.0,12108.0,4026.0,16134.0,1389.0,49.643076923076926,29.0,282.0,10.0,4.0,0.24953514317590184,5378.0,104.66666666666667,1
327419,1,1,6.0,56.0,6.0,62.0,25.0,10.333333333333334,0.0,6.0,0.0,0.0,0.0967741935483871,62.0,6.0,1
327420,1,1,7.0,352.0,16.0,368.0,143.0,52.57142857142857,0.0,7.0,0.0,0.0,0.043478260869565216,368.0,7.0,1
327421,2,1,15.0,208.0,134.0,342.0,78.0,20.11764705882353,0.0,17.0,0.0,0.0,0.391812865497076,171.0,7.5,1
327422,2,1,4.0,218.0,19.0,237.0,103.0,39.5,2.0,4.0,0.0,0.0,0.08016877637130802,118.5,2.0,1
327423,1,1,6.0,132.0,12.0,144.0,64.0,24.0,0.0,6.0,0.0,0.0,0.08333333333333333,144.0,6.0,1
327425,2,1,2.0,33.0,5.0,38.0,20.0,9.5,0.0,4.0,0.0,0.0,0.13157894736842105,19.0,1.0,1
327426,3,1,10.0,259.0,43.0,302.0,148.0,23.23076923076923,0.0,13.0,0.0,0.0,0.1423841059602649,100.66666666666667,3.3333333333333335,1
327427,4,1,302.0,12644.0,4292.0,16936.0,1389.0,54.80906148867314,31.0,263.0,10.0,5.0,0.2534246575342466,4234.0,75.5,1
327428,2,1,7.0,255.0,23.0,278.0,78.0,30.88888888888889,0.0,9.0,0.0,0.0,0.08273381294964029,139.0,3.5,1
327431,2,1,2.0,39.0,6.0,45.0,33.0,11.25,0.0,4.0,0.0,0.0,0.13333333333333333,22.5,1.0,1
327432,1,1,9.0,206.0,11.0,217.0,129.0,24.11111111111111,2.0,7.0,0.0,0.0,0.05069124423963134,217.0,9.0,1
327433,3,1,10.0,118.0,44.0,162.0,24.0,7.043478260869565,1.0,22.0,0.0,0.0,0.2716049382716049,54.0,3.3333333333333335,1
327445,5,1,36.0,720.0,76.0,796.0,129.0,20.41025641025641,4.0,35.0,0.0,0.0,0.09547738693467336,159.2,7.2,1
327448,2,1,2.0,39.0,0.0,39.0,32.0,19.5,0.0,2.0,0.0,0.0,0.0,19.5,1.0,1
327450,3,1,3.0,69.0,28.0,97.0,35.0,24.25,0.0,4.0,0.0,0.0,0.28865979381443296,32.333333333333336,1.0,1
327451,2,1,3.0,86.0,19.0,105.0,40.0,21.0,0.0,5.0,0.0,0.0,0.18095238095238095,52.5,1.5,1
327464,1,1,6.0,111.0,111.0,222.0,72.0,37.0,0.0,6.0,0.0,0.0,0.5,222.0,6.0,1
327465,2,1,21.0,1640.0,190.0,1830.0,420.0,63.10344827586207,7.0,22.0,0.0,0.0,0.10382513661202186,915.0,10.5,1
327475,2,1,11.0,562.0,332.0,894.0,115.0,40.63636363636363,0.0,22.0,0.0,0.0,0.3713646532438479,447.0,5.5,1
327481,2,1,2.0,24.0,2.0,26.0,20.0,8.666666666666666,0.0,3.0,0.0,0.0,0.07692307692307693,13.0,1.0,1
327482,2,1,2.0,283.0,26.0,309.0,113.0,103.0,0.0,3.0,0.0,0.0,0.08414239482200647,154.5,1.0,1
327483,3,1,300.0,12900.0,1895.0,14795.0,905.0,48.50819672131148,46.0,258.0,0.0,1.0,0.128083812098682,4931.666666666667,100.0,1
327485,2,1,3.0,262.0,6.0,268.0,155.0,53.6,1.0,4.0,0.0,0.0,0.022388059701492536,134.0,1.5,1
327486,3,1,8.0,342.0,21.0,363.0,195.0,36.3,0.0,10.0,0.0,0.0,0.05785123966942149,121.0,2.6666666666666665,1
327489,6,1,32.0,1742.0,1220.0,2962.0,1389.0,65.82222222222222,4.0,29.0,8.0,4.0,0.41188386225523294,493.6666666666667,5.333333333333333,1
327490,5,1,248.0,9778.0,3527.0,13305.0,1389.0,47.014134275618375,23.0,246.0,10.0,4.0,0.26508831266441185,2661.0,49.6,1
327491,1,1,3.0,53.0,8.0,61.0,46.0,20.333333333333332,0.0,3.0,0.0,0.0,0.13114754098360656,61.0,3.0,1
327494,3,2,4.0,455.0,41.0,496.0,322.0,70.85714285714286,0.0,7.0,0.0,0.0,0.08266129032258064,165.33333333333334,1.3333333333333333,2
327495,3,1,3.0,35.0,10.0,45.0,31.0,9.0,1.0,4.0,0.0,0.0,0.2222222222222222,15.0,1.0,1
327497,6,1,316.0,18446.0,19436.0,37882.0,2700.0,119.50157728706624,50.0,204.0,62.0,1.0,0.5130668919275645,6313.666666666667,52.666666666666664,1
327500,1,1,4.0,87.0,3.0,90.0,73.0,22.5,0.0,4.0,0.0,0.0,0.03333333333333333,90.0,4.0,1
327511,3,1,3.0,69.0,35.0,104.0,57.0,26.0,0.0,4.0,0.0,0.0,0.33653846153846156,34.666666666666664,1.0,1
327518,4,2,322.0,19313.0,3104.0,22417.0,4674.0,68.97538461538461,41.0,282.0,2.0,0.0,0.1384663425079181,5604.25,80.5,2
327541,1,1,2.0,248.0,6.0,254.0,209.0,127.0,1.0,1.0,0.0,0.0,0.023622047244094488,254.0,2.0,1
327542,2,1,6.0,350.0,122.0,472.0,88.0,42.90909090909091,1.0,10.0,0.0,0.0,0.2584745762711864,236.0,3.0,1
327544,11,2,857.0,38474.0,39249.0,77723.0,2700.0,81.72765509989485,101.0,750.0,99.0,1.0,0.5049856541821597,7065.727272727273,77.9090909090909,2
327545,1,1,1.0,1.0,1.0,2.0,2.0,2.0,0.0,1.0,0.0,0.0,0.5,2.0,1.0,1
327547,2,1,1.0,2.0,1.0,3.0,2.0,1.5,0.0,2.0,0.0,0.0,0.3333333333333333,1.5,0.5,1
327548,2,1,13.0,159.0,937.0,1096.0,346.0,68.5,0.0,14.0,2.0,0.0,0.8549270072992701,548.0,6.5,1
327549,2,1,15.0,638.0,146.0,784.0,198.0,43.55555555555556,0.0,18.0,0.0,0.0,0.18622448979591838,392.0,7.5,1
327550,3,1,5.0,61.0,33.0,94.0,19.0,10.444444444444445,0.0,9.0,0.0,0.0,0.35106382978723405,31.333333333333332,1.6666666666666667,1
327552,1,1,2.0,8.0,5.0,13.0,11.0,6.5,0.0,2.0,0.0,0.0,0.38461538461538464,13.0,2.0,1
327553,1,1,2.0,56.0,0.0,56.0,49.0,28.0,0.0,2.0,0.0,0.0,0.0,56.0,2.0,1
327555,1,1,4.0,79.0,13.0,92.0,46.0,23.0,0.0,4.0,0.0,0.0,0.14130434782608695,92.0,4.0,1
327557,3,1,34.0,1198.0,1092.0,2290.0,360.0,60.26315789473684,2.0,34.0,2.0,0.0,0.47685589519650656,763.3333333333334,11.333333333333334,1
327560,2,1,8.0,285.0,138.0,423.0,237.0,38.45454545454545,1.0,10.0,0.0,0.0,0.3262411347517731,211.5,4.0,1
327562,1,1,5.0,244.0,53.0,297.0,88.0,59.4,0.0,5.0,0.0,0.0,0.17845117845117844,297.0,5.0,1
327566,6,2,25.0,1283.0,151.0,1434.0,206.0,43.45454545454545,2.0,31.0,0.0,0.0,0.10529986052998605,239.0,4.166666666666667,2
327569,1,1,175.0,5372.0,2219.0,7591.0,1389.0,43.37714285714286,11.0,151.0,9.0,4.0,0.2923198524568568,7591.0,175.0,1
327571,2,1,4.0,55.0,32.0,87.0,30.0,14.5,1.0,5.0,0.0,0.0,0.367816091954023,43.5,2.0,1
327573,6,1,274.0,13407.0,3094.0,16501.0,4674.0,55.74662162162162,15.0,268.0,9.0,4.0,0.18750378764923337,2750.1666666666665,45.666666666666664,1
327575,2,1,3.0,36.0,6.0,42.0,21.0,10.5,0.0,4.0,0.0,0.0,0.14285714285714285,21.0,1.5,1
327576,2,1,11.0,860.0,491.0,1351.0,589.0,84.4375,1.0,15.0,0.0,0.0,0.3634344929681717,675.5,5.5,1
327583,4,3,302.0,13845.0,3939.0,17784.0,4674.0,58.5,14.0,290.0,0.0,0.0,0.22149122807017543,4446.0,75.5,3
327588,1,1,2.0,21.0,3.0,24.0,16.0,12.0,0.0,2.0,0.0,0.0,0.125,24.0,2.0,1
327590,4,2,2.0,66.0,6.0,72.0,41.0,18.0,1.0,3.0,0.0,0.0,0.08333333333333333,18.0,0.5,2
327593,1,1,1.0,1.0,1.0,2.0,2.0,2.0,0.0,1.0,0.0,0.0,0.5,2.0,1.0,1
327594,1,1,4.0,8.0,8.0,16.0,6.0,4.0,0.0,4.0,0.0,0.0,0.5,16.0,4.0,1
327596,1,1,7.0,48.0,0.0,48.0,24.0,6.857142857142857,1.0,6.0,0.0,0.0,0.0,48.0,7.0,1
327598,1,1,1.0,1.0,1.0,2.0,2.0,2.0,0.0,1.0,0.0,0.0,0.5,2.0,1.0,1
327609,1,1,2.0,6.0,6.0,12.0,8.0,6.0,0.0,2.0,0.0,0.0,0.5,12.0,2.0,1
327612,1,1,1.0,2.0,2.0,4.0,4.0,4.0,0.0,1.0,0.0,0.0,0.5,4.0,1.0,1
327614,1,1,2.0,6.0,6.0,12.0,8.0,6.0,0.0,2.0,0.0,0.0,0.5,12.0,2.0,1
327623,1,1,2.0,5.0,5.0,10.0,8.0,5.0,0.0,2.0,0.0,0.0,0.5,10.0,2.0,1
327624,2,1,4.0,141.0,30.0,171.0,79.0,28.5,0.0,6.0,0.0,0.0,0.17543859649122806,85.5,2.0,1
327628,3,2,2.0,62.0,31.0,93.0,48.0,23.25,0.0,4.0,0.0,0.0,0.3333333333333333,31.0,0.6666666666666666,2
327629,1,1,10.0,280.0,34.0,314.0,146.0,31.4,0.0,10.0,0.0,0.0,0.10828025477707007,314.0,10.0,1
327632,2,1,16.0,191.0,24.0,215.0,61.0,12.647058823529411,1.0,16.0,0.0,0.0,0.11162790697674418,107.5,8.0,1
327637,2,1,3.0,119.0,8.0,127.0,57.0,25.4,1.0,4.0,0.0,0.0,0.06299212598425197,63.5,1.5,1
327638,1,1,11.0,48.0,88.0,136.0,33.0,12.363636363636363,0.0,11.0,0.0,0.0,0.6470588235294118,136.0,11.0,1
327642,6,1,88.0,1386.0,1292.0,2678.0,139.0,24.345454545454544,3.0,107.0,0.0,0.0,0.48244958924570575,446.3333333333333,14.666666666666666,1
327647,1,1,1.0,5.0,1.0,6.0,6.0,6.0,0.0,1.0,0.0,0.0,0.16666666666666666,6.0,1.0,1
327651,1,1,1.0,14.0,7.0,21.0,21.0,21.0,0.0,1.0,0.0,0.0,0.3333333333333333,21.0,1.0,1
327652,1,1,5.0,67.0,7.0,74.0,23.0,14.8,0.0,5.0,0.0,0.0,0.0945945945945946,74.0,5.0,1
327654,1,1,10.0,280.0,34.0,314.0,146.0,31.4,0.0,10.0,0.0,0.0,0.10828025477707007,314.0,10.0,1
327657,1,1,1.0,14.0,7.0,21.0,21.0,21.0,0.0,1.0,0.0,0.0,0.3333333333333333,21.0,1.0,1
327658,1,1,1.0,1.0,1.0,2.0,2.0,2.0,0.0,1.0,0.0,0.0,0.5,2.0,1.0,1
327659,1,1,1.0,21.0,7.0,28.0,28.0,28.0,0.0,1.0,0.0,0.0,0.25,28.0,1.0,1
327662,2,1,4.0,95.0,32.0,127.0,31.0,21.166666666666668,1.0,5.0,0.0,0.0,0.25196850393700787,63.5,2.0,1
327664,1,1,3.0,14.0,16.0,30.0,16.0,10.0,0.0,3.0,0.0,0.0,0.5333333333333333,30.0,3.0,1
327666,6,2,415.0,24659.0,4846.0,29505.0,4674.0,64.84615384615384,39.0,415.0,1.0,0.0,0.1642433485849856,4917.5,69.16666666666667,2
327670,3,1,12.0,290.0,54.0,344.0,87.0,28.666666666666668,0.0,12.0,0.0,0.0,0.1569767441860465,114.66666666666667,4.0,1
327674,1,1,1.0,1.0,1.0,2.0,2.0,2.0,0.0,1.0,0.0,0.0,0.5,2.0,1.0,1
327675,2,1,5.0,146.0,40.0,186.0,48.0,26.571428571428573,0.0,7.0,0.0,0.0,0.21505376344086022,93.0,2.5,1
327677,3,2,2.0,59.0,13.0,72.0,40.0,14.4,1.0,4.0,0.0,0.0,0.18055555555555555,24.0,0.6666666666666666,2
327681,1,1,4.0,73.0,45.0,118.0,99.0,29.5,0.0,4.0,0.0,0.0,0.3813559322033898,118.0,4.0,1
327683,3,1,3.0,109.0,11.0,120.0,67.0,30.0,0.0,4.0,0.0,0.0,0.09166666666666666,40.0,1.0,1
327684,10,1,13.0,300.0,59.0,359.0,90.0,13.807692307692308,2.0,24.0,0.0,0.0,0.16434540389972144,35.9,1.3,1
327686,1,1,2.0,122.0,11.0,133.0,83.0,66.5,0.0,2.0,0.0,0.0,0.08270676691729323,133.0,2.0,1
327688,1,1,2.0,2.0,2.0,4.0,2.0,2.0,0.0,2.0,0.0,0.0,0.5,4.0,2.0,1
327689,4,1,302.0,22224.0,5707.0,27931.0,2700.0,91.27777777777777,66.0,231.0,8.0,1.0,0.2043249436110415,6982.75,75.5,1
327690,11,2,626.0,32237.0,7722.0,39959.0,1389.0,53.708333333333336,85.0,638.0,16.0,5.0,0.1932480792812633,3632.6363636363635,56.90909090909091,2
327691,3,1,34.0,890.0,200.0,1090.0,186.0,26.585365853658537,1.0,40.0,0.0,0.0,0.1834862385321101,363.3333333333333,11.333333333333334,1
327692,10,1,31.0,4572.0,178.0,4750.0,557.0,50.0,20.0,75.0,0.0,0.0,0.03747368421052632,475.0,3.1,1
327693,2,1,83.0,2358.0,893.0,3251.0,412.0,38.70238095238095,5.0,78.0,1.0,0.0,0.2746847123961858,1625.5,41.5,1
327694,2,2,17.0,313.0,308.0,621.0,82.0,34.5,2.0,15.0,1.0,0.0,0.49597423510466987,310.5,8.5,2
327696,1,1,3.0,3.0,2.0,5.0,2.0,1.6666666666666667,0.0,3.0,0.0,0.0,0.4,5.0,3.0,1
327697,2,2,5.0,146.0,27.0,173.0,72.0,24.714285714285715,0.0,7.0,0.0,0.0,0.15606936416184972,86.5,2.5,2
327698,2,1,14.0,291.0,70.0,361.0,110.0,18.05,0.0,20.0,0.0,0.0,0.19390581717451524,180.5,7.0,1
327700,1,1,3.0,3.0,2.0,5.0,2.0,1.6666666666666667,0.0,3.0,0.0,0.0,0.4,5.0,3.0,1
327702,2,1,22.0,395.0,97.0,492.0,99.0,22.363636363636363,2.0,20.0,0.0,0.0,0.19715447154471544,246.0,11.0,1
327703,3,2,17.0,249.0,75.0,324.0,62.0,18.0,1.0,17.0,0.0,0.0,0.23148148148148148,108.0,5.666666666666667,2
327704,3,3,9.0,48.0,275.0,323.0,80.0,35.888888888888886,0.0,8.0,1.0,0.0,0.8513931888544891,107.66666666666667,3.0,3
327705,2,1,3.0,224.0,109.0,333.0,139.0,66.6,0.0,5.0,0.0,0.0,0.32732732732732733,166.5,1.5,1
327708,1,1,4.0,35.0,17.0,52.0,25.0,13.0,0.0,4.0,0.0,0.0,0.3269230769230769,52.0,4.0,1
327710,1,1,5.0,485.0,260.0,745.0,494.0,149.0,3.0,2.0,0.0,0.0,0.348993288590604,745.0,5.0,1
327711,3,1,9.0,563.0,21.0,584.0,412.0,64.88888888888889,2.0,7.0,0.0,0.0,0.03595890410958904,194.66666666666666,3.0,1
327713,1,1,5.0,156.0,44.0,200.0,79.0,40.0,1.0,4.0,0.0,0.0,0.22,200.0,5.0,1
327714,5,1,377.0,17695.0,3509.0,21204.0,4674.0,53.54545454545455,60.0,321.0,15.0,0.0,0.16548764384078476,4240.8,75.4,1
327716,5,1,530.0,29119.0,5334.0,34453.0,4674.0,57.904201680672266,53.0,541.0,1.0,0.0,0.1548196093228456,6890.6,106.0,1
327717,5,1,331.0,17118.0,6078.0,23196.0,4674.0,64.79329608938548,26.0,318.0,10.0,4.0,0.2620279358510088,4639.2,66.2,1
327718,1,1,2.0,2.0,2.0,4.0,2.0,2.0,0.0,2.0,0.0,0.0,0.5,4.0,2.0,1
327719,1,1,4.0,360.0,18.0,378.0,241.0,94.5,0.0,4.0,0.0,0.0,0.047619047619047616,378.0,4.0,1
327720,2,1,1.0,4.0,4.0,8.0,6.0,4.0,0.0,2.0,0.0,0.0,0.5,4.0,0.5,1
327722,13,1,5.0,1344.0,540.0,1884.0,345.0,58.875,1.0,31.0,0.0,0.0,0.28662420382165604,144.92307692307693,0.38461538461538464,1
327724,3,1,98.0,3025.0,954.0,3979.0,412.0,40.19191919191919,5.0,93.0,1.0,0.0,0.23975873335008796,1326.3333333333333,32.666666666666664,1
327728,1,1,7.0,202.0,99.0,301.0,114.0,43.0,0.0,7.0,0.0,0.0,0.3289036544850498,301.0,7.0,1
327729,5,1,28.0,4966.0,309.0,5275.0,792.0,114.67391304347827,8.0,38.0,0.0,0.0,0.0585781990521327,1055.0,5.6,1
327731,1,1,2.0,2.0,2.0,4.0,2.0,2.0,0.0,2.0,0.0,0.0,0.5,4.0,2.0,1
327734,2,1,12.0,359.0,48.0,407.0,101.0,33.916666666666664,0.0,12.0,0.0,0.0,0.11793611793611794,203.5,6.0,1
327735,1,1,1.0,2.0,0.0,2.0,2.0,2.0,0.0,1.0,0.0,0.0,0.0,2.0,1.0,1
327736,1,1,1.0,2.0,2.0,4.0,4.0,4.0,0.0,1.0,0.0,0.0,0.5,4.0,1.0,1
327738,2,1,4.0,153.0,6.0,159.0,57.0,22.714285714285715,0.0,7.0,0.0,0.0,0.03773584905660377,79.5,2.0,1
327739,1,1,6.0,435.0,111.0,546.0,234.0,91.0,0.0,6.0,0.0,0.0,0.2032967032967033,546.0,6.0,1
327740,1,1,2.0,85.0,9.0,94.0,67.0,47.0,0.0,2.0,0.0,0.0,0.09574468085106383,94.0,2.0,1
327741,3,2,4.0,4722.0,2.0,4724.0,2746.0,590.5,3.0,5.0,0.0,0.0,0.0004233700254022015,1574.6666666666667,1.3333333333333333,2
327742,1,1,8.0,241.0,52.0,293.0,128.0,36.625,0.0,8.0,0.0,0.0,0.17747440273037543,293.0,8.0,1
327743,1,1,4.0,398.0,74.0,472.0,234.0,118.0,0.0,4.0,0.0,0.0,0.15677966101694915,472.0,4.0,1
327744,3,1,8.0,251.0,21.0,272.0,84.0,24.727272727272727,0.0,11.0,0.0,0.0,0.07720588235294118,90.66666666666667,2.6666666666666665,1
327748,1,1,2.0,85.0,9.0,94.0,67.0,47.0,0.0,2.0,0.0,0.0,0.09574468085106383,94.0,2.0,1
327749,3,1,4.0,71.0,14.0,85.0,24.0,17.0,0.0,5.0,0.0,0.0,0.16470588235294117,28.333333333333332,1.3333333333333333,1
327751,1,1,1.0,1.0,21.0,22.0,22.0,22.0,0.0,1.0,0.0,0.0,0.9545454545454546,22.0,1.0,1
327752,2,1,2.0,73.0,15.0,88.0,43.0,22.0,0.0,4.0,0.0,0.0,0.17045454545454544,44.0,1.0,1
327753,1,1,6.0,324.0,12.0,336.0,212.0,56.0,1.0,5.0,0.0,0.0,0.03571428571428571,336.0,6.0,1
327757,2,1,2.0,11.0,2.0,13.0,7.0,3.25,0.0,4.0,0.0,0.0,0.15384615384615385,6.5,1.0,1
327758,2,1,3.0,13.0,9.0,22.0,8.0,5.5,0.0,4.0,0.0,0.0,0.4090909090909091,11.0,1.5,1
327764,2,1,5.0,86.0,86.0,172.0,150.0,28.666666666666668,0.0,6.0,0.0,0.0,0.5,86.0,2.5,1
327765,20,1,1219.0,89302.0,29804.0,119106.0,13437.0,69.00695249130939,184.0,1513.0,18.0,11.0,0.25023088677312644,5955.3,60.95,1
327766,10,1,222.0,9922.0,3280.0,13202.0,1389.0,56.9051724137931,25.0,193.0,10.0,4.0,0.2484472049689441,1320.2,22.2,1
327769,2,1,12.0,901.0,94.0,995.0,239.0,58.529411764705884,2.0,15.0,0.0,0.0,0.09447236180904522,497.5,6.0,1
327770,1,1,2.0,3.0,3.0,6.0,4.0,3.0,0.0,2.0,0.0,0.0,0.5,6.0,2.0,1
327771,1,1,1.0,1.0,0.0,1.0,1.0,1.0,0.0,1.0,0.0,0.0,0.0,1.0,1.0,1
327773,1,1,2.0,2.0,2.0,4.0,2.0,2.0,0.0,2.0,0.0,0.0,0.5,4.0,2.0,1
327775,1,1,1.0,14.0,4.0,18.0,18.0,18.0,0.0,1.0,0.0,0.0,0.2222222222222222,18.0,1.0,1
327777,3,1,4.0,1545.0,1250.0,2795.0,1106.0,349.375,2.0,6.0,0.0,0.0,0.4472271914132379,931.6666666666666,1.3333333333333333,1
327779,2,1,1.0,8.0,1.0,9.0,7.0,4.5,0.0,2.0,0.0,0.0,0.1111111111111111,4.5,0.5,1
327781,3,2,6.0,43.0,19.0,62.0,20.0,7.75,0.0,8.0,0.0,0.0,0.3064516129032258,20.666666666666668,2.0,2
327782,1,1,1.0,19.0,1.0,20.0,20.0,20.0,0.0,1.0,0.0,0.0,0.05,20.0,1.0,1
327783,2,1,2.0,46.0,34.0,80.0,66.0,20.0,0.0,4.0,0.0,0.0,0.425,40.0,1.0,1
327785,1,1,1.0,19.0,1.0,20.0,20.0,20.0,0.0,1.0,0.0,0.0,0.05,20.0,1.0,1
327786,2,2,305.0,14022.0,2296.0,16318.0,1676.0,53.326797385620914,28.0,277.0,1.0,0.0,0.1407035175879397,8159.0,152.5,2
327789,2,1,4.0,48.0,1.0,49.0,40.0,12.25,0.0,4.0,0.0,0.0,0.02040816326530612,24.5,2.0,1
327791,2,1,4.0,48.0,1.0,49.0,40.0,12.25,0.0,4.0,0.0,0.0,0.02040816326530612,24.5,2.0,1
327792,1,1,2.0,17.0,4.0,21.0,15.0,10.5,0.0,2.0,0.0,0.0,0.19047619047619047,21.0,2.0,1
327793,1,1,2.0,5.0,5.0,10.0,8.0,5.0,0.0,2.0,0.0,0.0,0.5,10.0,2.0,1
327795,1,1,1.0,10.0,2.0,12.0,12.0,12.0,0.0,1.0,0.0,0.0,0.16666666666666666,12.0,1.0,1
327796,4,1,5.0,223.0,78.0,301.0,137.0,37.625,0.0,8.0,0.0,0.0,0.2591362126245847,75.25,1.25,1
327797,36,1,328.0,22086.0,6033.0,28119.0,4674.0,69.94776119402985,30.0,358.0,10.0,4.0,0.21455243785340872,781.0833333333334,9.11111111111111,1
327803,2,1,2.0,103.0,27.0,130.0,51.0,32.5,0.0,4.0,0.0,0.0,0.2076923076923077,65.0,1.0,1
327807,1,1,1.0,1.0,1.0,2.0,2.0,2.0,0.0,1.0,0.0,0.0,0.5,2.0,1.0,1
327809,4,1,12.0,671.0,100.0,771.0,224.0,45.35294117647059,0.0,17.0,0.0,0.0,0.1297016861219196,192.75,3.0,1
327810,1,1,3.0,38.0,1.0,39.0,32.0,13.0,0.0,3.0,0.0,0.0,0.02564102564102564,39.0,3.0,1
327811,1,1,3.0,102.0,15.0,117.0,56.0,39.0,0.0,3.0,0.0,0.0,0.1282051282051282,117.0,3.0,1
327812,1,1,9.0,186.0,19.0,205.0,51.0,22.77777777777778,0.0,9.0,0.0,0.0,0.09268292682926829,205.0,9.0,1
327814,1,1,1.0,3.0,1.0,4.0,4.0,4.0,0.0,1.0,0.0,0.0,0.25,4.0,1.0,1
327816,2,1,7.0,27.0,23.0,50.0,17.0,6.25,0.0,8.0,0.0,0.0,0.46,25.0,3.5,1
327817,2,1,4.0,77.0,39.0,116.0,36.0,23.2,1.0,4.0,0.0,0.0,0.33620689655172414,58.0,2.0,1
327819,3,1,23.0,2094.0,150.0,2244.0,452.0,74.8,1.0,29.0,0.0,0.0,0.06684491978609626,748.0,7.666666666666667,1
327821,1,1,3.0,2718.0,0.0,2718.0,1650.0,906.0,3.0,0.0,0.0,0.0,0.0,2718.0,3.0,1
327822,1,1,5.0,12.0,11.0,23.0,8.0,4.6,0.0,5.0,0.0,0.0,0.4782608695652174,23.0,5.0,1
327825,7,2,313.0,17288.0,1930.0,19218.0,1304.0,57.711711711711715,41.0,291.0,1.0,0.0,0.10042668331772296,2745.4285714285716,44.714285714285715,2
327826,7,2,328.0,17137.0,1887.0,19024.0,1304.0,56.45103857566765,40.0,282.0,1.0,14.0,0.09919049621530698,2717.714285714286,46.857142857142854,2
327827,9,2,451.0,19789.0,3302.0,23091.0,1676.0,47.906639004149376,71.0,386.0,11.0,14.0,0.14299943701009052,2565.6666666666665,50.111111111111114,2
327828,10,2,338.0,17607.0,1994.0,19601.0,1304.0,50.5180412371134,42.0,331.0,1.0,14.0,0.10172950359675527,1960.1,33.8,2
327832,4,1,2.0,142.0,12.0,154.0,59.0,51.333333333333336,0.0,3.0,0.0,0.0,0.07792207792207792,38.5,0.5,1
327833,2,1,4.0,102.0,10.0,112.0,54.0,28.0,0.0,4.0,0.0,0.0,0.08928571428571429,56.0,2.0,1
327836,1,1,2.0,51.0,1.0,52.0,44.0,26.0,0.0,2.0,0.0,0.0,0.019230769230769232,52.0,2.0,1
327841,4,2,2.0,8.0,16.0,24.0,16.0,6.0,0.0,4.0,0.0,0.0,0.6666666666666666,6.0,0.5,2
327843,5,1,19.0,944.0,273.0,1217.0,192.0,28.302325581395348,2.0,41.0,0.0,0.0,0.22432210353327856,243.4,3.8,1
327844,3,1,15.0,442.0,202.0,644.0,90.0,25.76,0.0,25.0,0.0,0.0,0.3136645962732919,214.66666666666666,5.0,1
327851,1,1,1.0,6.0,1.0,7.0,7.0,7.0,0.0,1.0,0.0,0.0,0.14285714285714285,7.0,1.0,1
327852,16,2,614.0,31450.0,5492.0,36942.0,1676.0,49.58657718120806,102.0,618.0,11.0,14.0,0.14866547561041632,2308.875,38.375,2
327853,8,2,113.0,7844.0,747.0,8591.0,892.0,60.07692307692308,21.0,122.0,0.0,0.0,0.08695146083110232,1073.875,14.125,2
327854,7,3,184.0,11742.0,1094.0,12836.0,1304.0,66.16494845360825,28.0,165.0,1.0,0.0,0.08522904331567467,1833.7142857142858,26.285714285714285,3
327855,3,2,4.0,191.0,17.0,208.0,114.0,41.6,1.0,4.0,0.0,0.0,0.08173076923076923,69.33333333333333,1.3333333333333333,2
327856,4,2,2.0,142.0,46.0,188.0,137.0,47.0,1.0,3.0,0.0,0.0,0.24468085106382978,47.0,0.5,2
327857,1,1,4.0,103.0,6.0,109.0,38.0,27.25,0.0,4.0,0.0,0.0,0.05504587155963303,109.0,4.0,1
327859,1,1,7.0,44.0,431.0,475.0,202.0,67.85714285714286,0.0,7.0,0.0,0.0,0.9073684210526316,475.0,7.0,1
327860,4,1,26.0,670.0,85.0,755.0,123.0,26.964285714285715,1.0,27.0,0.0,0.0,0.11258278145695365,188.75,6.5,1
327866,2,1,7.0,275.0,47.0,322.0,90.0,35.77777777777778,1.0,8.0,0.0,0.0,0.14596273291925466,161.0,3.5,1
327868,1,1,15.0,546.0,11.0,557.0,451.0,37.13333333333333,1.0,13.0,0.0,1.0,0.019748653500897665,557.0,15.0,1
327869,6,2,71.0,4979.0,623.0,5602.0,861.0,74.69333333333333,14.0,61.0,0.0,0.0,0.11121028204212781,933.6666666666666,11.833333333333334,2
327870,1,1,2.0,228.0,5.0,233.0,168.0,116.5,0.0,2.0,0.0,0.0,0.02145922746781116,233.0,2.0,1
327871,1,1,7.0,459.0,6.0,465.0,180.0,66.42857142857143,2.0,5.0,0.0,0.0,0.012903225806451613,465.0,7.0,1
327873,3,1,310.0,16126.0,3720.0,19846.0,4674.0,63.60897435897436,39.0,269.0,4.0,0.0,0.18744331351405824,6615.333333333333,103.33333333333333,1
327874,1,1,4.0,40.0,101.0,141.0,46.0,35.25,0.0,4.0,0.0,0.0,0.7163120567375887,141.0,4.0,1
327875,2,1,7.0,87.0,23.0,110.0,48.0,13.75,0.0,8.0,0.0,0.0,0.20909090909090908,55.0,3.5,1
327876,1,1,5.0,14.0,10.0,24.0,8.0,4.8,0.0,5.0,0.0,0.0,0.4166666666666667,24.0,5.0,1
327877,2,1,15.0,405.0,83.0,488.0,75.0,32.53333333333333,1.0,14.0,0.0,0.0,0.17008196721311475,244.0,7.5,1
327878,1,1,3.0,101.0,32.0,133.0,70.0,44.333333333333336,0.0,3.0,0.0,0.0,0.24060150375939848,133.0,3.0,1
327881,3,2,312.0,15652.0,2737.0,18389.0,1676.0,58.75079872204473,32.0,268.0,1.0,12.0,0.14883897982489533,6129.666666666667,104.0,2
327882,2,1,1.0,9.0,1.0,10.0,10.0,10.0,0.0,1.0,0.0,0.0,0.1,5.0,0.5,1
327883,1,1,2.0,27.0,4.0,31.0,23.0,15.5,0.0,2.0,0.0,0.0,0.12903225806451613,31.0,2.0,1
327884,6,1,306.0,14124.0,3054.0,17178.0,4674.0,55.05769230769231,31.0,277.0,4.0,0.0,0.17778553964373034,2863.0,51.0,1
327885,3,2,522.0,54398.0,24442.0,78840.0,2700.0,131.18136439267886,209.0,299.0,92.0,1.0,0.3100202942668696,26280.0,174.0,2
327888,2,1,9.0,28.0,15.0,43.0,12.0,4.777777777777778,0.0,9.0,0.0,0.0,0.3488372093023256,21.5,4.5,1
327889,3,1,244.0,15850.0,1335.0,17185.0,1304.0,68.74,40.0,195.0,1.0,14.0,0.07768402676752982,5728.333333333333,81.33333333333333,1
327890,3,2,1.0,8.0,3.0,11.0,5.0,3.6666666666666665,0.0,3.0,0.0,0.0,0.2727272727272727,3.6666666666666665,0.3333333333333333,2
327892,1,1,8.0,119.0,95.0,214.0,72.0,26.75,0.0,8.0,0.0,0.0,0.4439252336448598,214.0,8.0,1
327894,1,1,3.0,96.0,7.0,103.0,51.0,34.333333333333336,0.0,3.0,0.0,0.0,0.06796116504854369,103.0,3.0,1
327895,2,1,3.0,16.0,60.0,76.0,39.0,19.0,0.0,3.0,1.0,0.0,0.7894736842105263,38.0,1.5,1
327899,22,2,321.0,15576.0,17776.0,33352.0,13437.0,85.51794871794871,35.0,348.0,7.0,0.0,0.5329815303430079,1516.0,14.590909090909092,2
327903,9,3,444.0,13858.0,3463.0,17321.0,1676.0,37.2494623655914,56.0,384.0,11.0,14.0,0.19993071993533862,1924.5555555555557,49.333333333333336,3
327905,1,1,2.0,4.0,2.0,6.0,4.0,3.0,0.0,2.0,0.0,0.0,0.3333333333333333,6.0,2.0,1
327907,1,1,3.0,24.0,4.0,28.0,17.0,9.333333333333334,0.0,3.0,0.0,0.0,0.14285714285714285,28.0,3.0,1
327909,4,2,320.0,20354.0,2509.0,22863.0,1304.0,70.56481481481481,49.0,273.0,2.0,0.0,0.10974062896382802,5715.75,80.0,2
327912,1,1,1.0,1.0,3.0,4.0,4.0,4.0,0.0,1.0,0.0,0.0,0.75,4.0,1.0,1
327913,2,1,6.0,112.0,31.0,143.0,73.0,17.875,0.0,8.0,0.0,0.0,0.21678321678321677,71.5,3.0,1
327914,1,1,10.0,508.0,24.0,532.0,123.0,53.2,4.0,6.0,0.0,0.0,0.045112781954887216,532.0,10.0,1
327915,2,1,3.0,45.0,7.0,52.0,37.0,10.4,0.0,5.0,0.0,0.0,0.1346153846153846,26.0,1.5,1
327916,2,1,1.0,14.0,13.0,27.0,21.0,13.5,0.0,2.0,0.0,0.0,0.48148148148148145,13.5,0.5,1
327917,1,1,1.0,4.0,1.0,5.0,5.0,5.0,0.0,1.0,0.0,0.0,0.2,5.0,1.0,1
327918,2,1,1.0,15.0,7.0,22.0,12.0,11.0,0.0,2.0,0.0,0.0,0.3181818181818182,11.0,0.5,1
327919,4,2,7.0,183.0,8.0,191.0,73.0,21.22222222222222,0.0,9.0,0.0,0.0,0.041884816753926704,47.75,1.75,2
327920,1,1,2.0,5.0,5.0,10.0,8.0,5.0,0.0,2.0,0.0,0.0,0.5,10.0,2.0,1
327922,2,1,3.0,380.0,19.0,399.0,216.0,99.75,0.0,4.0,0.0,0.0,0.047619047619047616,199.5,1.5,1
327923,7,1,339.0,16918.0,1891.0,18809.0,1304.0,50.29144385026738,40.0,319.0,1.0,14.0,0.10053697697910574,2687.0,48.42857142857143,1
327924,1,1,2.0,45.0,12.0,57.0,47.0,28.5,0.0,2.0,0.0,0.0,0.21052631578947367,57.0,2.0,1
327925,2,1,42.0,2928.0,293.0,3221.0,899.0,74.90697674418605,9.0,34.0,0.0,0.0,0.09096553865259237,1610.5,21.0,1
327926,3,2,231.0,8231.0,1814.0,10045.0,1676.0,43.11158798283262,15.0,204.0,0.0,14.0,0.1805873568939771,3348.3333333333335,77.0,2
327928,1,1,10.0,325.0,43.0,368.0,99.0,36.8,1.0,9.0,0.0,0.0,0.11684782608695653,368.0,10.0,1
327930,1,1,1.0,1.0,1.0,2.0,2.0,2.0,0.0,1.0,0.0,0.0,0.5,2.0,1.0,1
327931,1,1,4.0,265.0,32.0,297.0,113.0,74.25,0.0,4.0,0.0,0.0,0.10774410774410774,297.0,4.0,1
327932,1,1,1.0,1.0,1.0,2.0,2.0,2.0,0.0,1.0,0.0,0.0,0.5,2.0,1.0,1
327933,1,1,3.0,257.0,11.0,268.0,190.0,89.33333333333333,0.0,3.0,0.0,0.0,0.041044776119402986,268.0,3.0,1
327934,6,1,189.0,6795.0,1682.0,8477.0,1676.0,41.55392156862745,14.0,176.0,0.0,14.0,0.19841925209390116,1412.8333333333333,31.5,1
327936,5,1,552.0,26134.0,5648.0,31782.0,4674.0,52.101639344262296,65.0,521.0,10.0,14.0,0.1777106538292115,6356.4,110.4,1
327938,5,2,138.0,3576.0,1444.0,5020.0,1676.0,34.861111111111114,4.0,126.0,0.0,14.0,0.28764940239043824,1004.0,27.6,2
327939,1,1,3.0,32.0,0.0,32.0,25.0,10.666666666666666,0.0,3.0,0.0,0.0,0.0,32.0,3.0,1
327942,1,1,1.0,1.0,1.0,2.0,2.0,2.0,0.0,1.0,0.0,0.0,0.5,2.0,1.0,1
327946,2,1,9.0,214.0,22.0,236.0,54.0,26.22222222222222,0.0,9.0,0.0,0.0,0.09322033898305085,118.0,4.5,1
327947,7,1,18.0,572.0,190.0,762.0,75.0,19.53846153846154,1.0,38.0,0.0,0.0,0.24934383202099739,108.85714285714286,2.5714285714285716,1
327948,3,1,4.0,125.0,16.0,141.0,43.0,17.625,0.0,8.0,0.0,0.0,0.11347517730496454,47.0,1.3333333333333333,1
327950,6,1,375.0,15285.0,3289.0,18574.0,1676.0,43.2960372960373,59.0,346.0,10.0,14.0,0.17707548185635835,3095.6666666666665,62.5,1
327951,2,1,5.0,198.0,27.0,225.0,105.0,37.5,3.0,3.0,0.0,0.0,0.12,112.5,2.5,1
327952,1,1,1.0,1270.0,0.0,1270.0,1270.0,1270.0,1.0,0.0,0.0,0.0,0.0,1270.0,1.0,1
327953,3,1,2.0,220.0,39.0,259.0,145.0,64.75,1.0,3.0,0.0,0.0,0.15057915057915058,86.33333333333333,0.6666666666666666,1
327955,13,1,452.0,23490.0,3847.0,27337.0,1304.0,52.36973180076628,52.0,455.0,1.0,14.0,0.14072502469180964,2102.846153846154,34.76923076923077,1
327956,1,1,5.0,4.0,54.0,58.0,32.0,11.6,0.0,5.0,0.0,0.0,0.9310344827586207,58.0,5.0,1
327960,7,1,8.0,276.0,178.0,454.0,103.0,22.7,1.0,19.0,0.0,0.0,0.3920704845814978,64.85714285714286,1.1428571428571428,1
327963,8,1,13.0,935.0,717.0,1652.0,290.0,66.08,4.0,17.0,4.0,0.0,0.4340193704600484,206.5,1.625,1
327967,1,1,1.0,2.0,2.0,4.0,4.0,4.0,0.0,1.0,0.0,0.0,0.5,4.0,1.0,1
327971,2,1,583.0,18206.0,36822.0,55028.0,2450.0,91.71333333333334,51.0,429.0,117.0,3.0,0.6691502507814203,27514.0,291.5,1
327972,4,1,6.0,186.0,57.0,243.0,104.0,27.0,0.0,9.0,0.0,0.0,0.2345679012345679,60.75,1.5,1
327975,1,1,2.0,181.0,13.0,194.0,107.0,97.0,0.0,2.0,0.0,0.0,0.06701030927835051,194.0,2.0,1
327980,1,1,6.0,70.0,6.0,76.0,32.0,12.666666666666666,0.0,6.0,0.0,0.0,0.07894736842105263,76.0,6.0,1
327981,2,1,6.0,204.0,57.0,261.0,68.0,26.1,0.0,10.0,0.0,0.0,0.21839080459770116,130.5,3.0,1
327982,3,1,12.0,295.0,209.0,504.0,286.0,38.76923076923077,0.0,13.0,0.0,0.0,0.4146825396825397,168.0,4.0,1
327983,2,1,301.0,19574.0,3877.0,23451.0,1278.0,77.91029900332227,48.0,251.0,2.0,0.0,0.16532344036501642,11725.5,150.5,1
327984,1,1,3.0,20.0,11.0,31.0,22.0,10.333333333333334,0.0,3.0,0.0,0.0,0.3548387096774194,31.0,3.0,1
327985,2,1,12.0,509.0,42.0,551.0,124.0,39.357142857142854,0.0,14.0,0.0,0.0,0.07622504537205081,275.5,6.0,1
327989,4,1,4.0,871.0,31.0,902.0,308.0,100.22222222222223,0.0,9.0,0.0,0.0,0.03436807095343681,225.5,1.0,1
327991,3,3,317.0,17608.0,3134.0,20742.0,818.0,64.61682242990655,42.0,279.0,0.0,0.0,0.15109439784013112,6914.0,105.66666666666667,3
327992,2,2,5.0,399.0,75.0,474.0,234.0,94.8,0.0,5.0,0.0,0.0,0.15822784810126583,237.0,2.5,2
327998,1,1,1.0,2.0,0.0,2.0,2.0,2.0,0.0,1.0,0.0,0.0,0.0,2.0,1.0,1
328005,16,1,557.0,38458.0,8165.0,46623.0,1676.0,73.65402843601896,101.0,529.0,2.0,1.0,0.17512815563134077,2913.9375,34.8125,1
328010,5,1,507.0,27972.0,5497.0,33469.0,1676.0,58.20695652173913,61.0,497.0,6.0,11.0,0.16424153694463534,6693.8,101.4,1
328011,2,1,19.0,456.0,222.0,678.0,136.0,27.12,3.0,22.0,0.0,0.0,0.3274336283185841,339.0,9.5,1
328012,3,1,24.0,1424.0,401.0,1825.0,214.0,58.87096774193548,0.0,31.0,0.0,0.0,0.21972602739726027,608.3333333333334,8.0,1
328013,1,1,2.0,12.0,4.0,16.0,9.0,8.0,0.0,2.0,0.0,0.0,0.25,16.0,2.0,1
328014,2,1,10.0,366.0,39.0,405.0,143.0,36.81818181818182,0.0,11.0,0.0,0.0,0.0962962962962963,202.5,5.0,1
328015,2,1,1.0,107.0,51.0,158.0,122.0,79.0,0.0,2.0,0.0,0.0,0.3227848101265823,79.0,0.5,1
328016,1,1,4.0,22.0,8.0,30.0,13.0,7.5,0.0,4.0,0.0,0.0,0.26666666666666666,30.0,4.0,1
328017,1,1,2.0,20.0,4.0,24.0,22.0,12.0,0.0,2.0,0.0,0.0,0.16666666666666666,24.0,2.0,1
328018,2,2,1.0,14.0,6.0,20.0,10.0,10.0,0.0,2.0,0.0,0.0,0.3,10.0,0.5,2
328022,5,1,265.0,24368.0,5215.0,29583.0,496.0,55.607142857142854,56.0,476.0,0.0,0.0,0.17628367643579082,5916.6,53.0,1
328023,2,1,3.0,9.0,0.0,9.0,4.0,3.0,0.0,3.0,0.0,0.0,0.0,4.5,1.5,1
328024,1,1,1.0,29.0,0.0,29.0,29.0,29.0,0.0,1.0,0.0,0.0,0.0,29.0,1.0,1
328025,1,1,3.0,25.0,16.0,41.0,24.0,13.666666666666666,0.0,3.0,0.0,0.0,0.3902439024390244,41.0,3.0,1
328027,3,1,23.0,1796.0,157.0,1953.0,365.0,57.44117647058823,6.0,28.0,0.0,0.0,0.08038914490527393,651.0,7.666666666666667,1
328028,1,1,3.0,24.0,10.0,34.0,16.0,11.333333333333334,0.0,3.0,0.0,0.0,0.29411764705882354,34.0,3.0,1
328029,2,1,1.0,2.0,1.0,3.0,2.0,1.5,0.0,2.0,0.0,0.0,0.3333333333333333,1.5,0.5,1
328031,2,1,6.0,128.0,76.0,204.0,55.0,22.666666666666668,0.0,9.0,0.0,0.0,0.37254901960784315,102.0,3.0,1
328036,2,1,7.0,168.0,33.0,201.0,59.0,22.333333333333332,0.0,9.0,0.0,0.0,0.16417910447761194,100.5,3.5,1
328043,3,1,2.0,56.0,35.0,91.0,49.0,22.75,0.0,4.0,0.0,0.0,0.38461538461538464,30.333333333333332,0.6666666666666666,1
328044,6,2,119.0,6183.0,985.0,7168.0,490.0,58.75409836065574,21.0,101.0,0.0,0.0,0.13741629464285715,1194.6666666666667,19.833333333333332,2
328045,7,2,148.0,6774.0,1384.0,8158.0,490.0,54.38666666666666,20.0,130.0,0.0,0.0,0.16964942387840157,1165.4285714285713,21.142857142857142,2
328046,4,2,2.0,26.0,9.0,35.0,13.0,8.75,0.0,4.0,0.0,0.0,0.2571428571428571,8.75,0.5,2
328047,3,2,1.0,29.0,11.0,40.0,28.0,20.0,0.0,2.0,0.0,0.0,0.275,13.333333333333334,0.3333333333333333,2
328048,3,2,125.0,7295.0,991.0,8286.0,490.0,63.25190839694657,23.0,108.0,0.0,0.0,0.11959932416123582,2762.0,41.666666666666664,2
328050,4,2,1.0,22.0,22.0,44.0,33.0,14.666666666666666,0.0,3.0,0.0,0.0,0.5,11.0,0.25,2
328051,2,1,6.0,83.0,1.0,84.0,26.0,14.0,1.0,5.0,0.0,0.0,0.011904761904761904,42.0,3.0,1
328056,3,2,2.0,19.0,4.0,23.0,18.0,7.666666666666667,0.0,3.0,0.0,0.0,0.17391304347826086,7.666666666666667,0.6666666666666666,2
328058,9,1,19.0,579.0,403.0,982.0,144.0,28.88235294117647,0.0,34.0,0.0,0.0,0.4103869653767821,109.11111111111111,2.111111111111111,1
328060,1,1,1.0,2.0,1.0,3.0,3.0,3.0,0.0,1.0,0.0,0.0,0.3333333333333333,3.0,1.0,1
328063,1,1,2.0,25.0,3.0,28.0,21.0,14.0,0.0,2.0,0.0,0.0,0.10714285714285714,28.0,2.0,1
328065,2,1,7.0,211.0,80.0,291.0,114.0,29.1,2.0,8.0,0.0,0.0,0.27491408934707906,145.5,3.5,1
328068,2,1,1.0,1.0,1.0,2.0,2.0,2.0,0.0,1.0,0.0,0.0,0.5,1.0,0.5,1
328069,4,1,303.0,19498.0,2629.0,22127.0,4674.0,71.8409090909091,28.0,280.0,0.0,0.0,0.11881411849776291,5531.75,75.75,1
328070,5,1,332.0,16346.0,2358.0,18704.0,1304.0,53.287749287749286,34.0,316.0,1.0,0.0,0.12606928999144568,3740.8,66.4,1
328071,1,1,5.0,58.0,29.0,87.0,39.0,17.4,0.0,5.0,0.0,0.0,0.3333333333333333,87.0,5.0,1
328073,2,1,63.0,3051.0,599.0,3650.0,447.0,57.93650793650794,7.0,56.0,0.0,0.0,0.16410958904109588,1825.0,31.5,1
328074,2,1,6.0,112.0,63.0,175.0,42.0,19.444444444444443,0.0,9.0,0.0,0.0,0.36,87.5,3.0,1
328077,3,1,112.0,5296.0,1105.0,6401.0,490.0,54.24576271186441,18.0,100.0,0.0,0.0,0.17262927667551944,2133.6666666666665,37.333333333333336,1
328078,3,1,4.0,143.0,93.0,236.0,160.0,29.5,1.0,7.0,0.0,0.0,0.3940677966101695,78.66666666666667,1.3333333333333333,1
328080,2,1,1.0,4.0,0.0,4.0,4.0,4.0,0.0,1.0,0.0,0.0,0.0,2.0,0.5,1
328081,4,2,47.0,1596.0,281.0,1877.0,305.0,39.104166666666664,2.0,46.0,0.0,0.0,0.14970697922216303,469.25,11.75,2
328082,1,1,18.0,830.0,145.0,975.0,255.0,54.166666666666664,2.0,16.0,0.0,0.0,0.14871794871794872,975.0,18.0,1
328086,5,1,147.0,5635.0,1276.0,6911.0,447.0,44.30128205128205,11.0,145.0,0.0,0.0,0.18463319345970192,1382.2,29.4,1
328087,1,1,4.0,346.0,101.0,447.0,305.0,111.75,1.0,3.0,0.0,0.0,0.22595078299776286,447.0,4.0,1
328088,2,1,220.0,10279.0,2080.0,12359.0,490.0,54.20614035087719,25.0,203.0,0.0,0.0,0.16829840601990453,6179.5,110.0,1
328090,1,1,2.0,26.0,2.0,28.0,23.0,14.0,0.0,2.0,0.0,0.0,0.07142857142857142,28.0,2.0,1
328093,1,1,2.0,27.0,13.0,40.0,37.0,20.0,0.0,2.0,0.0,0.0,0.325,40.0,2.0,1
328094,9,1,58.0,895.0,487.0,1382.0,207.0,17.948051948051948,1.0,76.0,0.0,0.0,0.35238784370477566,153.55555555555554,6.444444444444445,1
328095,4,1,285.0,14351.0,2829.0,17180.0,819.0,59.241379310344826,34.0,256.0,0.0,0.0,0.16466821885913854,4295.0,71.25,1
328096,2,1,11.0,228.0,24.0,252.0,109.0,14.0,2.0,16.0,0.0,0.0,0.09523809523809523,126.0,5.5,1
328097,3,1,26.0,3443.0,83.0,3526.0,403.0,97.94444444444444,16.0,20.0,0.0,0.0,0.023539421440726037,1175.3333333333333,8.666666666666666,1
328101,3,1,4.0,19.0,5.0,24.0,19.0,6.0,0.0,4.0,0.0,0.0,0.20833333333333334,8.0,1.3333333333333333,1
328105,4,1,173.0,8679.0,1278.0,9957.0,818.0,54.11413043478261,28.0,156.0,0.0,0.0,0.12835191322687556,2489.25,43.25,1
328106,4,1,36.0,745.0,185.0,930.0,114.0,25.135135135135137,2.0,35.0,0.0,0.0,0.1989247311827957,232.5,9.0,1
328111,5,1,5.0,437.0,192.0,629.0,297.0,48.38461538461539,0.0,13.0,0.0,0.0,0.3052464228934817,125.8,1.0,1
328115,1,1,1.0,16.0,3.0,19.0,19.0,19.0,0.0,1.0,0.0,0.0,0.15789473684210525,19.0,1.0,1
328117,1,1,10.0,35.0,32.0,67.0,18.0,6.7,0.0,10.0,0.0,0.0,0.47761194029850745,67.0,10.0,1
328124,2,1,1.0,16.0,20.0,36.0,30.0,18.0,0.0,2.0,0.0,0.0,0.5555555555555556,18.0,0.5,1
328125,2,1,1.0,29.0,14.0,43.0,28.0,21.5,0.0,2.0,0.0,0.0,0.32558139534883723,21.5,0.5,1
328127,4,1,16.0,175.0,82.0,257.0,82.0,12.238095238095237,2.0,19.0,0.0,0.0,0.31906614785992216,64.25,4.0,1
328129,3,1,26.0,588.0,158.0,746.0,114.0,26.642857142857142,2.0,26.0,0.0,0.0,0.21179624664879357,248.66666666666666,8.666666666666666,1
328130,4,1,309.0,17284.0,3181.0,20465.0,818.0,63.55590062111801,40.0,282.0,0.0,0.0,0.15543611043244565,5116.25,77.25,1
328132,1,1,3.0,3.0,15.0,18.0,8.0,6.0,0.0,3.0,0.0,0.0,0.8333333333333334,18.0,3.0,1
328133,12,1,9.0,678.0,192.0,870.0,151.0,23.513513513513512,0.0,37.0,0.0,0.0,0.2206896551724138,72.5,0.75,1
328134,5,1,491.0,31259.0,4075.0,35334.0,1676.0,64.95220588235294,77.0,458.0,1.0,8.0,0.11532801267900605,7066.8,98.2,1
328136,2,1,12.0,69.0,28.0,97.0,10.0,5.705882352941177,0.0,17.0,0.0,0.0,0.28865979381443296,48.5,6.0,1
328137,7,2,427.0,26628.0,4746.0,31374.0,1278.0,66.18987341772151,81.0,390.0,2.0,1.0,0.15127175368139223,4482.0,61.0,2
328138,4,1,4.0,69.0,25.0,94.0,31.0,7.833333333333333,0.0,12.0,0.0,0.0,0.26595744680851063,23.5,1.0,1
328140,7,3,44.0,1878.0,466.0,2344.0,228.0,37.20634920634921,3.0,60.0,0.0,0.0,0.19880546075085323,334.85714285714283,6.285714285714286,3
328141,1,1,1.0,1.0,1.0,2.0,2.0,2.0,0.0,1.0,0.0,0.0,0.5,2.0,1.0,1
328142,2,1,1.0,1.0,1.0,2.0,2.0,2.0,0.0,1.0,0.0,0.0,0.5,1.0,0.5,1
328146,10,1,285.0,15006.0,3761.0,18767.0,970.0,57.92283950617284,44.0,277.0,2.0,1.0,0.2004049661640113,1876.7,28.5,1
328147,2,1,20.0,792.0,88.0,880.0,355.0,44.0,1.0,19.0,0.0,0.0,0.1,440.0,10.0,1
328148,1,1,1.0,1.0,1.0,2.0,2.0,2.0,0.0,1.0,0.0,0.0,0.5,2.0,1.0,1
328150,2,1,7.0,53.0,12.0,65.0,26.0,7.222222222222222,0.0,9.0,0.0,0.0,0.18461538461538463,32.5,3.5,1
328151,5,1,140.0,6243.0,1778.0,8021.0,932.0,51.748387096774195,13.0,142.0,0.0,0.0,0.22166812118189752,1604.2,28.0,1
328152,9,2,555.0,53541.0,10015.0,63556.0,1618.0,99.61755485893417,83.0,541.0,12.0,2.0,0.15757756938762665,7061.777777777777,61.666666666666664,2
328155,3,1,305.0,16564.0,2937.0,19501.0,818.0,63.314935064935064,47.0,261.0,0.0,0.0,0.15060766114558227,6500.333333333333,101.66666666666667,1
328157,1,1,2.0,129.0,1.0,130.0,110.0,65.0,0.0,2.0,0.0,0.0,0.007692307692307693,130.0,2.0,1
328158,9,1,47.0,28209.0,1660.0,29869.0,1412.0,314.41052631578947,42.0,51.0,2.0,0.0,0.05557601526666443,3318.777777777778,5.222222222222222,1
328161,4,1,53.0,3486.0,855.0,4341.0,970.0,80.38888888888889,5.0,49.0,0.0,0.0,0.19695922598479612,1085.25,13.25,1
328162,1,1,1.0,1.0,1.0,2.0,2.0,2.0,0.0,1.0,0.0,0.0,0.5,2.0,1.0,1
328163,4,1,50.0,2413.0,693.0,3106.0,970.0,56.472727272727276,3.0,52.0,0.0,0.0,0.22311654861558275,776.5,12.5,1
328164,3,2,74.0,2030.0,650.0,2680.0,204.0,33.924050632911396,4.0,75.0,0.0,0.0,0.24253731343283583,893.3333333333334,24.666666666666668,2
328169,1,1,1.0,9.0,28.0,37.0,37.0,37.0,0.0,1.0,0.0,0.0,0.7567567567567568,37.0,1.0,1
328172,3,1,3.0,111.0,99.0,210.0,106.0,52.5,0.0,4.0,0.0,0.0,0.4714285714285714,70.0,1.0,1
328176,1,1,1.0,51.0,7.0,58.0,58.0,58.0,0.0,1.0,0.0,0.0,0.1206896551724138,58.0,1.0,1
328179,2,1,301.0,21493.0,5969.0,27462.0,2700.0,91.2358803986711,66.0,221.0,13.0,1.0,0.21735489039399897,13731.0,150.5,1
328182,5,1,4.0,87.0,44.0,131.0,39.0,18.714285714285715,0.0,7.0,0.0,0.0,0.33587786259541985,26.2,0.8,1
328183,2,1,3.0,139.0,7.0,146.0,74.0,36.5,2.0,2.0,0.0,0.0,0.04794520547945205,73.0,1.5,1
328184,2,1,2.0,82.0,13.0,95.0,33.0,31.666666666666668,0.0,3.0,0.0,0.0,0.1368421052631579,47.5,1.0,1
328185,2,1,2.0,255.0,15.0,270.0,132.0,67.5,1.0,3.0,0.0,0.0,0.05555555555555555,135.0,1.0,1
328186,2,1,5.0,252.0,59.0,311.0,111.0,62.2,1.0,4.0,0.0,0.0,0.18971061093247588,155.5,2.5,1
328187,2,1,3.0,59.0,11.0,70.0,23.0,14.0,0.0,5.0,0.0,0.0,0.15714285714285714,35.0,1.5,1
328198,8,3,10.0,647.0,169.0,816.0,151.0,42.94736842105263,0.0,19.0,0.0,0.0,0.20710784313725492,102.0,1.25,3
328201,1,1,3.0,153.0,31.0,184.0,103.0,61.333333333333336,0.0,3.0,0.0,0.0,0.16847826086956522,184.0,3.0,1
328202,2,1,7.0,259.0,6.0,265.0,166.0,33.125,2.0,6.0,0.0,0.0,0.022641509433962263,132.5,3.5,1
328203,1,1,7.0,253.0,18.0,271.0,191.0,38.714285714285715,1.0,6.0,0.0,0.0,0.06642066420664207,271.0,7.0,1
328205,4,2,4.0,382.0,163.0,545.0,233.0,68.125,0.0,8.0,0.0,0.0,0.29908256880733947,136.25,1.0,2
328207,5,1,11.0,577.0,118.0,695.0,98.0,26.73076923076923,3.0,23.0,0.0,0.0,0.1697841726618705,139.0,2.2,1
328208,3,2,313.0,18822.0,3254.0,22076.0,818.0,70.08253968253969,61.0,251.0,2.0,1.0,0.14739989128465303,7358.666666666667,104.33333333333333,2
328210,3,1,12.0,847.0,115.0,962.0,340.0,53.44444444444444,1.0,17.0,0.0,0.0,0.11954261954261955,320.6666666666667,4.0,1
328211,1,1,6.0,189.0,2.0,191.0,90.0,31.833333333333332,1.0,5.0,0.0,0.0,0.010471204188481676,191.0,6.0,1
328213,4,3,10.0,124.0,56.0,180.0,35.0,15.0,0.0,12.0,0.0,0.0,0.3111111111111111,45.0,2.5,3
328214,2,1,2.0,21.0,19.0,40.0,29.0,13.333333333333334,0.0,3.0,0.0,0.0,0.475,20.0,1.0,1
328215,1,1,2.0,43.0,20.0,63.0,35.0,31.5,0.0,2.0,0.0,0.0,0.31746031746031744,63.0,2.0,1
328216,5,1,2.0,102.0,38.0,140.0,83.0,23.333333333333332,1.0,5.0,0.0,0.0,0.2714285714285714,28.0,0.4,1
328217,8,2,147.0,11578.0,2005.0,13583.0,2318.0,77.61714285714285,15.0,159.0,0.0,1.0,0.1476109843186336,1697.875,18.375,2
328218,1,1,1.0,1.0,0.0,1.0,1.0,1.0,0.0,1.0,0.0,0.0,0.0,1.0,1.0,1
328219,6,1,83.0,3031.0,417.0,3448.0,284.0,34.48,19.0,81.0,0.0,0.0,0.12093967517401392,574.6666666666666,13.833333333333334,1
328220,3,1,76.0,4667.0,828.0,5495.0,970.0,68.6875,10.0,70.0,0.0,0.0,0.15068243858052774,1831.6666666666667,25.333333333333332,1
328225,6,2,638.0,43793.0,7689.0,51482.0,2527.0,68.64266666666667,113.0,634.0,2.0,1.0,0.14935317198244047,8580.333333333334,106.33333333333333,2
328232,3,1,74.0,4586.0,1044.0,5630.0,970.0,67.83132530120481,7.0,76.0,0.0,0.0,0.18543516873889876,1876.6666666666667,24.666666666666668,1
328233,1,1,1.0,1.0,0.0,1.0,1.0,1.0,0.0,1.0,0.0,0.0,0.0,1.0,1.0,1
328237,8,2,651.0,30339.0,36578.0,66917.0,2450.0,90.18463611859838,61.0,563.0,115.0,3.0,0.5466174514697312,8364.625,81.375,2
328238,2,1,2.0,14.0,11.0,25.0,15.0,8.333333333333334,0.0,3.0,0.0,0.0,0.44,12.5,1.0,1
328245,2,1,4.0,34.0,7.0,41.0,17.0,10.25,0.0,4.0,0.0,0.0,0.17073170731707318,20.5,2.0,1
328248,2,1,2.0,73.0,6.0,79.0,67.0,39.5,1.0,1.0,0.0,0.0,0.0759493670886076,39.5,1.0,1
328257,1,1,4.0,3.0,46.0,49.0,27.0,12.25,0.0,4.0,0.0,0.0,0.9387755102040817,49.0,4.0,1
328258,2,1,9.0,130.0,44.0,174.0,45.0,12.428571428571429,1.0,13.0,0.0,0.0,0.25287356321839083,87.0,4.5,1
328259,3,2,310.0,14977.0,3333.0,18310.0,825.0,58.87459807073955,66.0,242.0,2.0,1.0,0.18203167667941017,6103.333333333333,103.33333333333333,2
328260,1,1,2.0,0.0,43.0,43.0,27.0,21.5,0.0,2.0,0.0,0.0,1.0,43.0,2.0,1
328261,2,1,2.0,60.0,3.0,63.0,45.0,31.5,0.0,2.0,0.0,0.0,0.047619047619047616,31.5,1.0,1
328262,6,2,536.0,52721.0,9646.0,62367.0,1412.0,102.74629324546952,107.0,487.0,11.0,2.0,0.15466512739108823,10394.5,89.33333333333333,2
328263,1,1,1.0,4.0,3.0,7.0,7.0,7.0,0.0,1.0,0.0,0.0,0.42857142857142855,7.0,1.0,1
328264,2,1,2.0,70.0,28.0,98.0,46.0,24.5,0.0,4.0,0.0,0.0,0.2857142857142857,49.0,1.0,1
328267,5,1,11.0,808.0,418.0,1226.0,238.0,55.72727272727273,3.0,18.0,1.0,0.0,0.34094616639477976,245.2,2.2,1
328268,4,1,285.0,14863.0,3038.0,17901.0,568.0,60.68135593220339,58.0,234.0,2.0,1.0,0.16971118931903245,4475.25,71.25,1
328269,2,1,16.0,304.0,103.0,407.0,64.0,14.535714285714286,1.0,27.0,0.0,0.0,0.25307125307125306,203.5,8.0,1
328273,2,1,5.0,172.0,42.0,214.0,70.0,21.4,1.0,9.0,0.0,0.0,0.19626168224299065,107.0,2.5,1
328274,1,1,11.0,730.0,404.0,1134.0,301.0,103.0909090909091,3.0,7.0,0.0,1.0,0.3562610229276896,1134.0,11.0,1
328275,5,2,331.0,16476.0,3606.0,20082.0,1076.0,59.414201183431956,52.0,283.0,2.0,1.0,0.17956378846728413,4016.4,66.2,2
328276,2,1,2.0,73.0,54.0,127.0,62.0,42.333333333333336,0.0,3.0,0.0,0.0,0.4251968503937008,63.5,1.0,1
328288,5,1,60.0,1943.0,203.0,2146.0,300.0,34.61290322580645,16.0,46.0,0.0,0.0,0.0945945945945946,429.2,12.0,1
328290,3,1,151.0,7540.0,1703.0,9243.0,568.0,59.25,31.0,123.0,1.0,1.0,0.18424753867791843,3081.0,50.333333333333336,1
328293,8,3,603.0,35675.0,8234.0,43909.0,1278.0,60.231824417009605,99.0,624.0,4.0,2.0,0.18752419777266618,5488.625,75.375,3
328297,2,1,3.0,18.0,17.0,35.0,15.0,7.0,0.0,5.0,0.0,0.0,0.4857142857142857,17.5,1.5,1
328301,3,1,273.0,13677.0,2605.0,16282.0,568.0,59.20727272727273,56.0,216.0,2.0,1.0,0.1599926298980469,5427.333333333333,91.0,1
328303,2,1,262.0,13827.0,3520.0,17347.0,1202.0,64.48698884758365,41.0,227.0,0.0,1.0,0.20291693088142043,8673.5,131.0,1
328304,2,1,3.0,242.0,17.0,259.0,130.0,64.75,2.0,2.0,0.0,0.0,0.06563706563706563,129.5,1.5,1
328308,1,1,5.0,84.0,48.0,132.0,72.0,26.4,0.0,5.0,0.0,0.0,0.36363636363636365,132.0,5.0,1
328310,1,1,2.0,12.0,0.0,12.0,8.0,6.0,0.0,2.0,0.0,0.0,0.0,12.0,2.0,1
328311,1,1,1.0,9.0,3.0,12.0,12.0,12.0,0.0,1.0,0.0,0.0,0.25,12.0,1.0,1
328312,2,1,4.0,75.0,25.0,100.0,63.0,25.0,0.0,4.0,0.0,0.0,0.25,50.0,2.0,1
328313,6,1,235.0,13085.0,2367.0,15452.0,1278.0,63.58847736625514,38.0,204.0,0.0,1.0,0.15318405384416256,2575.3333333333335,39.166666666666664,1
328314,2,1,17.0,177.0,87.0,264.0,50.0,15.529411764705882,2.0,15.0,0.0,0.0,0.32954545454545453,132.0,8.5,1
328315,1,1,1.0,6.0,6.0,12.0,12.0,12.0,0.0,1.0,0.0,0.0,0.5,12.0,1.0,1
328316,3,1,261.0,13392.0,2254.0,15646.0,1063.0,58.81954887218045,50.0,214.0,2.0,0.0,0.14406238016106354,5215.333333333333,87.0,1
328317,3,2,228.0,10765.0,2313.0,13078.0,568.0,57.109170305676855,47.0,179.0,2.0,1.0,0.1768619054901361,4359.333333333333,76.0,2
328318,2,2,301.0,15396.0,13537.0,28933.0,1591.0,96.12292358803987,54.0,203.0,43.0,1.0,0.46787405384854663,14466.5,150.5,2
328320,5,2,304.0,19699.0,3749.0,23448.0,1780.0,76.12987012987013,41.0,261.0,4.0,2.0,0.15988570453770046,4689.6,60.8,2
328325,1,1,2.0,4.0,1.0,5.0,4.0,2.5,0.0,2.0,0.0,0.0,0.2,5.0,2.0,1
328326,2,1,7.0,147.0,74.0,221.0,62.0,27.625,0.0,8.0,0.0,0.0,0.334841628959276,110.5,3.5,1
328329,1,1,2.0,43.0,11.0,54.0,31.0,27.0,0.0,2.0,0.0,0.0,0.2037037037037037,54.0,2.0,1
328332,2,1,5.0,195.0,97.0,292.0,78.0,36.5,0.0,8.0,0.0,0.0,0.3321917808219178,146.0,2.5,1
328334,5,2,81.0,3860.0,949.0,4809.0,489.0,55.275862068965516,18.0,67.0,2.0,0.0,0.19733832397587855,961.8,16.2,2
328337,4,1,256.0,15649.0,2170.0,17819.0,3181.0,67.75285171102662,38.0,225.0,0.0,0.0,0.12178012234132106,4454.75,64.0,1
328341,2,1,6.0,1277.0,503.0,1780.0,746.0,197.77777777777777,0.0,9.0,0.0,0.0,0.28258426966292133,890.0,3.0,1
328342,2,1,2.0,45.0,20.0,65.0,24.0,21.666666666666668,0.0,3.0,0.0,0.0,0.3076923076923077,32.5,1.0,1
328343,2,1,2.0,55.0,11.0,66.0,28.0,22.0,0.0,3.0,0.0,0.0,0.16666666666666666,33.0,1.0,1
328347,1,1,4.0,29.0,5.0,34.0,22.0,8.5,0.0,4.0,0.0,0.0,0.14705882352941177,34.0,4.0,1
328349,1,1,2.0,54.0,14.0,68.0,35.0,34.0,0.0,2.0,0.0,0.0,0.20588235294117646,68.0,2.0,1
328351,2,1,3.0,430.0,64.0,494.0,202.0,82.33333333333333,1.0,5.0,0.0,0.0,0.12955465587044535,247.0,1.5,1
328361,1,1,2.0,12.0,11.0,23.0,21.0,11.5,0.0,2.0,0.0,0.0,0.4782608695652174,23.0,2.0,1
328363,2,1,2.0,88.0,1.0,89.0,81.0,44.5,1.0,1.0,0.0,0.0,0.011235955056179775,44.5,1.0,1
328367,1,1,1.0,3.0,0.0,3.0,3.0,3.0,0.0,1.0,0.0,0.0,0.0,3.0,1.0,1
328368,2,1,2.0,19.0,12.0,31.0,19.0,10.333333333333334,0.0,3.0,0.0,0.0,0.3870967741935484,15.5,1.0,1
328369,1,1,2.0,154.0,9.0,163.0,98.0,81.5,0.0,2.0,0.0,0.0,0.05521472392638037,163.0,2.0,1
328375,2,1,7.0,315.0,37.0,352.0,110.0,39.111111111111114,0.0,9.0,0.0,0.0,0.10511363636363637,176.0,3.5,1
328378,2,1,5.0,186.0,33.0,219.0,66.0,36.5,0.0,6.0,0.0,0.0,0.1506849315068493,109.5,2.5,1
328383,1,1,1.0,1.0,1.0,2.0,2.0,2.0,0.0,1.0,0.0,0.0,0.5,2.0,1.0,1
328387,1,1,28.0,1484.0,9.0,1493.0,292.0,53.32142857142857,8.0,20.0,0.0,0.0,0.006028131279303416,1493.0,28.0,1
328388,1,1,2.0,181.0,14.0,195.0,125.0,97.5,0.0,2.0,0.0,0.0,0.07179487179487179,195.0,2.0,1
328389,2,1,314.0,16941.0,3494.0,20435.0,1278.0,64.87301587301587,57.0,255.0,2.0,1.0,0.170981159774896,10217.5,157.0,1
328391,1,1,3.0,55.0,3.0,58.0,35.0,19.333333333333332,0.0,3.0,0.0,0.0,0.05172413793103448,58.0,3.0,1
328392,1,1,4.0,84.0,84.0,168.0,80.0,42.0,0.0,4.0,0.0,0.0,0.5,168.0,4.0,1
328402,3,1,8.0,504.0,59.0,563.0,188.0,56.3,0.0,10.0,0.0,0.0,0.10479573712255773,187.66666666666666,2.6666666666666665,1
328403,1,1,19.0,247.0,12.0,259.0,73.0,13.631578947368421,0.0,19.0,0.0,0.0,0.04633204633204633,259.0,19.0,1
328404,1,1,5.0,16.0,17.0,33.0,11.0,6.6,0.0,5.0,0.0,0.0,0.5151515151515151,33.0,5.0,1
328406,1,1,3.0,100.0,1.0,101.0,59.0,33.666666666666664,0.0,3.0,0.0,0.0,0.009900990099009901,101.0,3.0,1
328408,1,1,9.0,179.0,22.0,201.0,81.0,22.333333333333332,0.0,9.0,0.0,0.0,0.10945273631840796,201.0,9.0,1
328412,1,1,1.0,22.0,0.0,22.0,22.0,22.0,0.0,1.0,0.0,0.0,0.0,22.0,1.0,1
328413,3,1,27.0,629.0,59.0,688.0,110.0,25.48148148148148,0.0,27.0,0.0,0.0,0.08575581395348837,229.33333333333334,9.0,1
328415,1,1,8.0,103.0,63.0,166.0,45.0,20.75,2.0,6.0,0.0,0.0,0.3795180722891566,166.0,8.0,1
328416,2,1,12.0,236.0,73.0,309.0,51.0,18.176470588235293,0.0,17.0,0.0,0.0,0.23624595469255663,154.5,6.0,1
328420,3,2,14.0,165.0,39.0,204.0,65.0,12.75,1.0,15.0,0.0,0.0,0.19117647058823528,68.0,4.666666666666667,2
328423,4,1,11.0,198.0,20.0,218.0,67.0,19.818181818181817,1.0,10.0,0.0,0.0,0.09174311926605505,54.5,2.75,1
328425,2,1,8.0,319.0,36.0,355.0,193.0,39.44444444444444,0.0,9.0,0.0,0.0,0.10140845070422536,177.5,4.0,1
328428,6,2,154.0,9886.0,1146.0,11032.0,3181.0,68.52173913043478,15.0,146.0,0.0,0.0,0.10387962291515591,1838.6666666666667,25.666666666666668,2
328429,2,1,2.0,17.0,2.0,19.0,13.0,9.5,0.0,2.0,0.0,0.0,0.10526315789473684,9.5,1.0,1
328431,2,1,64.0,5419.0,472.0,5891.0,2527.0,92.046875,1.0,63.0,0.0,0.0,0.08012222033610593,2945.5,32.0,1
328436,4,1,82.0,7496.0,692.0,8188.0,2527.0,98.65060240963855,11.0,72.0,0.0,0.0,0.08451392281387396,2047.0,20.5,1
328441,2,1,3.0,164.0,33.0,197.0,99.0,49.25,0.0,4.0,0.0,0.0,0.16751269035532995,98.5,1.5,1
328450,1,1,1.0,1.0,0.0,1.0,1.0,1.0,0.0,1.0,0.0,0.0,0.0,1.0,1.0,1
328451,3,1,4.0,159.0,40.0,199.0,63.0,24.875,2.0,6.0,0.0,0.0,0.20100502512562815,66.33333333333333,1.3333333333333333,1
328454,2,1,4.0,55.0,0.0,55.0,28.0,11.0,2.0,3.0,0.0,0.0,0.0,27.5,2.0,1
328455,10,1,41.0,2802.0,914.0,3716.0,527.0,48.89473684210526,6.0,70.0,0.0,0.0,0.24596340150699678,371.6,4.1,1
328456,1,1,1.0,6.0,4.0,10.0,10.0,10.0,0.0,1.0,0.0,0.0,0.4,10.0,1.0,1
328458,7,1,587.0,21104.0,27951.0,49055.0,2700.0,79.12096774193549,62.0,449.0,107.0,2.0,0.5697890123330955,7007.857142857143,83.85714285714286,1
328460,3,1,20.0,680.0,38.0,718.0,219.0,28.72,2.0,23.0,0.0,0.0,0.052924791086350974,239.33333333333334,6.666666666666667,1
328461,4,1,189.0,9176.0,1761.0,10937.0,863.0,53.35121951219512,26.0,177.0,2.0,0.0,0.16101307488342323,2734.25,47.25,1
328462,4,2,10.0,314.0,108.0,422.0,98.0,28.133333333333333,3.0,12.0,0.0,0.0,0.2559241706161137,105.5,2.5,2
328463,5,1,3.0,135.0,60.0,195.0,109.0,32.5,0.0,6.0,0.0,0.0,0.3076923076923077,39.0,0.6,1
328465,3,1,5.0,570.0,184.0,754.0,355.0,94.25,1.0,7.0,0.0,0.0,0.2440318302387268,251.33333333333334,1.6666666666666667,1
328466,4,1,452.0,20154.0,3858.0,24012.0,3181.0,50.98089171974522,46.0,423.0,1.0,1.0,0.1606696651674163,6003.0,113.0,1
328467,1,1,2.0,24.0,0.0,24.0,23.0,12.0,0.0,2.0,0.0,0.0,0.0,24.0,2.0,1
328468,2,2,2.0,16.0,16.0,32.0,8.0,8.0,0.0,4.0,0.0,0.0,0.5,16.0,1.0,2
328469,5,1,113.0,3893.0,617.0,4510.0,468.0,38.87931034482759,7.0,109.0,0.0,0.0,0.1368070953436807,902.0,22.6,1
328470,3,1,9.0,495.0,72.0,567.0,148.0,29.842105263157894,0.0,19.0,0.0,0.0,0.12698412698412698,189.0,3.0,1
328471,23,1,177.0,9868.0,2124.0,11992.0,735.0,57.377990430622006,18.0,190.0,1.0,0.0,0.1771180787191461,521.3913043478261,7.695652173913044,1
328472,1,1,1.0,2.0,2.0,4.0,4.0,4.0,0.0,1.0,0.0,0.0,0.5,4.0,1.0,1
328474,3,1,6.0,241.0,70.0,311.0,91.0,25.916666666666668,0.0,12.0,0.0,0.0,0.22508038585209003,103.66666666666667,2.0,1
328477,2,1,7.0,129.0,33.0,162.0,64.0,20.25,0.0,8.0,0.0,0.0,0.2037037037037037,81.0,3.5,1
328480,2,1,2.0,12.0,9.0,21.0,10.0,7.0,0.0,3.0,0.0,0.0,0.42857142857142855,10.5,1.0,1
328481,1,1,0.0,0.0,0.0,0.0,0.0,0.0,0.0,0.0,0.0,0.0,0.0,0.0,0.0,1
328482,2,1,8.0,839.0,96.0,935.0,505.0,77.91666666666667,1.0,11.0,0.0,0.0,0.10267379679144385,467.5,4.0,1
328484,5,1,12.0,414.0,131.0,545.0,86.0,25.952380952380953,0.0,21.0,0.0,0.0,0.24036697247706423,109.0,2.4,1
328485,8,1,100.0,4184.0,1327.0,5511.0,757.0,50.559633027522935,6.0,103.0,0.0,0.0,0.24079114498276175,688.875,12.5,1
328490,5,1,84.0,4047.0,1055.0,5102.0,826.0,56.68888888888889,8.0,82.0,0.0,0.0,0.20678165425323403,1020.4,16.8,1
328492,1,1,3.0,7.0,2.0,9.0,6.0,3.0,0.0,3.0,0.0,0.0,0.2222222222222222,9.0,3.0,1
328494,2,1,72.0,3012.0,456.0,3468.0,468.0,48.166666666666664,5.0,67.0,0.0,0.0,0.1314878892733564,1734.0,36.0,1
328495,3,1,281.0,14455.0,4118.0,18573.0,855.0,65.39788732394366,27.0,254.0,2.0,1.0,0.22171970064071503,6191.0,93.66666666666667,1
328496,2,1,2.0,18.0,19.0,37.0,17.0,9.25,0.0,4.0,0.0,0.0,0.5135135135135135,18.5,1.0,1
328497,2,1,4.0,23.0,44.0,67.0,24.0,8.375,0.0,8.0,0.0,0.0,0.6567164179104478,33.5,2.0,1
328498,2,1,7.0,211.0,48.0,259.0,111.0,25.9,0.0,10.0,0.0,0.0,0.18532818532818532,129.5,3.5,1
328499,1,1,17.0,353.0,13.0,366.0,126.0,21.529411764705884,0.0,17.0,0.0,0.0,0.03551912568306011,366.0,17.0,1
328502,5,1,313.0,39533.0,7764.0,47297.0,1412.0,148.73270440251574,64.0,241.0,11.0,2.0,0.16415417468338372,9459.4,62.6,1
328503,3,2,2.0,28.0,16.0,44.0,24.0,8.8,0.0,5.0,0.0,0.0,0.36363636363636365,14.666666666666666,0.6666666666666666,2
328504,2,1,4.0,157.0,18.0,175.0,69.0,25.0,0.0,7.0,0.0,0.0,0.10285714285714286,87.5,2.0,1
328505,2,1,2.0,23.0,0.0,23.0,19.0,11.5,0.0,2.0,0.0,0.0,0.0,11.5,1.0,1
328506,1,1,2.0,54.0,12.0,66.0,59.0,33.0,0.0,2.0,0.0,0.0,0.18181818181818182,66.0,2.0,1
328511,3,1,15.0,932.0,502.0,1434.0,757.0,89.625,2.0,14.0,0.0,0.0,0.3500697350069735,478.0,5.0,1
328512,7,1,820.0,60538.0,11330.0,71868.0,1412.0,75.65052631578948,127.0,810.0,11.0,2.0,0.15765013636110647,10266.857142857143,117.14285714285714,1
328514,1,1,2.0,1.0,51.0,52.0,35.0,26.0,0.0,2.0,0.0,0.0,0.9807692307692307,52.0,2.0,1
328519,3,1,4.0,164.0,13.0,177.0,99.0,35.4,0.0,5.0,0.0,0.0,0.07344632768361582,59.0,1.3333333333333333,1
328521,1,1,4.0,69.0,54.0,123.0,54.0,30.75,0.0,4.0,0.0,0.0,0.43902439024390244,123.0,4.0,1
328522,2,1,3.0,104.0,4.0,108.0,51.0,18.0,0.0,6.0,0.0,0.0,0.037037037037037035,54.0,1.5,1
328524,1,1,2.0,10.0,1.0,11.0,10.0,5.5,1.0,1.0,0.0,0.0,0.09090909090909091,11.0,2.0,1
328526,4,1,6.0,42.0,38.0,80.0,10.0,5.714285714285714,0.0,14.0,0.0,0.0,0.475,20.0,1.5,1
328529,15,1,26.0,917.0,120.0,1037.0,122.0,14.605633802816902,0.0,71.0,0.0,0.0,0.11571841851494696,69.13333333333334,1.7333333333333334,1
328530,2,1,99.0,6070.0,2337.0,8407.0,855.0,84.91919191919192,12.0,84.0,2.0,1.0,0.277982633519686,4203.5,49.5,1
328531,2,1,2.0,46.0,5.0,51.0,22.0,12.75,1.0,3.0,0.0,0.0,0.09803921568627451,25.5,1.0,1
328532,2,1,4.0,132.0,29.0,161.0,66.0,26.833333333333332,2.0,4.0,0.0,0.0,0.18012422360248448,80.5,2.0,1
328534,1,1,1.0,1.0,1.0,2.0,2.0,2.0,0.0,1.0,0.0,0.0,0.5,2.0,1.0,1
328535,2,1,3.0,39.0,3.0,42.0,22.0,10.5,0.0,4.0,0.0,0.0,0.07142857142857142,21.0,1.5,1
328537,7,1,212.0,12162.0,4227.0,16389.0,855.0,72.19823788546256,19.0,202.0,5.0,1.0,0.25791689547867475,2341.285714285714,30.285714285714285,1
328538,7,1,589.0,30379.0,7199.0,37578.0,1780.0,60.1248,66.0,552.0,6.0,1.0,0.19157485762946405,5368.285714285715,84.14285714285714,1
328539,1,1,2.0,86.0,17.0,103.0,56.0,51.5,0.0,2.0,0.0,0.0,0.1650485436893204,103.0,2.0,1
328540,3,1,5.0,636.0,148.0,784.0,284.0,87.11111111111111,0.0,9.0,0.0,0.0,0.18877551020408162,261.3333333333333,1.6666666666666667,1
328542,1,1,1.0,18.0,1.0,19.0,19.0,19.0,0.0,1.0,0.0,0.0,0.05263157894736842,19.0,1.0,1
328549,3,2,316.0,17274.0,2966.0,20240.0,1780.0,62.857142857142854,93.0,223.0,4.0,2.0,0.14654150197628457,6746.666666666667,105.33333333333333,2
328550,4,3,398.0,25851.0,3690.0,29541.0,1780.0,72.76108374384236,105.0,295.0,4.0,2.0,0.12491114044886767,7385.25,99.5,3
328553,5,3,5.0,433.0,431.0,864.0,212.0,78.54545454545455,0.0,11.0,0.0,0.0,0.4988425925925926,172.8,1.0,3
328554,4,1,2.0,265.0,27.0,292.0,151.0,73.0,0.0,4.0,0.0,0.0,0.09246575342465753,73.0,0.5,1
328557,5,2,669.0,53165.0,29823.0,82988.0,2700.0,117.71347517730497,103.0,486.0,114.0,2.0,0.3593652094278691,16597.6,133.8,2
328563,1,1,12.0,149.0,25.0,174.0,28.0,14.5,0.0,12.0,0.0,0.0,0.14367816091954022,174.0,12.0,1
328569,1,1,2.0,2.0,2.0,4.0,2.0,2.0,0.0,2.0,0.0,0.0,0.5,4.0,2.0,1
328570,1,1,2.0,24.0,4.0,28.0,14.0,14.0,0.0,2.0,0.0,0.0,0.14285714285714285,28.0,2.0,1
328573,1,1,1.0,1.0,1.0,2.0,2.0,2.0,0.0,1.0,0.0,0.0,0.5,2.0,1.0,1
328575,1,1,1.0,19.0,1.0,20.0,20.0,20.0,0.0,1.0,0.0,0.0,0.05,20.0,1.0,1
328578,2,1,3.0,52.0,0.0,52.0,28.0,17.333333333333332,0.0,3.0,0.0,0.0,0.0,26.0,1.5,1
328579,6,1,335.0,15489.0,26254.0,41743.0,2700.0,123.5,36.0,196.0,105.0,1.0,0.6289437750041923,6957.166666666667,55.833333333333336,1
328581,1,1,2.0,77.0,2.0,79.0,75.0,39.5,1.0,1.0,0.0,0.0,0.02531645569620253,79.0,2.0,1
328582,7,1,601.0,27847.0,41717.0,69564.0,2450.0,105.24054462934947,65.0,468.0,125.0,3.0,0.5996923696164683,9937.714285714286,85.85714285714286,1
328583,1,1,4.0,120.0,5.0,125.0,59.0,31.25,0.0,4.0,0.0,0.0,0.04,125.0,4.0,1
328584,2,1,7.0,181.0,39.0,220.0,84.0,27.5,2.0,6.0,0.0,0.0,0.17727272727272728,110.0,3.5,1
328586,2,1,2.0,25.0,0.0,25.0,16.0,12.5,0.0,2.0,0.0,0.0,0.0,12.5,1.0,1
328587,1,1,1.0,4.0,4.0,8.0,8.0,8.0,0.0,1.0,0.0,0.0,0.5,8.0,1.0,1
328588,1,1,1.0,11.0,5.0,16.0,16.0,16.0,0.0,1.0,0.0,0.0,0.3125,16.0,1.0,1
328592,3,1,5.0,461.0,71.0,532.0,115.0,59.111111111111114,1.0,8.0,0.0,0.0,0.13345864661654136,177.33333333333334,1.6666666666666667,1
328594,3,1,48.0,1612.0,2184.0,3796.0,784.0,59.3125,10.0,54.0,0.0,0.0,0.5753424657534246,1265.3333333333333,16.0,1
328609,1,1,1.0,14.0,0.0,14.0,14.0,14.0,1.0,0.0,0.0,0.0,0.0,14.0,1.0,1
328611,1,1,6.0,72.0,3.0,75.0,27.0,12.5,2.0,4.0,0.0,0.0,0.04,75.0,6.0,1
328615,11,2,487.0,36899.0,5740.0,42639.0,1412.0,83.77013752455795,70.0,429.0,8.0,2.0,0.1346185417106405,3876.2727272727275,44.27272727272727,2
328620,6,1,909.0,66372.0,45803.0,112175.0,2450.0,107.24187380497132,128.0,788.0,125.0,5.0,0.4083173612658792,18695.833333333332,151.5,1
328626,5,3,316.0,14637.0,26135.0,40772.0,2700.0,129.0253164556962,34.0,174.0,107.0,1.0,0.6410036299421171,8154.4,63.2,3
328627,2,1,12.0,70.0,46.0,116.0,43.0,8.923076923076923,1.0,11.0,1.0,0.0,0.39655172413793105,58.0,6.0,1
328628,2,1,6.0,7.0,9.0,16.0,4.0,2.2857142857142856,0.0,7.0,0.0,0.0,0.5625,8.0,3.0,1
328629,1,1,1.0,11.0,3.0,14.0,14.0,14.0,0.0,1.0,0.0,0.0,0.21428571428571427,14.0,1.0,1
328633,1,1,8.0,14.0,13.0,27.0,11.0,3.375,5.0,3.0,0.0,0.0,0.48148148148148145,27.0,8.0,1
328635,11,1,557.0,23443.0,38658.0,62101.0,2450.0,99.20287539936102,63.0,438.0,122.0,3.0,0.6225020531070353,5645.545454545455,50.63636363636363,1
328637,1,1,23.0,43.0,43.0,86.0,10.0,3.739130434782609,0.0,23.0,0.0,0.0,0.5,86.0,23.0,1
328639,1,1,2.0,69.0,2.0,71.0,70.0,35.5,0.0,2.0,0.0,0.0,0.028169014084507043,71.0,2.0,1
328640,1,1,9.0,173.0,25.0,198.0,88.0,22.0,0.0,9.0,0.0,0.0,0.12626262626262627,198.0,9.0,1
328641,2,1,6.0,330.0,86.0,416.0,69.0,37.81818181818182,0.0,11.0,0.0,0.0,0.20673076923076922,208.0,3.0,1
328643,1,1,2.0,315.0,31.0,346.0,266.0,173.0,0.0,2.0,0.0,0.0,0.08959537572254335,346.0,2.0,1
328644,9,1,50.0,2142.0,2323.0,4465.0,1202.0,59.53333333333333,11.0,64.0,0.0,0.0,0.5202687569988802,496.1111111111111,5.555555555555555,1
328650,3,2,4.0,106.0,24.0,130.0,30.0,18.571428571428573,0.0,7.0,0.0,0.0,0.18461538461538463,43.333333333333336,1.3333333333333333,2
328651,2,1,18.0,1363.0,665.0,2028.0,631.0,81.12,1.0,23.0,0.0,1.0,0.32790927021696253,1014.0,9.0,1
328654,18,1,81.0,26676.0,3008.0,29684.0,1412.0,341.1954022988506,41.0,41.0,4.0,1.0,0.1013340520145533,1649.111111111111,4.5,1
328655,11,1,7.0,1171.0,456.0,1627.0,454.0,49.303030303030305,1.0,32.0,0.0,0.0,0.2802704363859865,147.9090909090909,0.6363636363636364,1
328657,3,1,13.0,738.0,119.0,857.0,227.0,47.611111111111114,1.0,17.0,0.0,0.0,0.13885647607934656,285.6666666666667,4.333333333333333,1
328658,3,1,9.0,442.0,41.0,483.0,138.0,40.25,1.0,11.0,0.0,0.0,0.08488612836438923,161.0,3.0,1
328659,3,1,4.0,80.0,9.0,89.0,37.0,17.8,0.0,5.0,0.0,0.0,0.10112359550561797,29.666666666666668,1.3333333333333333,1
328660,2,1,1.0,118.0,53.0,171.0,99.0,85.5,0.0,2.0,0.0,0.0,0.30994152046783624,85.5,0.5,1
328662,2,1,17.0,163.0,17.0,180.0,61.0,10.588235294117647,0.0,17.0,0.0,0.0,0.09444444444444444,90.0,8.5,1
328663,1,1,7.0,99.0,9.0,108.0,39.0,15.428571428571429,1.0,6.0,0.0,0.0,0.08333333333333333,108.0,7.0,1
328666,2,1,1.0,19.0,4.0,23.0,18.0,11.5,0.0,2.0,0.0,0.0,0.17391304347826086,11.5,0.5,1
328671,1,1,4.0,8.0,8.0,16.0,6.0,4.0,0.0,4.0,0.0,0.0,0.5,16.0,4.0,1
328672,1,1,2.0,2.0,2.0,4.0,2.0,2.0,0.0,2.0,0.0,0.0,0.5,4.0,2.0,1
328678,1,1,1.0,4.0,4.0,8.0,8.0,8.0,0.0,1.0,0.0,0.0,0.5,8.0,1.0,1
328679,1,1,2.0,40.0,6.0,46.0,44.0,23.0,0.0,2.0,0.0,0.0,0.13043478260869565,46.0,2.0,1
328682,1,1,1.0,4.0,4.0,8.0,8.0,8.0,0.0,1.0,0.0,0.0,0.5,8.0,1.0,1
328685,1,1,3.0,28.0,2.0,30.0,18.0,10.0,0.0,3.0,0.0,0.0,0.06666666666666667,30.0,3.0,1
328686,1,1,1.0,4.0,1.0,5.0,5.0,5.0,0.0,1.0,0.0,0.0,0.2,5.0,1.0,1
328688,6,1,389.0,12575.0,4073.0,16648.0,1012.0,40.7041564792176,35.0,368.0,5.0,1.0,0.24465401249399327,2774.6666666666665,64.83333333333333,1
328697,1,1,2.0,43.0,5.0,48.0,46.0,24.0,0.0,2.0,0.0,0.0,0.10416666666666667,48.0,2.0,1
328702,3,1,3.0,18.0,12.0,30.0,8.0,4.285714285714286,0.0,7.0,0.0,0.0,0.4,10.0,1.0,1
328703,1,1,8.0,8.0,483.0,491.0,180.0,61.375,0.0,6.0,2.0,0.0,0.9837067209775967,491.0,8.0,1
328707,2,1,2.0,115.0,6.0,121.0,105.0,40.333333333333336,0.0,3.0,0.0,0.0,0.049586776859504134,60.5,1.0,1
328708,1,1,4.0,45.0,13.0,58.0,27.0,14.5,2.0,2.0,0.0,0.0,0.22413793103448276,58.0,4.0,1
328712,2,1,6.0,87.0,91.0,178.0,150.0,25.428571428571427,0.0,7.0,0.0,0.0,0.5112359550561798,89.0,3.0,1
328713,3,1,233.0,9465.0,2421.0,11886.0,568.0,50.57872340425532,15.0,215.0,4.0,1.0,0.20368500757193336,3962.0,77.66666666666667,1
328716,1,1,1.0,1.0,1.0,2.0,2.0,2.0,0.0,1.0,0.0,0.0,0.5,2.0,1.0,1
328718,1,1,8.0,8.0,483.0,491.0,180.0,61.375,0.0,6.0,2.0,0.0,0.9837067209775967,491.0,8.0,1
328724,3,1,10.0,520.0,477.0,997.0,382.0,76.6923076923077,0.0,13.0,0.0,0.0,0.47843530591775324,332.3333333333333,3.3333333333333335,1
328729,3,1,30.0,937.0,918.0,1855.0,214.0,50.13513513513514,1.0,36.0,0.0,0.0,0.4948787061994609,618.3333333333334,10.0,1
328731,3,1,26.0,700.0,65.0,765.0,75.0,29.423076923076923,2.0,24.0,0.0,0.0,0.08496732026143791,255.0,8.666666666666666,1
328733,7,1,567.0,39617.0,6428.0,46045.0,1436.0,78.04237288135593,142.0,432.0,6.0,10.0,0.139602562710392,6577.857142857143,81.0,1
328734,1,1,5.0,53.0,25.0,78.0,50.0,15.6,0.0,5.0,0.0,0.0,0.32051282051282054,78.0,5.0,1
328735,1,1,2.0,51.0,0.0,51.0,49.0,25.5,1.0,1.0,0.0,0.0,0.0,51.0,2.0,1
328738,1,1,3.0,39.0,5.0,44.0,29.0,14.666666666666666,1.0,2.0,0.0,0.0,0.11363636363636363,44.0,3.0,1
328739,3,1,1.0,133.0,8.0,141.0,100.0,47.0,1.0,2.0,0.0,0.0,0.05673758865248227,47.0,0.3333333333333333,1
328740,1,1,6.0,270.0,26.0,296.0,73.0,49.333333333333336,0.0,6.0,0.0,0.0,0.08783783783783784,296.0,6.0,1
328742,7,2,3.0,242.0,122.0,364.0,107.0,45.5,1.0,6.0,1.0,0.0,0.33516483516483514,52.0,0.42857142857142855,2
328746,1,1,2.0,111.0,102.0,213.0,211.0,106.5,0.0,2.0,0.0,0.0,0.4788732394366197,213.0,2.0,1
328766,2,1,3.0,64.0,0.0,64.0,46.0,21.333333333333332,0.0,3.0,0.0,0.0,0.0,32.0,1.5,1
328768,3,2,1.0,26.0,0.0,26.0,20.0,13.0,0.0,2.0,0.0,0.0,0.0,8.666666666666666,0.3333333333333333,2
328770,4,2,301.0,3968.0,1289.0,5257.0,635.0,17.40728476821192,20.0,281.0,0.0,1.0,0.2451968803500095,1314.25,75.25,2
328771,2,1,302.0,17506.0,2719.0,20225.0,1780.0,66.97019867549669,118.0,178.0,4.0,2.0,0.13443757725587144,10112.5,151.0,1
328773,3,1,15.0,607.0,42.0,649.0,251.0,38.1764705882353,0.0,17.0,0.0,0.0,0.06471494607087827,216.33333333333334,5.0,1
328778,1,1,1.0,0.0,1.0,1.0,1.0,1.0,0.0,1.0,0.0,0.0,1.0,1.0,1.0,1
328779,1,1,1.0,3.0,3.0,6.0,6.0,6.0,0.0,1.0,0.0,0.0,0.5,6.0,1.0,1
328780,3,2,576.0,31042.0,20207.0,51249.0,2700.0,85.27287853577371,116.0,421.0,63.0,1.0,0.39429062030478645,17083.0,192.0,2
328783,4,1,131.0,4476.0,555.0,5031.0,261.0,34.45890410958904,4.0,142.0,0.0,0.0,0.11031604054859868,1257.75,32.75,1
328784,2,1,4.0,89.0,17.0,106.0,28.0,21.2,0.0,5.0,0.0,0.0,0.16037735849056603,53.0,2.0,1
328785,2,1,5.0,225.0,10.0,235.0,112.0,26.11111111111111,0.0,9.0,0.0,0.0,0.0425531914893617,117.5,2.5,1
328788,3,1,2.0,88.0,10.0,98.0,67.0,24.5,1.0,3.0,0.0,0.0,0.10204081632653061,32.666666666666664,0.6666666666666666,1
328791,2,1,3.0,136.0,31.0,167.0,64.0,33.4,0.0,5.0,0.0,0.0,0.18562874251497005,83.5,1.5,1
328801,1,1,8.0,99.0,8.0,107.0,36.0,13.375,0.0,8.0,0.0,0.0,0.07476635514018691,107.0,8.0,1
328805,1,1,1.0,1.0,1.0,2.0,2.0,2.0,0.0,1.0,0.0,0.0,0.5,2.0,1.0,1
328806,1,1,5.0,222.0,7.0,229.0,121.0,45.8,0.0,5.0,0.0,0.0,0.03056768558951965,229.0,5.0,1
328815,2,1,2.0,26.0,3.0,29.0,21.0,14.5,0.0,2.0,0.0,0.0,0.10344827586206896,14.5,1.0,1
328818,3,1,67.0,1801.0,365.0,2166.0,213.0,31.852941176470587,1.0,67.0,0.0,0.0,0.16851338873499538,722.0,22.333333333333332,1
328820,3,1,3.0,23.0,10.0,33.0,10.0,6.6,0.0,5.0,0.0,0.0,0.30303030303030304,11.0,1.0,1
328824,3,2,307.0,17710.0,2793.0,20503.0,1780.0,66.56818181818181,116.0,186.0,4.0,2.0,0.13622396722430863,6834.333333333333,102.33333333333333,2
328825,2,2,301.0,17688.0,2775.0,20463.0,1780.0,67.98338870431894,116.0,179.0,4.0,2.0,0.13561061427943116,10231.5,150.5,2
328826,1,1,1.0,3.0,3.0,6.0,6.0,6.0,0.0,1.0,0.0,0.0,0.5,6.0,1.0,1
328827,1,1,2.0,43.0,5.0,48.0,46.0,24.0,0.0,2.0,0.0,0.0,0.10416666666666667,48.0,2.0,1
328829,3,1,4.0,123.0,82.0,205.0,160.0,41.0,0.0,5.0,0.0,0.0,0.4,68.33333333333333,1.3333333333333333,1
328830,12,3,849.0,42695.0,10601.0,53296.0,1780.0,56.33826638477801,172.0,766.0,7.0,1.0,0.19890798558991293,4441.333333333333,70.75,3
328832,4,2,12.0,136.0,28.0,164.0,18.0,10.933333333333334,0.0,15.0,0.0,0.0,0.17073170731707318,41.0,3.0,2
328833,3,2,2.0,99.0,7.0,106.0,59.0,35.333333333333336,0.0,3.0,0.0,0.0,0.0660377358490566,35.333333333333336,0.6666666666666666,2
328834,3,2,301.0,3696.0,1158.0,4854.0,635.0,16.12624584717608,26.0,274.0,0.0,1.0,0.23856613102595797,1618.0,100.33333333333333,2
328835,3,2,302.0,3697.0,1233.0,4930.0,635.0,16.32450331125828,26.0,275.0,0.0,1.0,0.25010141987829615,1643.3333333333333,100.66666666666667,2
328843,2,1,12.0,353.0,111.0,464.0,131.0,30.933333333333334,3.0,12.0,0.0,0.0,0.23922413793103448,232.0,6.0,1
328847,2,1,5.0,386.0,63.0,449.0,212.0,49.888888888888886,0.0,9.0,0.0,0.0,0.1403118040089087,224.5,2.5,1
328851,5,2,3.0,65.0,19.0,84.0,51.0,14.0,0.0,6.0,0.0,0.0,0.2261904761904762,16.8,0.6,2
328855,2,2,300.0,13451.0,35559.0,49010.0,2450.0,162.82392026578074,32.0,156.0,111.0,2.0,0.7255458069781677,24505.0,150.0,2
328862,4,1,302.0,15666.0,3029.0,18695.0,1780.0,60.8957654723127,32.0,272.0,2.0,1.0,0.16202193099759293,4673.75,75.5,1
328863,2,1,21.0,549.0,700.0,1249.0,342.0,48.03846153846154,0.0,24.0,2.0,0.0,0.5604483586869495,624.5,10.5,1
328864,3,1,7.0,229.0,8.0,237.0,84.0,21.545454545454547,0.0,11.0,0.0,0.0,0.03375527426160337,79.0,2.3333333333333335,1
328865,3,1,7.0,253.0,150.0,403.0,242.0,40.3,0.0,10.0,0.0,0.0,0.37220843672456577,134.33333333333334,2.3333333333333335,1
328866,3,1,9.0,260.0,23.0,283.0,50.0,17.6875,0.0,16.0,0.0,0.0,0.0812720848056537,94.33333333333333,3.0,1
328867,1,1,4.0,141.0,51.0,192.0,66.0,48.0,0.0,4.0,0.0,0.0,0.265625,192.0,4.0,1
328871,1,1,13.0,43.0,886.0,929.0,261.0,71.46153846153847,0.0,10.0,3.0,0.0,0.9537136706135629,929.0,13.0,1
328873,1,1,5.0,79.0,11.0,90.0,39.0,18.0,0.0,5.0,0.0,0.0,0.12222222222222222,90.0,5.0,1
328874,1,1,10.0,55.0,560.0,615.0,261.0,61.5,0.0,10.0,0.0,0.0,0.9105691056910569,615.0,10.0,1
328875,1,1,0.0,0.0,0.0,0.0,0.0,0.0,0.0,0.0,0.0,0.0,0.0,0.0,0.0,1
328876,6,1,216.0,10189.0,2366.0,12555.0,863.0,50.22,27.0,221.0,1.0,1.0,0.18845081640780564,2092.5,36.0,1
328880,34,2,1704.0,146635.0,80533.0,227168.0,11600.0,87.30514988470408,256.0,2207.0,131.0,8.0,0.35450855754331595,6681.411764705882,50.11764705882353,2
328882,6,1,14.0,970.0,877.0,1847.0,287.0,51.30555555555556,4.0,27.0,3.0,2.0,0.4748240389821332,307.8333333333333,2.3333333333333335,1
328883,19,2,46.0,1990.0,966.0,2956.0,711.0,50.96551724137931,5.0,53.0,0.0,0.0,0.3267929634641407,155.57894736842104,2.4210526315789473,2
328884,2,1,5.0,126.0,88.0,214.0,88.0,35.666666666666664,1.0,4.0,1.0,0.0,0.411214953271028,107.0,2.5,1
328890,22,3,38.0,14732.0,12806.0,27538.0,3995.0,344.225,22.0,58.0,0.0,0.0,0.465030140169947,1251.7272727272727,1.7272727272727273,3
328896,3,1,75.0,2350.0,1085.0,3435.0,342.0,42.407407407407405,3.0,76.0,2.0,0.0,0.3158660844250364,1145.0,25.0,1
328900,1,1,2.0,1.0,2.0,3.0,2.0,1.5,0.0,2.0,0.0,0.0,0.6666666666666666,3.0,2.0,1
328904,2,1,7.0,160.0,35.0,195.0,66.0,24.375,1.0,7.0,0.0,0.0,0.1794871794871795,97.5,3.5,1
328905,2,1,16.0,239.0,29.0,268.0,77.0,14.105263157894736,2.0,17.0,0.0,0.0,0.10820895522388059,134.0,8.0,1
328911,1,1,1.0,7.0,2.0,9.0,9.0,9.0,0.0,1.0,0.0,0.0,0.2222222222222222,9.0,1.0,1
328921,1,1,5.0,53.0,25.0,78.0,50.0,15.6,0.0,5.0,0.0,0.0,0.32051282051282054,78.0,5.0,1
328922,1,1,2.0,4.0,16.0,20.0,16.0,10.0,0.0,2.0,0.0,0.0,0.8,20.0,2.0,1
328926,1,1,4.0,265.0,22.0,287.0,100.0,71.75,0.0,4.0,0.0,0.0,0.07665505226480836,287.0,4.0,1
328930,1,1,2.0,30.0,3.0,33.0,24.0,16.5,0.0,2.0,0.0,0.0,0.09090909090909091,33.0,2.0,1
328941,1,1,3.0,72.0,54.0,126.0,69.0,42.0,0.0,3.0,0.0,0.0,0.42857142857142855,126.0,3.0,1
328943,4,1,29.0,1057.0,252.0,1309.0,332.0,43.63333333333333,3.0,27.0,0.0,0.0,0.1925133689839572,327.25,7.25,1
328944,5,1,31.0,2014.0,920.0,2934.0,722.0,59.87755102040816,5.0,44.0,0.0,0.0,0.31356509884117245,586.8,6.2,1
328947,1,1,2.0,5.0,5.0,10.0,8.0,5.0,0.0,2.0,0.0,0.0,0.5,10.0,2.0,1
328948,5,3,324.0,3020.0,1889.0,4909.0,617.0,14.9209726443769,30.0,297.0,1.0,1.0,0.3848034222855979,981.8,64.8,3
328949,1,1,4.0,12.0,12.0,24.0,8.0,6.0,0.0,4.0,0.0,0.0,0.5,24.0,4.0,1
328953,32,1,44.0,4943.0,1887.0,6830.0,369.0,50.220588235294116,7.0,128.0,1.0,0.0,0.27628111273792094,213.4375,1.375,1
328956,8,1,37.0,1848.0,206.0,2054.0,235.0,32.6031746031746,2.0,61.0,0.0,0.0,0.1002921129503408,256.75,4.625,1
328957,1,1,1.0,1.0,1.0,2.0,2.0,2.0,0.0,1.0,0.0,0.0,0.5,2.0,1.0,1
328961,12,3,692.0,27479.0,5388.0,32867.0,1780.0,43.7061170212766,195.0,548.0,4.0,5.0,0.16393342866705204,2738.9166666666665,57.666666666666664,3
328962,1,1,300.0,912.0,419.0,1331.0,95.0,4.4366666666666665,25.0,274.0,0.0,1.0,0.3148009015777611,1331.0,300.0,1
328963,2,1,3.0,55.0,37.0,92.0,41.0,23.0,0.0,4.0,0.0,0.0,0.40217391304347827,46.0,1.5,1
328969,1,1,1.0,4.0,1.0,5.0,5.0,5.0,0.0,1.0,0.0,0.0,0.2,5.0,1.0,1
328971,1,1,1.0,4.0,1.0,5.0,5.0,5.0,0.0,1.0,0.0,0.0,0.2,5.0,1.0,1
328972,1,1,1.0,32.0,6.0,38.0,38.0,38.0,0.0,1.0,0.0,0.0,0.15789473684210525,38.0,1.0,1
328973,2,2,1.0,6.0,5.0,11.0,6.0,5.5,0.0,2.0,0.0,0.0,0.45454545454545453,5.5,0.5,2
328974,2,1,14.0,463.0,286.0,749.0,175.0,37.45,0.0,20.0,0.0,0.0,0.3818424566088118,374.5,7.0,1
328975,22,2,635.0,39699.0,37902.0,77601.0,2450.0,77.13817097415507,108.0,774.0,120.0,4.0,0.4884215409595237,3527.318181818182,28.863636363636363,2
328980,1,1,1.0,35.0,2.0,37.0,37.0,37.0,0.0,1.0,0.0,0.0,0.05405405405405406,37.0,1.0,1
328982,21,2,1436.0,119843.0,36915.0,156758.0,13437.0,75.25588094095055,321.0,1707.0,20.0,35.0,0.2354903736970362,7464.666666666667,68.38095238095238,2
328983,1,1,1.0,32.0,3.0,35.0,35.0,35.0,0.0,1.0,0.0,0.0,0.08571428571428572,35.0,1.0,1
328984,5,1,8.0,211.0,14.0,225.0,56.0,13.235294117647058,0.0,17.0,0.0,0.0,0.06222222222222222,45.0,1.6,1
328989,2,1,6.0,1455.0,280.0,1735.0,769.0,192.77777777777777,0.0,9.0,0.0,0.0,0.16138328530259366,867.5,3.0,1
328990,2,1,40.0,1803.0,137.0,1940.0,153.0,43.111111111111114,10.0,35.0,0.0,0.0,0.07061855670103093,970.0,20.0,1
328993,2,2,1.0,9.0,3.0,12.0,8.0,6.0,0.0,2.0,0.0,0.0,0.25,6.0,0.5,2
328994,1,1,1.0,8.0,1.0,9.0,9.0,9.0,0.0,1.0,0.0,0.0,0.1111111111111111,9.0,1.0,1
328995,1,1,5.0,135.0,39.0,174.0,97.0,34.8,0.0,5.0,0.0,0.0,0.22413793103448276,174.0,5.0,1
328998,2,1,13.0,1944.0,213.0,2157.0,878.0,134.8125,3.0,13.0,0.0,0.0,0.09874826147426982,1078.5,6.5,1
328999,9,1,317.0,3093.0,1119.0,4212.0,617.0,12.64864864864865,30.0,302.0,0.0,1.0,0.2656695156695157,468.0,35.22222222222222,1
329000,1,1,1.0,9.0,0.0,9.0,9.0,9.0,0.0,1.0,0.0,0.0,0.0,9.0,1.0,1
329002,1,1,4.0,3.0,20.0,23.0,11.0,5.75,0.0,3.0,1.0,0.0,0.8695652173913043,23.0,4.0,1
329003,2,2,2.0,98.0,5.0,103.0,87.0,34.333333333333336,0.0,3.0,0.0,0.0,0.04854368932038835,51.5,1.0,2
329006,1,1,23.0,1802.0,139.0,1941.0,380.0,84.3913043478261,9.0,14.0,0.0,0.0,0.0716125708397733,1941.0,23.0,1
329008,3,1,9.0,1857.0,343.0,2200.0,502.0,95.65217391304348,0.0,23.0,0.0,0.0,0.1559090909090909,733.3333333333334,3.0,1
329009,1,1,1.0,52.0,0.0,52.0,52.0,52.0,0.0,1.0,0.0,0.0,0.0,52.0,1.0,1
329010,3,1,2.0,28.0,10.0,38.0,27.0,19.0,0.0,2.0,0.0,0.0,0.2631578947368421,12.666666666666666,0.6666666666666666,1
329011,2,1,5.0,21.0,6.0,27.0,7.0,4.5,0.0,6.0,0.0,0.0,0.2222222222222222,13.5,2.5,1
329013,3,1,9.0,1539.0,260.0,1799.0,863.0,163.54545454545453,0.0,11.0,0.0,0.0,0.14452473596442467,599.6666666666666,3.0,1
329014,4,1,304.0,5320.0,1403.0,6723.0,621.0,21.970588235294116,20.0,284.0,1.0,1.0,0.20868659824483118,1680.75,76.0,1
329015,3,1,5.0,678.0,50.0,728.0,331.0,104.0,1.0,6.0,0.0,0.0,0.06868131868131869,242.66666666666666,1.6666666666666667,1
329016,2,1,51.0,1960.0,182.0,2142.0,181.0,39.666666666666664,10.0,44.0,0.0,0.0,0.08496732026143791,1071.0,25.5,1
329017,2,1,3.0,114.0,4.0,118.0,49.0,19.666666666666668,0.0,6.0,0.0,0.0,0.03389830508474576,59.0,1.5,1
329018,2,1,6.0,70.0,28.0,98.0,41.0,16.333333333333332,0.0,6.0,0.0,0.0,0.2857142857142857,49.0,3.0,1
329020,1,1,9.0,38.0,6.0,44.0,10.0,4.888888888888889,0.0,9.0,0.0,0.0,0.13636363636363635,44.0,9.0,1
329021,7,1,317.0,6597.0,1826.0,8423.0,617.0,24.556851311953352,27.0,314.0,1.0,1.0,0.21678736792116823,1203.2857142857142,45.285714285714285,1
329022,5,1,4.0,129.0,20.0,149.0,72.0,21.285714285714285,0.0,7.0,0.0,0.0,0.1342281879194631,29.8,0.8,1
329025,1,1,1.0,48.0,1.0,49.0,49.0,49.0,0.0,1.0,0.0,0.0,0.02040816326530612,49.0,1.0,1
329026,1,1,5.0,83.0,37.0,120.0,51.0,24.0,1.0,4.0,0.0,0.0,0.30833333333333335,120.0,5.0,1
329027,1,1,4.0,44.0,5.0,49.0,22.0,12.25,0.0,4.0,0.0,0.0,0.10204081632653061,49.0,4.0,1
329032,1,1,1.0,75.0,3.0,78.0,78.0,78.0,0.0,1.0,0.0,0.0,0.038461538461538464,78.0,1.0,1
329033,1,1,4.0,60.0,20.0,80.0,40.0,20.0,0.0,4.0,0.0,0.0,0.25,80.0,4.0,1
329034,4,2,480.0,10338.0,2573.0,12911.0,1562.0,26.786307053941908,107.0,372.0,2.0,1.0,0.1992874293238324,3227.75,120.0,2
329037,5,2,5.0,225.0,164.0,389.0,74.0,22.88235294117647,0.0,17.0,0.0,0.0,0.42159383033419023,77.8,1.0,2
329038,1,1,1.0,1.0,1.0,2.0,2.0,2.0,0.0,1.0,0.0,0.0,0.5,2.0,1.0,1
329039,2,1,2.0,54.0,10.0,64.0,36.0,21.333333333333332,0.0,3.0,0.0,0.0,0.15625,32.0,1.0,1
329041,1,1,14.0,40.0,252.0,292.0,80.0,20.857142857142858,0.0,13.0,1.0,0.0,0.863013698630137,292.0,14.0,1
329043,1,1,1.0,44.0,32.0,76.0,76.0,76.0,0.0,1.0,0.0,0.0,0.42105263157894735,76.0,1.0,1
329045,2,1,1.0,5.0,5.0,10.0,8.0,5.0,0.0,2.0,0.0,0.0,0.5,5.0,0.5,1
329047,12,1,50.0,4132.0,805.0,4937.0,393.0,54.252747252747255,8.0,83.0,0.0,0.0,0.16305448653028154,411.4166666666667,4.166666666666667,1
329048,3,1,10.0,257.0,75.0,332.0,44.0,19.529411764705884,3.0,14.0,0.0,0.0,0.22590361445783133,110.66666666666667,3.3333333333333335,1
329050,2,1,2.0,30.0,3.0,33.0,15.0,11.0,0.0,3.0,0.0,0.0,0.09090909090909091,16.5,1.0,1
329052,1,1,3.0,35.0,4.0,39.0,20.0,13.0,0.0,3.0,0.0,0.0,0.10256410256410256,39.0,3.0,1
329053,2,1,3.0,41.0,7.0,48.0,33.0,16.0,0.0,3.0,0.0,0.0,0.14583333333333334,24.0,1.5,1
329054,2,1,28.0,508.0,126.0,634.0,76.0,22.642857142857142,5.0,23.0,0.0,0.0,0.19873817034700317,317.0,14.0,1
329055,1,1,7.0,76.0,8.0,84.0,32.0,12.0,2.0,5.0,0.0,0.0,0.09523809523809523,84.0,7.0,1
329058,1,1,2.0,13.0,1.0,14.0,8.0,7.0,0.0,2.0,0.0,0.0,0.07142857142857142,14.0,2.0,1
329059,2,1,4.0,27.0,15.0,42.0,10.0,7.0,0.0,6.0,0.0,0.0,0.35714285714285715,21.0,2.0,1
329061,1,1,1.0,0.0,38.0,38.0,38.0,38.0,0.0,0.0,1.0,0.0,1.0,38.0,1.0,1
329066,11,1,367.0,23040.0,5674.0,28714.0,1348.0,67.08878504672897,43.0,383.0,1.0,1.0,0.19760395625827124,2610.3636363636365,33.36363636363637,1
329067,2,2,313.0,2799.0,1009.0,3808.0,617.0,12.166134185303514,29.0,282.0,1.0,1.0,0.264968487394958,1904.0,156.5,2
329068,3,1,8.0,467.0,51.0,518.0,192.0,47.09090909090909,0.0,11.0,0.0,0.0,0.09845559845559845,172.66666666666666,2.6666666666666665,1
329069,3,1,2.0,92.0,1.0,93.0,84.0,18.6,1.0,4.0,0.0,0.0,0.010752688172043012,31.0,0.6666666666666666,1
329071,3,1,309.0,4182.0,1203.0,5385.0,617.0,17.259615384615383,28.0,282.0,1.0,1.0,0.2233983286908078,1795.0,103.0,1
329072,2,1,3.0,428.0,180.0,608.0,580.0,152.0,0.0,4.0,0.0,0.0,0.29605263157894735,304.0,1.5,1
329077,2,2,301.0,16679.0,2267.0,18946.0,1780.0,62.943521594684384,147.0,152.0,2.0,0.0,0.11965586403462472,9473.0,150.5,2
329078,3,3,415.0,25372.0,3681.0,29053.0,1780.0,68.03981264637002,166.0,256.0,3.0,2.0,0.1266994802602141,9684.333333333334,138.33333333333334,3
329079,3,2,312.0,13764.0,35897.0,49661.0,2450.0,159.1698717948718,33.0,162.0,115.0,2.0,0.7228408610378365,16553.666666666668,104.0,2
329084,2,1,4.0,41.0,4.0,45.0,37.0,11.25,0.0,4.0,0.0,0.0,0.08888888888888889,22.5,2.0,1
329085,2,1,5.0,106.0,22.0,128.0,76.0,21.333333333333332,2.0,4.0,0.0,0.0,0.171875,64.0,2.5,1
329088,2,1,3.0,166.0,49.0,215.0,78.0,35.833333333333336,1.0,5.0,0.0,0.0,0.22790697674418606,107.5,1.5,1
329091,7,1,327.0,27308.0,3781.0,31089.0,1780.0,91.17008797653959,63.0,274.0,4.0,0.0,0.12161857891858857,4441.285714285715,46.714285714285715,1
329095,6,1,641.0,31915.0,9060.0,40975.0,1780.0,59.29811866859624,79.0,605.0,6.0,1.0,0.2211104331909701,6829.166666666667,106.83333333333333,1
329096,1,1,10.0,15.0,32.0,47.0,13.0,4.7,0.0,10.0,0.0,0.0,0.6808510638297872,47.0,10.0,1
329098,3,1,4.0,278.0,2.0,280.0,172.0,46.666666666666664,2.0,4.0,0.0,0.0,0.007142857142857143,93.33333333333333,1.3333333333333333,1
329099,2,1,6.0,47.0,43.0,90.0,22.0,9.0,0.0,10.0,0.0,0.0,0.4777777777777778,45.0,3.0,1
329102,2,1,3.0,122.0,37.0,159.0,105.0,39.75,0.0,4.0,0.0,0.0,0.23270440251572327,79.5,1.5,1
329113,5,1,300.0,25359.0,5925.0,31284.0,1780.0,103.24752475247524,48.0,249.0,6.0,0.0,0.1893939393939394,6256.8,60.0,1
329121,3,1,161.0,6892.0,3689.0,10581.0,1208.0,65.31481481481481,19.0,143.0,0.0,0.0,0.3486437954824686,3527.0,53.666666666666664,1
329122,2,1,9.0,11.0,11.0,22.0,4.0,2.4444444444444446,0.0,9.0,0.0,0.0,0.5,11.0,4.5,1
329126,1,1,6.0,169.0,169.0,338.0,96.0,56.333333333333336,0.0,6.0,0.0,0.0,0.5,338.0,6.0,1
329128,2,2,304.0,24661.0,6031.0,30692.0,1780.0,100.96052631578948,46.0,252.0,6.0,0.0,0.19650071679916592,15346.0,152.0,2
329130,1,1,15.0,490.0,8.0,498.0,180.0,33.2,2.0,13.0,0.0,0.0,0.01606425702811245,498.0,15.0,1
329136,1,1,2.0,102.0,1.0,103.0,92.0,51.5,0.0,2.0,0.0,0.0,0.009708737864077669,103.0,2.0,1
329139,5,1,51.0,1477.0,122.0,1599.0,238.0,29.072727272727274,0.0,55.0,0.0,0.0,0.07629768605378362,319.8,10.2,1
329140,2,1,36.0,1545.0,331.0,1876.0,369.0,52.111111111111114,4.0,32.0,0.0,0.0,0.17643923240938167,938.0,18.0,1
329141,7,1,274.0,21820.0,5088.0,26908.0,1780.0,94.74647887323944,40.0,239.0,5.0,0.0,0.18908874684108815,3844.0,39.142857142857146,1
329145,23,1,445.0,12027.0,4073.0,16100.0,1012.0,33.75262054507338,42.0,429.0,5.0,1.0,0.2529813664596273,700.0,19.347826086956523,1
329148,1,1,1.0,43.0,15.0,58.0,58.0,58.0,0.0,1.0,0.0,0.0,0.25862068965517243,58.0,1.0,1
329149,4,1,71.0,2375.0,422.0,2797.0,244.0,34.109756097560975,2.0,80.0,0.0,0.0,0.15087593850554165,699.25,17.75,1
329150,1,1,22.0,33.0,3761.0,3794.0,563.0,172.45454545454547,2.0,0.0,20.0,0.0,0.9913020558777016,3794.0,22.0,1
329152,3,2,132.0,6958.0,1755.0,8713.0,811.0,64.06617647058823,15.0,120.0,1.0,0.0,0.20142316079421554,2904.3333333333335,44.0,2
329153,5,1,19.0,618.0,442.0,1060.0,147.0,32.121212121212125,4.0,29.0,0.0,0.0,0.4169811320754717,212.0,3.8,1
329156,3,1,20.0,447.0,86.0,533.0,87.0,20.5,2.0,24.0,0.0,0.0,0.16135084427767354,177.66666666666666,6.666666666666667,1
329157,4,2,776.0,42332.0,32936.0,75268.0,1780.0,86.41561423650975,118.0,636.0,115.0,2.0,0.4375830366158261,18817.0,194.0,2
329161,5,1,325.0,14682.0,36514.0,51196.0,2700.0,155.6109422492401,38.0,177.0,113.0,1.0,0.7132197827955309,10239.2,65.0,1
329165,1,1,15.0,478.0,27.0,505.0,196.0,33.666666666666664,1.0,14.0,0.0,0.0,0.053465346534653464,505.0,15.0,1
329166,1,1,7.0,143.0,12.0,155.0,60.0,22.142857142857142,2.0,5.0,0.0,0.0,0.07741935483870968,155.0,7.0,1
329167,1,1,3.0,31.0,15.0,46.0,24.0,15.333333333333334,0.0,3.0,0.0,0.0,0.32608695652173914,46.0,3.0,1
329171,2,1,26.0,1096.0,1593.0,2689.0,1002.0,84.03125,2.0,26.0,4.0,0.0,0.5924135366307177,1344.5,13.0,1
329172,1,1,1.0,16.0,31.0,47.0,47.0,47.0,0.0,1.0,0.0,0.0,0.6595744680851063,47.0,1.0,1
329173,13,1,671.0,27308.0,36105.0,63413.0,2450.0,80.47335025380711,174.0,494.0,116.0,4.0,0.5693627489631463,4877.923076923077,51.61538461538461,1
329180,5,1,7.0,467.0,25.0,492.0,178.0,25.894736842105264,0.0,19.0,0.0,0.0,0.0508130081300813,98.4,1.4,1
329191,2,1,7.0,44.0,78.0,122.0,28.0,17.428571428571427,0.0,7.0,0.0,0.0,0.639344262295082,61.0,3.5,1
329192,7,2,510.0,32530.0,8243.0,40773.0,1780.0,71.6572934973638,73.0,487.0,8.0,1.0,0.20216810143967823,5824.714285714285,72.85714285714286,2
329193,2,1,14.0,222.0,87.0,309.0,74.0,18.176470588235293,0.0,17.0,0.0,0.0,0.2815533980582524,154.5,7.0,1
329194,1,1,2.0,19.0,0.0,19.0,18.0,9.5,0.0,2.0,0.0,0.0,0.0,19.0,2.0,1
329200,1,1,0.0,0.0,0.0,0.0,0.0,0.0,0.0,0.0,0.0,0.0,0.0,0.0,0.0,1
329202,4,2,170.0,15609.0,2469.0,18078.0,1780.0,106.34117647058824,24.0,145.0,1.0,0.0,0.13657484234981745,4519.5,42.5,2
329203,4,1,140.0,6305.0,2750.0,9055.0,1012.0,64.21985815602837,14.0,123.0,4.0,0.0,0.3036996134732192,2263.75,35.0,1
329205,1,1,1.0,1.0,2.0,3.0,3.0,3.0,0.0,1.0,0.0,0.0,0.6666666666666666,3.0,1.0,1
329206,1,1,1.0,1.0,1.0,2.0,2.0,2.0,0.0,1.0,0.0,0.0,0.5,2.0,1.0,1
329207,3,1,35.0,812.0,253.0,1065.0,252.0,28.783783783783782,0.0,37.0,0.0,0.0,0.2375586854460094,355.0,11.666666666666666,1
329208,1,1,268.0,21182.0,3852.0,25034.0,1780.0,93.41044776119404,39.0,227.0,2.0,0.0,0.15387073579931293,25034.0,268.0,1
329210,2,1,302.0,23746.0,7916.0,31662.0,1780.0,104.84105960264901,45.0,252.0,5.0,0.0,0.25001579180089695,15831.0,151.0,1
329212,3,1,14.0,469.0,46.0,515.0,205.0,30.294117647058822,1.0,16.0,0.0,0.0,0.08932038834951456,171.66666666666666,4.666666666666667,1
329213,3,1,13.0,122.0,29.0,151.0,52.0,10.066666666666666,0.0,15.0,0.0,0.0,0.19205298013245034,50.333333333333336,4.333333333333333,1
329214,2,1,1.0,5.0,2.0,7.0,5.0,3.5,0.0,2.0,0.0,0.0,0.2857142857142857,3.5,0.5,1
329215,1,1,9.0,127.0,7.0,134.0,60.0,14.88888888888889,0.0,9.0,0.0,0.0,0.05223880597014925,134.0,9.0,1
329216,4,1,4.0,149.0,29.0,178.0,31.0,12.714285714285714,0.0,14.0,0.0,0.0,0.16292134831460675,44.5,1.0,1
329217,7,2,713.0,40301.0,9328.0,49629.0,1780.0,61.95880149812734,220.0,572.0,7.0,2.0,0.18795462330492252,7089.857142857143,101.85714285714286,2
329219,1,1,2.0,5.0,0.0,5.0,4.0,2.5,0.0,2.0,0.0,0.0,0.0,5.0,2.0,1
329220,23,2,484.0,20484.0,4769.0,25253.0,811.0,42.299832495812396,54.0,539.0,3.0,1.0,0.18884884964162674,1097.9565217391305,21.043478260869566,2
329222,2,1,3.0,113.0,11.0,124.0,71.0,31.0,0.0,4.0,0.0,0.0,0.08870967741935484,62.0,1.5,1
329225,1,1,0.0,0.0,0.0,0.0,0.0,0.0,0.0,0.0,0.0,0.0,0.0,0.0,0.0,1
329226,1,1,0.0,0.0,0.0,0.0,0.0,0.0,0.0,0.0,0.0,0.0,0.0,0.0,0.0,1
329227,1,1,0.0,0.0,0.0,0.0,0.0,0.0,0.0,0.0,0.0,0.0,0.0,0.0,0.0,1
329228,8,1,13.0,483.0,380.0,863.0,133.0,21.575,1.0,39.0,0.0,0.0,0.440324449594438,107.875,1.625,1
329229,2,1,301.0,12184.0,3319.0,15503.0,811.0,51.50498338870432,35.0,262.0,3.0,1.0,0.21408759594917112,7751.5,150.5,1
329237,3,1,21.0,471.0,89.0,560.0,76.0,20.0,1.0,27.0,0.0,0.0,0.15892857142857142,186.66666666666666,7.0,1
329239,5,1,291.0,22443.0,4176.0,26619.0,1780.0,86.99019607843137,39.0,265.0,2.0,0.0,0.15688042375746647,5323.8,58.2,1
329240,2,2,1.0,12.0,8.0,20.0,10.0,10.0,0.0,2.0,0.0,0.0,0.4,10.0,0.5,2
329241,1,1,1.0,4.0,0.0,4.0,4.0,4.0,0.0,1.0,0.0,0.0,0.0,4.0,1.0,1
329244,2,1,8.0,89.0,446.0,535.0,353.0,53.5,1.0,8.0,1.0,0.0,0.8336448598130841,267.5,4.0,1
329246,1,1,1.0,21.0,0.0,21.0,21.0,21.0,0.0,1.0,0.0,0.0,0.0,21.0,1.0,1
329247,2,1,5.0,126.0,34.0,160.0,50.0,17.77777777777778,1.0,8.0,0.0,0.0,0.2125,80.0,2.5,1
329249,2,1,2.0,38.0,23.0,61.0,48.0,20.333333333333332,0.0,3.0,0.0,0.0,0.3770491803278688,30.5,1.0,1
329252,2,1,11.0,833.0,95.0,928.0,299.0,51.55555555555556,4.0,14.0,0.0,0.0,0.10237068965517242,464.0,5.5,1
329255,1,1,5.0,91.0,4.0,95.0,31.0,19.0,2.0,3.0,0.0,0.0,0.042105263157894736,95.0,5.0,1
329256,1,1,7.0,383.0,9.0,392.0,218.0,56.0,0.0,7.0,0.0,0.0,0.02295918367346939,392.0,7.0,1
329259,2,1,9.0,813.0,95.0,908.0,212.0,69.84615384615384,2.0,11.0,0.0,0.0,0.10462555066079295,454.0,4.5,1
329260,4,1,12.0,1215.0,421.0,1636.0,501.0,109.06666666666666,3.0,12.0,0.0,0.0,0.25733496332518335,409.0,3.0,1
329262,1,1,1.0,1.0,1.0,2.0,2.0,2.0,0.0,1.0,0.0,0.0,0.5,2.0,1.0,1
329263,5,2,308.0,9374.0,21049.0,30423.0,1311.0,97.82315112540194,39.0,191.0,80.0,1.0,0.6918778555697992,6084.6,61.6,2
329264,4,1,110.0,5860.0,1155.0,7015.0,811.0,63.77272727272727,11.0,99.0,0.0,0.0,0.1646471846044191,1753.75,27.5,1
329266,11,1,316.0,14362.0,3809.0,18171.0,811.0,49.64754098360656,42.0,320.0,3.0,1.0,0.20961972373562268,1651.909090909091,28.727272727272727,1
329268,16,2,136.0,6760.0,1779.0,8539.0,811.0,50.82738095238095,12.0,155.0,1.0,0.0,0.20833821290549245,533.6875,8.5,2
329269,2,1,4.0,122.0,10.0,132.0,36.0,26.4,0.0,5.0,0.0,0.0,0.07575757575757576,66.0,2.0,1
329270,1,1,2.0,6.0,0.0,6.0,5.0,3.0,0.0,2.0,0.0,0.0,0.0,6.0,2.0,1
329271,2,1,300.0,25674.0,6665.0,32339.0,1780.0,107.08278145695364,49.0,251.0,2.0,0.0,0.20609790036797673,16169.5,150.0,1
329275,3,1,146.0,7356.0,1737.0,9093.0,811.0,61.02684563758389,15.0,133.0,1.0,0.0,0.19102606400527877,3031.0,48.666666666666664,1
329276,1,1,2.0,9.0,2.0,11.0,8.0,5.5,0.0,2.0,0.0,0.0,0.18181818181818182,11.0,2.0,1
329277,1,1,1.0,0.0,1.0,1.0,1.0,1.0,0.0,1.0,0.0,0.0,1.0,1.0,1.0,1
329278,5,1,9.0,434.0,8.0,442.0,162.0,40.18181818181818,0.0,11.0,0.0,0.0,0.01809954751131222,88.4,1.8,1
329279,3,1,149.0,7122.0,1755.0,8877.0,811.0,55.48125,16.0,143.0,1.0,0.0,0.19770192632646164,2959.0,49.666666666666664,1
329281,1,1,4.0,274.0,8.0,282.0,247.0,70.5,0.0,4.0,0.0,0.0,0.028368794326241134,282.0,4.0,1
329282,6,1,102.0,6160.0,1604.0,7764.0,811.0,64.16528925619835,11.0,109.0,1.0,0.0,0.20659453889747553,1294.0,17.0,1
329284,15,1,570.0,15150.0,38434.0,53584.0,2450.0,84.11930926216641,46.0,475.0,114.0,2.0,0.7172663481636309,3572.266666666667,38.0,1
329285,18,1,167.0,12514.0,3469.0,15983.0,811.0,49.946875,29.0,289.0,2.0,0.0,0.21704310830257148,887.9444444444445,9.277777777777779,1
329286,1,1,1.0,1.0,1.0,2.0,2.0,2.0,0.0,1.0,0.0,0.0,0.5,2.0,1.0,1
329288,2,1,4.0,193.0,46.0,239.0,92.0,47.8,0.0,5.0,0.0,0.0,0.19246861924686193,119.5,2.0,1
329289,3,1,197.0,6653.0,1648.0,8301.0,313.0,40.891625615763544,23.0,177.0,2.0,1.0,0.19853029755451151,2767.0,65.66666666666667,1
329290,2,1,2.0,44.0,1.0,45.0,26.0,15.0,0.0,3.0,0.0,0.0,0.022222222222222223,22.5,1.0,1
329292,2,1,15.0,1112.0,198.0,1310.0,308.0,65.5,3.0,16.0,0.0,1.0,0.15114503816793892,655.0,7.5,1
329293,1,1,3.0,27.0,2.0,29.0,15.0,9.666666666666666,0.0,3.0,0.0,0.0,0.06896551724137931,29.0,3.0,1
329294,4,2,566.0,17573.0,3670.0,21243.0,869.0,35.28737541528239,179.0,417.0,3.0,3.0,0.17276279244927742,5310.75,141.5,2
329296,3,1,115.0,3424.0,986.0,4410.0,163.0,36.446280991735534,6.0,114.0,1.0,0.0,0.2235827664399093,1470.0,38.333333333333336,1
329297,2,1,2.0,66.0,4.0,70.0,36.0,17.5,0.0,4.0,0.0,0.0,0.05714285714285714,35.0,1.0,1
329298,3,1,3.0,224.0,124.0,348.0,155.0,69.6,0.0,5.0,0.0,0.0,0.3563218390804598,116.0,1.0,1
329299,1,1,1.0,1.0,1.0,2.0,2.0,2.0,0.0,1.0,0.0,0.0,0.5,2.0,1.0,1
329301,2,1,19.0,952.0,56.0,1008.0,127.0,50.4,13.0,7.0,0.0,0.0,0.05555555555555555,504.0,9.5,1
329303,4,1,34.0,144.0,345.0,489.0,126.0,12.868421052631579,1.0,36.0,1.0,0.0,0.7055214723926381,122.25,8.5,1
329304,1,1,4.0,100.0,9.0,109.0,66.0,27.25,0.0,4.0,0.0,0.0,0.08256880733944955,109.0,4.0,1
329306,2,1,2.0,214.0,55.0,269.0,156.0,67.25,0.0,4.0,0.0,0.0,0.20446096654275092,134.5,1.0,1
329307,2,1,3.0,22.0,2.0,24.0,16.0,4.0,0.0,6.0,0.0,0.0,0.08333333333333333,12.0,1.5,1
329310,1,1,2.0,9.0,6.0,15.0,8.0,7.5,0.0,2.0,0.0,0.0,0.4,15.0,2.0,1
329311,2,1,8.0,165.0,21.0,186.0,62.0,18.6,0.0,10.0,0.0,0.0,0.11290322580645161,93.0,4.0,1
329314,3,1,11.0,372.0,18.0,390.0,302.0,32.5,2.0,10.0,0.0,0.0,0.046153846153846156,130.0,3.6666666666666665,1
329318,2,1,2.0,101.0,38.0,139.0,69.0,34.75,0.0,4.0,0.0,0.0,0.2733812949640288,69.5,1.0,1
329323,4,1,403.0,13565.0,3053.0,16618.0,421.0,38.82710280373832,43.0,381.0,3.0,1.0,0.18371645203995668,4154.5,100.75,1
329324,4,1,188.0,6117.0,1245.0,7362.0,421.0,38.544502617801044,16.0,174.0,1.0,0.0,0.1691116544417278,1840.5,47.0,1
329325,4,1,309.0,12018.0,1084.0,13102.0,863.0,41.462025316455694,150.0,166.0,0.0,0.0,0.08273546023507862,3275.5,77.25,1
329327,1,1,2.0,10.0,4.0,14.0,12.0,7.0,0.0,2.0,0.0,0.0,0.2857142857142857,14.0,2.0,1
329331,8,1,18.0,2052.0,886.0,2938.0,475.0,57.6078431372549,4.0,46.0,1.0,0.0,0.30156569094622193,367.25,2.25,1
329333,5,1,362.0,27279.0,5553.0,32832.0,1632.0,48.424778761061944,119.0,551.0,6.0,2.0,0.16913377192982457,6566.4,72.4,1
329335,2,1,8.0,13.0,11.0,24.0,4.0,3.0,0.0,8.0,0.0,0.0,0.4583333333333333,12.0,4.0,1
329336,1,1,1.0,3.0,3.0,6.0,6.0,6.0,0.0,1.0,0.0,0.0,0.5,6.0,1.0,1
329338,1,1,2.0,80.0,3.0,83.0,66.0,41.5,0.0,2.0,0.0,0.0,0.03614457831325301,83.0,2.0,1
329341,2,1,10.0,32.0,13.0,45.0,17.0,4.090909090909091,0.0,11.0,0.0,0.0,0.28888888888888886,22.5,5.0,1
329345,1,1,1.0,0.0,1.0,1.0,1.0,1.0,0.0,1.0,0.0,0.0,1.0,1.0,1.0,1
329346,1,1,13.0,54.0,11.0,65.0,23.0,5.0,0.0,13.0,0.0,0.0,0.16923076923076924,65.0,13.0,1
329347,8,2,343.0,10951.0,2724.0,13675.0,551.0,37.465753424657535,54.0,307.0,3.0,1.0,0.19919561243144424,1709.375,42.875,2
329351,1,1,2.0,27.0,2.0,29.0,25.0,14.5,0.0,2.0,0.0,0.0,0.06896551724137931,29.0,2.0,1
329352,1,1,13.0,25.0,25.0,50.0,12.0,3.8461538461538463,0.0,13.0,0.0,0.0,0.5,50.0,13.0,1
329353,1,1,6.0,9.0,9.0,18.0,8.0,3.0,0.0,6.0,0.0,0.0,0.5,18.0,6.0,1
329354,1,1,14.0,26.0,26.0,52.0,12.0,3.7142857142857144,0.0,14.0,0.0,0.0,0.5,52.0,14.0,1
329355,1,1,1.0,2.0,2.0,4.0,4.0,4.0,0.0,1.0,0.0,0.0,0.5,4.0,1.0,1
329356,2,1,308.0,8619.0,1454.0,10073.0,871.0,32.70454545454545,142.0,163.0,1.0,2.0,0.1443462722128462,5036.5,154.0,1
329359,1,1,2.0,10.0,4.0,14.0,12.0,7.0,0.0,2.0,0.0,0.0,0.2857142857142857,14.0,2.0,1
329362,2,1,4.0,192.0,165.0,357.0,162.0,51.0,0.0,7.0,0.0,0.0,0.46218487394957986,178.5,2.0,1
329363,1,1,3.0,7.0,4.0,11.0,6.0,3.6666666666666665,0.0,3.0,0.0,0.0,0.36363636363636365,11.0,3.0,1
329367,4,3,118.0,4093.0,744.0,4837.0,421.0,39.64754098360656,13.0,109.0,0.0,0.0,0.15381434773620012,1209.25,29.5,3
329368,1,1,1.0,0.0,1.0,1.0,1.0,1.0,0.0,1.0,0.0,0.0,1.0,1.0,1.0,1
329371,1,1,4.0,155.0,24.0,179.0,112.0,44.75,1.0,3.0,0.0,0.0,0.1340782122905028,179.0,4.0,1
329372,2,1,4.0,52.0,6.0,58.0,48.0,14.5,1.0,3.0,0.0,0.0,0.10344827586206896,29.0,2.0,1
329373,1,1,1.0,4.0,4.0,8.0,8.0,8.0,0.0,1.0,0.0,0.0,0.5,8.0,1.0,1
329374,2,1,2.0,177.0,7.0,184.0,135.0,61.333333333333336,1.0,2.0,0.0,0.0,0.03804347826086957,92.0,1.0,1
329376,1,1,8.0,900.0,17.0,917.0,421.0,114.625,0.0,8.0,0.0,0.0,0.018538713195201745,917.0,8.0,1
329377,1,1,5.0,255.0,2.0,257.0,211.0,51.4,1.0,4.0,0.0,0.0,0.007782101167315175,257.0,5.0,1
329378,1,1,3.0,192.0,9.0,201.0,114.0,67.0,2.0,1.0,0.0,0.0,0.04477611940298507,201.0,3.0,1
329381,1,1,5.0,12.0,12.0,24.0,10.0,4.8,0.0,5.0,0.0,0.0,0.5,24.0,5.0,1
329382,3,1,2.0,41.0,6.0,47.0,28.0,11.75,0.0,4.0,0.0,0.0,0.1276595744680851,15.666666666666666,0.6666666666666666,1
329383,3,1,7.0,211.0,95.0,306.0,89.0,27.818181818181817,2.0,8.0,1.0,0.0,0.3104575163398693,102.0,2.3333333333333335,1
329384,5,1,48.0,2199.0,344.0,2543.0,421.0,43.8448275862069,6.0,52.0,0.0,0.0,0.13527329925285098,508.6,9.6,1
329385,4,1,6.0,179.0,24.0,203.0,61.0,16.916666666666668,0.0,12.0,0.0,0.0,0.11822660098522167,50.75,1.5,1
329387,2,1,4.0,17.0,25.0,42.0,14.0,7.0,0.0,6.0,0.0,0.0,0.5952380952380952,21.0,2.0,1
329389,2,1,3.0,33.0,35.0,68.0,52.0,17.0,0.0,4.0,0.0,0.0,0.5147058823529411,34.0,1.5,1
329391,2,2,5.0,85.0,85.0,170.0,80.0,34.0,0.0,5.0,0.0,0.0,0.5,85.0,2.5,2
329393,1,1,1.0,20.0,12.0,32.0,32.0,32.0,0.0,1.0,0.0,0.0,0.375,32.0,1.0,1
329394,1,1,6.0,48.0,14.0,62.0,16.0,10.333333333333334,0.0,6.0,0.0,0.0,0.22580645161290322,62.0,6.0,1
329395,3,2,16.0,522.0,41.0,563.0,172.0,33.11764705882353,1.0,16.0,0.0,0.0,0.07282415630550622,187.66666666666666,5.333333333333333,2
329396,1,1,1.0,11.0,4.0,15.0,15.0,15.0,0.0,1.0,0.0,0.0,0.26666666666666666,15.0,1.0,1
329397,1,1,1.0,100.0,0.0,100.0,100.0,100.0,0.0,1.0,0.0,0.0,0.0,100.0,1.0,1
329398,1,1,2.0,84.0,18.0,102.0,60.0,51.0,0.0,2.0,0.0,0.0,0.17647058823529413,102.0,2.0,1
329399,1,1,1.0,13.0,5.0,18.0,18.0,18.0,0.0,1.0,0.0,0.0,0.2777777777777778,18.0,1.0,1
329400,1,1,3.0,59.0,5.0,64.0,30.0,21.333333333333332,0.0,3.0,0.0,0.0,0.078125,64.0,3.0,1
329405,2,1,5.0,28.0,0.0,28.0,15.0,5.6,0.0,5.0,0.0,0.0,0.0,14.0,2.5,1
329408,1,1,9.0,311.0,5.0,316.0,64.0,35.111111111111114,2.0,7.0,0.0,0.0,0.015822784810126583,316.0,9.0,1
329410,1,1,2.0,2.0,2.0,4.0,2.0,2.0,0.0,2.0,0.0,0.0,0.5,4.0,2.0,1
329414,3,1,15.0,1974.0,152.0,2126.0,861.0,73.3103448275862,2.0,27.0,0.0,0.0,0.07149576669802446,708.6666666666666,5.0,1
329416,4,2,71.0,2019.0,518.0,2537.0,228.0,35.732394366197184,5.0,65.0,1.0,0.0,0.204178163184864,634.25,17.75,2
329419,6,2,51.0,1178.0,259.0,1437.0,103.0,25.210526315789473,3.0,54.0,0.0,0.0,0.1802366040361865,239.5,8.5,2
329420,1,1,2.0,2.0,0.0,2.0,1.0,1.0,0.0,2.0,0.0,0.0,0.0,2.0,2.0,1
329424,1,1,1.0,4.0,0.0,4.0,4.0,4.0,0.0,1.0,0.0,0.0,0.0,4.0,1.0,1
329428,12,2,52.0,1811.0,321.0,2132.0,228.0,31.82089552238806,5.0,62.0,0.0,0.0,0.15056285178236398,177.66666666666666,4.333333333333333,2
329429,13,2,431.0,21807.0,3269.0,25076.0,1614.0,44.69875222816399,106.0,454.0,1.0,0.0,0.13036369436911788,1928.923076923077,33.15384615384615,2
329433,2,1,6.0,138.0,67.0,205.0,41.0,18.636363636363637,0.0,11.0,0.0,0.0,0.32682926829268294,102.5,3.0,1
329437,3,2,38.0,1370.0,254.0,1624.0,228.0,40.6,3.0,37.0,0.0,0.0,0.1564039408866995,541.3333333333334,12.666666666666666,2
329438,5,2,386.0,18454.0,2560.0,21014.0,1614.0,50.03333333333333,89.0,330.0,1.0,0.0,0.12182354620729038,4202.8,77.2,2
329441,6,2,48.0,1553.0,458.0,2011.0,228.0,41.895833333333336,4.0,43.0,1.0,0.0,0.2277473893585281,335.1666666666667,8.0,2
329442,4,1,33.0,446.0,187.0,633.0,103.0,19.181818181818183,1.0,32.0,0.0,0.0,0.29541864139020535,158.25,8.25,1
329446,6,1,387.0,18491.0,6439.0,24930.0,1211.0,58.93617021276596,43.0,379.0,1.0,0.0,0.25828319294023266,4155.0,64.5,1
329447,1,1,9.0,23.0,14.0,37.0,21.0,4.111111111111111,0.0,9.0,0.0,0.0,0.3783783783783784,37.0,9.0,1
329448,3,2,38.0,1373.0,266.0,1639.0,228.0,40.975,3.0,37.0,0.0,0.0,0.162294081757169,546.3333333333334,12.666666666666666,2
329449,9,2,829.0,41953.0,9326.0,51279.0,1748.0,53.52713987473904,276.0,673.0,6.0,3.0,0.18186782113535754,5697.666666666667,92.11111111111111,2
329450,6,1,153.0,9838.0,2370.0,12208.0,460.0,41.95189003436426,14.0,275.0,2.0,0.0,0.19413499344692006,2034.6666666666667,25.5,1
329451,5,3,38.0,1337.0,241.0,1578.0,228.0,41.526315789473685,3.0,35.0,0.0,0.0,0.15272496831432192,315.6,7.6,3
329452,3,1,51.0,1132.0,264.0,1396.0,103.0,27.372549019607842,3.0,48.0,0.0,0.0,0.18911174785100288,465.3333333333333,17.0,1
329453,10,2,413.0,27105.0,4004.0,31109.0,1780.0,69.13111111111111,107.0,337.0,4.0,2.0,0.1287087338069369,3110.9,41.3,2
329454,5,2,57.0,1820.0,345.0,2165.0,192.0,32.3134328358209,5.0,62.0,0.0,0.0,0.15935334872979215,433.0,11.4,2
329455,11,1,820.0,36033.0,49141.0,85174.0,11600.0,92.37960954446855,117.0,687.0,116.0,2.0,0.5769483645243854,7743.090909090909,74.54545454545455,1
329459,4,1,136.0,4926.0,879.0,5805.0,460.0,41.170212765957444,7.0,133.0,1.0,0.0,0.15142118863049095,1451.25,34.0,1
329460,1,1,3.0,1013.0,513.0,1526.0,1217.0,508.6666666666667,1.0,2.0,0.0,0.0,0.336173001310616,1526.0,3.0,1
329462,8,1,18.0,3236.0,145.0,3381.0,285.0,76.8409090909091,9.0,35.0,0.0,0.0,0.04288671990535345,422.625,2.25,1
329463,5,1,49.0,2256.0,360.0,2616.0,228.0,42.885245901639344,4.0,57.0,0.0,0.0,0.13761467889908258,523.2,9.8,1
329465,4,2,292.0,10735.0,1700.0,12435.0,727.0,42.44027303754266,40.0,252.0,1.0,0.0,0.13671089666264577,3108.75,73.0,2
329466,3,1,7.0,371.0,37.0,408.0,144.0,37.09090909090909,1.0,10.0,0.0,0.0,0.09068627450980392,136.0,2.3333333333333335,1
329467,2,2,190.0,6602.0,1067.0,7669.0,727.0,40.363157894736844,28.0,161.0,1.0,0.0,0.13913156865301865,3834.5,95.0,2
329470,3,2,99.0,3466.0,501.0,3967.0,320.0,39.67,13.0,87.0,0.0,0.0,0.1262919082430048,1322.3333333333333,33.0,2
329472,3,1,11.0,797.0,88.0,885.0,259.0,52.05882352941177,0.0,17.0,0.0,0.0,0.09943502824858758,295.0,3.6666666666666665,1
329473,2,2,36.0,1436.0,234.0,1670.0,228.0,46.388888888888886,2.0,34.0,0.0,0.0,0.14011976047904193,835.0,18.0,2
329478,3,1,4.0,104.0,9.0,113.0,86.0,18.833333333333332,0.0,6.0,0.0,0.0,0.07964601769911504,37.666666666666664,1.3333333333333333,1
329480,2,2,67.0,2008.0,347.0,2355.0,228.0,34.63235294117647,5.0,63.0,0.0,0.0,0.1473460721868365,1177.5,33.5,2
329481,2,2,185.0,6536.0,994.0,7530.0,727.0,40.7027027027027,27.0,157.0,1.0,0.0,0.13200531208499336,3765.0,92.5,2
329483,2,1,29.0,1114.0,321.0,1435.0,228.0,49.48275862068966,3.0,25.0,1.0,0.0,0.22369337979094076,717.5,14.5,1
329484,2,1,23.0,1042.0,119.0,1161.0,228.0,50.47826086956522,2.0,21.0,0.0,0.0,0.1024978466838932,580.5,11.5,1
329485,3,1,35.0,1276.0,368.0,1644.0,228.0,46.97142857142857,3.0,31.0,1.0,0.0,0.22384428223844283,548.0,11.666666666666666,1
329486,2,1,31.0,1523.0,319.0,1842.0,253.0,59.41935483870968,5.0,25.0,1.0,0.0,0.1731813246471227,921.0,15.5,1
329487,3,2,43.0,1363.0,427.0,1790.0,228.0,38.91304347826087,3.0,42.0,1.0,0.0,0.23854748603351955,596.6666666666666,14.333333333333334,2
329492,3,1,24.0,1195.0,129.0,1324.0,228.0,49.03703703703704,2.0,25.0,0.0,0.0,0.09743202416918428,441.3333333333333,8.0,1
329493,3,1,35.0,1861.0,260.0,2121.0,339.0,57.32432432432432,2.0,35.0,0.0,0.0,0.12258368694012259,707.0,11.666666666666666,1
329499,4,1,316.0,11727.0,1438.0,13165.0,861.0,41.52996845425867,157.0,152.0,0.0,8.0,0.10922901633118116,3291.25,79.0,1
329500,1,1,1.0,4.0,0.0,4.0,4.0,4.0,0.0,1.0,0.0,0.0,0.0,4.0,1.0,1
329501,1,1,4.0,4.0,172.0,176.0,109.0,44.0,0.0,3.0,1.0,0.0,0.9772727272727273,176.0,4.0,1
329503,2,1,303.0,5823.0,32342.0,38165.0,2450.0,125.95709570957095,57.0,130.0,114.0,2.0,0.8474256517751867,19082.5,151.5,1
329504,2,1,6.0,125.0,15.0,140.0,103.0,20.0,0.0,7.0,0.0,0.0,0.10714285714285714,70.0,3.0,1
329505,2,1,6.0,193.0,44.0,237.0,93.0,33.857142857142854,1.0,6.0,0.0,0.0,0.18565400843881857,118.5,3.0,1
329506,13,1,1003.0,61921.0,26217.0,88138.0,13437.0,67.28091603053436,148.0,1150.0,11.0,1.0,0.2974539926025097,6779.846153846154,77.15384615384616,1
329507,1,1,2.0,78.0,4.0,82.0,73.0,41.0,0.0,2.0,0.0,0.0,0.04878048780487805,82.0,2.0,1
329509,7,1,60.0,3228.0,338.0,3566.0,460.0,47.54666666666667,2.0,73.0,0.0,0.0,0.09478407178911946,509.42857142857144,8.571428571428571,1
329510,4,1,6.0,206.0,106.0,312.0,158.0,24.0,0.0,13.0,0.0,0.0,0.33974358974358976,78.0,1.5,1
329513,1,1,2.0,20.0,4.0,24.0,14.0,12.0,0.0,2.0,0.0,0.0,0.16666666666666666,24.0,2.0,1
329514,2,2,302.0,8490.0,23886.0,32376.0,1311.0,107.20529801324503,37.0,169.0,95.0,1.0,0.7377687175685693,16188.0,151.0,2
329515,3,3,416.0,20372.0,2569.0,22941.0,1748.0,53.35116279069767,179.0,248.0,1.0,2.0,0.11198291268907197,7647.0,138.66666666666666,3
329517,4,1,250.0,10904.0,1600.0,12504.0,727.0,49.03529411764706,37.0,217.0,1.0,0.0,0.12795905310300704,3126.0,62.5,1
329518,5,1,5.0,113.0,38.0,151.0,52.0,13.727272727272727,0.0,11.0,0.0,0.0,0.25165562913907286,30.2,1.0,1
329519,3,1,175.0,6265.0,969.0,7234.0,727.0,40.41340782122905,27.0,151.0,1.0,0.0,0.13395078794581144,2411.3333333333335,58.333333333333336,1
329522,2,1,1.0,11.0,7.0,18.0,16.0,9.0,0.0,2.0,0.0,0.0,0.3888888888888889,9.0,0.5,1
329524,18,1,1382.0,93394.0,27902.0,121296.0,4674.0,68.41285956006769,264.0,1457.0,50.0,2.0,0.23003231763619575,6738.666666666667,76.77777777777777,1
329531,3,1,37.0,3812.0,200.0,4012.0,795.0,95.52380952380952,8.0,34.0,0.0,0.0,0.049850448654037885,1337.3333333333333,12.333333333333334,1
329532,4,1,8.0,282.0,153.0,435.0,117.0,36.25,0.0,12.0,0.0,0.0,0.35172413793103446,108.75,2.0,1
329533,5,1,22.0,2265.0,260.0,2525.0,330.0,58.72093023255814,6.0,37.0,0.0,0.0,0.10297029702970296,505.0,4.4,1
329534,1,1,1.0,4.0,0.0,4.0,4.0,4.0,0.0,1.0,0.0,0.0,0.0,4.0,1.0,1
329542,1,1,6.0,64.0,23.0,87.0,38.0,14.5,1.0,5.0,0.0,0.0,0.26436781609195403,87.0,6.0,1
329547,2,1,12.0,215.0,303.0,518.0,334.0,34.53333333333333,0.0,14.0,1.0,0.0,0.584942084942085,259.0,6.0,1
329548,1,1,3.0,7.0,6.0,13.0,6.0,4.333333333333333,0.0,3.0,0.0,0.0,0.46153846153846156,13.0,3.0,1
329552,2,1,5.0,130.0,7.0,137.0,66.0,17.125,0.0,8.0,0.0,0.0,0.051094890510948905,68.5,2.5,1
329553,1,1,1.0,6.0,4.0,10.0,10.0,10.0,0.0,1.0,0.0,0.0,0.4,10.0,1.0,1
329554,1,1,2.0,65.0,31.0,96.0,86.0,48.0,0.0,2.0,0.0,0.0,0.3229166666666667,96.0,2.0,1
329557,1,1,4.0,15.0,1.0,16.0,5.0,4.0,0.0,4.0,0.0,0.0,0.0625,16.0,4.0,1
329562,3,1,28.0,390.0,75.0,465.0,105.0,15.5,0.0,30.0,0.0,0.0,0.16129032258064516,155.0,9.333333333333334,1
329563,1,1,1.0,1.0,1.0,2.0,2.0,2.0,0.0,1.0,0.0,0.0,0.5,2.0,1.0,1
329564,1,1,17.0,649.0,27.0,676.0,212.0,39.76470588235294,1.0,16.0,0.0,0.0,0.03994082840236687,676.0,17.0,1
329566,2,1,2.0,145.0,24.0,169.0,115.0,42.25,1.0,3.0,0.0,0.0,0.14201183431952663,84.5,1.0,1
329567,3,1,171.0,2080.0,213.0,2293.0,703.0,12.954802259887005,124.0,53.0,0.0,0.0,0.09289140863497601,764.3333333333334,57.0,1
329568,12,1,139.0,1164.0,189.0,1353.0,704.0,7.196808510638298,134.0,39.0,12.0,3.0,0.13968957871396895,112.75,11.583333333333334,1
329569,2,1,6.0,177.0,42.0,219.0,68.0,27.375,0.0,8.0,0.0,0.0,0.1917808219178082,109.5,3.0,1
329570,1,1,1.0,2.0,1.0,3.0,3.0,3.0,0.0,1.0,0.0,0.0,0.3333333333333333,3.0,1.0,1
329572,2,1,5.0,173.0,38.0,211.0,183.0,35.166666666666664,0.0,6.0,0.0,0.0,0.18009478672985782,105.5,2.5,1
329573,1,1,4.0,104.0,13.0,117.0,58.0,29.25,0.0,4.0,0.0,0.0,0.1111111111111111,117.0,4.0,1
329574,1,1,4.0,84.0,84.0,168.0,80.0,42.0,0.0,4.0,0.0,0.0,0.5,168.0,4.0,1
329576,1,1,8.0,177.0,66.0,243.0,67.0,30.375,1.0,7.0,0.0,0.0,0.2716049382716049,243.0,8.0,1
329578,3,1,1.0,16.0,7.0,23.0,10.0,7.666666666666667,0.0,3.0,0.0,0.0,0.30434782608695654,7.666666666666667,0.3333333333333333,1
329579,10,1,4.0,297.0,188.0,485.0,105.0,26.944444444444443,0.0,18.0,0.0,0.0,0.38762886597938145,48.5,0.4,1
329580,2,1,8.0,317.0,102.0,419.0,132.0,41.9,1.0,9.0,0.0,0.0,0.24343675417661098,209.5,4.0,1
329581,1,1,2.0,52.0,1.0,53.0,48.0,26.5,0.0,2.0,0.0,0.0,0.018867924528301886,53.0,2.0,1
329585,1,1,1.0,17.0,10.0,27.0,27.0,27.0,0.0,1.0,0.0,0.0,0.37037037037037035,27.0,1.0,1
329586,3,1,6.0,18.0,13.0,31.0,13.0,4.428571428571429,0.0,7.0,0.0,0.0,0.41935483870967744,10.333333333333334,2.0,1
329590,2,1,3.0,85.0,5.0,90.0,36.0,22.5,0.0,4.0,0.0,0.0,0.05555555555555555,45.0,1.5,1
329592,6,2,338.0,16860.0,5409.0,22269.0,1748.0,61.34710743801653,57.0,299.0,4.0,3.0,0.2428937087430958,3711.5,56.333333333333336,2
329593,3,1,4.0,26.0,155.0,181.0,104.0,25.857142857142858,0.0,7.0,0.0,0.0,0.856353591160221,60.333333333333336,1.3333333333333333,1
329594,1,1,6.0,86.0,90.0,176.0,150.0,29.333333333333332,0.0,6.0,0.0,0.0,0.5113636363636364,176.0,6.0,1
329598,4,1,303.0,10692.0,1192.0,11884.0,871.0,38.96393442622951,145.0,160.0,0.0,0.0,0.10030292830696735,2971.0,75.75,1
329599,1,1,2.0,58.0,4.0,62.0,54.0,31.0,1.0,1.0,0.0,0.0,0.06451612903225806,62.0,2.0,1
329601,1,1,1.0,4.0,4.0,8.0,8.0,8.0,0.0,1.0,0.0,0.0,0.5,8.0,1.0,1
329602,2,1,33.0,2615.0,741.0,3356.0,1068.0,86.05128205128206,23.0,15.0,1.0,0.0,0.22079856972586412,1678.0,16.5,1
329603,3,1,17.0,116.0,2639.0,2755.0,1300.0,105.96153846153847,1.0,21.0,3.0,1.0,0.9578947368421052,918.3333333333334,5.666666666666667,1
329607,3,1,1.0,59.0,62.0,121.0,107.0,40.333333333333336,0.0,3.0,0.0,0.0,0.512396694214876,40.333333333333336,0.3333333333333333,1
329608,1,1,4.0,42.0,3.0,45.0,32.0,11.25,0.0,4.0,0.0,0.0,0.06666666666666667,45.0,4.0,1
329609,4,1,303.0,5753.0,33023.0,38776.0,2450.0,127.55263157894737,16.0,170.0,114.0,4.0,0.8516350319785434,9694.0,75.75,1
329617,3,1,4.0,31.0,9.0,40.0,22.0,8.0,0.0,5.0,0.0,0.0,0.225,13.333333333333334,1.3333333333333333,1
329620,4,1,305.0,9693.0,1193.0,10886.0,871.0,35.22977346278317,144.0,164.0,1.0,0.0,0.10959029946720558,2721.5,76.25,1
329622,1,1,1.0,3.0,14.0,17.0,17.0,17.0,0.0,1.0,0.0,0.0,0.8235294117647058,17.0,1.0,1
329623,1,1,2.0,103.0,8.0,111.0,84.0,55.5,0.0,2.0,0.0,0.0,0.07207207207207207,111.0,2.0,1
329628,5,1,231.0,15223.0,4921.0,20144.0,1748.0,82.89711934156378,52.0,184.0,4.0,3.0,0.24429110405083398,4028.8,46.2,1
329629,3,1,270.0,6683.0,861.0,7544.0,703.0,27.333333333333332,135.0,141.0,0.0,0.0,0.11413043478260869,2514.6666666666665,90.0,1
329631,2,2,5.0,88.0,411.0,499.0,244.0,99.8,0.0,5.0,0.0,0.0,0.8236472945891784,249.5,2.5,2
329633,86,1,2623.0,199029.0,106346.0,305375.0,13437.0,70.39534347625634,611.0,3561.0,137.0,29.0,0.348247237003684,3550.8720930232557,30.5,1
329634,2,1,2.0,111.0,7.0,118.0,64.0,29.5,0.0,4.0,0.0,0.0,0.059322033898305086,59.0,1.0,1
329636,1,1,5.0,461.0,40.0,501.0,396.0,100.2,1.0,4.0,0.0,0.0,0.07984031936127745,501.0,5.0,1
329637,1,1,3.0,32.0,7.0,39.0,33.0,13.0,0.0,3.0,0.0,0.0,0.1794871794871795,39.0,3.0,1
329638,1,1,2.0,5.0,5.0,10.0,8.0,5.0,0.0,2.0,0.0,0.0,0.5,10.0,2.0,1
329646,2,1,55.0,1426.0,2760.0,4186.0,1303.0,76.10909090909091,6.0,45.0,3.0,1.0,0.6593406593406593,2093.0,27.5,1
329650,1,1,12.0,222.0,240.0,462.0,206.0,38.5,0.0,12.0,0.0,0.0,0.5194805194805194,462.0,12.0,1
329652,1,1,2.0,2.0,2.0,4.0,2.0,2.0,0.0,2.0,0.0,0.0,0.5,4.0,2.0,1
329653,3,1,17.0,483.0,107.0,590.0,149.0,28.095238095238095,0.0,21.0,0.0,0.0,0.18135593220338983,196.66666666666666,5.666666666666667,1
329655,9,1,16.0,1674.0,204.0,1878.0,353.0,45.80487804878049,2.0,39.0,0.0,0.0,0.10862619808306709,208.66666666666666,1.7777777777777777,1
329658,1,1,1.0,19.0,74.0,93.0,93.0,93.0,0.0,1.0,0.0,0.0,0.7956989247311828,93.0,1.0,1
329660,1,1,1.0,15.0,0.0,15.0,15.0,15.0,0.0,1.0,0.0,0.0,0.0,15.0,1.0,1
329661,1,1,1.0,2.0,0.0,2.0,2.0,2.0,0.0,1.0,0.0,0.0,0.0,2.0,1.0,1
329663,1,1,1.0,21.0,0.0,21.0,21.0,21.0,0.0,1.0,0.0,0.0,0.0,21.0,1.0,1
329665,1,1,7.0,132.0,8.0,140.0,110.0,20.0,1.0,6.0,0.0,0.0,0.05714285714285714,140.0,7.0,1
329670,1,1,1.0,9.0,3.0,12.0,12.0,12.0,0.0,1.0,0.0,0.0,0.25,12.0,1.0,1
329673,1,1,7.0,56.0,35.0,91.0,45.0,13.0,0.0,7.0,0.0,0.0,0.38461538461538464,91.0,7.0,1
329674,2,1,7.0,154.0,78.0,232.0,141.0,29.0,0.0,8.0,0.0,0.0,0.33620689655172414,116.0,3.5,1
329676,1,1,2.0,22.0,4.0,26.0,18.0,13.0,0.0,2.0,0.0,0.0,0.15384615384615385,26.0,2.0,1
329679,2,1,7.0,458.0,51.0,509.0,174.0,46.27272727272727,0.0,11.0,0.0,0.0,0.10019646365422397,254.5,3.5,1
329681,2,1,9.0,734.0,16.0,750.0,180.0,68.18181818181819,3.0,8.0,0.0,0.0,0.021333333333333333,375.0,4.5,1
329682,2,2,301.0,14791.0,4845.0,19636.0,1627.0,65.2358803986711,55.0,240.0,3.0,3.0,0.24674068038297006,9818.0,150.5,2
329683,14,1,43.0,860.0,236.0,1096.0,188.0,13.530864197530864,1.0,79.0,0.0,1.0,0.21532846715328466,78.28571428571429,3.0714285714285716,1
329685,2,1,10.0,88.0,4.0,92.0,30.0,9.2,0.0,10.0,0.0,0.0,0.043478260869565216,46.0,5.0,1
329686,3,1,12.0,155.0,123.0,278.0,41.0,10.692307692307692,0.0,26.0,0.0,0.0,0.44244604316546765,92.66666666666667,4.0,1
329687,2,1,1.0,6.0,7.0,13.0,11.0,6.5,0.0,2.0,0.0,0.0,0.5384615384615384,6.5,0.5,1
329689,3,1,305.0,4279.0,31844.0,36123.0,2450.0,117.66449511400651,96.0,95.0,114.0,2.0,0.8815436148714115,12041.0,101.66666666666667,1
329690,2,1,2.0,105.0,96.0,201.0,96.0,67.0,0.0,3.0,0.0,0.0,0.47761194029850745,100.5,1.0,1
329691,5,1,174.0,10262.0,2059.0,12321.0,1748.0,68.83240223463687,19.0,155.0,1.0,4.0,0.1671130590049509,2464.2,34.8,1
329692,2,1,10.0,174.0,78.0,252.0,176.0,25.2,0.0,10.0,0.0,0.0,0.30952380952380953,126.0,5.0,1
329695,2,1,1.0,41.0,9.0,50.0,41.0,25.0,0.0,2.0,0.0,0.0,0.18,25.0,0.5,1
329696,164,2,1984.0,139034.0,45265.0,184299.0,13437.0,55.83126325355953,530.0,2743.0,21.0,7.0,0.2456063245052876,1123.7743902439024,12.097560975609756,2
329697,5,1,310.0,9684.0,34399.0,44083.0,2450.0,135.64,19.0,187.0,117.0,2.0,0.7803234807068484,8816.6,62.0,1
329699,3,1,13.0,332.0,84.0,416.0,144.0,29.714285714285715,0.0,14.0,0.0,0.0,0.20192307692307693,138.66666666666666,4.333333333333333,1
329700,2,2,301.0,6721.0,38189.0,44910.0,2450.0,149.20265780730898,17.0,167.0,116.0,1.0,0.8503451347138722,22455.0,150.5,2
329701,6,1,558.0,28957.0,4855.0,33812.0,1780.0,54.535483870967745,184.0,430.0,4.0,2.0,0.1435880752395599,5635.333333333333,93.0,1
329703,3,1,7.0,103.0,66.0,169.0,68.0,18.77777777777778,0.0,9.0,0.0,0.0,0.3905325443786982,56.333333333333336,2.3333333333333335,1
329706,2,1,13.0,683.0,190.0,873.0,156.0,48.5,1.0,17.0,0.0,0.0,0.21764032073310424,436.5,6.5,1
329707,2,1,18.0,911.0,84.0,995.0,321.0,38.26923076923077,0.0,26.0,0.0,0.0,0.08442211055276382,497.5,9.0,1
329708,2,1,2.0,34.0,18.0,52.0,23.0,13.0,0.0,4.0,0.0,0.0,0.34615384615384615,26.0,1.0,1
329710,1,1,4.0,124.0,4.0,128.0,108.0,32.0,1.0,3.0,0.0,0.0,0.03125,128.0,4.0,1
329711,1,1,2.0,18.0,1.0,19.0,17.0,9.5,0.0,2.0,0.0,0.0,0.05263157894736842,19.0,2.0,1
329712,1,1,2.0,61.0,4.0,65.0,45.0,32.5,0.0,2.0,0.0,0.0,0.06153846153846154,65.0,2.0,1
329714,2,1,3.0,140.0,2.0,142.0,68.0,28.4,0.0,5.0,0.0,0.0,0.014084507042253521,71.0,1.5,1
329715,18,1,997.0,66620.0,64991.0,131611.0,11600.0,93.07708628005658,110.0,1181.0,119.0,4.0,0.49381130756547703,7311.722222222223,55.388888888888886,1
329716,1,1,4.0,129.0,24.0,153.0,119.0,38.25,0.0,4.0,0.0,0.0,0.1568627450980392,153.0,4.0,1
329718,2,1,3.0,138.0,113.0,251.0,63.0,50.2,0.0,5.0,0.0,0.0,0.450199203187251,125.5,1.5,1
329719,4,1,8.0,314.0,153.0,467.0,94.0,29.1875,0.0,16.0,0.0,0.0,0.32762312633832974,116.75,2.0,1
329723,2,1,2.0,58.0,3.0,61.0,55.0,20.333333333333332,1.0,2.0,0.0,0.0,0.04918032786885246,30.5,1.0,1
329725,4,1,2.0,23.0,14.0,37.0,22.0,7.4,0.0,5.0,0.0,0.0,0.3783783783783784,9.25,0.5,1
329728,2,1,1.0,20.0,10.0,30.0,29.0,15.0,0.0,2.0,0.0,0.0,0.3333333333333333,15.0,0.5,1
329729,2,1,173.0,9902.0,1613.0,11515.0,1748.0,66.5606936416185,25.0,148.0,0.0,0.0,0.14007815892314374,5757.5,86.5,1
329730,3,1,4.0,86.0,32.0,118.0,50.0,23.6,0.0,5.0,0.0,0.0,0.2711864406779661,39.333333333333336,1.3333333333333333,1
329731,4,1,2.0,173.0,129.0,302.0,118.0,37.75,0.0,8.0,0.0,0.0,0.4271523178807947,75.5,0.5,1
329732,3,1,12.0,391.0,52.0,443.0,107.0,26.058823529411764,0.0,17.0,0.0,0.0,0.11738148984198646,147.66666666666666,4.0,1
329733,2,1,209.0,1050.0,33010.0,34060.0,2450.0,162.9665071770335,2.0,91.0,116.0,0.0,0.9691720493247211,17030.0,104.5,1
329734,29,1,1716.0,152901.0,83712.0,236613.0,11600.0,89.15335342878674,310.0,2191.0,144.0,9.0,0.35379290233419125,8159.068965517241,59.172413793103445,1
329736,2,1,5.0,214.0,20.0,234.0,135.0,33.42857142857143,0.0,7.0,0.0,0.0,0.08547008547008547,117.0,2.5,1
329740,1,1,5.0,18.0,1.0,19.0,6.0,3.8,0.0,5.0,0.0,0.0,0.05263157894736842,19.0,5.0,1
329744,6,2,666.0,21106.0,40440.0,61546.0,2450.0,86.80677009873061,80.0,502.0,124.0,3.0,0.6570695089851493,10257.666666666666,111.0,2
329748,2,1,5.0,95.0,16.0,111.0,40.0,13.875,0.0,8.0,0.0,0.0,0.14414414414414414,55.5,2.5,1
329757,1,1,10.0,15.0,15.0,30.0,12.0,3.0,0.0,10.0,0.0,0.0,0.5,30.0,10.0,1
329759,4,3,7.0,124.0,439.0,563.0,244.0,62.55555555555556,0.0,9.0,0.0,0.0,0.7797513321492007,140.75,1.75,3
329770,2,1,3.0,411.0,232.0,643.0,258.0,107.16666666666667,0.0,6.0,0.0,0.0,0.3608087091757387,321.5,1.5,1
329774,1,1,2.0,35.0,2.0,37.0,32.0,18.5,0.0,2.0,0.0,0.0,0.05405405405405406,37.0,2.0,1
329775,1,1,4.0,368.0,29.0,397.0,218.0,99.25,0.0,4.0,0.0,0.0,0.07304785894206549,397.0,4.0,1
329778,1,1,24.0,155.0,95.0,250.0,82.0,10.416666666666666,0.0,24.0,0.0,0.0,0.38,250.0,24.0,1
329780,2,1,5.0,80.0,29.0,109.0,48.0,13.625,0.0,8.0,0.0,0.0,0.26605504587155965,54.5,2.5,1
329782,14,2,1121.0,91885.0,33828.0,125713.0,11600.0,80.12300828553218,144.0,1416.0,7.0,2.0,0.2690891156841377,8979.5,80.07142857142857,2
329783,2,1,18.0,299.0,97.0,396.0,66.0,20.842105263157894,0.0,19.0,0.0,0.0,0.24494949494949494,198.0,9.0,1
329784,2,1,2.0,38.0,19.0,57.0,27.0,14.25,0.0,4.0,0.0,0.0,0.3333333333333333,28.5,1.0,1
329786,2,1,8.0,381.0,142.0,523.0,196.0,40.23076923076923,0.0,13.0,0.0,0.0,0.27151051625239003,261.5,4.0,1
329788,1,1,3.0,77.0,1.0,78.0,70.0,26.0,0.0,3.0,0.0,0.0,0.01282051282051282,78.0,3.0,1
329791,1,1,8.0,355.0,5.0,360.0,111.0,45.0,2.0,6.0,0.0,0.0,0.013888888888888888,360.0,8.0,1
329792,3,1,308.0,13106.0,34287.0,47393.0,2450.0,151.90064102564102,32.0,166.0,112.0,2.0,0.723461270651784,15797.666666666666,102.66666666666667,1
329793,1,1,2.0,46.0,9.0,55.0,41.0,27.5,0.0,2.0,0.0,0.0,0.16363636363636364,55.0,2.0,1
329794,2,1,2.0,104.0,22.0,126.0,62.0,31.5,0.0,4.0,0.0,0.0,0.1746031746031746,63.0,1.0,1
329795,1,1,1.0,2.0,2.0,4.0,4.0,4.0,0.0,1.0,0.0,0.0,0.5,4.0,1.0,1
329797,1,1,2.0,30.0,2.0,32.0,26.0,16.0,0.0,2.0,0.0,0.0,0.0625,32.0,2.0,1
329798,3,1,2.0,169.0,43.0,212.0,88.0,35.333333333333336,0.0,6.0,0.0,0.0,0.2028301886792453,70.66666666666667,0.6666666666666666,1
329799,2,1,1.0,10.0,5.0,15.0,12.0,7.5,0.0,2.0,0.0,0.0,0.3333333333333333,7.5,0.5,1
329808,2,1,2.0,22.0,5.0,27.0,10.0,9.0,0.0,3.0,0.0,0.0,0.18518518518518517,13.5,1.0,1
329809,1,1,1.0,1.0,1.0,2.0,2.0,2.0,0.0,1.0,0.0,0.0,0.5,2.0,1.0,1
329810,1,1,4.0,254.0,0.0,254.0,95.0,63.5,0.0,4.0,0.0,0.0,0.0,254.0,4.0,1
329817,2,1,302.0,22556.0,15966.0,38522.0,11600.0,127.55629139072848,22.0,275.0,4.0,1.0,0.4144644618659467,19261.0,151.0,1
329818,1,1,2.0,41.0,1.0,42.0,39.0,21.0,1.0,1.0,0.0,0.0,0.023809523809523808,42.0,2.0,1
329819,1,1,3.0,15.0,0.0,15.0,12.0,5.0,0.0,3.0,0.0,0.0,0.0,15.0,3.0,1
329824,1,1,2.0,19.0,1.0,20.0,17.0,10.0,0.0,2.0,0.0,0.0,0.05,20.0,2.0,1
329825,3,1,8.0,337.0,70.0,407.0,93.0,31.307692307692307,0.0,13.0,0.0,0.0,0.171990171990172,135.66666666666666,2.6666666666666665,1
329828,5,1,344.0,7459.0,33141.0,40600.0,2450.0,111.84573002754821,11.0,236.0,114.0,2.0,0.81628078817734,8120.0,68.8,1
329831,1,1,8.0,14.0,14.0,28.0,10.0,3.5,0.0,8.0,0.0,0.0,0.5,28.0,8.0,1
329832,1,1,31.0,88.0,45.0,133.0,43.0,4.290322580645161,1.0,30.0,0.0,0.0,0.3383458646616541,133.0,31.0,1
329833,1,1,1.0,10.0,2.0,12.0,12.0,12.0,0.0,1.0,0.0,0.0,0.16666666666666666,12.0,1.0,1
329834,2,1,5.0,271.0,50.0,321.0,108.0,35.666666666666664,0.0,9.0,0.0,0.0,0.1557632398753894,160.5,2.5,1
329837,1,1,16.0,1693.0,81.0,1774.0,417.0,110.875,3.0,13.0,0.0,0.0,0.04565952649379933,1774.0,16.0,1
329838,1,1,3.0,9.0,8.0,17.0,12.0,5.666666666666667,0.0,3.0,0.0,0.0,0.47058823529411764,17.0,3.0,1
329839,2,1,16.0,485.0,64.0,549.0,127.0,26.142857142857142,1.0,20.0,0.0,0.0,0.11657559198542805,274.5,8.0,1
329844,2,1,12.0,185.0,31.0,216.0,35.0,16.615384615384617,1.0,12.0,0.0,0.0,0.14351851851851852,108.0,6.0,1
329845,2,1,9.0,59.0,40.0,99.0,33.0,8.25,0.0,12.0,0.0,0.0,0.40404040404040403,49.5,4.5,1
329846,1,1,4.0,49.0,15.0,64.0,33.0,16.0,0.0,4.0,0.0,0.0,0.234375,64.0,4.0,1
329849,1,1,8.0,66.0,10.0,76.0,26.0,9.5,0.0,8.0,0.0,0.0,0.13157894736842105,76.0,8.0,1
329852,2,1,9.0,362.0,124.0,486.0,179.0,44.18181818181818,4.0,7.0,0.0,0.0,0.2551440329218107,243.0,4.5,1
329853,4,3,368.0,20062.0,14183.0,34245.0,11600.0,90.5952380952381,28.0,344.0,6.0,0.0,0.4141626514819682,8561.25,92.0,3
329856,1,1,2.0,2.0,2.0,4.0,2.0,2.0,0.0,2.0,0.0,0.0,0.5,4.0,2.0,1
329857,5,1,3.0,578.0,73.0,651.0,139.0,54.25,0.0,12.0,0.0,0.0,0.11213517665130568,130.2,0.6,1
329858,1,1,1.0,6.0,2.0,8.0,8.0,8.0,0.0,1.0,0.0,0.0,0.25,8.0,1.0,1
329860,1,1,3.0,24.0,20.0,44.0,37.0,14.666666666666666,0.0,3.0,0.0,0.0,0.45454545454545453,44.0,3.0,1
329861,2,1,12.0,299.0,67.0,366.0,100.0,24.4,2.0,13.0,0.0,0.0,0.1830601092896175,183.0,6.0,1
329862,4,1,16.0,232.0,55.0,287.0,69.0,13.045454545454545,0.0,22.0,0.0,0.0,0.1916376306620209,71.75,4.0,1
329864,5,1,310.0,25647.0,18521.0,44168.0,11600.0,135.0703363914373,24.0,298.0,5.0,0.0,0.4193307371852925,8833.6,62.0,1
329865,2,1,4.0,52.0,8.0,60.0,28.0,12.0,0.0,5.0,0.0,0.0,0.13333333333333333,30.0,2.0,1
329867,2,1,2.0,29.0,10.0,39.0,20.0,19.5,0.0,2.0,0.0,0.0,0.2564102564102564,19.5,1.0,1
329868,6,1,16.0,231.0,128.0,359.0,70.0,11.580645161290322,0.0,31.0,0.0,0.0,0.3565459610027855,59.833333333333336,2.6666666666666665,1
329869,1,1,2.0,12.0,19.0,31.0,26.0,15.5,0.0,2.0,0.0,0.0,0.6129032258064516,31.0,2.0,1
329870,5,1,135.0,7503.0,990.0,8493.0,819.0,58.17123287671233,18.0,128.0,0.0,0.0,0.11656658424584952,1698.6,27.0,1
329872,2,1,8.0,97.0,19.0,116.0,35.0,14.5,0.0,8.0,0.0,0.0,0.16379310344827586,58.0,4.0,1
329875,1,1,2.0,18.0,1.0,19.0,17.0,9.5,0.0,2.0,0.0,0.0,0.05263157894736842,19.0,2.0,1
329876,10,1,769.0,73998.0,29163.0,103161.0,11600.0,110.68776824034335,111.0,807.0,10.0,4.0,0.2826940413528368,10316.1,76.9,1
329877,1,1,13.0,608.0,301.0,909.0,358.0,69.92307692307692,0.0,13.0,0.0,0.0,0.3311331133113311,909.0,13.0,1
329879,2,1,9.0,168.0,9.0,177.0,90.0,17.7,2.0,8.0,0.0,0.0,0.05084745762711865,88.5,4.5,1
329881,1,1,1.0,8.0,2.0,10.0,10.0,10.0,0.0,1.0,0.0,0.0,0.2,10.0,1.0,1
329882,1,1,7.0,110.0,8.0,118.0,38.0,16.857142857142858,0.0,7.0,0.0,0.0,0.06779661016949153,118.0,7.0,1
329883,1,1,5.0,21.0,12.0,33.0,15.0,6.6,0.0,5.0,0.0,0.0,0.36363636363636365,33.0,5.0,1
329884,2,1,5.0,1093.0,30.0,1123.0,461.0,124.77777777777777,1.0,8.0,0.0,0.0,0.026714158504007122,561.5,2.5,1
329889,5,1,283.0,13608.0,2349.0,15957.0,819.0,51.4741935483871,32.0,278.0,0.0,0.0,0.14720812182741116,3191.4,56.6,1
329891,2,1,2.0,89.0,10.0,99.0,66.0,49.5,0.0,2.0,0.0,0.0,0.10101010101010101,49.5,1.0,1
329896,4,1,14.0,686.0,165.0,851.0,211.0,38.68181818181818,1.0,21.0,0.0,0.0,0.19388954171562867,212.75,3.5,1
329897,1,1,2.0,2.0,2.0,4.0,2.0,2.0,0.0,2.0,0.0,0.0,0.5,4.0,2.0,1
329898,1,1,4.0,8.0,8.0,16.0,6.0,4.0,0.0,4.0,0.0,0.0,0.5,16.0,4.0,1
329899,5,1,400.0,17836.0,6447.0,24283.0,1211.0,52.78913043478261,41.0,418.0,1.0,0.0,0.2654943787835111,4856.6,80.0,1
329909,2,1,2.0,93.0,8.0,101.0,85.0,33.666666666666664,0.0,3.0,0.0,0.0,0.07920792079207921,50.5,1.0,1
329912,1,1,14.0,595.0,74.0,669.0,260.0,47.785714285714285,1.0,13.0,0.0,0.0,0.11061285500747384,669.0,14.0,1
329914,2,1,5.0,85.0,90.0,175.0,80.0,25.0,0.0,7.0,0.0,0.0,0.5142857142857142,87.5,2.5,1
329922,4,1,2.0,134.0,67.0,201.0,66.0,50.25,0.0,4.0,0.0,0.0,0.3333333333333333,50.25,0.5,1
329924,3,1,15.0,579.0,106.0,685.0,112.0,27.4,0.0,25.0,0.0,0.0,0.15474452554744525,228.33333333333334,5.0,1
329925,6,1,8.0,497.0,74.0,571.0,72.0,33.588235294117645,0.0,17.0,0.0,0.0,0.1295971978984238,95.16666666666667,1.3333333333333333,1
329926,2,1,6.0,43.0,83.0,126.0,40.0,15.75,0.0,8.0,0.0,0.0,0.6587301587301587,63.0,3.0,1
329929,1,1,6.0,134.0,68.0,202.0,88.0,33.666666666666664,0.0,6.0,0.0,0.0,0.33663366336633666,202.0,6.0,1
329931,1,1,6.0,43.0,83.0,126.0,40.0,21.0,0.0,6.0,0.0,0.0,0.6587301587301587,126.0,6.0,1
329932,6,1,9.0,829.0,182.0,1011.0,151.0,45.95454545454545,0.0,22.0,0.0,0.0,0.18001978239366964,168.5,1.5,1
329937,2,1,19.0,749.0,87.0,836.0,391.0,33.44,2.0,23.0,0.0,0.0,0.10406698564593302,418.0,9.5,1
329939,1,1,1.0,6.0,0.0,6.0,6.0,6.0,0.0,1.0,0.0,0.0,0.0,6.0,1.0,1
329941,1,1,3.0,28.0,15.0,43.0,22.0,14.333333333333334,0.0,3.0,0.0,0.0,0.3488372093023256,43.0,3.0,1
329942,1,1,15.0,563.0,90.0,653.0,126.0,43.53333333333333,0.0,15.0,0.0,0.0,0.13782542113323124,653.0,15.0,1
329945,1,1,2.0,5.0,5.0,10.0,8.0,5.0,0.0,2.0,0.0,0.0,0.5,10.0,2.0,1
329949,1,1,3.0,100.0,11.0,111.0,57.0,37.0,0.0,3.0,0.0,0.0,0.0990990990990991,111.0,3.0,1
329950,3,1,4.0,57.0,28.0,85.0,21.0,8.5,0.0,10.0,0.0,0.0,0.32941176470588235,28.333333333333332,1.3333333333333333,1
329952,1,1,5.0,11.0,10.0,21.0,8.0,4.2,0.0,5.0,0.0,0.0,0.47619047619047616,21.0,5.0,1
329953,1,1,1.0,4.0,0.0,4.0,4.0,4.0,0.0,1.0,0.0,0.0,0.0,4.0,1.0,1
329954,1,1,1.0,0.0,194.0,194.0,194.0,194.0,0.0,0.0,1.0,0.0,1.0,194.0,1.0,1
329957,1,1,5.0,98.0,4.0,102.0,47.0,20.4,0.0,5.0,0.0,0.0,0.0392156862745098,102.0,5.0,1
329959,1,1,2.0,6.0,6.0,12.0,8.0,6.0,0.0,2.0,0.0,0.0,0.5,12.0,2.0,1
329960,3,1,10.0,111.0,81.0,192.0,46.0,14.76923076923077,0.0,13.0,0.0,0.0,0.421875,64.0,3.3333333333333335,1
329961,6,1,500.0,41260.0,23372.0,64632.0,11600.0,114.3929203539823,31.0,527.0,7.0,0.0,0.36161653670008664,10772.0,83.33333333333333,1
329962,1,1,1.0,13.0,6.0,19.0,19.0,19.0,0.0,1.0,0.0,0.0,0.3157894736842105,19.0,1.0,1
329964,3,1,10.0,651.0,26.0,677.0,165.0,45.13333333333333,2.0,13.0,0.0,0.0,0.03840472673559823,225.66666666666666,3.3333333333333335,1
329967,1,1,2.0,91.0,9.0,100.0,76.0,50.0,1.0,1.0,0.0,0.0,0.09,100.0,2.0,1
329969,10,2,121.0,4516.0,781.0,5297.0,375.0,38.38405797101449,11.0,127.0,0.0,0.0,0.14744194827260715,529.7,12.1,2
329972,2,1,1.0,1.0,1.0,2.0,2.0,2.0,0.0,1.0,0.0,0.0,0.5,1.0,0.5,1
329984,1,1,2.0,207.0,16.0,223.0,145.0,111.5,0.0,2.0,0.0,0.0,0.07174887892376682,223.0,2.0,1
329986,2,1,3.0,78.0,74.0,152.0,70.0,25.333333333333332,0.0,6.0,0.0,0.0,0.4868421052631579,76.0,1.5,1
329994,1,1,1.0,13.0,2.0,15.0,15.0,15.0,0.0,1.0,0.0,0.0,0.13333333333333333,15.0,1.0,1
329995,1,1,3.0,6.0,6.0,12.0,8.0,4.0,0.0,3.0,0.0,0.0,0.5,12.0,3.0,1
329998,1,1,4.0,10.0,10.0,20.0,8.0,5.0,0.0,4.0,0.0,0.0,0.5,20.0,4.0,1
330000,1,1,7.0,5.0,227.0,232.0,97.0,33.142857142857146,0.0,7.0,0.0,0.0,0.978448275862069,232.0,7.0,1
330002,2,1,6.0,116.0,0.0,116.0,73.0,19.333333333333332,1.0,5.0,0.0,0.0,0.0,58.0,3.0,1
330003,2,1,20.0,633.0,96.0,729.0,196.0,36.45,1.0,19.0,0.0,0.0,0.13168724279835392,364.5,10.0,1
330005,2,1,4.0,15.0,4.0,19.0,6.0,4.75,0.0,4.0,0.0,0.0,0.21052631578947367,9.5,2.0,1
330007,3,1,27.0,478.0,2768.0,3246.0,1203.0,104.70967741935483,1.0,29.0,1.0,0.0,0.8527418361059765,1082.0,9.0,1
330009,1,1,1.0,10.0,0.0,10.0,10.0,10.0,0.0,1.0,0.0,0.0,0.0,10.0,1.0,1
330011,2,1,1.0,3.0,3.0,6.0,4.0,3.0,0.0,2.0,0.0,0.0,0.5,3.0,0.5,1
330012,6,1,10.0,108.0,129.0,237.0,80.0,16.928571428571427,0.0,14.0,0.0,0.0,0.5443037974683544,39.5,1.6666666666666667,1
330013,2,1,304.0,9049.0,32210.0,41259.0,2450.0,133.5242718446602,14.0,180.0,114.0,1.0,0.780678155069197,20629.5,152.0,1
330017,1,1,3.0,63.0,59.0,122.0,68.0,40.666666666666664,0.0,3.0,0.0,0.0,0.48360655737704916,122.0,3.0,1
330024,14,1,411.0,25827.0,16864.0,42691.0,11600.0,91.22008547008546,31.0,435.0,2.0,0.0,0.3950247124686702,3049.3571428571427,29.357142857142858,1
330025,9,2,308.0,19959.0,15331.0,35290.0,11600.0,107.92048929663609,16.0,309.0,2.0,0.0,0.43442901671861717,3921.1111111111113,34.22222222222222,2
330026,3,1,15.0,596.0,43.0,639.0,150.0,42.6,0.0,15.0,0.0,0.0,0.06729264475743349,213.0,5.0,1
330029,2,1,3.0,8.0,19.0,27.0,19.0,9.0,0.0,3.0,0.0,0.0,0.7037037037037037,13.5,1.5,1
330030,2,1,4.0,184.0,50.0,234.0,76.0,46.8,0.0,5.0,0.0,0.0,0.21367521367521367,117.0,2.0,1
330035,2,1,12.0,115.0,52.0,167.0,36.0,7.590909090909091,0.0,22.0,0.0,0.0,0.31137724550898205,83.5,6.0,1
330038,1,1,2.0,23.0,1.0,24.0,22.0,12.0,0.0,2.0,0.0,0.0,0.041666666666666664,24.0,2.0,1
330040,3,1,225.0,7357.0,5202.0,12559.0,1211.0,53.90128755364807,17.0,215.0,1.0,0.0,0.4142049526236165,4186.333333333333,75.0,1
330041,3,2,134.0,5105.0,757.0,5862.0,375.0,43.10294117647059,12.0,124.0,0.0,0.0,0.129136813374275,1954.0,44.666666666666664,2
330042,2,1,2.0,44.0,12.0,56.0,38.0,18.666666666666668,0.0,3.0,0.0,0.0,0.21428571428571427,28.0,1.0,1
330044,4,1,3.0,63.0,57.0,120.0,41.0,15.0,0.0,8.0,0.0,0.0,0.475,30.0,0.75,1
330054,1,1,2.0,87.0,3.0,90.0,66.0,45.0,1.0,1.0,0.0,0.0,0.03333333333333333,90.0,2.0,1
330058,4,1,154.0,4767.0,1282.0,6049.0,375.0,38.0440251572327,13.0,146.0,0.0,0.0,0.21193585716647378,1512.25,38.5,1
330063,2,1,5.0,91.0,10.0,101.0,38.0,16.833333333333332,0.0,6.0,0.0,0.0,0.09900990099009901,50.5,2.5,1
330067,4,1,394.0,28051.0,16140.0,44191.0,11600.0,109.11358024691359,36.0,367.0,2.0,0.0,0.3652327396981286,11047.75,98.5,1
330068,2,1,7.0,89.0,106.0,195.0,103.0,21.666666666666668,0.0,9.0,0.0,0.0,0.5435897435897435,97.5,3.5,1
330069,2,1,66.0,1661.0,904.0,2565.0,252.0,38.86363636363637,4.0,62.0,0.0,0.0,0.35243664717348927,1282.5,33.0,1
330070,3,2,27.0,731.0,338.0,1069.0,194.0,39.592592592592595,2.0,25.0,0.0,0.0,0.3161833489242282,356.3333333333333,9.0,2
330071,1,1,2.0,48.0,1.0,49.0,46.0,24.5,0.0,2.0,0.0,0.0,0.02040816326530612,49.0,2.0,1
330073,3,2,41.0,1079.0,362.0,1441.0,194.0,35.146341463414636,4.0,37.0,0.0,0.0,0.2512144344205413,480.3333333333333,13.666666666666666,2
330074,3,2,1.0,5.0,0.0,5.0,4.0,2.5,0.0,2.0,0.0,0.0,0.0,1.6666666666666667,0.3333333333333333,2
330075,6,2,32.0,1097.0,128.0,1225.0,181.0,30.625,4.0,36.0,0.0,0.0,0.10448979591836735,204.16666666666666,5.333333333333333,2
330077,5,2,4.0,61.0,20.0,81.0,30.0,13.5,0.0,6.0,0.0,0.0,0.24691358024691357,16.2,0.8,2
330078,3,1,8.0,358.0,60.0,418.0,102.0,29.857142857142858,0.0,14.0,0.0,0.0,0.14354066985645933,139.33333333333334,2.6666666666666665,1
330080,3,1,3.0,52.0,8.0,60.0,24.0,12.0,0.0,5.0,0.0,0.0,0.13333333333333333,20.0,1.0,1
330082,5,1,11.0,325.0,32.0,357.0,147.0,25.5,0.0,14.0,0.0,0.0,0.0896358543417367,71.4,2.2,1
330083,2,1,2.0,98.0,11.0,109.0,45.0,27.25,1.0,3.0,0.0,0.0,0.10091743119266056,54.5,1.0,1
330084,2,1,2.0,98.0,11.0,109.0,45.0,27.25,1.0,3.0,0.0,0.0,0.10091743119266056,54.5,1.0,1
330085,1,1,3.0,35.0,19.0,54.0,38.0,18.0,0.0,3.0,0.0,0.0,0.35185185185185186,54.0,3.0,1
330089,2,1,13.0,209.0,40.0,249.0,46.0,19.153846153846153,0.0,13.0,0.0,0.0,0.1606425702811245,124.5,6.5,1
330094,5,2,258.0,18353.0,14457.0,32810.0,11600.0,124.28030303030303,16.0,246.0,2.0,0.0,0.4406278573605608,6562.0,51.6,2
330095,1,1,2.0,125.0,3.0,128.0,121.0,64.0,1.0,1.0,0.0,0.0,0.0234375,128.0,2.0,1
330096,7,1,113.0,3758.0,782.0,4540.0,915.0,36.91056910569106,9.0,113.0,1.0,0.0,0.17224669603524229,648.5714285714286,16.142857142857142,1
330097,6,2,322.0,24953.0,20141.0,45094.0,11600.0,139.60990712074303,19.0,299.0,5.0,0.0,0.4466447864460904,7515.666666666667,53.666666666666664,2
330098,2,1,1.0,1.0,0.0,1.0,1.0,1.0,0.0,1.0,0.0,0.0,0.0,0.5,0.5,1
330099,3,2,2.0,26.0,7.0,33.0,19.0,8.25,0.0,4.0,0.0,0.0,0.21212121212121213,11.0,0.6666666666666666,2
330100,2,1,3.0,377.0,207.0,584.0,494.0,146.0,2.0,2.0,0.0,0.0,0.3544520547945205,292.0,1.5,1
330101,1,1,3.0,18.0,3.0,21.0,12.0,7.0,0.0,3.0,0.0,0.0,0.14285714285714285,21.0,3.0,1
330102,1,1,4.0,28.0,5.0,33.0,16.0,8.25,0.0,4.0,0.0,0.0,0.15151515151515152,33.0,4.0,1
330105,4,2,551.0,43576.0,26263.0,69839.0,11600.0,116.20465890183029,57.0,531.0,12.0,1.0,0.37605063073640804,17459.75,137.75,2
330106,2,1,1.0,5.0,6.0,11.0,11.0,11.0,0.0,1.0,0.0,0.0,0.5454545454545454,5.5,0.5,1
330107,5,2,546.0,43464.0,26225.0,69689.0,11600.0,115.57048092868989,57.0,533.0,12.0,1.0,0.376314769906298,13937.8,109.2,2
330109,4,2,551.0,43650.0,27464.0,71114.0,11600.0,118.3261231281198,58.0,530.0,12.0,1.0,0.3861968107545631,17778.5,137.75,2
330113,17,1,22.0,638.0,385.0,1023.0,62.0,12.949367088607595,2.0,77.0,0.0,0.0,0.3763440860215054,60.1764705882353,1.2941176470588236,1
330115,2,2,1.0,29.0,26.0,55.0,48.0,27.5,0.0,2.0,0.0,0.0,0.4727272727272727,27.5,0.5,2
330116,1,1,2.0,7.0,7.0,14.0,9.0,7.0,0.0,2.0,0.0,0.0,0.5,14.0,2.0,1
330117,8,2,5.0,28.0,37.0,65.0,29.0,6.5,0.0,10.0,0.0,0.0,0.5692307692307692,8.125,0.625,2
330118,3,1,22.0,293.0,438.0,731.0,194.0,33.22727272727273,1.0,21.0,0.0,0.0,0.5991792065663475,243.66666666666666,7.333333333333333,1
330119,3,2,1.0,5.0,1.0,6.0,5.0,3.0,0.0,2.0,0.0,0.0,0.16666666666666666,2.0,0.3333333333333333,2
330120,3,1,3.0,49.0,5.0,54.0,26.0,18.0,0.0,3.0,0.0,0.0,0.09259259259259259,18.0,1.0,1
330121,2,1,1.0,2.0,0.0,2.0,2.0,2.0,0.0,1.0,0.0,0.0,0.0,1.0,0.5,1
330122,3,1,2.0,3.0,3.0,6.0,2.0,2.0,0.0,3.0,0.0,0.0,0.5,2.0,0.6666666666666666,1
330123,2,1,2.0,7.0,2.0,9.0,7.0,4.5,0.0,2.0,0.0,0.0,0.2222222222222222,4.5,1.0,1
330124,4,1,193.0,7122.0,1394.0,8516.0,408.0,39.794392523364486,15.0,196.0,1.0,2.0,0.16369187411930483,2129.0,48.25,1
330125,2,1,5.0,288.0,27.0,315.0,119.0,45.0,0.0,7.0,0.0,0.0,0.08571428571428572,157.5,2.5,1
330128,14,1,1087.0,89276.0,36080.0,125356.0,11600.0,85.56723549488055,136.0,1312.0,14.0,3.0,0.28782028782028785,8954.0,77.64285714285714,1
330129,1,1,5.0,115.0,11.0,126.0,89.0,25.2,0.0,5.0,0.0,0.0,0.0873015873015873,126.0,5.0,1
330130,1,1,2.0,81.0,102.0,183.0,139.0,91.5,0.0,2.0,0.0,0.0,0.5573770491803278,183.0,2.0,1
330131,1,1,2.0,81.0,102.0,183.0,139.0,91.5,0.0,2.0,0.0,0.0,0.5573770491803278,183.0,2.0,1
330132,7,1,352.0,24294.0,19242.0,43536.0,11600.0,117.3477088948787,27.0,336.0,7.0,1.0,0.4419790518191841,6219.428571428572,50.285714285714285,1
330135,1,1,1.0,1.0,1.0,2.0,2.0,2.0,0.0,1.0,0.0,0.0,0.5,2.0,1.0,1
330137,1,1,1.0,3.0,3.0,6.0,6.0,6.0,0.0,1.0,0.0,0.0,0.5,6.0,1.0,1
330139,3,1,16.0,255.0,33.0,288.0,65.0,18.0,0.0,16.0,0.0,0.0,0.11458333333333333,96.0,5.333333333333333,1
330140,1,1,1.0,8.0,19.0,27.0,27.0,27.0,0.0,1.0,0.0,0.0,0.7037037037037037,27.0,1.0,1
330141,3,1,8.0,41.0,41.0,82.0,21.0,8.2,0.0,10.0,0.0,0.0,0.5,27.333333333333332,2.6666666666666665,1
330142,10,2,1854.0,145913.0,77304.0,223217.0,11600.0,92.85232945091514,383.0,1695.0,154.0,172.0,0.3463177087766613,22321.7,185.4,2
330143,1,1,7.0,243.0,11.0,254.0,94.0,36.285714285714285,0.0,7.0,0.0,0.0,0.04330708661417323,254.0,7.0,1
330144,1,1,6.0,1007.0,69.0,1076.0,537.0,179.33333333333334,3.0,3.0,0.0,0.0,0.06412639405204461,1076.0,6.0,1
330145,2,1,2.0,121.0,25.0,146.0,52.0,36.5,0.0,4.0,0.0,0.0,0.17123287671232876,73.0,1.0,1
330146,10,1,320.0,9611.0,32497.0,42108.0,2450.0,123.12280701754386,29.0,196.0,115.0,2.0,0.7717535860169089,4210.8,32.0,1
330150,2,1,2.0,75.0,11.0,86.0,47.0,21.5,0.0,4.0,0.0,0.0,0.12790697674418605,43.0,1.0,1
330151,7,2,565.0,36878.0,17956.0,54834.0,11600.0,79.23988439306359,63.0,622.0,5.0,2.0,0.32746106430316957,7833.428571428572,80.71428571428571,2
330158,1,1,1.0,0.0,6.0,6.0,6.0,6.0,0.0,1.0,0.0,0.0,1.0,6.0,1.0,1
330160,2,1,34.0,348.0,34.0,382.0,169.0,10.324324324324325,4.0,33.0,0.0,0.0,0.08900523560209424,191.0,17.0,1
330161,2,1,2.0,189.0,28.0,217.0,108.0,72.33333333333333,0.0,3.0,0.0,0.0,0.12903225806451613,108.5,1.0,1
330163,1,1,1.0,14.0,0.0,14.0,14.0,14.0,0.0,1.0,0.0,0.0,0.0,14.0,1.0,1
330165,3,1,284.0,18706.0,12069.0,30775.0,11600.0,107.6048951048951,16.0,268.0,2.0,0.0,0.3921689683184403,10258.333333333334,94.66666666666667,1
330166,2,1,3.0,61.0,6.0,67.0,49.0,16.75,0.0,4.0,0.0,0.0,0.08955223880597014,33.5,1.5,1
330167,2,1,2.0,21.0,6.0,27.0,11.0,9.0,0.0,3.0,0.0,0.0,0.2222222222222222,13.5,1.0,1
330169,3,1,12.0,1127.0,99.0,1226.0,537.0,94.3076923076923,3.0,10.0,0.0,0.0,0.08075040783034258,408.6666666666667,4.0,1
330171,1,1,3.0,155.0,23.0,178.0,131.0,59.333333333333336,1.0,2.0,0.0,0.0,0.12921348314606743,178.0,3.0,1
330172,3,1,3.0,619.0,91.0,710.0,238.0,101.42857142857143,0.0,7.0,0.0,0.0,0.12816901408450704,236.66666666666666,1.0,1
330175,3,1,17.0,121.0,689.0,810.0,149.0,35.21739130434783,0.0,23.0,0.0,0.0,0.8506172839506173,270.0,5.666666666666667,1
330176,2,1,4.0,161.0,3.0,164.0,93.0,32.8,1.0,4.0,0.0,0.0,0.018292682926829267,82.0,2.0,1
330178,2,1,4.0,202.0,34.0,236.0,82.0,39.333333333333336,0.0,6.0,0.0,0.0,0.1440677966101695,118.0,2.0,1
330180,1,1,17.0,104.0,672.0,776.0,186.0,45.64705882352941,0.0,17.0,0.0,0.0,0.865979381443299,776.0,17.0,1
330186,6,1,8.0,88.0,26.0,114.0,23.0,5.7,0.0,20.0,0.0,0.0,0.22807017543859648,19.0,1.3333333333333333,1
330189,1,1,1.0,2.0,1.0,3.0,3.0,3.0,0.0,1.0,0.0,0.0,0.3333333333333333,3.0,1.0,1
330190,2,1,2.0,94.0,5.0,99.0,68.0,24.75,1.0,3.0,0.0,0.0,0.050505050505050504,49.5,1.0,1
330191,13,2,1265.0,108883.0,60679.0,169562.0,11600.0,112.44164456233422,302.0,1066.0,138.0,2.0,0.35785730293344026,13043.23076923077,97.3076923076923,2
330193,1,1,29.0,10536.0,9789.0,20325.0,11600.0,700.8620689655172,0.0,29.0,0.0,0.0,0.48162361623616234,20325.0,29.0,1
330194,1,1,5.0,18.0,9.0,27.0,16.0,5.4,0.0,5.0,0.0,0.0,0.3333333333333333,27.0,5.0,1
330197,9,2,430.0,11272.0,39387.0,50659.0,4416.0,114.6131221719457,32.0,292.0,116.0,2.0,0.7774926469136777,5628.777777777777,47.77777777777778,2
330198,1,1,4.0,101.0,18.0,119.0,63.0,29.75,1.0,3.0,0.0,0.0,0.15126050420168066,119.0,4.0,1
330199,1,1,2.0,42.0,2.0,44.0,38.0,22.0,0.0,2.0,0.0,0.0,0.045454545454545456,44.0,2.0,1
330200,1,1,1.0,2.0,2.0,4.0,4.0,4.0,0.0,1.0,0.0,0.0,0.5,4.0,1.0,1
330203,2,1,171.0,5316.0,1092.0,6408.0,930.0,37.473684210526315,12.0,159.0,0.0,0.0,0.1704119850187266,3204.0,85.5,1
330205,1,1,4.0,16.0,9.0,25.0,19.0,6.25,0.0,4.0,0.0,0.0,0.36,25.0,4.0,1
330207,10,1,14.0,2370.0,464.0,2834.0,1147.0,128.8181818181818,3.0,19.0,0.0,0.0,0.16372618207480594,283.4,1.4,1
330209,1,1,1.0,39.0,0.0,39.0,39.0,39.0,0.0,1.0,0.0,0.0,0.0,39.0,1.0,1
330210,1,1,2.0,156.0,5.0,161.0,152.0,80.5,1.0,1.0,0.0,0.0,0.031055900621118012,161.0,2.0,1
330211,3,1,310.0,15316.0,3281.0,18597.0,752.0,59.99032258064516,54.0,250.0,5.0,1.0,0.17642630531806205,6199.0,103.33333333333333,1
330213,1,1,8.0,78.0,16.0,94.0,27.0,11.75,0.0,8.0,0.0,0.0,0.1702127659574468,94.0,8.0,1
330215,2,1,2.0,96.0,5.0,101.0,82.0,33.666666666666664,0.0,3.0,0.0,0.0,0.04950495049504951,50.5,1.0,1
330216,1,1,12.0,36.0,12.0,48.0,4.0,4.0,0.0,12.0,0.0,0.0,0.25,48.0,12.0,1
330218,1,1,3.0,28.0,1.0,29.0,12.0,9.666666666666666,1.0,2.0,0.0,0.0,0.034482758620689655,29.0,3.0,1
330220,3,1,28.0,251.0,57.0,308.0,64.0,9.935483870967742,0.0,31.0,0.0,0.0,0.18506493506493507,102.66666666666667,9.333333333333334,1
330222,2,1,2.0,43.0,0.0,43.0,42.0,21.5,1.0,1.0,0.0,0.0,0.0,21.5,1.0,1
330223,39,1,1562.0,148240.0,46319.0,194559.0,11600.0,75.55689320388349,264.0,2284.0,18.0,9.0,0.23807174173386994,4988.692307692308,40.05128205128205,1
330224,1,1,2.0,76.0,2.0,78.0,59.0,39.0,0.0,2.0,0.0,0.0,0.02564102564102564,78.0,2.0,1
330227,1,1,4.0,30.0,2.0,32.0,25.0,8.0,0.0,4.0,0.0,0.0,0.0625,32.0,4.0,1
330228,1,1,4.0,74.0,74.0,148.0,72.0,37.0,0.0,4.0,0.0,0.0,0.5,148.0,4.0,1
330232,4,1,6.0,1159.0,165.0,1324.0,329.0,101.84615384615384,2.0,11.0,0.0,0.0,0.12462235649546828,331.0,1.5,1
330233,1,1,0.0,0.0,0.0,0.0,0.0,0.0,0.0,0.0,0.0,0.0,0.0,0.0,0.0,1
330236,3,1,148.0,5066.0,1084.0,6150.0,930.0,40.46052631578947,10.0,142.0,0.0,0.0,0.17626016260162602,2050.0,49.333333333333336,1
330238,2,1,5.0,120.0,12.0,132.0,72.0,16.5,0.0,8.0,0.0,0.0,0.09090909090909091,66.0,2.5,1
330240,3,3,341.0,17633.0,4388.0,22021.0,1530.0,61.0,48.0,308.0,3.0,2.0,0.1992643385858953,7340.333333333333,113.66666666666667,3
330241,3,3,340.0,17583.0,4385.0,21968.0,1530.0,61.022222222222226,47.0,308.0,3.0,2.0,0.19960852148579752,7322.666666666667,113.33333333333333,3
330242,2,1,40.0,1371.0,107.0,1478.0,264.0,30.791666666666668,4.0,44.0,0.0,0.0,0.07239512855209743,739.0,20.0,1
330244,3,1,10.0,97.0,596.0,693.0,279.0,63.0,0.0,9.0,2.0,0.0,0.86002886002886,231.0,3.3333333333333335,1
330247,6,1,155.0,19355.0,7401.0,26756.0,3143.0,155.5581395348837,13.0,158.0,1.0,0.0,0.27661085364030497,4459.333333333333,25.833333333333332,1
330249,2,1,2.0,176.0,56.0,232.0,84.0,58.0,0.0,4.0,0.0,0.0,0.2413793103448276,116.0,1.0,1
330252,2,1,2.0,8.0,3.0,11.0,5.0,3.6666666666666665,0.0,3.0,0.0,0.0,0.2727272727272727,5.5,1.0,1
330253,1,1,3.0,82.0,12.0,94.0,86.0,31.333333333333332,0.0,3.0,0.0,0.0,0.1276595744680851,94.0,3.0,1
330256,1,1,2.0,56.0,10.0,66.0,46.0,33.0,0.0,2.0,0.0,0.0,0.15151515151515152,66.0,2.0,1
330257,1,1,12.0,104.0,20.0,124.0,26.0,10.333333333333334,0.0,12.0,0.0,0.0,0.16129032258064516,124.0,12.0,1
330259,1,1,1.0,2.0,1.0,3.0,3.0,3.0,0.0,1.0,0.0,0.0,0.3333333333333333,3.0,1.0,1
330261,6,2,108.0,2256.0,892.0,3148.0,930.0,28.36036036036036,3.0,108.0,0.0,0.0,0.2833545108005083,524.6666666666666,18.0,2
330266,1,1,4.0,32.0,14.0,46.0,29.0,11.5,0.0,4.0,0.0,0.0,0.30434782608695654,46.0,4.0,1
330269,1,1,2.0,8.0,2.0,10.0,6.0,5.0,0.0,2.0,0.0,0.0,0.2,10.0,2.0,1
330270,1,1,22.0,268.0,74.0,342.0,68.0,15.545454545454545,0.0,22.0,0.0,0.0,0.21637426900584794,342.0,22.0,1
330275,7,3,355.0,13190.0,2769.0,15959.0,930.0,41.559895833333336,32.0,352.0,0.0,0.0,0.1735071119744345,2279.8571428571427,50.714285714285715,3
330278,2,1,4.0,5.0,1.0,6.0,3.0,1.5,0.0,4.0,0.0,0.0,0.16666666666666666,3.0,2.0,1
330279,3,1,36.0,822.0,302.0,1124.0,494.0,29.57894736842105,2.0,36.0,0.0,0.0,0.26868327402135234,374.6666666666667,12.0,1
330282,1,1,3.0,14.0,250.0,264.0,149.0,88.0,0.0,3.0,0.0,0.0,0.946969696969697,264.0,3.0,1
330283,2,1,2.0,18.0,23.0,41.0,20.0,13.666666666666666,0.0,3.0,0.0,0.0,0.5609756097560976,20.5,1.0,1
330284,2,1,8.0,381.0,46.0,427.0,138.0,35.583333333333336,0.0,12.0,0.0,0.0,0.10772833723653395,213.5,4.0,1
330285,4,1,7.0,189.0,33.0,222.0,57.0,22.2,0.0,10.0,0.0,0.0,0.14864864864864866,55.5,1.75,1
330289,7,1,24.0,177.0,135.0,312.0,28.0,6.0,0.0,52.0,0.0,0.0,0.4326923076923077,44.57142857142857,3.4285714285714284,1
330291,2,1,3.0,22.0,1.0,23.0,11.0,7.666666666666667,0.0,3.0,0.0,0.0,0.043478260869565216,11.5,1.5,1
330293,2,1,4.0,56.0,7.0,63.0,33.0,12.6,0.0,5.0,0.0,0.0,0.1111111111111111,31.5,2.0,1
330294,1,1,1.0,5.0,0.0,5.0,5.0,5.0,0.0,1.0,0.0,0.0,0.0,5.0,1.0,1
330296,1,1,3.0,11.0,11.0,22.0,16.0,7.333333333333333,0.0,3.0,0.0,0.0,0.5,22.0,3.0,1
330297,2,1,9.0,160.0,33.0,193.0,69.0,16.083333333333332,0.0,12.0,0.0,0.0,0.17098445595854922,96.5,4.5,1
330298,2,2,301.0,21151.0,8280.0,29431.0,2904.0,97.77740863787375,39.0,258.0,4.0,0.0,0.28133600625191124,14715.5,150.5,2
330299,1,1,2.0,28.0,2.0,30.0,27.0,15.0,1.0,1.0,0.0,0.0,0.06666666666666667,30.0,2.0,1
330302,6,1,228.0,4667.0,1775.0,6442.0,930.0,26.841666666666665,14.0,226.0,0.0,0.0,0.27553554796647006,1073.6666666666667,38.0,1
330303,1,1,1.0,17.0,10.0,27.0,27.0,27.0,0.0,1.0,0.0,0.0,0.37037037037037035,27.0,1.0,1
330308,9,5,62.0,1683.0,320.0,2003.0,247.0,29.895522388059703,4.0,63.0,0.0,0.0,0.1597603594608088,222.55555555555554,6.888888888888889,5
330317,3,2,301.0,19574.0,15281.0,34855.0,11600.0,115.41390728476821,16.0,284.0,2.0,0.0,0.43841629608377564,11618.333333333334,100.33333333333333,2
330318,2,1,5.0,263.0,33.0,296.0,139.0,59.2,1.0,4.0,0.0,0.0,0.11148648648648649,148.0,2.5,1
330320,14,2,243.0,14534.0,4300.0,18834.0,2504.0,69.75555555555556,26.0,242.0,2.0,0.0,0.228310502283105,1345.2857142857142,17.357142857142858,2
330323,3,1,130.0,5742.0,1145.0,6887.0,404.0,52.17424242424242,15.0,117.0,0.0,0.0,0.16625526354000292,2295.6666666666665,43.333333333333336,1
330325,1,1,2.0,4.0,4.0,8.0,6.0,4.0,0.0,2.0,0.0,0.0,0.5,8.0,2.0,1
330329,3,1,5.0,127.0,17.0,144.0,42.0,16.0,0.0,9.0,0.0,0.0,0.11805555555555555,48.0,1.6666666666666667,1
330330,1,1,2.0,4.0,4.0,8.0,6.0,4.0,0.0,2.0,0.0,0.0,0.5,8.0,2.0,1
330332,2,1,6.0,311.0,33.0,344.0,109.0,43.0,0.0,8.0,0.0,0.0,0.09593023255813954,172.0,3.0,1
330333,1,1,0.0,0.0,0.0,0.0,0.0,0.0,0.0,0.0,0.0,0.0,0.0,0.0,0.0,1
330334,2,1,299.0,8133.0,2063.0,10196.0,930.0,34.10033444816054,19.0,280.0,0.0,0.0,0.2023342487249902,5098.0,149.5,1
330335,3,1,15.0,672.0,52.0,724.0,176.0,36.2,2.0,18.0,0.0,0.0,0.0718232044198895,241.33333333333334,5.0,1
330336,2,1,3.0,380.0,63.0,443.0,200.0,88.6,1.0,4.0,0.0,0.0,0.14221218961625282,221.5,1.5,1
330338,6,1,6.0,1181.0,124.0,1305.0,444.0,76.76470588235294,1.0,16.0,0.0,0.0,0.0950191570881226,217.5,1.0,1
330339,2,2,302.0,27040.0,9659.0,36699.0,3137.0,121.11881188118812,28.0,272.0,3.0,0.0,0.263195182430039,18349.5,151.0,2
330340,3,1,27.0,2237.0,174.0,2411.0,576.0,68.88571428571429,11.0,24.0,0.0,0.0,0.07216922438822065,803.6666666666666,9.0,1
330341,4,1,303.0,24907.0,7594.0,32501.0,3191.0,103.8370607028754,43.0,265.0,5.0,0.0,0.23365434909695088,8125.25,75.75,1
330344,4,2,1.0,16.0,6.0,22.0,10.0,5.5,0.0,4.0,0.0,0.0,0.2727272727272727,5.5,0.25,2
330345,2,2,2.0,85.0,3.0,88.0,77.0,44.0,0.0,2.0,0.0,0.0,0.03409090909090909,44.0,1.0,2
330346,3,2,2.0,118.0,8.0,126.0,88.0,31.5,0.0,4.0,0.0,0.0,0.06349206349206349,42.0,0.6666666666666666,2
330347,2,2,2.0,24.0,5.0,29.0,13.0,9.666666666666666,0.0,3.0,0.0,0.0,0.1724137931034483,14.5,1.0,2
330348,2,2,1.0,8.0,6.0,14.0,9.0,7.0,0.0,2.0,0.0,0.0,0.42857142857142855,7.0,0.5,2
330349,6,1,23.0,747.0,85.0,832.0,77.0,18.90909090909091,4.0,40.0,0.0,0.0,0.10216346153846154,138.66666666666666,3.8333333333333335,1
330350,1,1,22.0,1001.0,87.0,1088.0,247.0,49.45454545454545,3.0,19.0,0.0,0.0,0.07996323529411764,1088.0,22.0,1
330353,4,1,18.0,405.0,101.0,506.0,47.0,20.24,1.0,24.0,0.0,0.0,0.19960474308300397,126.5,4.5,1
330354,6,2,572.0,54617.0,14654.0,69271.0,3452.0,109.95396825396826,101.0,519.0,9.0,1.0,0.21154595718265942,11545.166666666666,95.33333333333333,2
330355,3,1,4.0,573.0,133.0,706.0,376.0,88.25,0.0,8.0,0.0,0.0,0.18838526912181303,235.33333333333334,1.3333333333333333,1
330357,1,1,2.0,49.0,2.0,51.0,43.0,25.5,0.0,2.0,0.0,0.0,0.0392156862745098,51.0,2.0,1
330358,1,1,29.0,185.0,123.0,308.0,72.0,10.620689655172415,1.0,28.0,0.0,0.0,0.39935064935064934,308.0,29.0,1
330359,3,1,19.0,1338.0,263.0,1601.0,364.0,84.26315789473684,0.0,19.0,0.0,0.0,0.16427232979387882,533.6666666666666,6.333333333333333,1
330360,4,2,474.0,25676.0,8908.0,34584.0,2034.0,71.9002079002079,76.0,398.0,6.0,1.0,0.25757575757575757,8646.0,118.5,2
330361,3,1,92.0,6039.0,911.0,6950.0,628.0,74.73118279569893,11.0,82.0,0.0,0.0,0.13107913669064747,2316.6666666666665,30.666666666666668,1
330362,1,1,5.0,151.0,69.0,220.0,102.0,44.0,0.0,5.0,0.0,0.0,0.31363636363636366,220.0,5.0,1
330365,1,1,2.0,15.0,16.0,31.0,29.0,15.5,0.0,2.0,0.0,0.0,0.5161290322580645,31.0,2.0,1
330367,13,1,469.0,36629.0,12606.0,49235.0,3538.0,76.21517027863777,117.0,509.0,19.0,1.0,0.25603737178836194,3787.3076923076924,36.07692307692308,1
330369,3,1,301.0,19486.0,15081.0,34567.0,11600.0,111.14790996784566,19.0,290.0,2.0,0.0,0.43628316023953484,11522.333333333334,100.33333333333333,1
330370,3,1,77.0,2951.0,965.0,3916.0,364.0,50.205128205128204,6.0,70.0,2.0,0.0,0.24642492339121552,1305.3333333333333,25.666666666666668,1
330372,5,1,316.0,26834.0,9743.0,36577.0,3137.0,111.85626911314985,24.0,298.0,5.0,0.0,0.26636957650982857,7315.4,63.2,1
330373,1,1,4.0,49.0,18.0,67.0,21.0,16.75,0.0,4.0,0.0,0.0,0.26865671641791045,67.0,4.0,1
330375,3,1,125.0,5299.0,1947.0,7246.0,475.0,55.31297709923664,6.0,123.0,2.0,0.0,0.26869997239856475,2415.3333333333335,41.666666666666664,1
330376,1,1,5.0,179.0,18.0,197.0,75.0,39.4,0.0,5.0,0.0,0.0,0.09137055837563451,197.0,5.0,1
330378,1,1,21.0,1610.0,451.0,2061.0,475.0,98.14285714285714,0.0,21.0,0.0,0.0,0.2188258127122756,2061.0,21.0,1
330382,8,1,371.0,29899.0,9413.0,39312.0,3137.0,96.58968058968058,32.0,372.0,3.0,0.0,0.23944342694342693,4914.0,46.375,1
330389,5,1,317.0,21092.0,12283.0,33375.0,11600.0,100.22522522522523,19.0,311.0,3.0,0.0,0.36802996254681647,6675.0,63.4,1
330392,3,1,200.0,21999.0,7564.0,29563.0,3143.0,144.91666666666666,17.0,186.0,1.0,0.0,0.2558603659980381,9854.333333333334,66.66666666666667,1
330393,1,1,4.0,82.0,21.0,103.0,94.0,25.75,0.0,4.0,0.0,0.0,0.20388349514563106,103.0,4.0,1
330399,2,1,179.0,9730.0,2014.0,11744.0,585.0,63.82608695652174,20.0,160.0,4.0,0.0,0.17149182561307902,5872.0,89.5,1
330401,1,1,2.0,29.0,12.0,41.0,24.0,20.5,0.0,2.0,0.0,0.0,0.2926829268292683,41.0,2.0,1
330404,3,1,264.0,21766.0,7839.0,29605.0,3143.0,111.296992481203,17.0,246.0,3.0,0.0,0.26478635365647696,9868.333333333334,88.0,1
330405,1,1,2.0,39.0,0.0,39.0,28.0,19.5,0.0,2.0,0.0,0.0,0.0,39.0,2.0,1
330406,1,1,2.0,2.0,1.0,3.0,2.0,1.5,0.0,2.0,0.0,0.0,0.3333333333333333,3.0,2.0,1
330407,1,1,2.0,16.0,1.0,17.0,14.0,8.5,0.0,2.0,0.0,0.0,0.058823529411764705,17.0,2.0,1
330413,1,1,2.0,21.0,1.0,22.0,17.0,11.0,0.0,2.0,0.0,0.0,0.045454545454545456,22.0,2.0,1
330421,1,1,2.0,42.0,8.0,50.0,36.0,25.0,0.0,2.0,0.0,0.0,0.16,50.0,2.0,1
330422,1,1,2.0,43.0,2.0,45.0,36.0,22.5,0.0,2.0,0.0,0.0,0.044444444444444446,45.0,2.0,1
330423,1,1,5.0,113.0,23.0,136.0,51.0,27.2,0.0,5.0,0.0,0.0,0.16911764705882354,136.0,5.0,1
330424,1,1,2.0,40.0,13.0,53.0,29.0,26.5,0.0,2.0,0.0,0.0,0.24528301886792453,53.0,2.0,1
330426,2,1,4.0,45.0,5.0,50.0,31.0,12.5,0.0,4.0,0.0,0.0,0.1,25.0,2.0,1
330428,11,1,167.0,19409.0,7545.0,26954.0,3143.0,132.7783251231527,13.0,189.0,1.0,0.0,0.27992134748089337,2450.3636363636365,15.181818181818182,1
330430,1,1,1.0,2.0,1.0,3.0,3.0,3.0,0.0,1.0,0.0,0.0,0.3333333333333333,3.0,1.0,1
330432,1,1,12.0,42.0,0.0,42.0,4.0,3.5,0.0,12.0,0.0,0.0,0.0,42.0,12.0,1
330435,1,1,1.0,1.0,1.0,2.0,2.0,2.0,0.0,1.0,0.0,0.0,0.5,2.0,1.0,1
330438,2,1,2.0,1.0,2.0,3.0,2.0,1.5,0.0,2.0,0.0,0.0,0.6666666666666666,1.5,1.0,1
330439,4,1,555.0,46548.0,23258.0,69806.0,11600.0,112.9546925566343,59.0,552.0,5.0,2.0,0.3331805288943644,17451.5,138.75,1
330441,2,1,3.0,7.0,20.0,27.0,17.0,9.0,0.0,3.0,0.0,0.0,0.7407407407407407,13.5,1.5,1
330443,3,1,30.0,486.0,145.0,631.0,130.0,21.033333333333335,1.0,29.0,0.0,0.0,0.22979397781299524,210.33333333333334,10.0,1
330445,1,1,1.0,2.0,1.0,3.0,3.0,3.0,0.0,1.0,0.0,0.0,0.3333333333333333,3.0,1.0,1
330448,4,1,502.0,38419.0,13814.0,52233.0,3143.0,93.94424460431655,47.0,500.0,7.0,2.0,0.26446882239197445,13058.25,125.5,1
330450,1,1,1.0,2.0,1.0,3.0,3.0,3.0,0.0,1.0,0.0,0.0,0.3333333333333333,3.0,1.0,1
330453,2,1,4.0,295.0,39.0,334.0,165.0,55.666666666666664,2.0,4.0,0.0,0.0,0.11676646706586827,167.0,2.0,1
330454,1,1,1.0,1.0,1.0,2.0,2.0,2.0,0.0,1.0,0.0,0.0,0.5,2.0,1.0,1
330455,5,1,274.0,21899.0,7876.0,29775.0,3143.0,99.91610738255034,17.0,278.0,3.0,0.0,0.2645172124265323,5955.0,54.8,1
330457,1,1,1.0,2.0,1.0,3.0,3.0,3.0,0.0,1.0,0.0,0.0,0.3333333333333333,3.0,1.0,1
330458,1,1,2.0,0.0,10.0,10.0,7.0,5.0,0.0,2.0,0.0,0.0,1.0,10.0,2.0,1
330461,1,1,1.0,2.0,1.0,3.0,3.0,3.0,0.0,1.0,0.0,0.0,0.3333333333333333,3.0,1.0,1
330462,1,1,2.0,53.0,7.0,60.0,42.0,30.0,0.0,2.0,0.0,0.0,0.11666666666666667,60.0,2.0,1
330463,16,1,371.0,29393.0,15545.0,44938.0,2504.0,93.81628392484342,55.0,403.0,17.0,4.0,0.34592104677555746,2808.625,23.1875,1
330465,2,1,2.0,64.0,17.0,81.0,44.0,20.25,0.0,4.0,0.0,0.0,0.20987654320987653,40.5,1.0,1
330471,4,1,313.0,24410.0,9240.0,33650.0,3164.0,105.4858934169279,21.0,295.0,3.0,0.0,0.274591381872214,8412.5,78.25,1
330472,4,1,5.0,92.0,49.0,141.0,26.0,14.1,0.0,10.0,0.0,0.0,0.3475177304964539,35.25,1.25,1
330476,11,1,587.0,42624.0,15028.0,57652.0,3144.0,81.66005665722379,58.0,638.0,7.0,3.0,0.26066745299382504,5241.090909090909,53.36363636363637,1
330478,1,1,2.0,8.0,2.0,10.0,8.0,5.0,0.0,2.0,0.0,0.0,0.2,10.0,2.0,1
330480,7,1,387.0,31660.0,10863.0,42523.0,3143.0,97.52981651376147,35.0,398.0,3.0,0.0,0.25546175011170424,6074.714285714285,55.285714285714285,1
330482,1,1,10.0,290.0,43.0,333.0,191.0,33.3,0.0,10.0,0.0,0.0,0.12912912912912913,333.0,10.0,1
330484,6,1,552.0,44202.0,16389.0,60591.0,3137.0,97.88529886914378,57.0,553.0,8.0,1.0,0.2704857157003515,10098.5,92.0,1
330486,1,1,1.0,7.0,1.0,8.0,8.0,8.0,0.0,1.0,0.0,0.0,0.125,8.0,1.0,1
330492,7,1,478.0,30114.0,9501.0,39615.0,2504.0,75.74569789674952,40.0,477.0,5.0,1.0,0.23983339644074214,5659.285714285715,68.28571428571429,1
330493,5,1,82.0,3056.0,878.0,3934.0,600.0,46.28235294117647,3.0,82.0,0.0,0.0,0.22318251143873918,786.8,16.4,1
330494,1,1,2.0,19.0,6.0,25.0,21.0,12.5,0.0,2.0,0.0,0.0,0.24,25.0,2.0,1
330495,5,1,77.0,2743.0,732.0,3475.0,600.0,44.55128205128205,3.0,75.0,0.0,0.0,0.2106474820143885,695.0,15.4,1
330498,3,1,6.0,49.0,19.0,68.0,18.0,9.714285714285714,0.0,7.0,0.0,0.0,0.27941176470588236,22.666666666666668,2.0,1
330499,4,1,78.0,3005.0,835.0,3840.0,600.0,46.829268292682926,4.0,78.0,0.0,0.0,0.21744791666666666,960.0,19.5,1
330500,3,1,15.0,1216.0,109.0,1325.0,600.0,88.33333333333333,1.0,14.0,0.0,0.0,0.08226415094339623,441.6666666666667,5.0,1
330501,1,1,1.0,3.0,6.0,9.0,9.0,9.0,0.0,1.0,0.0,0.0,0.6666666666666666,9.0,1.0,1
330503,7,2,427.0,24398.0,8999.0,33397.0,2504.0,67.46868686868687,52.0,433.0,7.0,3.0,0.26945534030002694,4771.0,61.0,2
330508,5,1,33.0,1606.0,188.0,1794.0,600.0,54.36363636363637,1.0,32.0,0.0,0.0,0.10479375696767002,358.8,6.6,1
330509,2,1,56.0,2319.0,634.0,2953.0,600.0,52.732142857142854,3.0,53.0,0.0,0.0,0.21469691838807992,1476.5,28.0,1
330510,4,1,333.0,27292.0,9398.0,36690.0,3137.0,107.91176470588235,24.0,313.0,3.0,0.0,0.25614608885254836,9172.5,83.25,1
330513,6,1,197.0,5564.0,2153.0,7717.0,600.0,38.01477832512315,8.0,193.0,2.0,0.0,0.2789944278864844,1286.1666666666667,32.833333333333336,1
330514,5,1,312.0,17992.0,6936.0,24928.0,2034.0,76.23241590214067,32.0,291.0,3.0,1.0,0.27824133504492937,4985.6,62.4,1
330515,3,1,302.0,22691.0,8548.0,31239.0,3137.0,101.42532467532467,17.0,288.0,3.0,0.0,0.2736323185761388,10413.0,100.66666666666667,1
330516,3,1,305.0,22909.0,8522.0,31431.0,3137.0,102.38110749185668,18.0,286.0,3.0,0.0,0.27113359422226463,10477.0,101.66666666666667,1
330517,1,1,1.0,1.0,1.0,2.0,2.0,2.0,0.0,1.0,0.0,0.0,0.5,2.0,1.0,1
330522,2,1,2.0,180.0,12.0,192.0,167.0,64.0,0.0,3.0,0.0,0.0,0.0625,96.0,1.0,1
330527,1,1,2.0,123.0,4.0,127.0,117.0,63.5,0.0,2.0,0.0,0.0,0.031496062992125984,127.0,2.0,1
330529,23,1,573.0,20963.0,40978.0,61941.0,2450.0,85.55386740331491,42.0,562.0,118.0,2.0,0.6615650376971635,2693.086956521739,24.91304347826087,1
330532,1,1,2.0,48.0,3.0,51.0,39.0,25.5,0.0,2.0,0.0,0.0,0.058823529411764705,51.0,2.0,1
330533,1,1,1.0,0.0,1310.0,1310.0,1310.0,1310.0,0.0,1.0,0.0,0.0,1.0,1310.0,1.0,1
330534,1,1,1.0,4.0,4.0,8.0,8.0,8.0,0.0,1.0,0.0,0.0,0.5,8.0,1.0,1
330536,2,1,8.0,199.0,37.0,236.0,105.0,29.5,0.0,8.0,0.0,0.0,0.15677966101694915,118.0,4.0,1
330537,3,1,7.0,279.0,44.0,323.0,165.0,32.3,1.0,9.0,0.0,0.0,0.13622291021671826,107.66666666666667,2.3333333333333335,1
330538,2,1,1.0,13.0,4.0,17.0,13.0,8.5,0.0,2.0,0.0,0.0,0.23529411764705882,8.5,0.5,1
330539,10,1,317.0,25281.0,6870.0,32151.0,2504.0,95.40356083086053,45.0,289.0,2.0,1.0,0.21367920126901185,3215.1,31.7,1
330540,2,1,219.0,13097.0,3811.0,16908.0,2504.0,77.20547945205479,21.0,198.0,0.0,0.0,0.22539626212443814,8454.0,109.5,1
330541,1,1,6.0,305.0,10.0,315.0,157.0,52.5,0.0,6.0,0.0,0.0,0.031746031746031744,315.0,6.0,1
330542,5,1,79.0,3837.0,1136.0,4973.0,486.0,54.05434782608695,9.0,83.0,0.0,0.0,0.22843354112205913,994.6,15.8,1
330543,2,1,6.0,33.0,4.0,37.0,19.0,4.625,0.0,8.0,0.0,0.0,0.10810810810810811,18.5,3.0,1
330545,2,1,2.0,128.0,5.0,133.0,76.0,44.333333333333336,1.0,2.0,0.0,0.0,0.03759398496240601,66.5,1.0,1
330547,1,1,5.0,195.0,4.0,199.0,87.0,39.8,0.0,5.0,0.0,0.0,0.020100502512562814,199.0,5.0,1
330548,5,1,67.0,4053.0,1057.0,5110.0,486.0,65.51282051282051,10.0,68.0,0.0,0.0,0.20684931506849316,1022.0,13.4,1
330550,1,1,11.0,1986.0,1036.0,3022.0,2504.0,274.72727272727275,3.0,8.0,0.0,0.0,0.342819324950364,3022.0,11.0,1
330552,2,2,1.0,12.0,10.0,22.0,13.0,11.0,0.0,2.0,0.0,0.0,0.45454545454545453,11.0,0.5,2
330553,5,1,33.0,993.0,538.0,1531.0,416.0,30.019607843137255,3.0,48.0,0.0,0.0,0.3514043109079033,306.2,6.6,1
330554,2,2,309.0,22513.0,6082.0,28595.0,2504.0,91.65064102564102,43.0,268.0,1.0,0.0,0.21269452701521244,14297.5,154.5,2
330556,3,1,87.0,4050.0,902.0,4952.0,600.0,49.02970297029703,3.0,98.0,0.0,0.0,0.1821486268174475,1650.6666666666667,29.0,1
330558,1,1,4.0,91.0,12.0,103.0,41.0,25.75,0.0,4.0,0.0,0.0,0.11650485436893204,103.0,4.0,1
330560,2,1,85.0,4837.0,1857.0,6694.0,486.0,77.83720930232558,14.0,72.0,0.0,0.0,0.2774126083059456,3347.0,42.5,1
330563,3,1,1.0,17.0,7.0,24.0,13.0,8.0,0.0,3.0,0.0,0.0,0.2916666666666667,8.0,0.3333333333333333,1
330564,1,1,1.0,3.0,2.0,5.0,5.0,5.0,0.0,1.0,0.0,0.0,0.4,5.0,1.0,1
330565,4,1,366.0,28922.0,9428.0,38350.0,2504.0,96.35678391959799,48.0,347.0,3.0,0.0,0.24584093872229465,9587.5,91.5,1
330566,17,1,968.0,60356.0,54693.0,115049.0,3123.0,92.40883534136546,107.0,1008.0,125.0,5.0,0.47538874740328035,6767.588235294118,56.94117647058823,1
330567,4,1,335.0,22064.0,5819.0,27883.0,2504.0,76.3917808219178,38.0,325.0,2.0,0.0,0.20869346913890183,6970.75,83.75,1
330568,4,1,3.0,170.0,189.0,359.0,163.0,44.875,0.0,8.0,0.0,0.0,0.5264623955431755,89.75,0.75,1
330569,9,1,205.0,11831.0,5024.0,16855.0,2504.0,73.60262008733625,17.0,207.0,4.0,1.0,0.2980717887867102,1872.7777777777778,22.77777777777778,1
330570,4,2,304.0,19188.0,5916.0,25104.0,1508.0,81.77198697068404,38.0,261.0,7.0,1.0,0.23565965583173995,6276.0,76.0,2
330573,5,1,333.0,26634.0,22524.0,49158.0,11600.0,138.08426966292134,23.0,323.0,9.0,1.0,0.4581960209935311,9831.6,66.6,1
330574,2,1,6.0,139.0,54.0,193.0,52.0,21.444444444444443,0.0,9.0,0.0,0.0,0.27979274611398963,96.5,3.0,1
330575,2,1,6.0,208.0,82.0,290.0,93.0,48.333333333333336,0.0,6.0,0.0,0.0,0.2827586206896552,145.0,3.0,1
330576,6,1,17.0,1467.0,285.0,1752.0,180.0,53.09090909090909,4.0,29.0,0.0,0.0,0.16267123287671234,292.0,2.8333333333333335,1
330577,13,1,311.0,16862.0,6528.0,23390.0,2504.0,69.82089552238806,36.0,289.0,7.0,3.0,0.27909362975630614,1799.2307692307693,23.923076923076923,1
330581,2,1,1.0,14.0,8.0,22.0,14.0,11.0,0.0,2.0,0.0,0.0,0.36363636363636365,11.0,0.5,1
330585,2,1,5.0,272.0,19.0,291.0,94.0,41.57142857142857,1.0,6.0,0.0,0.0,0.06529209621993128,145.5,2.5,1
330590,2,1,4.0,6.0,139.0,145.0,102.0,36.25,0.0,4.0,0.0,0.0,0.9586206896551724,72.5,2.0,1
330593,1,1,31.0,3561.0,224.0,3785.0,576.0,122.09677419354838,1.0,30.0,0.0,0.0,0.05918097754293263,3785.0,31.0,1
330601,52,3,2348.0,240172.0,142628.0,382800.0,13437.0,91.73256649892164,577.0,3385.0,157.0,54.0,0.3725914315569488,7361.538461538462,45.15384615384615,3
330602,1,1,5.0,195.0,7.0,202.0,100.0,40.4,1.0,4.0,0.0,0.0,0.034653465346534656,202.0,5.0,1
330603,2,1,8.0,201.0,30.0,231.0,63.0,23.1,0.0,10.0,0.0,0.0,0.12987012987012986,115.5,4.0,1
330606,1,1,2.0,31.0,23.0,54.0,52.0,27.0,0.0,2.0,0.0,0.0,0.42592592592592593,54.0,2.0,1
330609,1,1,1.0,9.0,5.0,14.0,14.0,14.0,0.0,1.0,0.0,0.0,0.35714285714285715,14.0,1.0,1
330611,1,1,1.0,4.0,0.0,4.0,4.0,4.0,0.0,1.0,0.0,0.0,0.0,4.0,1.0,1
330615,1,1,3.0,77.0,0.0,77.0,64.0,25.666666666666668,1.0,2.0,0.0,0.0,0.0,77.0,3.0,1
330616,2,1,4.0,131.0,18.0,149.0,93.0,29.8,1.0,4.0,0.0,0.0,0.12080536912751678,74.5,2.0,1
330617,5,3,6.0,97.0,81.0,178.0,67.0,22.25,0.0,8.0,0.0,0.0,0.4550561797752809,35.6,1.2,3
330618,1,1,1.0,2.0,2.0,4.0,4.0,4.0,0.0,1.0,0.0,0.0,0.5,4.0,1.0,1
330619,2,1,6.0,290.0,23.0,313.0,102.0,44.714285714285715,0.0,7.0,0.0,0.0,0.07348242811501597,156.5,3.0,1
330620,4,1,33.0,1064.0,370.0,1434.0,246.0,38.75675675675676,6.0,29.0,2.0,0.0,0.2580195258019526,358.5,8.25,1
330621,1,1,1.0,7.0,0.0,7.0,7.0,7.0,0.0,1.0,0.0,0.0,0.0,7.0,1.0,1
330623,1,1,1.0,11.0,0.0,11.0,11.0,11.0,0.0,1.0,0.0,0.0,0.0,11.0,1.0,1
330624,2,1,311.0,15326.0,22527.0,37853.0,1780.0,121.71382636655949,41.0,183.0,85.0,2.0,0.5951179563046523,18926.5,155.5,1
330625,2,1,8.0,145.0,55.0,200.0,80.0,25.0,1.0,7.0,0.0,0.0,0.275,100.0,4.0,1
330629,5,2,302.0,16370.0,7049.0,23419.0,2034.0,77.2904290429043,54.0,243.0,5.0,1.0,0.3009949186557923,4683.8,60.4,2
330631,3,1,5.0,47.0,15.0,62.0,18.0,5.636363636363637,0.0,11.0,0.0,0.0,0.24193548387096775,20.666666666666668,1.6666666666666667,1
330632,2,1,7.0,541.0,62.0,603.0,257.0,75.375,1.0,7.0,0.0,0.0,0.10281923714759536,301.5,3.5,1
330634,1,1,2.0,5.0,5.0,10.0,8.0,5.0,0.0,2.0,0.0,0.0,0.5,10.0,2.0,1
330635,3,1,6.0,1600.0,1407.0,3007.0,585.0,231.30769230769232,6.0,3.0,4.0,0.0,0.4679082141669438,1002.3333333333334,2.0,1
330636,2,2,10.0,27.0,24.0,51.0,10.0,5.1,0.0,10.0,0.0,0.0,0.47058823529411764,25.5,5.0,2
330638,2,2,302.0,15886.0,4733.0,20619.0,1547.0,68.2748344370861,38.0,261.0,3.0,0.0,0.22954556477035742,10309.5,151.0,2
330639,2,1,7.0,189.0,44.0,233.0,80.0,33.285714285714285,1.0,6.0,0.0,0.0,0.1888412017167382,116.5,3.5,1
330640,2,1,4.0,129.0,48.0,177.0,67.0,35.4,1.0,4.0,0.0,0.0,0.2711864406779661,88.5,2.0,1
330641,4,1,16.0,634.0,175.0,809.0,88.0,33.708333333333336,1.0,23.0,0.0,0.0,0.21631644004944375,202.25,4.0,1
330643,3,1,20.0,314.0,92.0,406.0,127.0,17.652173913043477,0.0,23.0,0.0,0.0,0.22660098522167488,135.33333333333334,6.666666666666667,1
330644,2,1,4.0,218.0,7.0,225.0,98.0,56.25,0.0,4.0,0.0,0.0,0.03111111111111111,112.5,2.0,1
330647,6,1,84.0,2597.0,2251.0,4848.0,1502.0,55.09090909090909,9.0,76.0,3.0,0.0,0.4643151815181518,808.0,14.0,1
330648,4,1,41.0,1581.0,2117.0,3698.0,1492.0,78.68085106382979,8.0,36.0,3.0,0.0,0.5724716062736614,924.5,10.25,1
330649,8,1,12.0,296.0,27.0,323.0,100.0,17.944444444444443,2.0,16.0,0.0,0.0,0.08359133126934984,40.375,1.5,1
330652,5,1,64.0,2469.0,2215.0,4684.0,1501.0,68.88235294117646,10.0,55.0,3.0,0.0,0.4728864218616567,936.8,12.8,1
330653,5,2,359.0,17485.0,3531.0,21016.0,928.0,53.749360613810744,32.0,359.0,0.0,0.0,0.16801484583174725,4203.2,71.8,2
330654,3,1,54.0,1967.0,2164.0,4131.0,1499.0,66.62903225806451,8.0,51.0,3.0,0.0,0.523844105543452,1377.0,18.0,1
330655,2,1,1.0,41.0,36.0,77.0,40.0,38.5,0.0,2.0,0.0,0.0,0.4675324675324675,38.5,0.5,1
330656,3,2,4.0,23.0,12.0,35.0,20.0,5.833333333333333,0.0,6.0,0.0,0.0,0.34285714285714286,11.666666666666666,1.3333333333333333,2
330658,4,1,331.0,15219.0,4468.0,19687.0,1530.0,56.57183908045977,40.0,305.0,3.0,0.0,0.22695179560115813,4921.75,82.75,1
330659,5,1,228.0,12260.0,1937.0,14197.0,917.0,58.1844262295082,24.0,220.0,0.0,0.0,0.13643727548073536,2839.4,45.6,1
330660,4,1,192.0,9384.0,1763.0,11147.0,917.0,55.735,14.0,186.0,0.0,0.0,0.15815914595855388,2786.75,48.0,1
330661,1,1,4.0,60.0,8.0,68.0,31.0,17.0,0.0,4.0,0.0,0.0,0.11764705882352941,68.0,4.0,1
330662,1,1,2.0,80.0,1.0,81.0,79.0,40.5,0.0,2.0,0.0,0.0,0.012345679012345678,81.0,2.0,1
330665,8,1,461.0,29902.0,8907.0,38809.0,1499.0,72.94924812030075,60.0,464.0,7.0,1.0,0.22950861913473677,4851.125,57.625,1
330666,1,1,3.0,70.0,8.0,78.0,56.0,26.0,0.0,3.0,0.0,0.0,0.10256410256410256,78.0,3.0,1
330669,6,1,103.0,3541.0,706.0,4247.0,257.0,36.93043478260869,6.0,109.0,0.0,0.0,0.16623498940428538,707.8333333333334,17.166666666666668,1
330672,3,1,11.0,522.0,72.0,594.0,171.0,39.6,2.0,13.0,0.0,0.0,0.12121212121212122,198.0,3.6666666666666665,1
330673,11,1,129.0,15562.0,2827.0,18389.0,1211.0,78.25106382978723,37.0,117.0,5.0,76.0,0.15373321007123825,1671.7272727272727,11.727272727272727,1
330675,5,1,19.0,582.0,95.0,677.0,93.0,23.344827586206897,0.0,29.0,0.0,0.0,0.14032496307237813,135.4,3.8,1
330676,22,1,15.0,1694.0,1160.0,2854.0,516.0,46.78688524590164,1.0,60.0,0.0,0.0,0.4064470918009811,129.72727272727272,0.6818181818181818,1
330677,1,1,2.0,99.0,11.0,110.0,88.0,55.0,0.0,2.0,0.0,0.0,0.1,110.0,2.0,1
330678,1,1,28.0,2501.0,40.0,2541.0,540.0,90.75,11.0,17.0,0.0,0.0,0.015741833923652106,2541.0,28.0,1
330680,1,1,1.0,0.0,4.0,4.0,4.0,4.0,0.0,1.0,0.0,0.0,1.0,4.0,1.0,1
330682,1,1,3.0,113.0,26.0,139.0,106.0,46.333333333333336,0.0,3.0,0.0,0.0,0.18705035971223022,139.0,3.0,1
330683,1,1,2.0,108.0,3.0,111.0,83.0,55.5,0.0,2.0,0.0,0.0,0.02702702702702703,111.0,2.0,1
330684,3,1,4.0,152.0,91.0,243.0,74.0,30.375,1.0,6.0,1.0,0.0,0.37448559670781895,81.0,1.3333333333333333,1
330685,4,1,3.0,83.0,88.0,171.0,58.0,24.428571428571427,1.0,5.0,1.0,0.0,0.5146198830409356,42.75,0.75,1
330686,4,1,3.0,155.0,15.0,170.0,67.0,24.285714285714285,0.0,7.0,0.0,0.0,0.08823529411764706,42.5,0.75,1
330688,24,1,260.0,15194.0,6221.0,21415.0,959.0,55.62337662337662,35.0,345.0,5.0,0.0,0.2904973149661452,892.2916666666666,10.833333333333334,1
330689,2,1,7.0,186.0,25.0,211.0,119.0,23.444444444444443,0.0,9.0,0.0,0.0,0.11848341232227488,105.5,3.5,1
330691,2,2,301.0,27381.0,6546.0,33927.0,2034.0,112.71428571428571,49.0,249.0,2.0,1.0,0.1929436731806526,16963.5,150.5,2
330694,7,2,8.0,157.0,94.0,251.0,32.0,14.764705882352942,0.0,17.0,0.0,0.0,0.3745019920318725,35.857142857142854,1.1428571428571428,2
330696,2,1,3.0,164.0,2.0,166.0,95.0,55.333333333333336,0.0,3.0,0.0,0.0,0.012048192771084338,83.0,1.5,1
330697,1,1,5.0,31.0,0.0,31.0,21.0,6.2,0.0,5.0,0.0,0.0,0.0,31.0,5.0,1
330698,4,1,2.0,70.0,19.0,89.0,26.0,12.714285714285714,0.0,7.0,0.0,0.0,0.21348314606741572,22.25,0.5,1
330699,2,1,2.0,136.0,8.0,144.0,100.0,48.0,1.0,2.0,0.0,0.0,0.05555555555555555,72.0,1.0,1
330700,3,1,1.0,4.0,4.0,8.0,3.0,2.6666666666666665,0.0,3.0,0.0,0.0,0.5,2.6666666666666665,0.3333333333333333,1
330702,1,1,5.0,28.0,14.0,42.0,14.0,8.4,0.0,5.0,0.0,0.0,0.3333333333333333,42.0,5.0,1
330703,11,2,546.0,48350.0,9327.0,57677.0,2034.0,88.19113149847095,98.0,548.0,4.0,4.0,0.1617109072940687,5243.363636363636,49.63636363636363,2
330704,1,1,3.0,56.0,9.0,65.0,32.0,21.666666666666668,1.0,2.0,0.0,0.0,0.13846153846153847,65.0,3.0,1
330705,1,1,13.0,34.0,28.0,62.0,12.0,4.769230769230769,0.0,13.0,0.0,0.0,0.45161290322580644,62.0,13.0,1
330707,3,1,4.0,87.0,32.0,119.0,42.0,11.9,1.0,9.0,0.0,0.0,0.2689075630252101,39.666666666666664,1.3333333333333333,1
330708,5,1,146.0,4520.0,1686.0,6206.0,959.0,40.56209150326797,8.0,145.0,0.0,0.0,0.27167257492748953,1241.2,29.2,1
330709,2,1,2.0,31.0,7.0,38.0,21.0,9.5,0.0,4.0,0.0,0.0,0.18421052631578946,19.0,1.0,1
330710,1,1,2.0,63.0,0.0,63.0,32.0,31.5,0.0,2.0,0.0,0.0,0.0,63.0,2.0,1
330711,7,1,177.0,7131.0,2650.0,9781.0,480.0,48.905,8.0,192.0,0.0,0.0,0.27093344238830386,1397.2857142857142,25.285714285714285,1
330715,3,1,254.0,9142.0,1868.0,11010.0,911.0,42.50965250965251,22.0,237.0,0.0,0.0,0.16966394187102635,3670.0,84.66666666666667,1
330716,1,1,1.0,2.0,0.0,2.0,2.0,2.0,0.0,1.0,0.0,0.0,0.0,2.0,1.0,1
330720,3,1,2.0,65.0,1.0,66.0,32.0,16.5,0.0,4.0,0.0,0.0,0.015151515151515152,22.0,0.6666666666666666,1
330723,3,1,27.0,1055.0,33.0,1088.0,79.0,34.0,9.0,23.0,0.0,0.0,0.030330882352941176,362.6666666666667,9.0,1
330726,3,1,167.0,5055.0,1730.0,6785.0,959.0,40.38690476190476,8.0,160.0,0.0,0.0,0.25497420781134855,2261.6666666666665,55.666666666666664,1
330727,1,1,1.0,2.0,0.0,2.0,2.0,2.0,0.0,1.0,0.0,0.0,0.0,2.0,1.0,1
330729,4,2,152.0,8194.0,2726.0,10920.0,1016.0,70.45161290322581,10.0,143.0,1.0,1.0,0.24963369963369964,2730.0,38.0,2
330730,4,1,6.0,135.0,70.0,205.0,35.0,15.76923076923077,0.0,13.0,0.0,0.0,0.34146341463414637,51.25,1.5,1
330731,5,1,9.0,1036.0,203.0,1239.0,394.0,72.88235294117646,0.0,17.0,0.0,0.0,0.1638418079096045,247.8,1.8,1
330733,1,1,36.0,2680.0,201.0,2881.0,1195.0,80.02777777777777,8.0,28.0,0.0,0.0,0.06976744186046512,2881.0,36.0,1
330734,1,1,31.0,985.0,2090.0,3075.0,959.0,99.19354838709677,0.0,31.0,0.0,0.0,0.6796747967479675,3075.0,31.0,1
330735,2,1,2.0,163.0,18.0,181.0,145.0,45.25,1.0,3.0,0.0,0.0,0.09944751381215469,90.5,1.0,1
330737,4,1,15.0,279.0,292.0,571.0,65.0,17.303030303030305,0.0,33.0,0.0,0.0,0.51138353765324,142.75,3.75,1
330739,3,1,305.0,17561.0,5909.0,23470.0,2034.0,76.69934640522875,41.0,257.0,4.0,4.0,0.2517682147422241,7823.333333333333,101.66666666666667,1
330741,1,1,3.0,58.0,21.0,79.0,42.0,26.333333333333332,0.0,3.0,0.0,0.0,0.26582278481012656,79.0,3.0,1
330742,2,1,3.0,45.0,8.0,53.0,31.0,13.25,0.0,4.0,0.0,0.0,0.1509433962264151,26.5,1.5,1
330743,3,1,4.0,363.0,17.0,380.0,146.0,76.0,0.0,5.0,0.0,0.0,0.04473684210526316,126.66666666666667,1.3333333333333333,1
330744,2,2,10.0,393.0,66.0,459.0,212.0,45.9,0.0,10.0,0.0,0.0,0.1437908496732026,229.5,5.0,2
330746,1,1,8.0,258.0,18.0,276.0,71.0,34.5,0.0,8.0,0.0,0.0,0.06521739130434782,276.0,8.0,1
330748,4,2,306.0,19171.0,6771.0,25942.0,2034.0,84.77777777777777,39.0,259.0,4.0,4.0,0.2610053195590163,6485.5,76.5,2
330749,1,1,4.0,27.0,0.0,27.0,13.0,6.75,0.0,4.0,0.0,0.0,0.0,27.0,4.0,1
330750,2,1,17.0,289.0,55.0,344.0,76.0,20.235294117647058,1.0,16.0,0.0,0.0,0.15988372093023256,172.0,8.5,1
330751,1,1,2.0,52.0,3.0,55.0,34.0,27.5,0.0,2.0,0.0,0.0,0.05454545454545454,55.0,2.0,1
330752,2,1,2.0,50.0,0.0,50.0,47.0,25.0,1.0,1.0,0.0,0.0,0.0,25.0,1.0,1
330754,6,1,249.0,14126.0,7365.0,21491.0,2034.0,82.97683397683397,20.0,234.0,4.0,1.0,0.34270159601693734,3581.8333333333335,41.5,1
330755,2,1,70.0,2145.0,569.0,2714.0,250.0,38.77142857142857,1.0,69.0,0.0,0.0,0.20965364775239498,1357.0,35.0,1
330756,6,1,10.0,262.0,211.0,473.0,68.0,18.92,0.0,25.0,0.0,0.0,0.44608879492600423,78.83333333333333,1.6666666666666667,1
330758,1,1,2.0,46.0,10.0,56.0,52.0,28.0,0.0,2.0,0.0,0.0,0.17857142857142858,56.0,2.0,1
330759,2,1,5.0,79.0,19.0,98.0,38.0,14.0,0.0,7.0,0.0,0.0,0.19387755102040816,49.0,2.5,1
330761,3,1,99.0,3170.0,627.0,3797.0,281.0,38.35353535353536,2.0,97.0,0.0,0.0,0.16513036607848303,1265.6666666666667,33.0,1
330762,2,1,5.0,12.0,48.0,60.0,20.0,10.0,0.0,6.0,0.0,0.0,0.8,30.0,2.5,1
330763,1,1,7.0,289.0,7.0,296.0,223.0,42.285714285714285,0.0,7.0,0.0,0.0,0.02364864864864865,296.0,7.0,1
330766,1,1,5.0,36.0,5.0,41.0,25.0,8.2,0.0,5.0,0.0,0.0,0.12195121951219512,41.0,5.0,1
330767,1,1,2.0,40.0,2.0,42.0,39.0,21.0,0.0,2.0,0.0,0.0,0.047619047619047616,42.0,2.0,1
330770,1,1,4.0,10.0,10.0,20.0,8.0,5.0,0.0,4.0,0.0,0.0,0.5,20.0,4.0,1
330771,2,1,13.0,548.0,2662.0,3210.0,2020.0,214.0,0.0,13.0,2.0,0.0,0.8292834890965732,1605.0,6.5,1
330772,4,1,11.0,555.0,115.0,670.0,128.0,37.22222222222222,1.0,17.0,0.0,0.0,0.17164179104477612,167.5,2.75,1
330775,2,1,2.0,42.0,12.0,54.0,24.0,13.5,0.0,4.0,0.0,0.0,0.2222222222222222,27.0,1.0,1
330776,1,1,2.0,68.0,18.0,86.0,67.0,43.0,0.0,1.0,0.0,1.0,0.20930232558139536,86.0,2.0,1
330777,2,1,19.0,481.0,76.0,557.0,102.0,27.85,2.0,18.0,0.0,0.0,0.13644524236983843,278.5,9.5,1
330778,1,1,2.0,4.0,3.0,7.0,5.0,3.5,0.0,2.0,0.0,0.0,0.42857142857142855,7.0,2.0,1
330779,4,1,6.0,461.0,40.0,501.0,152.0,50.1,0.0,10.0,0.0,0.0,0.07984031936127745,125.25,1.5,1
330780,1,1,6.0,314.0,8.0,322.0,152.0,53.666666666666664,0.0,6.0,0.0,0.0,0.024844720496894408,322.0,6.0,1
330781,1,1,7.0,156.0,16.0,172.0,61.0,24.571428571428573,1.0,6.0,0.0,0.0,0.09302325581395349,172.0,7.0,1
330782,6,3,18.0,602.0,551.0,1153.0,234.0,48.041666666666664,0.0,24.0,0.0,0.0,0.4778837814397225,192.16666666666666,3.0,3
330785,7,1,305.0,19229.0,6560.0,25789.0,2034.0,81.61075949367088,36.0,276.0,3.0,1.0,0.2543720190779014,3684.1428571428573,43.57142857142857,1
330789,1,1,1.0,1.0,0.0,1.0,1.0,1.0,0.0,1.0,0.0,0.0,0.0,1.0,1.0,1
330796,1,1,1.0,2.0,2.0,4.0,4.0,4.0,0.0,1.0,0.0,0.0,0.5,4.0,1.0,1
330799,1,1,1.0,1.0,0.0,1.0,1.0,1.0,0.0,1.0,0.0,0.0,0.0,1.0,1.0,1
330800,1,1,2.0,73.0,1.0,74.0,72.0,37.0,1.0,1.0,0.0,0.0,0.013513513513513514,74.0,2.0,1
330803,1,1,2.0,43.0,7.0,50.0,37.0,25.0,0.0,2.0,0.0,0.0,0.14,50.0,2.0,1
330804,1,1,3.0,37.0,1.0,38.0,25.0,12.666666666666666,0.0,3.0,0.0,0.0,0.02631578947368421,38.0,3.0,1
330806,1,1,1.0,2.0,2.0,4.0,4.0,4.0,0.0,1.0,0.0,0.0,0.5,4.0,1.0,1
330808,1,1,3.0,56.0,10.0,66.0,44.0,22.0,0.0,3.0,0.0,0.0,0.15151515151515152,66.0,3.0,1
330810,5,1,5.0,208.0,24.0,232.0,80.0,25.77777777777778,1.0,8.0,0.0,0.0,0.10344827586206896,46.4,1.0,1
330812,4,1,14.0,586.0,67.0,653.0,159.0,36.27777777777778,1.0,17.0,0.0,0.0,0.10260336906584992,163.25,3.5,1
330816,9,1,323.0,10505.0,22132.0,32637.0,1311.0,97.42388059701493,44.0,201.0,89.0,1.0,0.6781260532524436,3626.3333333333335,35.888888888888886,1
330818,2,2,8.0,362.0,75.0,437.0,149.0,54.625,1.0,7.0,0.0,0.0,0.17162471395881007,218.5,4.0,2
330820,1,1,2.0,3.0,3.0,6.0,4.0,3.0,0.0,2.0,0.0,0.0,0.5,6.0,2.0,1
330822,1,1,1.0,0.0,5.0,5.0,5.0,5.0,0.0,1.0,0.0,0.0,1.0,5.0,1.0,1
330824,1,1,2.0,2.0,2.0,4.0,2.0,2.0,0.0,2.0,0.0,0.0,0.5,4.0,2.0,1
330825,1,1,1.0,1.0,1.0,2.0,2.0,2.0,0.0,1.0,0.0,0.0,0.5,2.0,1.0,1
330827,4,1,6.0,207.0,29.0,236.0,75.0,19.666666666666668,2.0,10.0,0.0,0.0,0.1228813559322034,59.0,1.5,1
330829,3,1,9.0,440.0,70.0,510.0,133.0,36.42857142857143,1.0,13.0,0.0,0.0,0.13725490196078433,170.0,3.0,1
330832,2,2,10.0,101.0,99.0,200.0,82.0,20.0,0.0,10.0,0.0,0.0,0.495,100.0,5.0,2
330833,1,1,1.0,2.0,1.0,3.0,3.0,3.0,0.0,1.0,0.0,0.0,0.3333333333333333,3.0,1.0,1
330834,1,1,1.0,0.0,16.0,16.0,16.0,16.0,0.0,1.0,0.0,0.0,1.0,16.0,1.0,1
330839,1,1,2.0,41.0,0.0,41.0,30.0,20.5,0.0,2.0,0.0,0.0,0.0,41.0,2.0,1
330840,1,1,3.0,2.0,2.0,4.0,2.0,1.3333333333333333,0.0,3.0,0.0,0.0,0.5,4.0,3.0,1
330841,2,1,106.0,4666.0,656.0,5322.0,887.0,50.20754716981132,12.0,94.0,0.0,0.0,0.1232619316046599,2661.0,53.0,1
330843,1,1,1.0,1.0,1.0,2.0,2.0,2.0,0.0,1.0,0.0,0.0,0.5,2.0,1.0,1
330847,2,1,2.0,30.0,25.0,55.0,38.0,18.333333333333332,0.0,3.0,0.0,0.0,0.45454545454545453,27.5,1.0,1
330848,25,1,2310.0,242627.0,133660.0,376287.0,11600.0,101.23405972558515,516.0,3020.0,156.0,25.0,0.35520759420336073,15051.48,92.4,1
330849,7,1,575.0,32972.0,9913.0,42885.0,2174.0,69.39320388349515,104.0,504.0,6.0,4.0,0.23115308382884459,6126.428571428572,82.14285714285714,1
330851,4,1,10.0,156.0,22.0,178.0,51.0,11.125,0.0,16.0,0.0,0.0,0.12359550561797752,44.5,2.5,1
330852,3,1,7.0,169.0,85.0,254.0,155.0,28.22222222222222,0.0,9.0,0.0,0.0,0.3346456692913386,84.66666666666667,2.3333333333333335,1
330853,1,1,3.0,70.0,18.0,88.0,58.0,29.333333333333332,0.0,3.0,0.0,0.0,0.20454545454545456,88.0,3.0,1
330854,2,1,4.0,14.0,4.0,18.0,6.0,3.0,0.0,6.0,0.0,0.0,0.2222222222222222,9.0,2.0,1
330856,1,1,8.0,90.0,13.0,103.0,30.0,12.875,0.0,8.0,0.0,0.0,0.1262135922330097,103.0,8.0,1
330857,2,1,4.0,97.0,8.0,105.0,81.0,17.5,1.0,5.0,0.0,0.0,0.0761904761904762,52.5,2.0,1
330858,1,1,5.0,80.0,86.0,166.0,94.0,33.2,0.0,5.0,0.0,0.0,0.5180722891566265,166.0,5.0,1
330859,3,3,3.0,372.0,47.0,419.0,138.0,59.857142857142854,0.0,7.0,0.0,0.0,0.11217183770883055,139.66666666666666,1.0,3
330860,1,1,6.0,88.0,4.0,92.0,36.0,15.333333333333334,0.0,6.0,0.0,0.0,0.043478260869565216,92.0,6.0,1
330861,3,1,46.0,3040.0,299.0,3339.0,887.0,66.78,7.0,43.0,0.0,0.0,0.08954776879305182,1113.0,15.333333333333334,1
330862,1,1,3.0,98.0,10.0,108.0,78.0,36.0,0.0,3.0,0.0,0.0,0.09259259259259259,108.0,3.0,1
330864,7,1,86.0,3898.0,544.0,4442.0,887.0,49.355555555555554,8.0,82.0,0.0,0.0,0.12246735704637551,634.5714285714286,12.285714285714286,1
330867,1,1,1.0,20.0,3.0,23.0,23.0,23.0,0.0,1.0,0.0,0.0,0.13043478260869565,23.0,1.0,1
330870,1,1,1.0,4.0,0.0,4.0,4.0,4.0,0.0,1.0,0.0,0.0,0.0,4.0,1.0,1
330876,3,1,5.0,543.0,59.0,602.0,291.0,66.88888888888889,0.0,9.0,0.0,0.0,0.09800664451827243,200.66666666666666,1.6666666666666667,1
330877,4,1,8.0,277.0,297.0,574.0,113.0,35.875,0.0,16.0,0.0,0.0,0.5174216027874564,143.5,2.0,1
330881,1,1,2.0,26.0,2.0,28.0,21.0,14.0,0.0,2.0,0.0,0.0,0.07142857142857142,28.0,2.0,1
330882,1,1,1.0,3.0,3.0,6.0,6.0,6.0,0.0,1.0,0.0,0.0,0.5,6.0,1.0,1
330883,1,1,2.0,6.0,6.0,12.0,10.0,6.0,0.0,2.0,0.0,0.0,0.5,12.0,2.0,1
330884,5,1,100.0,4836.0,1062.0,5898.0,887.0,54.611111111111114,10.0,98.0,0.0,0.0,0.18006103763987794,1179.6,20.0,1
330886,23,1,79.0,2885.0,938.0,3823.0,329.0,24.506410256410255,1.0,155.0,0.0,0.0,0.24535704943761444,166.2173913043478,3.4347826086956523,1
330887,2,1,13.0,15.0,15.0,30.0,4.0,2.3076923076923075,0.0,13.0,0.0,0.0,0.5,15.0,6.5,1
330890,3,1,5.0,402.0,23.0,425.0,161.0,85.0,1.0,4.0,0.0,0.0,0.05411764705882353,141.66666666666666,1.6666666666666667,1
330891,1,1,1.0,4.0,0.0,4.0,4.0,4.0,0.0,1.0,0.0,0.0,0.0,4.0,1.0,1
330896,1,1,2.0,35.0,4.0,39.0,28.0,19.5,0.0,2.0,0.0,0.0,0.10256410256410256,39.0,2.0,1
330897,2,1,16.0,626.0,291.0,917.0,308.0,57.3125,0.0,16.0,0.0,0.0,0.3173391494002181,458.5,8.0,1
330898,1,1,1.0,20.0,8.0,28.0,28.0,28.0,0.0,1.0,0.0,0.0,0.2857142857142857,28.0,1.0,1
330901,3,1,584.0,40420.0,8351.0,48771.0,2694.0,81.01495016611295,117.0,472.0,9.0,4.0,0.17122880400237847,16257.0,194.66666666666666,1
330902,4,1,778.0,50501.0,10243.0,60744.0,2694.0,72.40047675804529,131.0,695.0,9.0,4.0,0.16862570788884498,15186.0,194.5,1
330910,6,1,374.0,31911.0,8572.0,40483.0,2034.0,99.71182266009852,59.0,342.0,4.0,1.0,0.2117432008497394,6747.166666666667,62.333333333333336,1
330919,2,1,2.0,47.0,9.0,56.0,42.0,28.0,0.0,2.0,0.0,0.0,0.16071428571428573,28.0,1.0,1
330920,7,1,60.0,2431.0,1614.0,4045.0,323.0,33.15573770491803,0.0,122.0,0.0,0.0,0.39901112484548823,577.8571428571429,8.571428571428571,1
330921,8,2,326.0,19126.0,4176.0,23302.0,1968.0,69.55820895522388,46.0,288.0,1.0,0.0,0.17921208479958803,2912.75,40.75,2
330922,8,1,389.0,29687.0,6259.0,35946.0,1932.0,62.73298429319372,72.0,491.0,4.0,6.0,0.1741222945529405,4493.25,48.625,1
330923,1,1,3.0,16.0,0.0,16.0,8.0,5.333333333333333,0.0,3.0,0.0,0.0,0.0,16.0,3.0,1
330924,3,2,2.0,17.0,3.0,20.0,17.0,10.0,0.0,2.0,0.0,0.0,0.15,6.666666666666667,0.6666666666666666,2
330925,3,1,49.0,3414.0,746.0,4160.0,530.0,81.56862745098039,6.0,40.0,2.0,3.0,0.17932692307692308,1386.6666666666667,16.333333333333332,1
330926,5,1,11.0,112.0,45.0,157.0,63.0,12.076923076923077,0.0,13.0,0.0,0.0,0.28662420382165604,31.4,2.2,1
330928,1,1,3.0,54.0,6.0,60.0,45.0,20.0,0.0,3.0,0.0,0.0,0.1,60.0,3.0,1
330929,10,1,359.0,29370.0,7584.0,36954.0,2034.0,89.69417475728156,54.0,350.0,4.0,4.0,0.20522812144828706,3695.4,35.9,1
330930,1,1,1.0,6.0,3.0,9.0,9.0,9.0,0.0,1.0,0.0,0.0,0.3333333333333333,9.0,1.0,1
330931,2,1,4.0,60.0,13.0,73.0,23.0,14.6,0.0,5.0,0.0,0.0,0.1780821917808219,36.5,2.0,1
330933,1,1,10.0,325.0,14.0,339.0,119.0,33.9,0.0,10.0,0.0,0.0,0.04129793510324484,339.0,10.0,1
330937,2,1,1.0,3.0,1.0,4.0,3.0,2.0,0.0,2.0,0.0,0.0,0.25,2.0,0.5,1
330940,9,1,102.0,2349.0,1078.0,3427.0,323.0,32.95192307692308,1.0,103.0,0.0,0.0,0.31456084038517657,380.77777777777777,11.333333333333334,1
330942,1,1,4.0,77.0,16.0,93.0,39.0,23.25,0.0,4.0,0.0,0.0,0.17204301075268819,93.0,4.0,1
330943,13,1,14.0,2250.0,360.0,2610.0,357.0,81.5625,3.0,29.0,0.0,0.0,0.13793103448275862,200.76923076923077,1.0769230769230769,1
330945,1,1,2.0,66.0,2.0,68.0,54.0,34.0,0.0,2.0,0.0,0.0,0.029411764705882353,68.0,2.0,1
330949,1,1,5.0,195.0,12.0,207.0,107.0,41.4,0.0,5.0,0.0,0.0,0.057971014492753624,207.0,5.0,1
330952,1,1,2.0,30.0,5.0,35.0,20.0,17.5,0.0,2.0,0.0,0.0,0.14285714285714285,35.0,2.0,1
330955,7,1,67.0,4503.0,435.0,4938.0,724.0,60.96296296296296,8.0,73.0,0.0,0.0,0.08809234507897934,705.4285714285714,9.571428571428571,1
330956,4,1,20.0,909.0,309.0,1218.0,174.0,27.681818181818183,0.0,44.0,0.0,0.0,0.2536945812807882,304.5,5.0,1
330959,2,1,2.0,241.0,85.0,326.0,113.0,81.5,0.0,4.0,0.0,0.0,0.2607361963190184,163.0,1.0,1
330961,5,1,2.0,66.0,16.0,82.0,24.0,11.714285714285714,0.0,7.0,0.0,0.0,0.1951219512195122,16.4,0.4,1
330963,2,1,8.0,56.0,23.0,79.0,26.0,6.076923076923077,0.0,13.0,0.0,0.0,0.2911392405063291,39.5,4.0,1
330964,2,1,2.0,24.0,11.0,35.0,19.0,8.75,0.0,4.0,0.0,0.0,0.3142857142857143,17.5,1.0,1
330965,1,1,1.0,2.0,0.0,2.0,2.0,2.0,0.0,1.0,0.0,0.0,0.0,2.0,1.0,1
330966,1,1,2.0,50.0,0.0,50.0,30.0,25.0,2.0,0.0,0.0,0.0,0.0,50.0,2.0,1
330967,4,1,4.0,617.0,86.0,703.0,235.0,78.11111111111111,0.0,9.0,0.0,0.0,0.12233285917496443,175.75,1.0,1
330968,2,1,5.0,317.0,44.0,361.0,165.0,51.57142857142857,2.0,5.0,0.0,0.0,0.12188365650969529,180.5,2.5,1
330969,3,1,8.0,422.0,135.0,557.0,236.0,42.84615384615385,0.0,13.0,0.0,0.0,0.24236983842010773,185.66666666666666,2.6666666666666665,1
330970,1,1,2.0,102.0,6.0,108.0,86.0,54.0,0.0,2.0,0.0,0.0,0.05555555555555555,108.0,2.0,1
330971,2,1,10.0,108.0,14.0,122.0,51.0,11.090909090909092,0.0,11.0,0.0,0.0,0.11475409836065574,61.0,5.0,1
330973,1,1,2.0,57.0,1.0,58.0,35.0,29.0,0.0,2.0,0.0,0.0,0.017241379310344827,58.0,2.0,1
330978,4,1,465.0,26096.0,4804.0,30900.0,1932.0,61.55378486055777,59.0,437.0,2.0,4.0,0.15546925566343042,7725.0,116.25,1
330980,6,1,13.0,286.0,204.0,490.0,64.0,12.894736842105264,0.0,38.0,0.0,0.0,0.4163265306122449,81.66666666666667,2.1666666666666665,1
330981,2,1,2.0,146.0,12.0,158.0,83.0,39.5,0.0,4.0,0.0,0.0,0.0759493670886076,79.0,1.0,1
330982,2,1,44.0,969.0,245.0,1214.0,120.0,24.28,0.0,50.0,0.0,0.0,0.20181219110378912,607.0,22.0,1
330983,3,1,64.0,2724.0,531.0,3255.0,745.0,50.07692307692308,4.0,61.0,0.0,0.0,0.1631336405529954,1085.0,21.333333333333332,1
330985,1,1,13.0,0.0,13.0,13.0,1.0,1.0,0.0,13.0,0.0,0.0,1.0,13.0,13.0,1
330988,1,1,2.0,7.0,0.0,7.0,6.0,3.5,0.0,2.0,0.0,0.0,0.0,7.0,2.0,1
330989,1,1,2.0,14.0,6.0,20.0,18.0,10.0,0.0,2.0,0.0,0.0,0.3,20.0,2.0,1
330990,1,1,4.0,378.0,54.0,432.0,212.0,108.0,0.0,4.0,0.0,0.0,0.125,432.0,4.0,1
330992,1,1,1.0,1.0,1.0,2.0,2.0,2.0,0.0,1.0,0.0,0.0,0.5,2.0,1.0,1
330994,4,1,5.0,554.0,71.0,625.0,172.0,48.07692307692308,0.0,13.0,0.0,0.0,0.1136,156.25,1.25,1
330995,1,1,5.0,1517.0,871.0,2388.0,1908.0,477.6,0.0,5.0,0.0,0.0,0.3647403685092127,2388.0,5.0,1
331004,3,1,226.0,9151.0,2350.0,11501.0,745.0,50.66519823788546,12.0,210.0,2.0,3.0,0.20433005825580383,3833.6666666666665,75.33333333333333,1
331005,1,1,2.0,21.0,2.0,23.0,16.0,11.5,0.0,2.0,0.0,0.0,0.08695652173913043,23.0,2.0,1
331008,2,1,4.0,53.0,17.0,70.0,29.0,14.0,0.0,5.0,0.0,0.0,0.24285714285714285,35.0,2.0,1
331009,1,1,8.0,146.0,17.0,163.0,54.0,20.375,0.0,8.0,0.0,0.0,0.10429447852760736,163.0,8.0,1
331010,5,1,321.0,17893.0,3441.0,21334.0,1932.0,59.75910364145658,46.0,306.0,2.0,3.0,0.1612918346301678,4266.8,64.2,1
331012,2,1,2.0,22.0,4.0,26.0,18.0,13.0,0.0,2.0,0.0,0.0,0.15384615384615385,13.0,1.0,1
331014,3,1,304.0,17504.0,5909.0,23413.0,2034.0,76.51307189542484,41.0,257.0,4.0,4.0,0.252381155768163,7804.333333333333,101.33333333333333,1
331019,4,2,530.0,34008.0,7541.0,41549.0,1627.0,69.01827242524917,101.0,493.0,6.0,2.0,0.1814965462466004,10387.25,132.5,2
331024,1,1,5.0,120.0,6.0,126.0,44.0,25.2,0.0,5.0,0.0,0.0,0.047619047619047616,126.0,5.0,1
331026,1,1,2.0,11.0,6.0,17.0,12.0,8.5,0.0,2.0,0.0,0.0,0.35294117647058826,17.0,2.0,1
331028,1,1,1.0,44.0,0.0,44.0,44.0,44.0,1.0,0.0,0.0,0.0,0.0,44.0,1.0,1
331032,2,1,2.0,73.0,9.0,82.0,46.0,20.5,0.0,4.0,0.0,0.0,0.10975609756097561,41.0,1.0,1
331033,2,1,8.0,405.0,45.0,450.0,103.0,45.0,1.0,9.0,0.0,0.0,0.1,225.0,4.0,1
331035,1,1,2.0,56.0,7.0,63.0,55.0,31.5,1.0,1.0,0.0,0.0,0.1111111111111111,63.0,2.0,1
331038,4,1,3.0,254.0,34.0,288.0,109.0,28.8,0.0,10.0,0.0,0.0,0.11805555555555555,72.0,0.75,1
331040,4,1,6.0,221.0,136.0,357.0,60.0,23.8,0.0,15.0,0.0,0.0,0.38095238095238093,89.25,1.5,1
331041,1,1,2.0,111.0,11.0,122.0,98.0,61.0,1.0,1.0,0.0,0.0,0.09016393442622951,122.0,2.0,1
331044,4,1,4.0,460.0,182.0,642.0,145.0,45.857142857142854,0.0,14.0,0.0,0.0,0.2834890965732087,160.5,1.0,1
331047,5,1,6.0,483.0,230.0,713.0,186.0,50.92857142857143,0.0,14.0,0.0,0.0,0.3225806451612903,142.6,1.2,1
331050,6,1,305.0,17684.0,4987.0,22671.0,1627.0,71.5173501577287,54.0,261.0,2.0,0.0,0.21997265228706278,3778.5,50.833333333333336,1
331053,1,1,5.0,172.0,49.0,221.0,96.0,44.2,0.0,5.0,0.0,0.0,0.22171945701357465,221.0,5.0,1
331055,2,1,151.0,8312.0,2022.0,10334.0,1908.0,64.99371069182389,7.0,152.0,0.0,0.0,0.19566479581962454,5167.0,75.5,1
331056,3,1,31.0,3017.0,243.0,3260.0,542.0,98.78787878787878,24.0,9.0,0.0,0.0,0.0745398773006135,1086.6666666666667,10.333333333333334,1
331057,2,1,3.0,275.0,5.0,280.0,230.0,70.0,1.0,3.0,0.0,0.0,0.017857142857142856,140.0,1.5,1
331059,3,1,302.0,18573.0,4079.0,22652.0,1627.0,74.51315789473684,61.0,238.0,4.0,1.0,0.1800723997880982,7550.666666666667,100.66666666666667,1
331061,3,1,505.0,26003.0,6461.0,32464.0,1500.0,54.93062605752961,57.0,524.0,9.0,1.0,0.19902045342533267,10821.333333333334,168.33333333333334,1
331063,1,1,3.0,65.0,1.0,66.0,36.0,22.0,0.0,3.0,0.0,0.0,0.015151515151515152,66.0,3.0,1
331075,1,1,1.0,1.0,0.0,1.0,1.0,1.0,0.0,1.0,0.0,0.0,0.0,1.0,1.0,1
331076,2,1,2.0,93.0,19.0,112.0,44.0,28.0,0.0,4.0,0.0,0.0,0.16964285714285715,56.0,1.0,1
331077,1,1,1.0,2.0,2.0,4.0,4.0,4.0,0.0,1.0,0.0,0.0,0.5,4.0,1.0,1
331079,19,1,371.0,29584.0,3985.0,33569.0,1932.0,72.34698275862068,71.0,386.0,2.0,5.0,0.11871071524323036,1766.7894736842106,19.526315789473685,1
331080,1,1,5.0,88.0,4.0,92.0,45.0,18.4,0.0,5.0,0.0,0.0,0.043478260869565216,92.0,5.0,1
331082,2,1,4.0,322.0,68.0,390.0,122.0,48.75,0.0,8.0,0.0,0.0,0.17435897435897435,195.0,2.0,1
331083,4,1,25.0,886.0,29.0,915.0,296.0,31.551724137931036,7.0,22.0,0.0,0.0,0.03169398907103825,228.75,6.25,1
331084,2,1,8.0,97.0,54.0,151.0,41.0,15.1,0.0,10.0,0.0,0.0,0.3576158940397351,75.5,4.0,1
331085,2,1,9.0,951.0,114.0,1065.0,470.0,88.75,1.0,11.0,0.0,0.0,0.10704225352112676,532.5,4.5,1
331087,13,2,1141.0,90505.0,46275.0,136780.0,2310.0,90.52283256121774,194.0,1295.0,18.0,4.0,0.3383170054101477,10521.538461538461,87.76923076923077,2
331089,3,1,13.0,574.0,123.0,697.0,274.0,31.681818181818183,0.0,22.0,0.0,0.0,0.17647058823529413,232.33333333333334,4.333333333333333,1
331094,1,1,1.0,3.0,3.0,6.0,6.0,6.0,0.0,1.0,0.0,0.0,0.5,6.0,1.0,1
331097,1,1,10.0,198.0,1100.0,1298.0,615.0,129.8,1.0,9.0,0.0,0.0,0.847457627118644,1298.0,10.0,1
331098,2,1,3.0,171.0,5.0,176.0,83.0,35.2,2.0,3.0,0.0,0.0,0.028409090909090908,88.0,1.5,1
331099,3,1,3.0,352.0,43.0,395.0,144.0,56.42857142857143,2.0,5.0,0.0,0.0,0.10886075949367088,131.66666666666666,1.0,1
331103,2,1,3.0,124.0,63.0,187.0,83.0,37.4,0.0,5.0,0.0,0.0,0.33689839572192515,93.5,1.5,1
331106,1,1,5.0,177.0,7.0,184.0,158.0,36.8,0.0,5.0,0.0,0.0,0.03804347826086957,184.0,5.0,1
331112,2,1,2.0,79.0,4.0,83.0,43.0,20.75,0.0,4.0,0.0,0.0,0.04819277108433735,41.5,1.0,1
331113,1,1,8.0,69.0,38.0,107.0,49.0,13.375,1.0,7.0,0.0,0.0,0.35514018691588783,107.0,8.0,1
331114,2,1,4.0,170.0,45.0,215.0,133.0,53.75,0.0,4.0,0.0,0.0,0.20930232558139536,107.5,2.0,1
331115,1,1,5.0,68.0,17.0,85.0,41.0,17.0,0.0,5.0,0.0,0.0,0.2,85.0,5.0,1
331116,1,1,7.0,5.0,79.0,84.0,40.0,12.0,0.0,7.0,0.0,0.0,0.9404761904761905,84.0,7.0,1
331117,1,1,3.0,42.0,7.0,49.0,31.0,16.333333333333332,0.0,3.0,0.0,0.0,0.14285714285714285,49.0,3.0,1
331121,2,1,2.0,29.0,12.0,41.0,23.0,13.666666666666666,0.0,3.0,0.0,0.0,0.2926829268292683,20.5,1.0,1
331124,12,1,694.0,46959.0,12534.0,59493.0,1500.0,56.66,107.0,911.0,14.0,18.0,0.2106802480964147,4957.75,57.833333333333336,1
331126,4,1,233.0,10221.0,1296.0,11517.0,815.0,49.00851063829787,17.0,217.0,0.0,1.0,0.11252930450638186,2879.25,58.25,1
331128,1,1,2.0,20.0,12.0,32.0,18.0,16.0,0.0,2.0,0.0,0.0,0.375,32.0,2.0,1
331132,2,1,2.0,4.0,4.0,8.0,6.0,4.0,0.0,2.0,0.0,0.0,0.5,4.0,1.0,1
331133,2,1,2.0,45.0,0.0,45.0,44.0,22.5,1.0,1.0,0.0,0.0,0.0,22.5,1.0,1
331139,2,1,2.0,117.0,2.0,119.0,60.0,29.75,0.0,4.0,0.0,0.0,0.01680672268907563,59.5,1.0,1
331145,3,1,6.0,145.0,56.0,201.0,48.0,13.4,0.0,15.0,0.0,0.0,0.27860696517412936,67.0,2.0,1
331149,1,1,6.0,68.0,26.0,94.0,33.0,15.666666666666666,0.0,6.0,0.0,0.0,0.2765957446808511,94.0,6.0,1
331150,1,1,1.0,7.0,0.0,7.0,7.0,7.0,0.0,1.0,0.0,0.0,0.0,7.0,1.0,1
331151,1,1,1.0,95.0,0.0,95.0,95.0,95.0,1.0,0.0,0.0,0.0,0.0,95.0,1.0,1
331152,1,1,1.0,27.0,3.0,30.0,30.0,30.0,0.0,1.0,0.0,0.0,0.1,30.0,1.0,1
331153,2,1,303.0,16888.0,14895.0,31783.0,2700.0,104.89438943894389,48.0,201.0,53.0,1.0,0.4686467608469937,15891.5,151.5,1
331156,1,1,4.0,8.0,8.0,16.0,6.0,4.0,0.0,4.0,0.0,0.0,0.5,16.0,4.0,1
331157,1,1,2.0,2.0,2.0,4.0,2.0,2.0,0.0,2.0,0.0,0.0,0.5,4.0,2.0,1
331158,3,1,94.0,3317.0,630.0,3947.0,188.0,39.07920792079208,2.0,98.0,0.0,1.0,0.15961489739042312,1315.6666666666667,31.333333333333332,1
331160,6,1,373.0,17889.0,5238.0,23127.0,1500.0,59.3,31.0,340.0,3.0,16.0,0.22648851991179142,3854.5,62.166666666666664,1
331162,1,1,1.0,1.0,0.0,1.0,1.0,1.0,0.0,1.0,0.0,0.0,0.0,1.0,1.0,1
331170,11,1,302.0,16761.0,5053.0,21814.0,1500.0,70.14147909967846,30.0,274.0,7.0,0.0,0.2316402310442835,1983.090909090909,27.454545454545453,1
331173,4,1,305.0,16273.0,3757.0,20030.0,1500.0,65.45751633986929,28.0,276.0,2.0,0.0,0.1875686470294558,5007.5,76.25,1
331175,2,1,2.0,49.0,6.0,55.0,29.0,18.333333333333332,0.0,3.0,0.0,0.0,0.10909090909090909,27.5,1.0,1
331176,3,1,6.0,426.0,116.0,542.0,116.0,45.166666666666664,0.0,12.0,0.0,0.0,0.2140221402214022,180.66666666666666,2.0,1
331177,1,1,2.0,27.0,2.0,29.0,25.0,14.5,0.0,2.0,0.0,0.0,0.06896551724137931,29.0,2.0,1
331181,3,1,11.0,323.0,48.0,371.0,94.0,24.733333333333334,0.0,15.0,0.0,0.0,0.1293800539083558,123.66666666666667,3.6666666666666665,1
331183,1,1,2.0,5.0,5.0,10.0,8.0,5.0,0.0,2.0,0.0,0.0,0.5,10.0,2.0,1
331185,3,1,12.0,121.0,47.0,168.0,58.0,12.923076923076923,0.0,13.0,0.0,0.0,0.27976190476190477,56.0,4.0,1
331187,3,1,3.0,203.0,51.0,254.0,150.0,50.8,0.0,5.0,0.0,0.0,0.20078740157480315,84.66666666666667,1.0,1
331198,11,1,1281.0,98117.0,61294.0,159411.0,11600.0,94.04778761061947,214.0,1346.0,131.0,4.0,0.3845029514901732,14491.90909090909,116.45454545454545,1
331204,3,1,11.0,323.0,48.0,371.0,94.0,24.733333333333334,0.0,15.0,0.0,0.0,0.1293800539083558,123.66666666666667,3.6666666666666665,1
331209,3,1,3.0,203.0,51.0,254.0,150.0,50.8,0.0,5.0,0.0,0.0,0.20078740157480315,84.66666666666667,1.0,1
331221,3,1,8.0,114.0,30.0,144.0,32.0,11.076923076923077,0.0,13.0,0.0,0.0,0.20833333333333334,48.0,2.6666666666666665,1
331222,4,1,2.0,168.0,10.0,178.0,66.0,44.5,0.0,4.0,0.0,0.0,0.056179775280898875,44.5,0.5,1
331224,5,2,10.0,162.0,30.0,192.0,52.0,13.714285714285714,0.0,14.0,0.0,0.0,0.15625,38.4,2.0,2
331225,2,1,2.0,21.0,5.0,26.0,17.0,13.0,0.0,2.0,0.0,0.0,0.19230769230769232,13.0,1.0,1
331233,4,2,363.0,17372.0,5136.0,22508.0,1500.0,57.12690355329949,32.0,343.0,3.0,16.0,0.22818553403234407,5627.0,90.75,2
331236,1,1,3.0,32.0,2.0,34.0,30.0,11.333333333333334,1.0,2.0,0.0,0.0,0.058823529411764705,34.0,3.0,1
331239,4,1,8.0,491.0,129.0,620.0,116.0,34.44444444444444,0.0,18.0,0.0,0.0,0.20806451612903226,155.0,2.0,1
331241,4,1,104.0,3852.0,632.0,4484.0,473.0,40.3963963963964,6.0,105.0,0.0,0.0,0.1409455842997324,1121.0,26.0,1
331244,3,1,41.0,2023.0,333.0,2356.0,244.0,48.08163265306123,1.0,48.0,0.0,0.0,0.14134125636672326,785.3333333333334,13.666666666666666,1
331276,2,2,8.0,290.0,64.0,354.0,111.0,39.333333333333336,0.0,9.0,0.0,0.0,0.1807909604519774,177.0,4.0,2
331278,1,1,3.0,20.0,22.0,42.0,24.0,14.0,0.0,3.0,0.0,0.0,0.5238095238095238,42.0,3.0,1
331281,2,1,5.0,255.0,60.0,315.0,87.0,45.0,0.0,7.0,0.0,0.0,0.19047619047619047,157.5,2.5,1
331282,23,1,528.0,30237.0,7147.0,37384.0,1317.0,57.07480916030534,70.0,575.0,5.0,5.0,0.19117804408303019,1625.391304347826,22.956521739130434,1
331283,1,1,3.0,47.0,1.0,48.0,33.0,16.0,0.0,3.0,0.0,0.0,0.020833333333333332,48.0,3.0,1
331297,1,1,2.0,2.0,2.0,4.0,3.0,2.0,0.0,2.0,0.0,0.0,0.5,4.0,2.0,1
331298,10,1,28.0,846.0,534.0,1380.0,135.0,20.597014925373134,0.0,67.0,0.0,0.0,0.3869565217391304,138.0,2.8,1
331300,3,1,2.0,106.0,32.0,138.0,33.0,23.0,0.0,6.0,0.0,0.0,0.2318840579710145,46.0,0.6666666666666666,1
331306,5,1,4.0,119.0,36.0,155.0,60.0,25.833333333333332,0.0,6.0,0.0,0.0,0.23225806451612904,31.0,0.8,1
331307,2,1,14.0,204.0,99.0,303.0,56.0,21.642857142857142,0.0,14.0,0.0,0.0,0.32673267326732675,151.5,7.0,1
331308,2,1,2.0,73.0,44.0,117.0,56.0,29.25,0.0,4.0,0.0,0.0,0.37606837606837606,58.5,1.0,1
331310,5,1,2.0,93.0,37.0,130.0,37.0,16.25,1.0,7.0,0.0,0.0,0.2846153846153846,26.0,0.4,1
331312,2,1,7.0,190.0,6.0,196.0,91.0,24.5,2.0,6.0,0.0,0.0,0.030612244897959183,98.0,3.5,1
331313,3,2,39.0,921.0,181.0,1102.0,114.0,28.256410256410255,1.0,38.0,0.0,0.0,0.16424682395644283,367.3333333333333,13.0,2
331315,4,1,9.0,242.0,147.0,389.0,87.0,21.61111111111111,0.0,18.0,0.0,0.0,0.37789203084832906,97.25,2.25,1
331321,2,1,2.0,20.0,12.0,32.0,14.0,8.0,0.0,4.0,0.0,0.0,0.375,16.0,1.0,1
331322,3,2,1.0,4.0,2.0,6.0,4.0,3.0,0.0,2.0,0.0,0.0,0.3333333333333333,2.0,0.3333333333333333,2
331326,7,2,300.0,14147.0,3715.0,17862.0,1500.0,58.372549019607845,27.0,277.0,2.0,0.0,0.20798342850744597,2551.714285714286,42.857142857142854,2
331328,4,2,2.0,148.0,27.0,175.0,48.0,29.166666666666668,0.0,6.0,0.0,0.0,0.15428571428571428,43.75,0.5,2
331329,2,1,1.0,15.0,4.0,19.0,19.0,19.0,0.0,1.0,0.0,0.0,0.21052631578947367,9.5,0.5,1
331331,1,1,0.0,0.0,0.0,0.0,0.0,0.0,0.0,0.0,0.0,0.0,0.0,0.0,0.0,1
331332,1,1,6.0,65.0,13.0,78.0,38.0,13.0,0.0,6.0,0.0,0.0,0.16666666666666666,78.0,6.0,1
331333,2,1,1.0,2.0,0.0,2.0,2.0,2.0,0.0,1.0,0.0,0.0,0.0,1.0,0.5,1
331337,4,2,4.0,19.0,4.0,23.0,13.0,5.75,0.0,4.0,0.0,0.0,0.17391304347826086,5.75,1.0,2
331338,5,1,43.0,798.0,241.0,1039.0,77.0,20.78,1.0,49.0,0.0,0.0,0.23195380173243504,207.8,8.6,1
331339,1,1,6.0,107.0,0.0,107.0,48.0,17.833333333333332,0.0,6.0,0.0,0.0,0.0,107.0,6.0,1
331340,1,1,9.0,129.0,34.0,163.0,77.0,18.11111111111111,0.0,9.0,0.0,0.0,0.2085889570552147,163.0,9.0,1
331343,2,1,1.0,1.0,2.0,3.0,3.0,3.0,0.0,1.0,0.0,0.0,0.6666666666666666,1.5,0.5,1
331345,4,1,2.0,128.0,146.0,274.0,118.0,39.142857142857146,0.0,7.0,0.0,0.0,0.5328467153284672,68.5,0.5,1
331349,4,1,4.0,154.0,52.0,206.0,66.0,25.75,1.0,5.0,0.0,2.0,0.2524271844660194,51.5,1.0,1
331351,3,1,302.0,15037.0,3249.0,18286.0,913.0,60.34983498349835,39.0,261.0,3.0,0.0,0.17767691129826096,6095.333333333333,100.66666666666667,1
331352,1,1,4.0,118.0,35.0,153.0,86.0,38.25,0.0,4.0,0.0,0.0,0.22875816993464052,153.0,4.0,1
331353,2,1,4.0,9.0,4.0,13.0,4.0,3.25,0.0,4.0,0.0,0.0,0.3076923076923077,6.5,2.0,1
331356,1,1,3.0,41.0,8.0,49.0,21.0,16.333333333333332,0.0,3.0,0.0,0.0,0.16326530612244897,49.0,3.0,1
331358,4,3,487.0,21319.0,14506.0,35825.0,1689.0,65.01814882032667,41.0,490.0,20.0,0.0,0.40491277041172363,8956.25,121.75,3
331362,1,1,6.0,105.0,6.0,111.0,46.0,18.5,3.0,3.0,0.0,0.0,0.05405405405405406,111.0,6.0,1
331363,1,1,6.0,105.0,6.0,111.0,46.0,18.5,3.0,3.0,0.0,0.0,0.05405405405405406,111.0,6.0,1
331364,2,1,4.0,118.0,35.0,153.0,86.0,38.25,0.0,4.0,0.0,0.0,0.22875816993464052,76.5,2.0,1
331369,3,2,302.0,11935.0,2872.0,14807.0,779.0,49.02980132450331,30.0,270.0,2.0,0.0,0.19396231512122644,4935.666666666667,100.66666666666667,2
331370,6,2,313.0,14897.0,4229.0,19126.0,1500.0,60.144654088050316,28.0,288.0,2.0,0.0,0.22111262156227127,3187.6666666666665,52.166666666666664,2
331372,14,2,301.0,18689.0,7030.0,25719.0,1500.0,62.882640586797066,32.0,373.0,4.0,0.0,0.2733387767798126,1837.0714285714287,21.5,2
331375,2,1,1.0,6.0,1.0,7.0,7.0,7.0,0.0,1.0,0.0,0.0,0.14285714285714285,3.5,0.5,1
331376,2,1,1.0,2.0,0.0,2.0,2.0,2.0,0.0,1.0,0.0,0.0,0.0,1.0,0.5,1
331377,1,1,2.0,6.0,6.0,12.0,6.0,6.0,0.0,2.0,0.0,0.0,0.5,12.0,2.0,1
331378,28,1,112.0,3970.0,989.0,4959.0,473.0,26.805405405405406,6.0,179.0,0.0,0.0,0.1994353700342811,177.10714285714286,4.0,1
331380,2,1,79.0,2406.0,467.0,2873.0,473.0,36.36708860759494,5.0,74.0,0.0,0.0,0.16254785938043856,1436.5,39.5,1
331382,2,1,18.0,399.0,375.0,774.0,267.0,43.0,1.0,17.0,0.0,0.0,0.4844961240310077,387.0,9.0,1
331383,1,1,2.0,2.0,0.0,2.0,1.0,1.0,0.0,2.0,0.0,0.0,0.0,2.0,2.0,1
331386,1,1,1.0,7.0,3.0,10.0,10.0,10.0,0.0,1.0,0.0,0.0,0.3,10.0,1.0,1
331387,1,1,5.0,153.0,25.0,178.0,126.0,35.6,1.0,4.0,0.0,0.0,0.1404494382022472,178.0,5.0,1
331391,4,1,602.0,38683.0,8376.0,47059.0,1932.0,71.51823708206688,103.0,545.0,6.0,4.0,0.177989332540003,11764.75,150.5,1
331394,7,2,532.0,24016.0,14251.0,38267.0,1697.0,60.262992125984255,47.0,568.0,20.0,0.0,0.37240964799958187,5466.714285714285,76.0,2
331395,2,2,303.0,12654.0,4811.0,17465.0,1500.0,57.64026402640264,26.0,268.0,9.0,0.0,0.2754652161465789,8732.5,151.5,2
331396,2,1,2.0,12.0,10.0,22.0,8.0,5.5,0.0,4.0,0.0,0.0,0.45454545454545453,11.0,1.0,1
331399,2,1,1.0,1.0,1.0,2.0,2.0,2.0,0.0,1.0,0.0,0.0,0.5,1.0,0.5,1
331401,2,1,2.0,3.0,551.0,554.0,368.0,184.66666666666666,0.0,3.0,0.0,0.0,0.9945848375451264,277.0,1.0,1
331402,2,1,6.0,251.0,67.0,318.0,113.0,35.333333333333336,0.0,9.0,0.0,0.0,0.21069182389937108,159.0,3.0,1
331405,2,1,1.0,9.0,4.0,13.0,7.0,6.5,0.0,2.0,0.0,0.0,0.3076923076923077,6.5,0.5,1
331406,1,1,1.0,27.0,0.0,27.0,27.0,27.0,0.0,1.0,0.0,0.0,0.0,27.0,1.0,1
331407,4,3,157.0,7303.0,3343.0,10646.0,1500.0,67.80891719745223,8.0,130.0,3.0,16.0,0.314014653390945,2661.5,39.25,3
331408,1,1,4.0,307.0,49.0,356.0,281.0,89.0,0.0,4.0,0.0,0.0,0.13764044943820225,356.0,4.0,1
331409,1,1,1.0,10.0,1.0,11.0,11.0,11.0,0.0,1.0,0.0,0.0,0.09090909090909091,11.0,1.0,1
331410,4,1,2.0,541.0,19.0,560.0,388.0,93.33333333333333,0.0,6.0,0.0,0.0,0.033928571428571426,140.0,0.5,1
331414,1,1,1.0,11.0,7.0,18.0,18.0,18.0,0.0,1.0,0.0,0.0,0.3888888888888889,18.0,1.0,1
331415,8,1,5.0,673.0,64.0,737.0,151.0,49.13333333333333,2.0,13.0,0.0,0.0,0.08683853459972862,92.125,0.625,1
331416,1,1,1.0,1.0,1.0,2.0,2.0,2.0,0.0,1.0,0.0,0.0,0.5,2.0,1.0,1
331418,6,1,7.0,586.0,130.0,716.0,229.0,42.11764705882353,0.0,17.0,0.0,0.0,0.18156424581005587,119.33333333333333,1.1666666666666667,1
331419,1,1,2.0,79.0,4.0,83.0,71.0,41.5,0.0,2.0,0.0,0.0,0.04819277108433735,83.0,2.0,1
331424,1,1,5.0,107.0,23.0,130.0,73.0,26.0,0.0,5.0,0.0,0.0,0.17692307692307693,130.0,5.0,1
331430,2,1,14.0,529.0,59.0,588.0,234.0,32.666666666666664,0.0,18.0,0.0,0.0,0.10034013605442177,294.0,7.0,1
331432,1,1,2.0,75.0,2.0,77.0,62.0,38.5,1.0,1.0,0.0,0.0,0.025974025974025976,77.0,2.0,1
331435,2,1,1.0,1.0,0.0,1.0,1.0,1.0,0.0,1.0,0.0,0.0,0.0,0.5,0.5,1
331436,2,1,4.0,85.0,8.0,93.0,25.0,15.5,0.0,6.0,0.0,0.0,0.08602150537634409,46.5,2.0,1
331437,1,1,4.0,174.0,12.0,186.0,74.0,46.5,0.0,4.0,0.0,0.0,0.06451612903225806,186.0,4.0,1
331438,2,1,2.0,32.0,4.0,36.0,25.0,12.0,0.0,3.0,0.0,0.0,0.1111111111111111,18.0,1.0,1
331439,9,2,637.0,34517.0,8206.0,42723.0,1627.0,61.827785817655574,130.0,539.0,5.0,17.0,0.19207452660159632,4747.0,70.77777777777777,2
331442,6,2,582.0,32325.0,10355.0,42680.0,1657.0,70.54545454545455,79.0,516.0,8.0,2.0,0.2426194939081537,7113.333333333333,97.0,2
331444,2,1,2.0,49.0,6.0,55.0,29.0,18.333333333333332,0.0,3.0,0.0,0.0,0.10909090909090909,27.5,1.0,1
331446,4,1,3.0,268.0,100.0,368.0,94.0,61.333333333333336,0.0,6.0,0.0,0.0,0.2717391304347826,92.0,0.75,1
331447,2,1,3.0,163.0,20.0,183.0,105.0,61.0,1.0,2.0,0.0,0.0,0.1092896174863388,91.5,1.5,1
331448,2,1,9.0,517.0,77.0,594.0,211.0,42.42857142857143,0.0,14.0,0.0,0.0,0.12962962962962962,297.0,4.5,1
331449,2,1,2.0,37.0,3.0,40.0,32.0,20.0,0.0,2.0,0.0,0.0,0.075,20.0,1.0,1
331450,2,1,6.0,99.0,31.0,130.0,69.0,16.25,0.0,8.0,0.0,0.0,0.23846153846153847,65.0,3.0,1
331451,1,1,36.0,628.0,628.0,1256.0,265.0,34.888888888888886,1.0,18.0,1.0,16.0,0.5,1256.0,36.0,1
331453,1,1,1.0,6.0,0.0,6.0,6.0,6.0,0.0,1.0,0.0,0.0,0.0,6.0,1.0,1
331458,1,1,3.0,41.0,8.0,49.0,21.0,16.333333333333332,0.0,3.0,0.0,0.0,0.16326530612244897,49.0,3.0,1
331459,2,1,1.0,2.0,2.0,4.0,2.0,2.0,0.0,2.0,0.0,0.0,0.5,2.0,0.5,1
331461,1,1,2.0,5.0,5.0,10.0,8.0,5.0,0.0,2.0,0.0,0.0,0.5,10.0,2.0,1
331465,1,1,10.0,138.0,5.0,143.0,35.0,14.3,0.0,10.0,0.0,0.0,0.03496503496503497,143.0,10.0,1
331467,1,1,2.0,86.0,9.0,95.0,72.0,47.5,0.0,2.0,0.0,0.0,0.09473684210526316,95.0,2.0,1
331468,3,1,3.0,3.0,3.0,6.0,2.0,2.0,0.0,3.0,0.0,0.0,0.5,2.0,1.0,1
331471,3,1,18.0,524.0,82.0,606.0,149.0,24.24,1.0,24.0,0.0,0.0,0.1353135313531353,202.0,6.0,1
331472,2,1,5.0,163.0,28.0,191.0,76.0,27.285714285714285,0.0,7.0,0.0,0.0,0.14659685863874344,95.5,2.5,1
331474,3,1,2.0,247.0,60.0,307.0,115.0,61.4,0.0,5.0,0.0,0.0,0.19543973941368079,102.33333333333333,0.6666666666666666,1
331476,1,1,2.0,33.0,3.0,36.0,30.0,18.0,0.0,2.0,0.0,0.0,0.08333333333333333,36.0,2.0,1
331479,1,1,1.0,6.0,3.0,9.0,9.0,9.0,0.0,1.0,0.0,0.0,0.3333333333333333,9.0,1.0,1
331481,3,1,8.0,90.0,20.0,110.0,47.0,11.0,0.0,10.0,0.0,0.0,0.18181818181818182,36.666666666666664,2.6666666666666665,1
331482,3,1,2.0,16.0,29.0,45.0,16.0,15.0,0.0,3.0,0.0,0.0,0.6444444444444445,15.0,0.6666666666666666,1
331485,2,1,2.0,54.0,15.0,69.0,34.0,23.0,0.0,3.0,0.0,0.0,0.21739130434782608,34.5,1.0,1
331486,1,1,3.0,100.0,18.0,118.0,67.0,39.333333333333336,0.0,3.0,0.0,0.0,0.15254237288135594,118.0,3.0,1
331488,3,1,20.0,703.0,216.0,919.0,119.0,36.76,0.0,25.0,0.0,0.0,0.235038084874864,306.3333333333333,6.666666666666667,1
331490,1,1,5.0,30.0,13.0,43.0,26.0,8.6,0.0,5.0,0.0,0.0,0.3023255813953488,43.0,5.0,1
331491,5,1,271.0,5520.0,11863.0,17383.0,1697.0,61.86120996441281,10.0,249.0,22.0,0.0,0.6824483690962434,3476.6,54.2,1
331492,3,1,17.0,480.0,116.0,596.0,167.0,24.833333333333332,2.0,22.0,0.0,0.0,0.19463087248322147,198.66666666666666,5.666666666666667,1
331495,6,1,5.0,25.0,25.0,50.0,19.0,8.333333333333334,0.0,6.0,0.0,0.0,0.5,8.333333333333334,0.8333333333333334,1
331496,1,1,1.0,6.0,4.0,10.0,10.0,10.0,0.0,1.0,0.0,0.0,0.4,10.0,1.0,1
331499,1,1,1.0,66.0,1.0,67.0,67.0,67.0,0.0,1.0,0.0,0.0,0.014925373134328358,67.0,1.0,1
331501,2,1,2.0,103.0,40.0,143.0,83.0,35.75,0.0,4.0,0.0,0.0,0.27972027972027974,71.5,1.0,1
331503,4,1,51.0,997.0,203.0,1200.0,162.0,20.338983050847457,2.0,57.0,0.0,0.0,0.16916666666666666,300.0,12.75,1
331505,4,1,102.0,2107.0,360.0,2467.0,162.0,22.427272727272726,4.0,106.0,0.0,0.0,0.1459262261856506,616.75,25.5,1
331506,1,1,2.0,20.0,10.0,30.0,20.0,15.0,0.0,2.0,0.0,0.0,0.3333333333333333,30.0,2.0,1
331509,15,1,677.0,35835.0,20378.0,56213.0,1968.0,65.51631701631702,92.0,732.0,31.0,3.0,0.3625140092149503,3747.5333333333333,45.13333333333333,1
331510,1,1,2.0,20.0,10.0,30.0,20.0,15.0,0.0,2.0,0.0,0.0,0.3333333333333333,30.0,2.0,1
331512,1,1,2.0,51.0,4.0,55.0,35.0,27.5,0.0,2.0,0.0,0.0,0.07272727272727272,55.0,2.0,1
331514,23,1,322.0,20661.0,8875.0,29536.0,2034.0,72.7487684729064,60.0,320.0,22.0,4.0,0.3004807692307692,1284.1739130434783,14.0,1
331515,2,1,154.0,2891.0,524.0,3415.0,177.0,22.175324675324674,5.0,149.0,0.0,0.0,0.1534407027818448,1707.5,77.0,1
331516,4,1,134.0,2882.0,424.0,3306.0,254.0,24.488888888888887,6.0,129.0,0.0,0.0,0.12825166364186327,826.5,33.5,1
331518,13,1,132.0,3741.0,1166.0,4907.0,179.0,17.90875912408759,5.0,267.0,2.0,0.0,0.2376197269207255,377.46153846153845,10.153846153846153,1
331519,2,1,7.0,223.0,51.0,274.0,116.0,22.833333333333332,1.0,11.0,0.0,0.0,0.18613138686131386,137.0,3.5,1
331520,1,1,1.0,1.0,1.0,2.0,2.0,2.0,0.0,1.0,0.0,0.0,0.5,2.0,1.0,1
331522,6,2,233.0,4139.0,14004.0,18143.0,2519.0,69.24809160305344,6.0,234.0,22.0,0.0,0.7718679380477319,3023.8333333333335,38.833333333333336,2
331523,2,1,9.0,98.0,23.0,121.0,37.0,8.642857142857142,0.0,14.0,0.0,0.0,0.19008264462809918,60.5,4.5,1
331524,1,1,2.0,20.0,10.0,30.0,20.0,15.0,0.0,2.0,0.0,0.0,0.3333333333333333,30.0,2.0,1
331525,5,2,25.0,716.0,590.0,1306.0,140.0,23.745454545454546,0.0,55.0,0.0,0.0,0.45176110260336905,261.2,5.0,2
331527,2,1,3.0,112.0,42.0,154.0,38.0,25.666666666666668,0.0,6.0,0.0,0.0,0.2727272727272727,77.0,1.5,1
331529,6,1,306.0,15710.0,4775.0,20485.0,732.0,64.82594936708861,46.0,260.0,8.0,2.0,0.23309738833292654,3414.1666666666665,51.0,1
331530,5,1,538.0,29984.0,8082.0,38066.0,1627.0,62.50574712643678,89.0,511.0,7.0,2.0,0.21231545210949404,7613.2,107.6,1
331533,1,1,9.0,364.0,53.0,417.0,95.0,46.333333333333336,0.0,9.0,0.0,0.0,0.12709832134292565,417.0,9.0,1
331536,2,1,7.0,299.0,135.0,434.0,63.0,39.45454545454545,0.0,11.0,0.0,0.0,0.31105990783410137,217.0,3.5,1
331539,1,1,2.0,27.0,8.0,35.0,22.0,17.5,0.0,2.0,0.0,0.0,0.22857142857142856,35.0,2.0,1
331540,1,1,2.0,31.0,2.0,33.0,26.0,16.5,0.0,2.0,0.0,0.0,0.06060606060606061,33.0,2.0,1
331543,1,1,3.0,44.0,2.0,46.0,42.0,15.333333333333334,1.0,2.0,0.0,0.0,0.043478260869565216,46.0,3.0,1
331544,6,1,130.0,2846.0,571.0,3417.0,128.0,17.170854271356784,3.0,196.0,0.0,0.0,0.16710564822944102,569.5,21.666666666666668,1
331545,1,1,3.0,48.0,14.0,62.0,40.0,20.666666666666668,0.0,3.0,0.0,0.0,0.22580645161290322,62.0,3.0,1
331547,1,1,4.0,52.0,11.0,63.0,19.0,15.75,0.0,4.0,0.0,0.0,0.1746031746031746,63.0,4.0,1
331549,3,2,3.0,348.0,42.0,390.0,189.0,65.0,2.0,4.0,0.0,0.0,0.1076923076923077,130.0,1.0,2
331550,13,1,322.0,14661.0,5017.0,19678.0,732.0,58.56547619047619,45.0,281.0,10.0,0.0,0.25495477182640514,1513.6923076923076,24.76923076923077,1
331551,2,1,15.0,380.0,60.0,440.0,118.0,24.444444444444443,0.0,18.0,0.0,0.0,0.13636363636363635,220.0,7.5,1
331552,10,3,30.0,3809.0,3614.0,7423.0,381.0,218.3235294117647,0.0,34.0,0.0,0.0,0.4868651488616462,742.3,3.0,3
331555,1,1,2.0,6.0,3.0,9.0,8.0,4.5,0.0,2.0,0.0,0.0,0.3333333333333333,9.0,2.0,1
331556,1,1,2.0,55.0,3.0,58.0,30.0,29.0,0.0,2.0,0.0,0.0,0.05172413793103448,58.0,2.0,1
331557,2,1,11.0,246.0,22.0,268.0,71.0,20.615384615384617,1.0,12.0,0.0,0.0,0.08208955223880597,134.0,5.5,1
331558,1,1,2.0,93.0,0.0,93.0,87.0,46.5,1.0,1.0,0.0,0.0,0.0,93.0,2.0,1
331559,1,1,3.0,0.0,53.0,53.0,31.0,17.666666666666668,0.0,1.0,2.0,0.0,1.0,53.0,3.0,1
331560,1,1,2.0,63.0,26.0,89.0,53.0,44.5,0.0,2.0,0.0,0.0,0.29213483146067415,89.0,2.0,1
331561,17,1,363.0,10114.0,14778.0,24892.0,2302.0,53.531182795698925,21.0,421.0,23.0,0.0,0.5936847179816809,1464.235294117647,21.352941176470587,1
331564,1,1,2.0,2.0,2.0,4.0,2.0,2.0,0.0,2.0,0.0,0.0,0.5,4.0,2.0,1
331565,7,1,25.0,2670.0,353.0,3023.0,328.0,59.27450980392157,14.0,37.0,0.0,0.0,0.11677141912007939,431.85714285714283,3.5714285714285716,1
331569,1,1,5.0,70.0,9.0,79.0,43.0,15.8,0.0,5.0,0.0,0.0,0.11392405063291139,79.0,5.0,1
331571,2,1,2.0,59.0,7.0,66.0,47.0,22.0,1.0,2.0,0.0,0.0,0.10606060606060606,33.0,1.0,1
331573,15,1,776.0,45728.0,24896.0,70624.0,2302.0,69.51181102362204,102.0,885.0,27.0,2.0,0.35251472587222477,4708.266666666666,51.733333333333334,1
331574,3,1,7.0,407.0,91.0,498.0,207.0,41.5,1.0,10.0,0.0,1.0,0.1827309236947791,166.0,2.3333333333333335,1
331575,2,1,2.0,27.0,18.0,45.0,38.0,15.0,0.0,3.0,0.0,0.0,0.4,22.5,1.0,1
331576,1,1,2.0,11.0,6.0,17.0,11.0,8.5,0.0,2.0,0.0,0.0,0.35294117647058826,17.0,2.0,1
331577,3,1,2.0,53.0,10.0,63.0,47.0,12.6,0.0,5.0,0.0,0.0,0.15873015873015872,21.0,0.6666666666666666,1
331586,2,1,5.0,96.0,17.0,113.0,44.0,18.833333333333332,0.0,6.0,0.0,0.0,0.1504424778761062,56.5,2.5,1
331587,5,1,393.0,21805.0,5858.0,27663.0,713.0,62.585972850678736,67.0,364.0,9.0,2.0,0.21176300473556736,5532.6,78.6,1
331588,16,1,813.0,53821.0,13750.0,67571.0,1627.0,70.75497382198952,133.0,801.0,15.0,6.0,0.20348966272513355,4223.1875,50.8125,1
331591,5,1,309.0,8268.0,12207.0,20475.0,1697.0,59.520348837209305,17.0,304.0,23.0,0.0,0.5961904761904762,4095.0,61.8,1
331596,1,1,2.0,79.0,6.0,85.0,69.0,42.5,0.0,2.0,0.0,0.0,0.07058823529411765,85.0,2.0,1
331602,4,1,320.0,10896.0,14135.0,25031.0,2344.0,76.5474006116208,32.0,272.0,23.0,0.0,0.5646997722823699,6257.75,80.0,1
331604,6,1,327.0,10113.0,8817.0,18930.0,1637.0,55.18950437317784,17.0,309.0,17.0,0.0,0.4657686212361331,3155.0,54.5,1
331606,12,1,293.0,8565.0,14390.0,22955.0,2344.0,64.84463276836158,16.0,315.0,23.0,0.0,0.6268786756697887,1912.9166666666667,24.416666666666668,1
331611,1,1,2.0,25.0,4.0,29.0,27.0,14.5,0.0,2.0,0.0,0.0,0.13793103448275862,29.0,2.0,1
331612,6,1,7.0,110.0,43.0,153.0,40.0,13.909090909090908,0.0,11.0,0.0,0.0,0.28104575163398693,25.5,1.1666666666666667,1
331614,1,1,1.0,3.0,2.0,5.0,5.0,5.0,0.0,1.0,0.0,0.0,0.4,5.0,1.0,1
331617,3,1,2.0,64.0,14.0,78.0,31.0,15.6,0.0,5.0,0.0,0.0,0.1794871794871795,26.0,0.6666666666666666,1
331618,3,1,301.0,17192.0,4112.0,21304.0,1627.0,70.54304635761589,59.0,239.0,3.0,1.0,0.19301539616973337,7101.333333333333,100.33333333333333,1
331619,2,1,3.0,50.0,13.0,63.0,30.0,12.6,0.0,5.0,0.0,0.0,0.20634920634920634,31.5,1.5,1
331620,2,1,301.0,16967.0,4040.0,21007.0,879.0,69.33003300330033,58.0,236.0,7.0,2.0,0.19231684676536392,10503.5,150.5,1
331623,1,1,1.0,2.0,1.0,3.0,3.0,3.0,0.0,1.0,0.0,0.0,0.3333333333333333,3.0,1.0,1
331625,3,1,4.0,257.0,92.0,349.0,182.0,58.166666666666664,1.0,5.0,0.0,0.0,0.2636103151862464,116.33333333333333,1.3333333333333333,1
331626,2,1,2.0,29.0,7.0,36.0,19.0,9.0,0.0,4.0,0.0,0.0,0.19444444444444445,18.0,1.0,1
331627,3,2,6.0,129.0,75.0,204.0,72.0,34.0,0.0,6.0,0.0,0.0,0.36764705882352944,68.0,2.0,2
331628,2,1,13.0,100.0,12.0,112.0,40.0,7.0,0.0,16.0,0.0,0.0,0.10714285714285714,56.0,6.5,1
331629,1,1,2.0,17.0,15.0,32.0,23.0,16.0,0.0,2.0,0.0,0.0,0.46875,32.0,2.0,1
331630,1,1,5.0,13.0,10.0,23.0,8.0,4.6,0.0,5.0,0.0,0.0,0.43478260869565216,23.0,5.0,1
331631,1,1,1.0,2.0,0.0,2.0,2.0,2.0,0.0,1.0,0.0,0.0,0.0,2.0,1.0,1
331635,8,1,378.0,21587.0,8396.0,29983.0,713.0,68.45433789954338,66.0,358.0,11.0,3.0,0.2800253476970283,3747.875,47.25,1
331640,1,1,3.0,7.0,4.0,11.0,6.0,3.6666666666666665,0.0,3.0,0.0,0.0,0.36363636363636365,11.0,3.0,1
331643,2,1,2.0,8.0,2.0,10.0,5.0,5.0,0.0,2.0,0.0,0.0,0.2,5.0,1.0,1
331644,2,1,4.0,17.0,82.0,99.0,37.0,19.8,0.0,5.0,0.0,0.0,0.8282828282828283,49.5,2.0,1
331645,3,1,4.0,219.0,47.0,266.0,65.0,29.555555555555557,0.0,9.0,0.0,0.0,0.17669172932330826,88.66666666666667,1.3333333333333333,1
331657,1,1,1.0,10.0,0.0,10.0,10.0,10.0,0.0,1.0,0.0,0.0,0.0,10.0,1.0,1
331660,1,1,0.0,0.0,0.0,0.0,0.0,0.0,0.0,0.0,0.0,0.0,0.0,0.0,0.0,1
331661,2,1,302.0,8712.0,8545.0,17257.0,1637.0,56.95379537953795,17.0,270.0,16.0,0.0,0.4951613837862896,8628.5,151.0,1
331664,1,1,0.0,0.0,0.0,0.0,0.0,0.0,0.0,0.0,0.0,0.0,0.0,0.0,0.0,1
331665,5,1,189.0,18197.0,4175.0,22372.0,713.0,67.3855421686747,65.0,260.0,5.0,2.0,0.18661720007151797,4474.4,37.8,1
331667,2,1,339.0,18971.0,5246.0,24217.0,713.0,64.75133689839572,64.0,298.0,10.0,2.0,0.21662468513853905,12108.5,169.5,1
331668,1,1,8.0,74.0,8.0,82.0,27.0,10.25,0.0,8.0,0.0,0.0,0.0975609756097561,82.0,8.0,1
331669,1,1,7.0,566.0,5.0,571.0,264.0,81.57142857142857,0.0,7.0,0.0,0.0,0.008756567425569177,571.0,7.0,1
331670,1,1,1.0,11.0,4.0,15.0,15.0,15.0,0.0,1.0,0.0,0.0,0.26666666666666666,15.0,1.0,1
331673,1,1,6.0,114.0,26.0,140.0,39.0,23.333333333333332,0.0,6.0,0.0,0.0,0.18571428571428572,140.0,6.0,1
331674,7,1,7.0,202.0,214.0,416.0,211.0,34.666666666666664,0.0,11.0,0.0,1.0,0.5144230769230769,59.42857142857143,1.0,1
331676,1,1,3.0,182.0,16.0,198.0,132.0,66.0,0.0,3.0,0.0,0.0,0.08080808080808081,198.0,3.0,1
331679,1,1,10.0,211.0,71.0,282.0,113.0,28.2,0.0,10.0,0.0,0.0,0.25177304964539005,282.0,10.0,1
331680,1,1,2.0,28.0,1.0,29.0,24.0,14.5,0.0,2.0,0.0,0.0,0.034482758620689655,29.0,2.0,1
331681,2,1,4.0,16.0,14.0,30.0,13.0,5.0,0.0,6.0,0.0,0.0,0.4666666666666667,15.0,2.0,1
331682,1,1,2.0,320.0,68.0,388.0,208.0,194.0,1.0,1.0,0.0,0.0,0.17525773195876287,388.0,2.0,1
331683,2,1,3.0,133.0,4.0,137.0,98.0,34.25,0.0,4.0,0.0,0.0,0.029197080291970802,68.5,1.5,1
331684,4,1,331.0,19519.0,7800.0,27319.0,767.0,75.67590027700831,61.0,288.0,9.0,3.0,0.285515575240675,6829.75,82.75,1
331685,3,1,314.0,18919.0,6663.0,25582.0,1968.0,80.44654088050315,47.0,265.0,5.0,1.0,0.260456571026503,8527.333333333334,104.66666666666667,1
331689,2,1,1.0,11.0,2.0,13.0,13.0,13.0,0.0,1.0,0.0,0.0,0.15384615384615385,6.5,0.5,1
331691,11,1,794.0,50160.0,16922.0,67082.0,1968.0,70.3903462749213,151.0,780.0,18.0,4.0,0.252258429981217,6098.363636363636,72.18181818181819,1
331692,2,1,2.0,105.0,1.0,106.0,102.0,35.333333333333336,1.0,2.0,0.0,0.0,0.009433962264150943,53.0,1.0,1
331694,10,1,461.0,30208.0,10885.0,41093.0,1968.0,79.94747081712062,84.0,416.0,11.0,3.0,0.26488696371644804,4109.3,46.1,1
331696,1,1,4.0,50.0,9.0,59.0,24.0,14.75,0.0,4.0,0.0,0.0,0.15254237288135594,59.0,4.0,1
331697,5,1,156.0,8574.0,1804.0,10378.0,713.0,59.98843930635838,31.0,137.0,3.0,2.0,0.17382925419155906,2075.6,31.2,1
331698,1,1,2.0,58.0,1.0,59.0,57.0,29.5,0.0,2.0,0.0,0.0,0.01694915254237288,59.0,2.0,1
331700,3,1,2.0,606.0,92.0,698.0,453.0,116.33333333333333,1.0,5.0,0.0,0.0,0.1318051575931232,232.66666666666666,0.6666666666666666,1
331701,8,1,456.0,26527.0,10936.0,37463.0,1968.0,74.18415841584158,69.0,418.0,14.0,4.0,0.29191468915997115,4682.875,57.0,1
331702,3,1,292.0,16852.0,7605.0,24457.0,1968.0,82.34680134680134,37.0,248.0,9.0,3.0,0.31095391912335935,8152.333333333333,97.33333333333333,1
331703,2,1,20.0,652.0,198.0,850.0,194.0,42.5,1.0,19.0,0.0,0.0,0.23294117647058823,425.0,10.0,1
331706,2,1,15.0,1018.0,517.0,1535.0,315.0,76.75,2.0,16.0,2.0,0.0,0.33680781758957656,767.5,7.5,1
331709,3,1,2.0,32.0,6.0,38.0,26.0,7.6,0.0,5.0,0.0,0.0,0.15789473684210525,12.666666666666666,0.6666666666666666,1
331710,2,1,4.0,215.0,120.0,335.0,96.0,55.833333333333336,1.0,5.0,0.0,0.0,0.3582089552238806,167.5,2.0,1
331711,2,1,2.0,37.0,5.0,42.0,27.0,10.5,0.0,4.0,0.0,0.0,0.11904761904761904,21.0,1.0,1
331712,1,1,3.0,66.0,8.0,74.0,49.0,24.666666666666668,0.0,3.0,0.0,0.0,0.10810810810810811,74.0,3.0,1
331713,2,1,2.0,3.0,3.0,6.0,2.0,2.0,0.0,3.0,0.0,0.0,0.5,3.0,1.0,1
331715,2,1,6.0,143.0,26.0,169.0,54.0,16.9,0.0,10.0,0.0,0.0,0.15384615384615385,84.5,3.0,1
331716,3,1,46.0,1969.0,868.0,2837.0,370.0,55.627450980392155,5.0,43.0,1.0,2.0,0.30595699682763483,945.6666666666666,15.333333333333334,1
331719,2,1,3.0,300.0,25.0,325.0,171.0,65.0,0.0,5.0,0.0,0.0,0.07692307692307693,162.5,1.5,1
331720,7,1,5.0,1039.0,220.0,1259.0,408.0,62.95,0.0,20.0,0.0,0.0,0.17474185861795075,179.85714285714286,0.7142857142857143,1
331721,2,1,2.0,267.0,37.0,304.0,179.0,76.0,0.0,4.0,0.0,0.0,0.12171052631578948,152.0,1.0,1
331722,2,1,2.0,26.0,29.0,55.0,27.0,13.75,0.0,4.0,0.0,0.0,0.5272727272727272,27.5,1.0,1
331723,5,1,10.0,963.0,231.0,1194.0,250.0,54.27272727272727,0.0,22.0,0.0,0.0,0.1934673366834171,238.8,2.0,1
331724,7,1,379.0,20976.0,6421.0,27397.0,1500.0,65.85817307692308,59.0,346.0,11.0,0.0,0.23436872650290178,3913.8571428571427,54.142857142857146,1
331726,1,1,2.0,5.0,5.0,10.0,8.0,5.0,0.0,2.0,0.0,0.0,0.5,10.0,2.0,1
331727,1,1,1.0,507.0,218.0,725.0,725.0,725.0,0.0,1.0,0.0,0.0,0.3006896551724138,725.0,1.0,1
331728,2,1,300.0,17246.0,5407.0,22653.0,923.0,75.00993377483444,56.0,236.0,8.0,2.0,0.2386880324901779,11326.5,150.0,1
331731,2,2,2.0,225.0,172.0,397.0,268.0,132.33333333333334,1.0,2.0,0.0,0.0,0.4332493702770781,198.5,1.0,2
331734,1,1,1.0,1.0,1.0,2.0,2.0,2.0,0.0,1.0,0.0,0.0,0.5,2.0,1.0,1
331735,1,1,3.0,109.0,34.0,143.0,85.0,47.666666666666664,0.0,3.0,0.0,0.0,0.23776223776223776,143.0,3.0,1
331736,1,1,1.0,638.0,0.0,638.0,638.0,638.0,1.0,0.0,0.0,0.0,0.0,638.0,1.0,1
331737,2,1,11.0,481.0,60.0,541.0,130.0,41.61538461538461,1.0,12.0,0.0,0.0,0.11090573012939002,270.5,5.5,1
331738,3,1,454.0,26810.0,8761.0,35571.0,1627.0,75.36228813559322,81.0,374.0,14.0,3.0,0.24629614011413792,11857.0,151.33333333333334,1
331739,2,1,41.0,3064.0,1398.0,4462.0,866.0,92.95833333333333,9.0,35.0,4.0,0.0,0.31331241595696996,2231.0,20.5,1
331740,2,1,7.0,1904.0,916.0,2820.0,1980.0,282.0,1.0,9.0,0.0,0.0,0.324822695035461,1410.0,3.5,1
331741,1,1,27.0,4438.0,51.0,4489.0,432.0,166.25925925925927,19.0,8.0,0.0,0.0,0.011361104923145467,4489.0,27.0,1
331749,7,1,7.0,581.0,89.0,670.0,116.0,44.666666666666664,0.0,15.0,0.0,0.0,0.1328358208955224,95.71428571428571,1.0,1
331752,1,1,1.0,174.0,3.0,177.0,177.0,177.0,0.0,1.0,0.0,0.0,0.01694915254237288,177.0,1.0,1
331753,3,1,2.0,32.0,3.0,35.0,18.0,5.833333333333333,0.0,6.0,0.0,0.0,0.08571428571428572,11.666666666666666,0.6666666666666666,1
331755,2,1,8.0,25.0,10.0,35.0,15.0,4.375,0.0,8.0,0.0,0.0,0.2857142857142857,17.5,4.0,1
331758,1,1,4.0,75.0,19.0,94.0,41.0,23.5,0.0,4.0,0.0,0.0,0.20212765957446807,94.0,4.0,1
331759,1,1,2.0,32.0,10.0,42.0,40.0,21.0,0.0,2.0,0.0,0.0,0.23809523809523808,42.0,2.0,1
331760,1,1,2.0,72.0,5.0,77.0,41.0,38.5,0.0,2.0,0.0,0.0,0.06493506493506493,77.0,2.0,1
331767,1,1,3.0,59.0,17.0,76.0,50.0,25.333333333333332,0.0,3.0,0.0,0.0,0.2236842105263158,76.0,3.0,1
331771,7,1,776.0,54622.0,22921.0,77543.0,2244.0,87.22497187851519,137.0,728.0,19.0,5.0,0.29559083347304077,11077.57142857143,110.85714285714286,1
331772,2,1,1.0,63.0,16.0,79.0,79.0,79.0,0.0,1.0,0.0,0.0,0.20253164556962025,39.5,0.5,1
331775,1,1,1.0,1.0,1.0,2.0,2.0,2.0,0.0,1.0,0.0,0.0,0.5,2.0,1.0,1
331776,4,2,9.0,137.0,463.0,600.0,244.0,60.0,0.0,10.0,0.0,0.0,0.7716666666666666,150.0,2.25,2
331782,3,1,303.0,20098.0,8401.0,28499.0,1968.0,92.52922077922078,53.0,243.0,9.0,3.0,0.2947822730622127,9499.666666666666,101.0,1
331785,2,1,302.0,18359.0,5128.0,23487.0,1627.0,77.77152317880795,53.0,243.0,4.0,2.0,0.21833354621705625,11743.5,151.0,1
331791,1,1,1.0,250.0,226.0,476.0,476.0,476.0,0.0,1.0,0.0,0.0,0.47478991596638653,476.0,1.0,1
331792,2,1,7.0,291.0,19.0,310.0,70.0,28.181818181818183,0.0,11.0,0.0,0.0,0.06129032258064516,155.0,3.5,1
331793,1,1,1.0,2.0,1.0,3.0,3.0,3.0,0.0,1.0,0.0,0.0,0.3333333333333333,3.0,1.0,1
331794,4,1,298.0,14563.0,4514.0,19077.0,1968.0,61.538709677419355,42.0,257.0,5.0,6.0,0.2366200136289773,4769.25,74.5,1
331796,43,3,1283.0,114491.0,54439.0,168930.0,2310.0,86.0132382892057,239.0,1699.0,23.0,3.0,0.3222577398922631,3928.6046511627906,29.837209302325583,3
331798,32,1,1322.0,123087.0,48738.0,171825.0,2504.0,89.86663179916317,288.0,1517.0,92.0,15.0,0.2836490615451768,5369.53125,41.3125,1
331799,2,1,7.0,241.0,79.0,320.0,129.0,40.0,0.0,8.0,0.0,0.0,0.246875,160.0,3.5,1
331800,4,1,302.0,27590.0,3259.0,30849.0,2233.0,101.14426229508197,117.0,181.0,6.0,1.0,0.1056436189179552,7712.25,75.5,1
331801,2,1,8.0,242.0,61.0,303.0,102.0,37.875,0.0,8.0,0.0,0.0,0.20132013201320131,151.5,4.0,1
331802,1,1,5.0,202.0,6.0,208.0,146.0,41.6,2.0,3.0,0.0,0.0,0.028846153846153848,208.0,5.0,1
331803,7,1,588.0,28946.0,21128.0,50074.0,2344.0,74.62593144560358,73.0,563.0,32.0,3.0,0.42193553540759676,7153.428571428572,84.0,1
331804,2,1,2.0,85.0,8.0,93.0,44.0,23.25,0.0,4.0,0.0,0.0,0.08602150537634409,46.5,1.0,1
331805,2,1,1.0,6.0,7.0,13.0,11.0,6.5,0.0,2.0,0.0,0.0,0.5384615384615384,6.5,0.5,1
331808,3,1,11.0,256.0,161.0,417.0,81.0,26.0625,0.0,16.0,0.0,0.0,0.38609112709832133,139.0,3.6666666666666665,1
331809,2,1,13.0,316.0,86.0,402.0,117.0,23.647058823529413,0.0,17.0,0.0,0.0,0.21393034825870647,201.0,6.5,1
331816,2,1,8.0,139.0,259.0,398.0,145.0,44.22222222222222,0.0,9.0,0.0,0.0,0.6507537688442211,199.0,4.0,1
331821,5,1,2.0,196.0,60.0,256.0,51.0,25.6,0.0,10.0,0.0,0.0,0.234375,51.2,0.4,1
331825,2,2,2.0,59.0,2.0,61.0,51.0,30.5,0.0,2.0,0.0,0.0,0.03278688524590164,30.5,1.0,2
331829,3,2,2.0,62.0,1.0,63.0,57.0,21.0,0.0,3.0,0.0,0.0,0.015873015873015872,21.0,0.6666666666666666,2
331830,1,1,6.0,169.0,169.0,338.0,96.0,56.333333333333336,0.0,6.0,0.0,0.0,0.5,338.0,6.0,1
331831,1,1,13.0,196.0,14.0,210.0,95.0,16.153846153846153,0.0,13.0,0.0,0.0,0.06666666666666667,210.0,13.0,1
331833,6,1,19.0,256.0,194.0,450.0,150.0,19.565217391304348,3.0,20.0,0.0,0.0,0.4311111111111111,75.0,3.1666666666666665,1
331836,11,1,25.0,972.0,693.0,1665.0,266.0,25.227272727272727,1.0,64.0,1.0,0.0,0.41621621621621624,151.36363636363637,2.272727272727273,1
331837,3,1,301.0,16970.0,8213.0,25183.0,1968.0,82.83881578947368,40.0,251.0,12.0,1.0,0.32613270857324383,8394.333333333334,100.33333333333333,1
331839,1,1,1.0,10.0,1.0,11.0,11.0,11.0,0.0,1.0,0.0,0.0,0.09090909090909091,11.0,1.0,1
331840,3,1,306.0,20776.0,4729.0,25505.0,1968.0,80.45741324921136,50.0,264.0,3.0,0.0,0.185414624583415,8501.666666666666,102.0,1
331841,2,1,14.0,232.0,437.0,669.0,266.0,41.8125,0.0,14.0,2.0,0.0,0.6532137518684604,334.5,7.0,1
331843,5,2,8.0,71.0,8.0,79.0,12.0,5.642857142857143,0.0,14.0,0.0,0.0,0.10126582278481013,15.8,1.6,2
331844,3,1,4.0,638.0,26.0,664.0,339.0,94.85714285714286,0.0,7.0,0.0,0.0,0.0391566265060241,221.33333333333334,1.3333333333333333,1
331846,5,1,85.0,5094.0,414.0,5508.0,673.0,62.59090909090909,20.0,68.0,0.0,0.0,0.07516339869281045,1101.6,17.0,1
331847,1,1,8.0,125.0,1.0,126.0,50.0,15.75,1.0,7.0,0.0,0.0,0.007936507936507936,126.0,8.0,1
331848,3,1,9.0,269.0,98.0,367.0,53.0,26.214285714285715,0.0,14.0,0.0,0.0,0.2670299727520436,122.33333333333333,3.0,1
331850,3,1,163.0,11491.0,3242.0,14733.0,1968.0,87.1775147928994,27.0,138.0,4.0,0.0,0.22005022738070998,4911.0,54.333333333333336,1
331851,4,1,15.0,334.0,200.0,534.0,116.0,19.071428571428573,3.0,22.0,0.0,3.0,0.37453183520599254,133.5,3.75,1
331855,3,2,302.0,15724.0,4995.0,20719.0,1627.0,68.15460526315789,57.0,242.0,4.0,1.0,0.24108306385443312,6906.333333333333,100.66666666666667,2
331857,10,1,185.0,9574.0,3357.0,12931.0,907.0,63.38725490196079,30.0,169.0,5.0,0.0,0.2596086922898461,1293.1,18.5,1
331859,4,1,27.0,1960.0,105.0,2065.0,321.0,54.3421052631579,12.0,26.0,0.0,0.0,0.05084745762711865,516.25,6.75,1
331860,1,1,1.0,15.0,2.0,17.0,17.0,17.0,0.0,1.0,0.0,0.0,0.11764705882352941,17.0,1.0,1
331861,15,1,809.0,45211.0,28174.0,73385.0,2302.0,69.82397716460514,122.0,882.0,38.0,9.0,0.38392041970429924,4892.333333333333,53.93333333333333,1
331862,4,1,40.0,463.0,166.0,629.0,265.0,14.976190476190476,6.0,30.0,0.0,6.0,0.26391096979332274,157.25,10.0,1
331865,1,1,21.0,642.0,32.0,674.0,116.0,32.095238095238095,4.0,17.0,0.0,0.0,0.04747774480712166,674.0,21.0,1
331866,3,1,301.0,17754.0,8009.0,25763.0,1968.0,85.30794701986756,45.0,246.0,10.0,1.0,0.3108721810348174,8587.666666666666,100.33333333333333,1
331867,12,1,8.0,423.0,393.0,816.0,291.0,48.0,1.0,15.0,1.0,0.0,0.48161764705882354,68.0,0.6666666666666666,1
331870,2,1,6.0,60.0,10.0,70.0,24.0,11.666666666666666,0.0,6.0,0.0,0.0,0.14285714285714285,35.0,3.0,1
331871,1,1,4.0,96.0,15.0,111.0,50.0,27.75,0.0,4.0,0.0,0.0,0.13513513513513514,111.0,4.0,1
331872,2,1,2.0,44.0,17.0,61.0,33.0,20.333333333333332,0.0,3.0,0.0,0.0,0.2786885245901639,30.5,1.0,1
331874,5,1,346.0,18155.0,7644.0,25799.0,958.0,69.9159891598916,44.0,310.0,12.0,3.0,0.29629055389743786,5159.8,69.2,1
331877,3,1,12.0,218.0,8.0,226.0,58.0,16.142857142857142,3.0,11.0,0.0,0.0,0.035398230088495575,75.33333333333333,4.0,1
331878,1,1,15.0,1128.0,40.0,1168.0,689.0,77.86666666666666,0.0,15.0,0.0,0.0,0.03424657534246575,1168.0,15.0,1
331880,1,1,2.0,81.0,4.0,85.0,60.0,42.5,1.0,1.0,0.0,0.0,0.047058823529411764,85.0,2.0,1
331881,5,1,308.0,21978.0,4817.0,26795.0,1627.0,85.06349206349206,68.0,244.0,3.0,0.0,0.17977234558686322,5359.0,61.6,1
331883,10,1,377.0,21994.0,3673.0,25667.0,1668.0,62.14769975786925,78.0,326.0,6.0,3.0,0.14310203763587487,2566.7,37.7,1
331885,3,1,2.0,63.0,9.0,72.0,28.0,14.4,0.0,5.0,0.0,0.0,0.125,24.0,0.6666666666666666,1
331886,4,1,4.0,753.0,185.0,938.0,480.0,93.8,0.0,10.0,0.0,0.0,0.19722814498933902,234.5,1.0,1
331887,1,1,6.0,200.0,4.0,204.0,105.0,34.0,1.0,5.0,0.0,0.0,0.0196078431372549,204.0,6.0,1
331890,1,1,10.0,65.0,3.0,68.0,19.0,6.8,0.0,10.0,0.0,0.0,0.04411764705882353,68.0,10.0,1
331891,1,1,3.0,4.0,4.0,8.0,4.0,2.6666666666666665,0.0,3.0,0.0,0.0,0.5,8.0,3.0,1
331893,1,1,4.0,18.0,25.0,43.0,17.0,10.75,0.0,4.0,0.0,0.0,0.5813953488372093,43.0,4.0,1
331895,2,1,2.0,205.0,28.0,233.0,106.0,58.25,0.0,4.0,0.0,0.0,0.12017167381974249,116.5,1.0,1
331896,10,1,430.0,29574.0,6472.0,36046.0,1627.0,69.18618042226487,93.0,424.0,4.0,0.0,0.17954835487987572,3604.6,43.0,1
331897,12,1,789.0,46509.0,11941.0,58450.0,1645.0,60.25773195876289,124.0,834.0,11.0,1.0,0.20429426860564584,4870.833333333333,65.75,1
331899,1,1,11.0,110.0,28.0,138.0,38.0,12.545454545454545,0.0,11.0,0.0,0.0,0.2028985507246377,138.0,11.0,1
331902,2,1,2.0,12.0,9.0,21.0,13.0,7.0,0.0,3.0,0.0,0.0,0.42857142857142855,10.5,1.0,1
331908,6,1,165.0,11316.0,3687.0,15003.0,1627.0,86.22413793103448,32.0,140.0,2.0,0.0,0.24575084983003398,2500.5,27.5,1
331910,2,1,6.0,124.0,49.0,173.0,60.0,24.714285714285715,0.0,7.0,0.0,0.0,0.2832369942196532,86.5,3.0,1
331911,3,1,304.0,15695.0,5002.0,20697.0,1627.0,67.63725490196079,54.0,246.0,4.0,2.0,0.2416775378074117,6899.0,101.33333333333333,1
331912,2,1,15.0,401.0,79.0,480.0,138.0,24.0,1.0,19.0,0.0,0.0,0.16458333333333333,240.0,7.5,1
331913,1,1,1.0,1.0,0.0,1.0,1.0,1.0,0.0,1.0,0.0,0.0,0.0,1.0,1.0,1
331918,1,1,8.0,37.0,41.0,78.0,21.0,9.75,0.0,8.0,0.0,0.0,0.5256410256410257,78.0,8.0,1
331920,1,1,2.0,30.0,2.0,32.0,27.0,16.0,0.0,2.0,0.0,0.0,0.0625,32.0,2.0,1
331921,1,1,2.0,17.0,7.0,24.0,14.0,12.0,0.0,2.0,0.0,0.0,0.2916666666666667,24.0,2.0,1
331924,1,1,1.0,3.0,3.0,6.0,6.0,6.0,0.0,1.0,0.0,0.0,0.5,6.0,1.0,1
331925,2,1,309.0,15835.0,5128.0,20963.0,1627.0,67.84142394822007,53.0,250.0,4.0,2.0,0.2446214759337881,10481.5,154.5,1
331927,1,1,5.0,294.0,27.0,321.0,98.0,64.2,0.0,5.0,0.0,0.0,0.08411214953271028,321.0,5.0,1
331928,1,1,21.0,83.0,614.0,697.0,280.0,33.19047619047619,0.0,21.0,0.0,0.0,0.8809182209469153,697.0,21.0,1
331934,19,1,574.0,34748.0,10986.0,45734.0,1675.0,66.57059679767103,91.0,584.0,10.0,2.0,0.24021515721345169,2407.0526315789475,30.210526315789473,1
331938,2,1,2.0,77.0,8.0,85.0,69.0,28.333333333333332,0.0,3.0,0.0,0.0,0.09411764705882353,42.5,1.0,1
331939,6,1,324.0,33629.0,31478.0,65107.0,2310.0,187.08908045977012,43.0,300.0,3.0,2.0,0.48348103890518684,10851.166666666666,54.0,1
331940,3,2,9.0,137.0,463.0,600.0,244.0,66.66666666666667,0.0,9.0,0.0,0.0,0.7716666666666666,200.0,3.0,2
331941,1,1,3.0,2.0,2.0,4.0,2.0,1.3333333333333333,0.0,3.0,0.0,0.0,0.5,4.0,3.0,1
331944,1,1,3.0,3.0,3.0,6.0,2.0,2.0,0.0,3.0,0.0,0.0,0.5,6.0,3.0,1
331945,19,1,316.0,33435.0,31250.0,64685.0,2310.0,189.13742690058479,43.0,294.0,3.0,2.0,0.4831104583752029,3404.4736842105262,16.63157894736842,1
331946,2,2,2.0,140.0,7.0,147.0,66.0,36.75,0.0,4.0,0.0,0.0,0.047619047619047616,73.5,1.0,2
331948,1,1,1.0,1.0,0.0,1.0,1.0,1.0,0.0,1.0,0.0,0.0,0.0,1.0,1.0,1
331949,1,1,3.0,3.0,10.0,13.0,5.0,4.333333333333333,0.0,3.0,0.0,0.0,0.7692307692307693,13.0,3.0,1
331952,3,1,71.0,8445.0,1828.0,10273.0,1627.0,140.72602739726028,26.0,47.0,0.0,0.0,0.1779421785262338,3424.3333333333335,23.666666666666668,1
331956,1,1,1.0,2.0,2.0,4.0,4.0,4.0,0.0,1.0,0.0,0.0,0.5,4.0,1.0,1
331957,1,1,1.0,1.0,1.0,2.0,2.0,2.0,0.0,1.0,0.0,0.0,0.5,2.0,1.0,1
331961,1,1,1.0,2.0,2.0,4.0,4.0,4.0,0.0,1.0,0.0,0.0,0.5,4.0,1.0,1
331962,2,1,23.0,490.0,148.0,638.0,164.0,25.52,0.0,25.0,0.0,0.0,0.23197492163009403,319.0,11.5,1
331964,2,1,2.0,16.0,18.0,34.0,22.0,8.5,0.0,4.0,0.0,0.0,0.5294117647058824,17.0,1.0,1
331965,2,1,2.0,31.0,3.0,34.0,28.0,11.333333333333334,0.0,3.0,0.0,0.0,0.08823529411764706,17.0,1.0,1
331966,1,1,1.0,30.0,30.0,60.0,60.0,60.0,0.0,1.0,0.0,0.0,0.5,60.0,1.0,1
331970,3,1,10.0,401.0,36.0,437.0,187.0,36.416666666666664,2.0,10.0,0.0,0.0,0.08237986270022883,145.66666666666666,3.3333333333333335,1
331971,3,1,14.0,660.0,70.0,730.0,187.0,45.625,3.0,13.0,0.0,0.0,0.0958904109589041,243.33333333333334,4.666666666666667,1
331972,2,2,304.0,28202.0,29670.0,57872.0,2310.0,189.74426229508197,21.0,279.0,3.0,2.0,0.5126831628421343,28936.0,152.0,2
331975,5,1,13.0,517.0,381.0,898.0,106.0,39.04347826086956,3.0,20.0,0.0,0.0,0.4242761692650334,179.6,2.6,1
331977,1,1,3.0,10.0,15.0,25.0,12.0,8.333333333333334,0.0,3.0,0.0,0.0,0.6,25.0,3.0,1
331978,5,1,59.0,1687.0,393.0,2080.0,219.0,29.714285714285715,2.0,68.0,0.0,0.0,0.1889423076923077,416.0,11.8,1
331981,7,1,312.0,28564.0,29831.0,58395.0,2310.0,183.0564263322884,21.0,295.0,1.0,2.0,0.510848531552359,8342.142857142857,44.57142857142857,1
331982,2,2,301.0,27930.0,29663.0,57593.0,2310.0,191.3388704318937,19.0,277.0,3.0,2.0,0.5150452311912906,28796.5,150.5,2
331983,11,1,969.0,76715.0,42640.0,119355.0,2310.0,92.6669254658385,129.0,1132.0,22.0,5.0,0.35725357127895774,10850.454545454546,88.0909090909091,1
331985,8,2,387.0,37495.0,31813.0,69308.0,2310.0,153.67627494456764,48.0,400.0,1.0,2.0,0.4590090610030588,8663.5,48.375,2
331986,2,2,1.0,22.0,19.0,41.0,34.0,20.5,0.0,2.0,0.0,0.0,0.4634146341463415,20.5,0.5,2
331989,3,1,313.0,34895.0,31431.0,66326.0,2310.0,211.9041533546326,43.0,265.0,3.0,2.0,0.4738865603232518,22108.666666666668,104.33333333333333,1
331990,2,2,302.0,16596.0,5284.0,21880.0,1627.0,72.45033112582782,42.0,254.0,4.0,2.0,0.24149908592321756,10940.0,151.0,2
331992,3,1,121.0,4754.0,1204.0,5958.0,570.0,48.04838709677419,5.0,117.0,0.0,2.0,0.2020812353138637,1986.0,40.333333333333336,1
331996,2,1,24.0,514.0,300.0,814.0,178.0,30.14814814814815,0.0,27.0,0.0,0.0,0.36855036855036855,407.0,12.0,1
331997,2,2,301.0,11876.0,5299.0,17175.0,1711.0,57.05980066445183,49.0,246.0,4.0,2.0,0.30852983988355165,8587.5,150.5,2
331998,3,1,22.0,756.0,461.0,1217.0,219.0,52.91304347826087,3.0,20.0,0.0,0.0,0.37880032867707475,405.6666666666667,7.333333333333333,1
331999,9,1,226.0,8121.0,2323.0,10444.0,570.0,40.48062015503876,14.0,242.0,0.0,2.0,0.22242435848333972,1160.4444444444443,25.11111111111111,1
332000,3,1,27.0,711.0,408.0,1119.0,117.0,36.096774193548384,3.0,28.0,0.0,0.0,0.3646112600536193,373.0,9.0,1
332002,5,1,5.0,210.0,25.0,235.0,63.0,23.5,0.0,10.0,0.0,0.0,0.10638297872340426,47.0,1.0,1
332003,2,1,8.0,457.0,115.0,572.0,125.0,47.666666666666664,0.0,12.0,0.0,0.0,0.20104895104895104,286.0,4.0,1
332004,3,1,78.0,2235.0,626.0,2861.0,219.0,35.32098765432099,5.0,76.0,0.0,0.0,0.21880461377140858,953.6666666666666,26.0,1
332005,2,1,5.0,40.0,17.0,57.0,20.0,11.4,0.0,5.0,0.0,0.0,0.2982456140350877,28.5,2.5,1
332006,1,1,20.0,78.0,80.0,158.0,32.0,7.9,0.0,18.0,0.0,2.0,0.5063291139240507,158.0,20.0,1
332007,7,1,131.0,4977.0,1262.0,6239.0,570.0,42.1554054054054,4.0,142.0,0.0,2.0,0.20227600577015548,891.2857142857143,18.714285714285715,1
332012,6,1,89.0,4126.0,732.0,4858.0,570.0,51.680851063829785,1.0,91.0,0.0,2.0,0.15067929188966653,809.6666666666666,14.833333333333334,1
332017,3,1,50.0,2404.0,393.0,2797.0,346.0,49.94642857142857,0.0,54.0,0.0,2.0,0.14050768680729353,932.3333333333334,16.666666666666668,1
332018,7,1,258.0,26699.0,29028.0,55727.0,2310.0,189.54761904761904,19.0,274.0,1.0,0.0,0.5208965133597717,7961.0,36.857142857142854,1
332019,1,1,1.0,2.0,2.0,4.0,4.0,4.0,0.0,1.0,0.0,0.0,0.5,4.0,1.0,1
332021,16,3,507.0,64812.0,7382.0,72194.0,3415.0,108.3993993993994,229.0,432.0,4.0,1.0,0.10225226473114109,4512.125,31.6875,3
332026,4,1,8.0,196.0,59.0,255.0,76.0,25.5,0.0,10.0,0.0,0.0,0.23137254901960785,63.75,2.0,1
332028,1,1,1.0,1.0,1.0,2.0,2.0,2.0,0.0,1.0,0.0,0.0,0.5,2.0,1.0,1
332029,2,1,301.0,29897.0,29169.0,59066.0,2310.0,196.2325581395349,41.0,256.0,3.0,1.0,0.49383740222801614,29533.0,150.5,1
332032,2,2,304.0,29274.0,29402.0,58676.0,2310.0,193.01315789473685,20.0,279.0,3.0,2.0,0.5010907355647966,29338.0,152.0,2
332034,2,1,2.0,149.0,61.0,210.0,94.0,52.5,0.0,4.0,0.0,0.0,0.2904761904761905,105.0,1.0,1
332037,2,1,22.0,16669.0,25873.0,42542.0,2310.0,1933.7272727272727,0.0,22.0,0.0,0.0,0.6081754501433877,21271.0,11.0,1
332038,1,1,4.0,52.0,7.0,59.0,22.0,14.75,0.0,4.0,0.0,0.0,0.11864406779661017,59.0,4.0,1
332039,3,1,5.0,180.0,4.0,184.0,97.0,30.666666666666668,0.0,6.0,0.0,0.0,0.021739130434782608,61.333333333333336,1.6666666666666667,1
332041,1,1,3.0,394.0,88.0,482.0,478.0,160.66666666666666,0.0,3.0,0.0,0.0,0.1825726141078838,482.0,3.0,1
332042,3,1,2.0,125.0,28.0,153.0,71.0,30.6,0.0,5.0,0.0,0.0,0.1830065359477124,51.0,0.6666666666666666,1
332043,6,1,8.0,869.0,123.0,992.0,280.0,45.09090909090909,0.0,22.0,0.0,0.0,0.12399193548387097,165.33333333333334,1.3333333333333333,1
332045,5,1,225.0,9075.0,2469.0,11544.0,570.0,44.91828793774319,13.0,241.0,1.0,2.0,0.21387733887733887,2308.8,45.0,1
332048,5,2,769.0,54823.0,37051.0,91874.0,2310.0,108.72662721893491,116.0,721.0,8.0,0.0,0.40328057992467947,18374.8,153.8,2
332049,1,1,8.0,41.0,26.0,67.0,24.0,8.375,0.0,8.0,0.0,0.0,0.3880597014925373,67.0,8.0,1
332052,2,1,248.0,25922.0,28951.0,54873.0,2310.0,221.26209677419354,19.0,226.0,3.0,0.0,0.5276000947642738,27436.5,124.0,1
332054,3,1,112.0,2874.0,1331.0,4205.0,473.0,36.25,9.0,107.0,0.0,0.0,0.3165279429250892,1401.6666666666667,37.333333333333336,1
332055,1,1,2.0,79.0,7.0,86.0,44.0,43.0,0.0,2.0,0.0,0.0,0.08139534883720931,86.0,2.0,1
332058,2,1,16.0,661.0,105.0,766.0,122.0,47.875,0.0,16.0,0.0,0.0,0.1370757180156658,383.0,8.0,1
332059,1,1,3.0,102.0,1.0,103.0,97.0,34.333333333333336,0.0,3.0,0.0,0.0,0.009708737864077669,103.0,3.0,1
332062,1,1,121.0,3008.0,1364.0,4372.0,473.0,36.13223140495868,9.0,112.0,0.0,0.0,0.3119853613906679,4372.0,121.0,1
332063,1,1,2.0,5.0,5.0,10.0,8.0,5.0,0.0,2.0,0.0,0.0,0.5,10.0,2.0,1
332064,1,1,1.0,0.0,5.0,5.0,5.0,5.0,0.0,1.0,0.0,0.0,1.0,5.0,1.0,1
332066,3,1,321.0,29846.0,30507.0,60353.0,2310.0,186.27469135802468,40.0,280.0,3.0,1.0,0.5054761155203552,20117.666666666668,107.0,1
332067,9,1,313.0,28806.0,29605.0,58411.0,2310.0,160.03013698630136,23.0,339.0,3.0,0.0,0.5068394651692318,6490.111111111111,34.77777777777778,1
332068,1,1,2.0,6.0,0.0,6.0,4.0,3.0,0.0,2.0,0.0,0.0,0.0,6.0,2.0,1
332071,3,1,21.0,525.0,59.0,584.0,54.0,20.857142857142858,0.0,28.0,0.0,0.0,0.10102739726027397,194.66666666666666,7.0,1
332075,1,1,5.0,115.0,5.0,120.0,40.0,24.0,0.0,5.0,0.0,0.0,0.041666666666666664,120.0,5.0,1
332076,1,1,1.0,7.0,1.0,8.0,8.0,8.0,0.0,1.0,0.0,0.0,0.125,8.0,1.0,1
332080,2,1,2.0,64.0,17.0,81.0,45.0,20.25,0.0,4.0,0.0,0.0,0.20987654320987653,40.5,1.0,1
332081,1,1,2.0,17.0,3.0,20.0,13.0,10.0,0.0,2.0,0.0,0.0,0.15,20.0,2.0,1
332084,26,1,571.0,50545.0,37709.0,88254.0,2310.0,96.03264417845485,64.0,845.0,5.0,5.0,0.42727808371291953,3394.3846153846152,21.96153846153846,1
332086,1,1,1.0,2.0,2.0,4.0,4.0,4.0,0.0,1.0,0.0,0.0,0.5,4.0,1.0,1
332088,4,1,310.0,18549.0,6081.0,24630.0,1868.0,76.72897196261682,53.0,262.0,4.0,2.0,0.24689403166869672,6157.5,77.5,1
332089,3,1,29.0,215.0,111.0,326.0,48.0,6.150943396226415,0.0,53.0,0.0,0.0,0.34049079754601225,108.66666666666667,9.666666666666666,1
332091,1,1,1.0,2.0,2.0,4.0,4.0,4.0,0.0,1.0,0.0,0.0,0.5,4.0,1.0,1
332093,1,1,2.0,38.0,22.0,60.0,45.0,30.0,0.0,2.0,0.0,0.0,0.36666666666666664,60.0,2.0,1
332095,4,2,317.0,35743.0,31884.0,67627.0,2310.0,210.6760124610592,51.0,264.0,4.0,2.0,0.47146849631064514,16906.75,79.25,2
332098,1,1,3.0,213.0,65.0,278.0,160.0,92.66666666666667,0.0,3.0,0.0,0.0,0.23381294964028776,278.0,3.0,1
332099,1,1,7.0,208.0,8.0,216.0,65.0,30.857142857142858,0.0,7.0,0.0,0.0,0.037037037037037035,216.0,7.0,1
332100,5,1,3.0,48.0,6.0,54.0,16.0,6.0,0.0,9.0,0.0,0.0,0.1111111111111111,10.8,0.6,1
332102,1,1,1.0,2.0,0.0,2.0,2.0,2.0,0.0,1.0,0.0,0.0,0.0,2.0,1.0,1
332103,3,1,2.0,69.0,2.0,71.0,63.0,23.666666666666668,0.0,3.0,0.0,0.0,0.028169014084507043,23.666666666666668,0.6666666666666666,1
332108,3,2,9.0,137.0,463.0,600.0,244.0,66.66666666666667,0.0,9.0,0.0,0.0,0.7716666666666666,200.0,3.0,2
332111,8,1,6.0,371.0,113.0,484.0,101.0,21.043478260869566,0.0,23.0,0.0,0.0,0.2334710743801653,60.5,0.75,1
332112,4,1,2.0,4.0,4.0,8.0,2.0,2.0,0.0,4.0,0.0,0.0,0.5,2.0,0.5,1
332122,1,1,2.0,41.0,8.0,49.0,31.0,24.5,0.0,2.0,0.0,0.0,0.16326530612244897,49.0,2.0,1
332123,2,1,2.0,92.0,1.0,93.0,47.0,31.0,0.0,3.0,0.0,0.0,0.010752688172043012,46.5,1.0,1
332130,1,1,3.0,114.0,10.0,124.0,93.0,41.333333333333336,0.0,3.0,0.0,0.0,0.08064516129032258,124.0,3.0,1
332133,6,1,320.0,13444.0,4806.0,18250.0,1513.0,54.47761194029851,42.0,293.0,0.0,0.0,0.2633424657534247,3041.6666666666665,53.333333333333336,1
332137,1,1,4.0,287.0,0.0,287.0,165.0,71.75,2.0,2.0,0.0,0.0,0.0,287.0,4.0,1
332139,2,1,2.0,28.0,8.0,36.0,17.0,12.0,0.0,3.0,0.0,0.0,0.2222222222222222,18.0,1.0,1
332140,5,1,58.0,2091.0,609.0,2700.0,317.0,39.705882352941174,3.0,63.0,2.0,0.0,0.22555555555555556,540.0,11.6,1
332142,1,1,1.0,3.0,1.0,4.0,4.0,4.0,0.0,1.0,0.0,0.0,0.25,4.0,1.0,1
332143,2,1,2.0,90.0,5.0,95.0,75.0,23.75,0.0,4.0,0.0,0.0,0.05263157894736842,47.5,1.0,1
332148,1,1,3.0,52.0,5.0,57.0,27.0,19.0,1.0,2.0,0.0,0.0,0.08771929824561403,57.0,3.0,1
332150,12,1,446.0,34813.0,31850.0,66663.0,2310.0,109.64309210526316,51.0,546.0,11.0,0.0,0.47777627769527325,5555.25,37.166666666666664,1
332153,4,2,319.0,35383.0,31656.0,67039.0,2310.0,205.64110429447854,44.0,277.0,3.0,2.0,0.47220274765435044,16759.75,79.75,2
332162,3,2,41.0,1195.0,414.0,1609.0,191.0,38.30952380952381,2.0,38.0,2.0,0.0,0.25730267246737104,536.3333333333334,13.666666666666666,2
332164,1,1,1.0,1.0,1.0,2.0,2.0,2.0,0.0,1.0,0.0,0.0,0.5,2.0,1.0,1
332168,2,1,2.0,11.0,5.0,16.0,9.0,5.333333333333333,0.0,3.0,0.0,0.0,0.3125,8.0,1.0,1
332170,2,1,12.0,411.0,21.0,432.0,147.0,36.0,0.0,12.0,0.0,0.0,0.04861111111111111,216.0,6.0,1
332173,2,2,301.0,17083.0,5322.0,22405.0,1627.0,74.43521594684385,50.0,247.0,4.0,0.0,0.2375362642267351,11202.5,150.5,2
332174,2,1,5.0,246.0,42.0,288.0,103.0,41.142857142857146,0.0,7.0,0.0,0.0,0.14583333333333334,144.0,2.5,1
332175,2,1,3.0,109.0,10.0,119.0,42.0,23.8,0.0,5.0,0.0,0.0,0.08403361344537816,59.5,1.5,1
332177,1,1,9.0,260.0,194.0,454.0,133.0,50.44444444444444,0.0,9.0,0.0,0.0,0.42731277533039647,454.0,9.0,1
332178,4,1,3.0,280.0,14.0,294.0,190.0,42.0,1.0,6.0,0.0,0.0,0.047619047619047616,73.5,0.75,1
332183,5,1,5.0,142.0,76.0,218.0,79.0,19.818181818181817,0.0,11.0,0.0,0.0,0.3486238532110092,43.6,1.0,1
332184,1,1,7.0,221.0,15.0,236.0,147.0,33.714285714285715,0.0,7.0,0.0,0.0,0.0635593220338983,236.0,7.0,1
332187,5,1,18.0,635.0,55.0,690.0,147.0,34.5,0.0,20.0,0.0,0.0,0.07971014492753623,138.0,3.6,1
332188,2,1,2.0,207.0,39.0,246.0,133.0,61.5,0.0,4.0,0.0,0.0,0.15853658536585366,123.0,1.0,1
332189,1,1,2.0,87.0,11.0,98.0,66.0,49.0,0.0,2.0,0.0,0.0,0.11224489795918367,98.0,2.0,1
332190,8,2,5.0,161.0,110.0,271.0,70.0,19.357142857142858,1.0,12.0,0.0,1.0,0.4059040590405904,33.875,0.625,2
332195,2,1,1.0,4.0,2.0,6.0,4.0,3.0,0.0,2.0,0.0,0.0,0.3333333333333333,3.0,0.5,1
332196,3,1,13.0,170.0,18.0,188.0,35.0,11.058823529411764,0.0,17.0,0.0,0.0,0.09574468085106383,62.666666666666664,4.333333333333333,1
332200,1,1,3.0,29.0,0.0,29.0,24.0,9.666666666666666,0.0,3.0,0.0,0.0,0.0,29.0,3.0,1
332203,2,1,14.0,286.0,64.0,350.0,118.0,20.58823529411765,0.0,17.0,0.0,0.0,0.18285714285714286,175.0,7.0,1
332206,23,3,110.0,20536.0,17608.0,38144.0,7596.0,257.72972972972974,27.0,119.0,2.0,0.0,0.4616191275167785,1658.4347826086957,4.782608695652174,3
332208,3,1,1.0,77.0,70.0,147.0,60.0,49.0,0.0,3.0,0.0,0.0,0.47619047619047616,49.0,0.3333333333333333,1
332209,5,1,197.0,25269.0,27982.0,53251.0,2310.0,258.5,15.0,189.0,2.0,0.0,0.5254737000244127,10650.2,39.4,1
332210,1,1,12.0,369.0,68.0,437.0,115.0,36.416666666666664,4.0,8.0,0.0,0.0,0.15560640732265446,437.0,12.0,1
332211,1,1,3.0,32.0,2.0,34.0,20.0,11.333333333333334,0.0,3.0,0.0,0.0,0.058823529411764705,34.0,3.0,1
332212,2,1,2.0,60.0,22.0,82.0,54.0,27.333333333333332,0.0,3.0,0.0,0.0,0.2682926829268293,41.0,1.0,1
332213,2,1,20.0,21.0,20.0,41.0,2.0,1.9523809523809523,0.0,21.0,0.0,0.0,0.4878048780487805,20.5,10.0,1
332214,1,1,3.0,40.0,19.0,59.0,33.0,19.666666666666668,0.0,3.0,0.0,0.0,0.3220338983050847,59.0,3.0,1
332216,1,1,1.0,7.0,6.0,13.0,13.0,13.0,0.0,1.0,0.0,0.0,0.46153846153846156,13.0,1.0,1
332217,1,1,1.0,8.0,2.0,10.0,10.0,10.0,0.0,1.0,0.0,0.0,0.2,10.0,1.0,1
332218,2,1,3.0,150.0,7.0,157.0,112.0,39.25,0.0,4.0,0.0,0.0,0.044585987261146494,78.5,1.5,1
332219,2,1,22.0,31.0,507.0,538.0,62.0,23.391304347826086,0.0,20.0,3.0,0.0,0.9423791821561338,269.0,11.0,1
332223,3,1,4.0,31.0,7.0,38.0,9.0,6.333333333333333,0.0,6.0,0.0,0.0,0.18421052631578946,12.666666666666666,1.3333333333333333,1
332227,2,1,5.0,79.0,26.0,105.0,39.0,11.666666666666666,0.0,9.0,0.0,0.0,0.24761904761904763,52.5,2.5,1
332228,2,1,2.0,65.0,44.0,109.0,79.0,36.333333333333336,0.0,3.0,0.0,0.0,0.4036697247706422,54.5,1.0,1
332229,2,1,6.0,149.0,32.0,181.0,52.0,22.625,1.0,7.0,0.0,0.0,0.17679558011049723,90.5,3.0,1
332232,3,1,1.0,19.0,2.0,21.0,10.0,7.0,0.0,3.0,0.0,0.0,0.09523809523809523,7.0,0.3333333333333333,1
332233,6,1,13.0,1717.0,97.0,1814.0,659.0,58.516129032258064,10.0,21.0,0.0,0.0,0.053472987872105845,302.3333333333333,2.1666666666666665,1
332239,1,1,1.0,3.0,4.0,7.0,7.0,7.0,0.0,1.0,0.0,0.0,0.5714285714285714,7.0,1.0,1
332240,1,1,21.0,21.0,21.0,42.0,2.0,2.0,0.0,21.0,0.0,0.0,0.5,42.0,21.0,1
332242,1,1,2.0,2.0,2.0,4.0,2.0,2.0,0.0,2.0,0.0,0.0,0.5,4.0,2.0,1
332243,1,1,4.0,8.0,8.0,16.0,6.0,4.0,0.0,4.0,0.0,0.0,0.5,16.0,4.0,1
332245,2,1,3.0,25.0,0.0,25.0,10.0,8.333333333333334,0.0,3.0,0.0,0.0,0.0,12.5,1.5,1
332246,1,1,9.0,167.0,63.0,230.0,61.0,25.555555555555557,0.0,9.0,0.0,0.0,0.27391304347826084,230.0,9.0,1
332247,5,2,44.0,520.0,205.0,725.0,65.0,9.415584415584416,1.0,76.0,0.0,0.0,0.2827586206896552,145.0,8.8,2
332252,1,1,2.0,10.0,4.0,14.0,9.0,7.0,0.0,2.0,0.0,0.0,0.2857142857142857,14.0,2.0,1
332253,1,1,2.0,2.0,2.0,4.0,2.0,2.0,0.0,2.0,0.0,0.0,0.5,4.0,2.0,1
332255,10,1,82.0,1624.0,1036.0,2660.0,120.0,15.028248587570621,0.0,177.0,0.0,0.0,0.3894736842105263,266.0,8.2,1
332256,2,1,2.0,288.0,24.0,312.0,186.0,78.0,0.0,4.0,0.0,0.0,0.07692307692307693,156.0,1.0,1
332260,1,1,1.0,2.0,2.0,4.0,4.0,4.0,0.0,1.0,0.0,0.0,0.5,4.0,1.0,1
332262,1,1,1.0,1.0,1.0,2.0,2.0,2.0,0.0,1.0,0.0,0.0,0.5,2.0,1.0,1
332264,4,1,309.0,14206.0,5991.0,20197.0,1582.0,64.94212218649518,49.0,257.0,5.0,0.0,0.2966282121107095,5049.25,77.25,1
332266,1,1,1.0,1.0,1.0,2.0,2.0,2.0,0.0,1.0,0.0,0.0,0.5,2.0,1.0,1
332267,1,1,4.0,128.0,43.0,171.0,78.0,42.75,0.0,4.0,0.0,0.0,0.25146198830409355,171.0,4.0,1
332269,2,1,2.0,5.0,1.0,6.0,4.0,3.0,0.0,2.0,0.0,0.0,0.16666666666666666,3.0,1.0,1
332270,1,1,1.0,10.0,0.0,10.0,10.0,10.0,1.0,0.0,0.0,0.0,0.0,10.0,1.0,1
332271,2,1,2.0,89.0,6.0,95.0,41.0,23.75,0.0,4.0,0.0,0.0,0.06315789473684211,47.5,1.0,1
332274,8,1,314.0,18324.0,4009.0,22333.0,1627.0,69.14241486068111,68.0,250.0,4.0,1.0,0.17951014194241705,2791.625,39.25,1
332280,3,1,9.0,641.0,79.0,720.0,233.0,51.42857142857143,2.0,12.0,0.0,0.0,0.10972222222222222,240.0,3.0,1
332284,1,1,2.0,13.0,13.0,26.0,14.0,13.0,0.0,2.0,0.0,0.0,0.5,26.0,2.0,1
332288,1,1,2.0,13.0,13.0,26.0,14.0,13.0,0.0,2.0,0.0,0.0,0.5,26.0,2.0,1
332293,4,2,10.0,158.0,464.0,622.0,244.0,62.2,0.0,10.0,0.0,0.0,0.7459807073954984,155.5,2.5,2
332296,2,1,2.0,19.0,5.0,24.0,15.0,6.0,0.0,4.0,0.0,0.0,0.20833333333333334,12.0,1.0,1
332297,2,1,5.0,196.0,41.0,237.0,69.0,26.333333333333332,1.0,8.0,0.0,0.0,0.1729957805907173,118.5,2.5,1
332298,2,1,2.0,86.0,11.0,97.0,46.0,24.25,0.0,4.0,0.0,0.0,0.1134020618556701,48.5,1.0,1
332299,3,2,302.0,16338.0,5641.0,21979.0,1627.0,72.29934210526316,53.0,248.0,3.0,0.0,0.25665407889348923,7326.333333333333,100.66666666666667,2
332303,5,2,303.0,12185.0,2722.0,14907.0,772.0,48.71568627450981,47.0,255.0,2.0,2.0,0.18259877909706848,2981.4,60.6,2
332304,1,1,1.0,26.0,6.0,32.0,32.0,32.0,0.0,1.0,0.0,0.0,0.1875,32.0,1.0,1
332306,3,1,2.0,113.0,18.0,131.0,82.0,32.75,0.0,4.0,0.0,0.0,0.13740458015267176,43.666666666666664,0.6666666666666666,1
332307,2,1,2.0,99.0,34.0,133.0,65.0,33.25,0.0,4.0,0.0,0.0,0.2556390977443609,66.5,1.0,1
332308,2,1,2.0,96.0,22.0,118.0,35.0,29.5,0.0,4.0,0.0,0.0,0.1864406779661017,59.0,1.0,1
332311,2,1,2.0,97.0,5.0,102.0,70.0,34.0,0.0,3.0,0.0,0.0,0.049019607843137254,51.0,1.0,1
332312,1,1,9.0,621.0,59.0,680.0,282.0,75.55555555555556,2.0,7.0,0.0,0.0,0.08676470588235294,680.0,9.0,1
332315,2,1,2.0,6.0,6.0,12.0,8.0,4.0,0.0,3.0,0.0,0.0,0.5,6.0,1.0,1
332316,1,1,12.0,221.0,90.0,311.0,190.0,25.916666666666668,0.0,12.0,0.0,0.0,0.28938906752411575,311.0,12.0,1
332317,2,1,2.0,105.0,17.0,122.0,70.0,40.666666666666664,0.0,3.0,0.0,0.0,0.13934426229508196,61.0,1.0,1
332319,2,1,3.0,80.0,27.0,107.0,30.0,17.833333333333332,0.0,6.0,0.0,0.0,0.2523364485981308,53.5,1.5,1
332321,2,1,4.0,132.0,48.0,180.0,115.0,36.0,0.0,5.0,0.0,0.0,0.26666666666666666,90.0,2.0,1
332322,1,1,10.0,83.0,26.0,109.0,36.0,10.9,0.0,10.0,0.0,0.0,0.23853211009174313,109.0,10.0,1
332329,1,1,1.0,1.0,1.0,2.0,2.0,2.0,0.0,1.0,0.0,0.0,0.5,2.0,1.0,1
332330,13,1,331.0,36494.0,31912.0,68406.0,2310.0,181.44827586206895,42.0,327.0,5.0,3.0,0.4665087857790252,5262.0,25.46153846153846,1
332332,8,1,1372.0,114877.0,81271.0,196148.0,18930.0,107.00927441352974,271.0,1410.0,148.0,4.0,0.4143350939086812,24518.5,171.5,1
332334,7,2,579.0,26294.0,10738.0,37032.0,1513.0,53.28345323741007,71.0,616.0,8.0,0.0,0.2899654352992007,5290.285714285715,82.71428571428571,2
332337,2,1,2.0,89.0,25.0,114.0,42.0,28.5,0.0,4.0,0.0,0.0,0.21929824561403508,57.0,1.0,1
332338,1,1,1.0,8.0,7.0,15.0,15.0,15.0,0.0,1.0,0.0,0.0,0.4666666666666667,15.0,1.0,1
332340,43,2,519.0,35461.0,10059.0,45520.0,1632.0,62.87292817679558,101.0,614.0,6.0,3.0,0.22097978910369068,1058.6046511627908,12.069767441860465,2
332343,2,1,15.0,881.0,91.0,972.0,195.0,44.18181818181818,2.0,20.0,0.0,0.0,0.09362139917695474,486.0,7.5,1
332346,5,1,517.0,39462.0,33262.0,72724.0,2310.0,125.82006920415225,51.0,521.0,6.0,0.0,0.45737308178868047,14544.8,103.4,1
332350,1,1,2.0,64.0,0.0,64.0,43.0,32.0,0.0,2.0,0.0,0.0,0.0,64.0,2.0,1
332354,3,1,2.0,58.0,6.0,64.0,51.0,16.0,0.0,4.0,0.0,0.0,0.09375,21.333333333333332,0.6666666666666666,1
332355,2,2,5.0,61.0,4.0,65.0,19.0,10.833333333333334,0.0,6.0,0.0,0.0,0.06153846153846154,32.5,2.5,2
332365,1,1,6.0,33.0,34.0,67.0,32.0,11.166666666666666,0.0,6.0,0.0,0.0,0.5074626865671642,67.0,6.0,1
332368,2,1,14.0,1032.0,208.0,1240.0,228.0,65.26315789473684,4.0,14.0,1.0,0.0,0.16774193548387098,620.0,7.0,1
332372,1,1,1.0,3.0,2.0,5.0,5.0,5.0,0.0,1.0,0.0,0.0,0.4,5.0,1.0,1
332374,1,1,6.0,33.0,34.0,67.0,32.0,11.166666666666666,0.0,6.0,0.0,0.0,0.5074626865671642,67.0,6.0,1
332375,2,1,2.0,367.0,8.0,375.0,208.0,93.75,0.0,4.0,0.0,0.0,0.021333333333333333,187.5,1.0,1
332381,1,1,3.0,89.0,1.0,90.0,76.0,30.0,0.0,3.0,0.0,0.0,0.011111111111111112,90.0,3.0,1
332382,2,1,3.0,233.0,10.0,243.0,146.0,60.75,0.0,4.0,0.0,0.0,0.0411522633744856,121.5,1.5,1
332388,13,1,32.0,2515.0,718.0,3233.0,377.0,41.98701298701299,2.0,75.0,0.0,0.0,0.22208475100525826,248.69230769230768,2.4615384615384617,1
332389,1,1,3.0,89.0,1.0,90.0,76.0,30.0,0.0,3.0,0.0,0.0,0.011111111111111112,90.0,3.0,1
332394,2,1,10.0,2171.0,944.0,3115.0,2174.0,283.1818181818182,4.0,7.0,0.0,0.0,0.30304975922953453,1557.5,5.0,1
332397,1,1,9.0,2.0,258.0,260.0,164.0,28.88888888888889,0.0,9.0,0.0,0.0,0.9923076923076923,260.0,9.0,1
332398,1,1,3.0,232.0,9.0,241.0,146.0,80.33333333333333,0.0,3.0,0.0,0.0,0.03734439834024896,241.0,3.0,1
332401,1,1,2.0,57.0,1.0,58.0,53.0,29.0,0.0,2.0,0.0,0.0,0.017241379310344827,58.0,2.0,1
332403,2,1,2.0,188.0,22.0,210.0,71.0,52.5,0.0,4.0,0.0,0.0,0.10476190476190476,105.0,1.0,1
332405,1,1,4.0,63.0,129.0,192.0,154.0,48.0,0.0,4.0,0.0,0.0,0.671875,192.0,4.0,1
332408,1,1,1.0,27.0,4.0,31.0,31.0,31.0,0.0,1.0,0.0,0.0,0.12903225806451613,31.0,1.0,1
332410,65,1,2500.0,234588.0,65308.0,299896.0,3842.0,61.71969541057831,497.0,4281.0,72.0,9.0,0.2177688265265292,4613.784615384616,38.46153846153846,1
332411,1,1,3.0,31.0,3.0,34.0,27.0,11.333333333333334,0.0,3.0,0.0,0.0,0.08823529411764706,34.0,3.0,1
332412,1,1,4.0,63.0,129.0,192.0,154.0,48.0,0.0,4.0,0.0,0.0,0.671875,192.0,4.0,1
332413,1,1,2.0,57.0,1.0,58.0,53.0,29.0,0.0,2.0,0.0,0.0,0.017241379310344827,58.0,2.0,1
332414,1,1,2.0,175.0,9.0,184.0,124.0,92.0,0.0,2.0,0.0,0.0,0.04891304347826087,184.0,2.0,1
332415,7,1,3.0,243.0,86.0,329.0,87.0,29.90909090909091,1.0,10.0,0.0,0.0,0.2613981762917933,47.0,0.42857142857142855,1
332419,6,1,668.0,31739.0,12521.0,44260.0,2174.0,55.533249686323714,62.0,725.0,10.0,0.0,0.2828965205603253,7376.666666666667,111.33333333333333,1
332421,9,1,1067.0,67600.0,21785.0,89385.0,2174.0,58.69008535784636,129.0,1370.0,22.0,2.0,0.2437209822677183,9931.666666666666,118.55555555555556,1
332424,2,1,303.0,12897.0,6302.0,19199.0,1735.0,63.363036303630366,30.0,266.0,6.0,1.0,0.32824626282618885,9599.5,151.5,1
332425,2,1,21.0,37.0,21.0,58.0,15.0,2.761904761904762,0.0,21.0,0.0,0.0,0.3620689655172414,29.0,10.5,1
332426,2,1,7.0,85.0,21.0,106.0,38.0,11.777777777777779,0.0,9.0,0.0,0.0,0.19811320754716982,53.0,3.5,1
332427,4,1,107.0,5137.0,3879.0,9016.0,2174.0,75.13333333333334,9.0,111.0,0.0,0.0,0.4302351375332742,2254.0,26.75,1
332435,3,1,11.0,790.0,35.0,825.0,187.0,45.833333333333336,2.0,16.0,0.0,0.0,0.04242424242424243,275.0,3.6666666666666665,1
332438,4,1,2.0,128.0,9.0,137.0,79.0,34.25,1.0,3.0,0.0,0.0,0.06569343065693431,34.25,0.5,1
332439,1,1,3.0,22.0,1.0,23.0,11.0,7.666666666666667,0.0,3.0,0.0,0.0,0.043478260869565216,23.0,3.0,1
332440,2,1,39.0,1569.0,1042.0,2611.0,457.0,65.275,4.0,36.0,0.0,0.0,0.39908081194944467,1305.5,19.5,1
332443,6,1,388.0,18771.0,6577.0,25348.0,1735.0,61.67396593673966,38.0,365.0,7.0,1.0,0.25946820261953607,4224.666666666667,64.66666666666667,1
332445,5,1,111.0,4026.0,1649.0,5675.0,457.0,46.51639344262295,8.0,114.0,0.0,0.0,0.2905726872246696,1135.0,22.2,1
332446,2,1,59.0,2953.0,1144.0,4097.0,457.0,69.44067796610169,7.0,52.0,0.0,0.0,0.27922870392970467,2048.5,29.5,1
332447,1,1,2.0,92.0,4.0,96.0,90.0,48.0,1.0,1.0,0.0,0.0,0.041666666666666664,96.0,2.0,1
332448,5,1,5.0,139.0,72.0,211.0,43.0,16.23076923076923,1.0,12.0,0.0,0.0,0.3412322274881517,42.2,1.0,1
332449,3,1,186.0,8775.0,4893.0,13668.0,2174.0,67.66336633663366,19.0,183.0,0.0,0.0,0.3579894644424934,4556.0,62.0,1
332450,2,1,7.0,96.0,49.0,145.0,36.0,18.125,1.0,7.0,0.0,0.0,0.33793103448275863,72.5,3.5,1
332451,1,1,2.0,92.0,4.0,96.0,90.0,48.0,1.0,1.0,0.0,0.0,0.041666666666666664,96.0,2.0,1
332452,1,1,3.0,7.0,1.0,8.0,4.0,2.6666666666666665,0.0,3.0,0.0,0.0,0.125,8.0,3.0,1
332453,2,1,2.0,31.0,4.0,35.0,17.0,11.666666666666666,0.0,3.0,0.0,0.0,0.11428571428571428,17.5,1.0,1
332454,3,1,2.0,214.0,60.0,274.0,100.0,45.666666666666664,0.0,6.0,0.0,0.0,0.21897810218978103,91.33333333333333,0.6666666666666666,1
332455,3,1,2.0,275.0,44.0,319.0,131.0,53.166666666666664,1.0,5.0,0.0,0.0,0.13793103448275862,106.33333333333333,0.6666666666666666,1
332456,4,1,3.0,334.0,56.0,390.0,163.0,43.333333333333336,0.0,9.0,0.0,0.0,0.14358974358974358,97.5,0.75,1
332457,4,1,8.0,707.0,301.0,1008.0,216.0,43.82608695652174,1.0,22.0,0.0,0.0,0.2986111111111111,252.0,2.0,1
332458,9,1,657.0,29522.0,10226.0,39748.0,1643.0,47.83152827918171,48.0,767.0,14.0,2.0,0.2572708060782932,4416.444444444444,73.0,1
332460,4,1,38.0,1514.0,348.0,1862.0,339.0,45.41463414634146,6.0,35.0,0.0,0.0,0.18689581095596133,465.5,9.5,1
332461,30,1,1316.0,99874.0,53563.0,153437.0,2310.0,77.3761976802824,194.0,1763.0,24.0,2.0,0.3490878992681035,5114.566666666667,43.86666666666667,1
332462,3,1,3.0,76.0,11.0,87.0,46.0,14.5,0.0,6.0,0.0,0.0,0.12643678160919541,29.0,1.0,1
332463,1,1,1.0,2.0,0.0,2.0,2.0,2.0,0.0,1.0,0.0,0.0,0.0,2.0,1.0,1
332465,1,1,1.0,13.0,0.0,13.0,13.0,13.0,0.0,1.0,0.0,0.0,0.0,13.0,1.0,1
332466,1,1,2.0,6.0,3.0,9.0,5.0,4.5,0.0,2.0,0.0,0.0,0.3333333333333333,9.0,2.0,1
332469,2,1,4.0,35.0,18.0,53.0,36.0,13.25,0.0,4.0,0.0,0.0,0.33962264150943394,26.5,2.0,1
332470,4,1,491.0,17950.0,6616.0,24566.0,543.0,45.66171003717472,41.0,490.0,7.0,0.0,0.26931531384840834,6141.5,122.75,1
332471,4,2,518.0,19306.0,6865.0,26171.0,543.0,44.660409556313994,51.0,527.0,8.0,0.0,0.2623132474876772,6542.75,129.5,2
332472,6,3,485.0,17773.0,6528.0,24301.0,543.0,44.58899082568807,39.0,499.0,7.0,0.0,0.26863092053824944,4050.1666666666665,80.83333333333333,3
332475,1,1,1.0,1.0,0.0,1.0,1.0,1.0,1.0,0.0,0.0,0.0,0.0,1.0,1.0,1
332476,3,1,320.0,10926.0,4351.0,15277.0,408.0,46.576219512195124,28.0,294.0,6.0,0.0,0.28480722654971524,5092.333333333333,106.66666666666667,1
332478,1,1,1.0,1.0,0.0,1.0,1.0,1.0,1.0,0.0,0.0,0.0,0.0,1.0,1.0,1
332480,2,1,22.0,1710.0,132.0,1842.0,579.0,73.68,5.0,20.0,0.0,0.0,0.07166123778501629,921.0,11.0,1
332481,6,1,538.0,21418.0,9619.0,31037.0,1643.0,49.031595576619274,35.0,585.0,12.0,1.0,0.30992041756613076,5172.833333333333,89.66666666666667,1
332485,3,1,157.0,5347.0,2440.0,7787.0,408.0,49.59872611464968,19.0,134.0,4.0,0.0,0.31334275073841017,2595.6666666666665,52.333333333333336,1
332487,62,1,13.0,5827.0,1669.0,7496.0,765.0,47.745222929936304,8.0,149.0,0.0,0.0,0.2226520811099253,120.90322580645162,0.20967741935483872,1
332489,1,1,2.0,4.0,0.0,4.0,3.0,2.0,0.0,2.0,0.0,0.0,0.0,4.0,2.0,1
332494,2,1,2.0,35.0,1.0,36.0,34.0,18.0,1.0,1.0,0.0,0.0,0.027777777777777776,18.0,1.0,1
332495,2,1,15.0,952.0,99.0,1051.0,263.0,65.6875,4.0,12.0,0.0,0.0,0.09419600380589914,525.5,7.5,1
332496,2,1,13.0,1742.0,138.0,1880.0,371.0,110.58823529411765,6.0,11.0,0.0,0.0,0.07340425531914893,940.0,6.5,1
332499,2,1,11.0,41.0,48.0,89.0,20.0,8.090909090909092,0.0,11.0,0.0,0.0,0.5393258426966292,44.5,5.5,1
332503,2,1,9.0,307.0,38.0,345.0,131.0,31.363636363636363,0.0,11.0,0.0,0.0,0.11014492753623188,172.5,4.5,1
332504,1,1,1.0,1.0,1.0,2.0,2.0,2.0,0.0,1.0,0.0,0.0,0.5,2.0,1.0,1
332508,2,1,2.0,77.0,17.0,94.0,51.0,31.333333333333332,0.0,3.0,0.0,0.0,0.18085106382978725,47.0,1.0,1
332509,1,1,3.0,19.0,3.0,22.0,17.0,7.333333333333333,0.0,3.0,0.0,0.0,0.13636363636363635,22.0,3.0,1
332510,1,1,3.0,19.0,2.0,21.0,13.0,7.0,0.0,3.0,0.0,0.0,0.09523809523809523,21.0,3.0,1
332511,18,4,60.0,2305.0,438.0,2743.0,288.0,43.53968253968254,3.0,60.0,0.0,0.0,0.15967918337586584,152.38888888888889,3.3333333333333335,4
332512,2,1,8.0,82.0,319.0,401.0,298.0,40.1,0.0,10.0,0.0,0.0,0.7955112219451371,200.5,4.0,1
332516,2,1,8.0,65.0,54.0,119.0,80.0,14.875,1.0,7.0,0.0,0.0,0.453781512605042,59.5,4.0,1
332517,2,1,3.0,204.0,2.0,206.0,167.0,51.5,1.0,3.0,0.0,0.0,0.009708737864077669,103.0,1.5,1
332519,7,1,37.0,2331.0,1374.0,3705.0,510.0,63.87931034482759,5.0,52.0,1.0,0.0,0.3708502024291498,529.2857142857143,5.285714285714286,1
332520,1,1,3.0,13.0,20.0,33.0,16.0,11.0,0.0,3.0,0.0,0.0,0.6060606060606061,33.0,3.0,1
332521,1,1,2.0,100.0,13.0,113.0,73.0,56.5,0.0,2.0,0.0,0.0,0.11504424778761062,113.0,2.0,1
332522,1,1,2.0,17.0,1.0,18.0,16.0,9.0,0.0,2.0,0.0,0.0,0.05555555555555555,18.0,2.0,1
332524,1,1,2.0,27.0,4.0,31.0,19.0,15.5,0.0,2.0,0.0,0.0,0.12903225806451613,31.0,2.0,1
332527,1,1,2.0,70.0,1.0,71.0,69.0,35.5,0.0,2.0,0.0,0.0,0.014084507042253521,71.0,2.0,1
332528,1,1,8.0,100.0,29.0,129.0,46.0,16.125,0.0,8.0,0.0,0.0,0.2248062015503876,129.0,8.0,1
332529,1,1,1.0,3.0,0.0,3.0,3.0,3.0,1.0,0.0,0.0,0.0,0.0,3.0,1.0,1
332530,3,1,382.0,17681.0,7942.0,25623.0,1684.0,65.86889460154242,32.0,345.0,11.0,1.0,0.3099558989969949,8541.0,127.33333333333333,1
332531,1,1,2.0,100.0,13.0,113.0,73.0,56.5,0.0,2.0,0.0,0.0,0.11504424778761062,113.0,2.0,1
332532,1,1,10.0,9.0,13.0,22.0,6.0,2.2,0.0,10.0,0.0,0.0,0.5909090909090909,22.0,10.0,1
332533,3,2,9.0,135.0,461.0,596.0,244.0,66.22222222222223,0.0,9.0,0.0,0.0,0.7734899328859061,198.66666666666666,3.0,2
332534,1,1,2.0,165.0,8.0,173.0,94.0,86.5,0.0,2.0,0.0,0.0,0.046242774566473986,173.0,2.0,1
332535,2,1,2.0,125.0,39.0,164.0,56.0,41.0,0.0,4.0,0.0,0.0,0.23780487804878048,82.0,1.0,1
332538,1,1,21.0,177.0,1366.0,1543.0,408.0,73.47619047619048,0.0,17.0,4.0,0.0,0.8852883992222942,1543.0,21.0,1
332539,4,1,10.0,38.0,21.0,59.0,6.0,3.4705882352941178,0.0,17.0,0.0,0.0,0.3559322033898305,14.75,2.5,1
332541,1,1,4.0,103.0,15.0,118.0,59.0,29.5,1.0,3.0,0.0,0.0,0.1271186440677966,118.0,4.0,1
332544,13,1,560.0,30675.0,8718.0,39393.0,1830.0,59.77693474962064,103.0,544.0,10.0,2.0,0.22130835427614043,3030.230769230769,43.07692307692308,1
332547,2,2,11.0,44.0,51.0,95.0,20.0,6.785714285714286,0.0,14.0,0.0,0.0,0.5368421052631579,47.5,5.5,2
332548,1,1,4.0,126.0,3.0,129.0,105.0,32.25,0.0,4.0,0.0,0.0,0.023255813953488372,129.0,4.0,1
332549,1,1,10.0,30.0,128.0,158.0,67.0,15.8,0.0,10.0,0.0,0.0,0.810126582278481,158.0,10.0,1
332550,4,1,2.0,153.0,15.0,168.0,100.0,28.0,1.0,5.0,0.0,0.0,0.08928571428571429,42.0,0.5,1
332551,1,1,1.0,1.0,0.0,1.0,1.0,1.0,0.0,1.0,0.0,0.0,0.0,1.0,1.0,1
332552,1,1,0.0,0.0,0.0,0.0,0.0,0.0,0.0,0.0,0.0,0.0,0.0,0.0,0.0,1
332553,3,1,2.0,77.0,8.0,85.0,56.0,14.166666666666666,0.0,6.0,0.0,0.0,0.09411764705882353,28.333333333333332,0.6666666666666666,1
332554,6,1,304.0,11944.0,4855.0,16799.0,652.0,54.89869281045752,36.0,266.0,4.0,0.0,0.2890052979344009,2799.8333333333335,50.666666666666664,1
332561,1,1,1.0,10.0,1.0,11.0,11.0,11.0,0.0,1.0,0.0,0.0,0.09090909090909091,11.0,1.0,1
332562,1,1,5.0,53.0,0.0,53.0,24.0,10.6,0.0,5.0,0.0,0.0,0.0,53.0,5.0,1
332564,4,1,6.0,217.0,84.0,301.0,77.0,30.1,2.0,8.0,0.0,0.0,0.27906976744186046,75.25,1.5,1
332569,1,1,5.0,195.0,64.0,259.0,159.0,51.8,0.0,5.0,0.0,0.0,0.2471042471042471,259.0,5.0,1
332571,7,1,6.0,382.0,236.0,618.0,105.0,38.625,4.0,10.0,2.0,0.0,0.3818770226537217,88.28571428571429,0.8571428571428571,1
332572,1,1,2.0,61.0,1.0,62.0,53.0,31.0,0.0,2.0,0.0,0.0,0.016129032258064516,62.0,2.0,1
332573,1,1,2.0,37.0,6.0,43.0,34.0,21.5,0.0,2.0,0.0,0.0,0.13953488372093023,43.0,2.0,1
332574,3,1,7.0,127.0,20.0,147.0,59.0,18.375,0.0,8.0,0.0,0.0,0.1360544217687075,49.0,2.3333333333333335,1
332576,1,1,1.0,2.0,2.0,4.0,4.0,4.0,0.0,1.0,0.0,0.0,0.5,4.0,1.0,1
332579,5,1,804.0,46512.0,12549.0,59061.0,1644.0,56.5177033492823,80.0,947.0,17.0,1.0,0.21247523746634836,11812.2,160.8,1
332580,3,1,508.0,34231.0,9881.0,44112.0,1783.0,73.27574750830564,62.0,523.0,16.0,1.0,0.22399800507798331,14704.0,169.33333333333334,1
332581,2,1,151.0,4552.0,1531.0,6083.0,365.0,40.28476821192053,5.0,144.0,2.0,0.0,0.2516850238369226,3041.5,75.5,1
332583,1,1,1.0,3.0,1.0,4.0,4.0,4.0,0.0,1.0,0.0,0.0,0.25,4.0,1.0,1
332584,3,1,4.0,25.0,6.0,31.0,12.0,3.875,2.0,4.0,2.0,0.0,0.1935483870967742,10.333333333333334,1.3333333333333333,1
332585,1,1,1.0,1.0,1.0,2.0,2.0,2.0,0.0,1.0,0.0,0.0,0.5,2.0,1.0,1
332586,3,1,302.0,12525.0,3629.0,16154.0,1083.0,53.13815789473684,23.0,275.0,6.0,0.0,0.22465024142627213,5384.666666666667,100.66666666666667,1
332587,1,1,1.0,6.0,2.0,8.0,8.0,8.0,0.0,1.0,0.0,0.0,0.25,8.0,1.0,1
332588,3,1,119.0,3438.0,1337.0,4775.0,365.0,38.82113821138211,4.0,117.0,2.0,0.0,0.28,1591.6666666666667,39.666666666666664,1
332589,2,1,16.0,204.0,32.0,236.0,77.0,13.882352941176471,0.0,17.0,0.0,0.0,0.13559322033898305,118.0,8.0,1
332590,3,1,2.0,87.0,6.0,93.0,66.0,23.25,0.0,4.0,0.0,0.0,0.06451612903225806,31.0,0.6666666666666666,1
332593,53,1,531.0,24480.0,9009.0,33489.0,725.0,47.434844192634564,54.0,635.0,15.0,2.0,0.2690137059930126,631.8679245283018,10.018867924528301,1
332594,1,1,1.0,3.0,0.0,3.0,3.0,3.0,0.0,1.0,0.0,0.0,0.0,3.0,1.0,1
332598,2,1,15.0,622.0,51.0,673.0,121.0,37.388888888888886,1.0,17.0,0.0,0.0,0.07578008915304606,336.5,7.5,1
332602,4,1,213.0,6362.0,2126.0,8488.0,543.0,38.93577981651376,12.0,203.0,1.0,2.0,0.25047125353440153,2122.0,53.25,1
332604,1,1,1.0,6.0,1.0,7.0,7.0,7.0,0.0,1.0,0.0,0.0,0.14285714285714285,7.0,1.0,1
332605,1,1,4.0,52.0,18.0,70.0,39.0,17.5,0.0,4.0,0.0,0.0,0.2571428571428571,70.0,4.0,1
332606,3,1,60.0,534.0,163.0,697.0,87.0,11.426229508196721,1.0,60.0,0.0,0.0,0.23385939741750358,232.33333333333334,20.0,1
332607,1,1,6.0,57.0,48.0,105.0,48.0,17.5,0.0,6.0,0.0,0.0,0.45714285714285713,105.0,6.0,1
332608,1,1,16.0,916.0,38.0,954.0,390.0,59.625,3.0,13.0,0.0,0.0,0.039832285115303984,954.0,16.0,1
332609,2,1,4.0,164.0,3.0,167.0,86.0,41.75,0.0,4.0,0.0,0.0,0.017964071856287425,83.5,2.0,1
332612,4,1,2.0,86.0,11.0,97.0,67.0,19.4,0.0,5.0,0.0,0.0,0.1134020618556701,24.25,0.5,1
332621,3,1,308.0,8566.0,4029.0,12595.0,543.0,39.98412698412698,10.0,299.0,6.0,0.0,0.3198888447796745,4198.333333333333,102.66666666666667,1
332623,1,1,2.0,7.0,4.0,11.0,9.0,5.5,0.0,2.0,0.0,0.0,0.36363636363636365,11.0,2.0,1
332624,1,1,2.0,54.0,10.0,64.0,40.0,32.0,0.0,2.0,0.0,0.0,0.15625,64.0,2.0,1
332625,2,1,2.0,198.0,5.0,203.0,65.0,50.75,0.0,4.0,0.0,0.0,0.024630541871921183,101.5,1.0,1
332626,1,1,2.0,80.0,19.0,99.0,62.0,49.5,0.0,2.0,0.0,0.0,0.1919191919191919,99.0,2.0,1
332627,1,1,1.0,8.0,3.0,11.0,11.0,11.0,0.0,1.0,0.0,0.0,0.2727272727272727,11.0,1.0,1
332628,2,1,2.0,56.0,17.0,73.0,34.0,24.333333333333332,1.0,2.0,0.0,0.0,0.2328767123287671,36.5,1.0,1
332629,2,1,1.0,24.0,1.0,25.0,15.0,12.5,0.0,2.0,0.0,0.0,0.04,12.5,0.5,1
332630,1,1,2.0,82.0,2.0,84.0,69.0,42.0,0.0,2.0,0.0,0.0,0.023809523809523808,84.0,2.0,1
332632,1,1,2.0,87.0,15.0,102.0,73.0,51.0,0.0,2.0,0.0,0.0,0.14705882352941177,102.0,2.0,1
332634,4,1,57.0,2028.0,363.0,2391.0,190.0,39.19672131147541,2.0,59.0,0.0,0.0,0.15181932245922208,597.75,14.25,1
332636,1,1,2.0,80.0,1.0,81.0,77.0,40.5,0.0,2.0,0.0,0.0,0.012345679012345678,81.0,2.0,1
332637,2,1,1.0,30.0,21.0,51.0,29.0,25.5,0.0,2.0,0.0,0.0,0.4117647058823529,25.5,0.5,1
332638,1,1,2.0,213.0,13.0,226.0,158.0,113.0,0.0,2.0,0.0,0.0,0.05752212389380531,226.0,2.0,1
332639,4,1,304.0,12854.0,4719.0,17573.0,1487.0,56.8705501618123,54.0,250.0,4.0,1.0,0.26853696010925854,4393.25,76.0,1
332643,2,1,10.0,179.0,19.0,198.0,61.0,18.0,0.0,11.0,0.0,0.0,0.09595959595959595,99.0,5.0,1
332645,4,2,11.0,193.0,464.0,657.0,244.0,59.72727272727273,0.0,11.0,0.0,0.0,0.7062404870624048,164.25,2.75,2
332646,1,1,2.0,8.0,5.0,13.0,8.0,6.5,0.0,2.0,0.0,0.0,0.38461538461538464,13.0,2.0,1
332649,2,1,4.0,101.0,18.0,119.0,41.0,14.875,0.0,8.0,0.0,0.0,0.15126050420168066,59.5,2.0,1
332653,3,1,15.0,196.0,31.0,227.0,61.0,15.133333333333333,0.0,15.0,0.0,0.0,0.13656387665198239,75.66666666666667,5.0,1
332654,2,1,91.0,1585.0,547.0,2132.0,203.0,23.428571428571427,1.0,90.0,0.0,0.0,0.25656660412757976,1066.0,45.5,1
332655,3,1,411.0,18109.0,4528.0,22637.0,1643.0,52.40046296296296,30.0,397.0,5.0,0.0,0.20002650527896806,7545.666666666667,137.0,1
332656,2,1,12.0,252.0,36.0,288.0,63.0,20.571428571428573,0.0,14.0,0.0,0.0,0.125,144.0,6.0,1
332657,3,1,100.0,1732.0,572.0,2304.0,203.0,22.58823529411765,1.0,101.0,0.0,0.0,0.2482638888888889,768.0,33.333333333333336,1
332660,5,1,10.0,621.0,135.0,756.0,155.0,44.470588235294116,1.0,16.0,0.0,0.0,0.17857142857142858,151.2,2.0,1
332661,2,1,1.0,19.0,3.0,22.0,14.0,11.0,0.0,2.0,0.0,0.0,0.13636363636363635,11.0,0.5,1
332664,5,1,2.0,205.0,22.0,227.0,79.0,37.833333333333336,1.0,5.0,0.0,0.0,0.09691629955947137,45.4,0.4,1
332668,1,1,2.0,57.0,15.0,72.0,44.0,36.0,0.0,2.0,0.0,0.0,0.20833333333333334,72.0,2.0,1
332669,4,2,333.0,10492.0,5408.0,15900.0,543.0,45.55873925501432,16.0,326.0,7.0,0.0,0.340125786163522,3975.0,83.25,2
332674,6,1,491.0,22616.0,6859.0,29475.0,1643.0,54.990671641791046,41.0,486.0,8.0,1.0,0.23270568278201867,4912.5,81.83333333333333,1
332677,2,1,4.0,81.0,81.0,162.0,150.0,40.5,0.0,4.0,0.0,0.0,0.5,81.0,2.0,1
332680,3,1,68.0,2518.0,1266.0,3784.0,543.0,54.84057971014493,5.0,63.0,1.0,0.0,0.3345665961945032,1261.3333333333333,22.666666666666668,1
332681,2,2,15.0,194.0,68.0,262.0,71.0,17.466666666666665,0.0,15.0,0.0,0.0,0.2595419847328244,131.0,7.5,2
332685,2,1,30.0,657.0,77.0,734.0,155.0,22.9375,8.0,23.0,1.0,0.0,0.10490463215258855,367.0,15.0,1
332687,3,1,42.0,696.0,791.0,1487.0,193.0,29.74,1.0,46.0,3.0,0.0,0.5319435104236718,495.6666666666667,14.0,1
332689,5,1,117.0,6324.0,1613.0,7937.0,1640.0,64.00806451612904,12.0,108.0,4.0,0.0,0.20322540002519843,1587.4,23.4,1
332691,4,2,21.0,1259.0,304.0,1563.0,244.0,43.416666666666664,0.0,36.0,0.0,0.0,0.1944977607165707,390.75,5.25,2
332696,3,1,2.0,54.0,8.0,62.0,48.0,20.666666666666668,0.0,3.0,0.0,0.0,0.12903225806451613,20.666666666666668,0.6666666666666666,1
332697,6,1,419.0,26333.0,6314.0,32647.0,1769.0,74.7070938215103,63.0,368.0,6.0,0.0,0.19340215027414465,5441.166666666667,69.83333333333333,1
332703,4,1,7.0,181.0,43.0,224.0,57.0,18.666666666666668,0.0,12.0,0.0,0.0,0.19196428571428573,56.0,1.75,1
332704,1,1,1.0,4.0,5.0,9.0,9.0,9.0,0.0,1.0,0.0,0.0,0.5555555555555556,9.0,1.0,1
332705,2,1,2.0,89.0,5.0,94.0,48.0,47.0,0.0,2.0,0.0,0.0,0.05319148936170213,47.0,1.0,1
332709,1,1,1.0,1.0,1.0,2.0,2.0,2.0,0.0,1.0,0.0,0.0,0.5,2.0,1.0,1
332713,1,1,4.0,24.0,27.0,51.0,27.0,12.75,0.0,4.0,0.0,0.0,0.5294117647058824,51.0,4.0,1
332714,1,1,1.0,2.0,2.0,4.0,4.0,4.0,0.0,1.0,0.0,0.0,0.5,4.0,1.0,1
332716,1,1,2.0,53.0,5.0,58.0,49.0,29.0,0.0,2.0,0.0,0.0,0.08620689655172414,58.0,2.0,1
332718,1,1,1.0,7.0,2.0,9.0,9.0,9.0,0.0,1.0,0.0,0.0,0.2222222222222222,9.0,1.0,1
332720,3,1,65.0,1117.0,894.0,2011.0,193.0,30.01492537313433,3.0,61.0,3.0,0.0,0.4445549477871706,670.3333333333334,21.666666666666668,1
332722,1,1,2.0,16.0,1.0,17.0,15.0,8.5,0.0,2.0,0.0,0.0,0.058823529411764705,17.0,2.0,1
332723,2,1,2.0,142.0,12.0,154.0,74.0,38.5,0.0,4.0,0.0,0.0,0.07792207792207792,77.0,1.0,1
332726,6,1,595.0,34085.0,9524.0,43609.0,1657.0,64.22533136966126,64.0,606.0,8.0,1.0,0.21839528537687175,7268.166666666667,99.16666666666667,1
332728,3,2,9.0,135.0,461.0,596.0,244.0,66.22222222222223,0.0,9.0,0.0,0.0,0.7734899328859061,198.66666666666666,3.0,2
332731,1,1,2.0,32.0,3.0,35.0,26.0,17.5,0.0,2.0,0.0,0.0,0.08571428571428572,35.0,2.0,1
332735,2,1,2.0,41.0,5.0,46.0,40.0,15.333333333333334,0.0,3.0,0.0,0.0,0.10869565217391304,23.0,1.0,1
332738,1,1,2.0,34.0,0.0,34.0,30.0,17.0,0.0,2.0,0.0,0.0,0.0,34.0,2.0,1
332742,2,1,55.0,5621.0,909.0,6530.0,1643.0,118.72727272727273,3.0,52.0,0.0,0.0,0.13920367534456354,3265.0,27.5,1
332743,1,1,1.0,1.0,1.0,2.0,2.0,2.0,0.0,1.0,0.0,0.0,0.5,2.0,1.0,1
332745,4,1,462.0,18944.0,8331.0,27275.0,1643.0,53.271484375,38.0,465.0,8.0,1.0,0.30544454628780937,6818.75,115.5,1
332750,2,1,1.0,32.0,13.0,45.0,23.0,22.5,0.0,2.0,0.0,0.0,0.28888888888888886,22.5,0.5,1
332756,1,1,1.0,2.0,2.0,4.0,4.0,4.0,0.0,1.0,0.0,0.0,0.5,4.0,1.0,1
332757,2,1,6.0,823.0,86.0,909.0,149.0,75.75,2.0,10.0,0.0,0.0,0.09460946094609461,454.5,3.0,1
332758,5,1,381.0,15444.0,5120.0,20564.0,1643.0,48.72985781990521,22.0,393.0,6.0,1.0,0.2489787978992414,4112.8,76.2,1
332759,3,1,7.0,414.0,354.0,768.0,192.0,64.0,0.0,12.0,0.0,0.0,0.4609375,256.0,2.3333333333333335,1
332760,4,1,128.0,8646.0,1465.0,10111.0,1643.0,74.8962962962963,8.0,126.0,1.0,0.0,0.14489170210661656,2527.75,32.0,1
332762,2,1,2.0,22.0,6.0,28.0,13.0,7.0,0.0,4.0,0.0,0.0,0.21428571428571427,14.0,1.0,1
332766,2,2,305.0,14600.0,2839.0,17439.0,725.0,57.17704918032787,38.0,263.0,2.0,2.0,0.1627960318825621,8719.5,152.5,2
332767,2,1,197.0,9472.0,2292.0,11764.0,1643.0,58.82,9.0,188.0,2.0,1.0,0.19483168990139407,5882.0,98.5,1
332773,1,1,261.0,12604.0,3661.0,16265.0,1643.0,62.31800766283525,25.0,231.0,5.0,0.0,0.22508453735013834,16265.0,261.0,1
332776,24,2,1887.0,129762.0,29465.0,159227.0,4084.0,52.84666445403253,248.0,2735.0,26.0,4.0,0.18505027413692401,6634.458333333333,78.625,2
332779,3,1,64.0,394.0,402.0,796.0,108.0,12.246153846153845,0.0,65.0,0.0,0.0,0.5050251256281407,265.3333333333333,21.333333333333332,1
332781,11,1,546.0,41191.0,11148.0,52339.0,1643.0,55.385185185185186,72.0,857.0,14.0,2.0,0.21299604501423414,4758.090909090909,49.63636363636363,1
332783,5,1,382.0,17261.0,4633.0,21894.0,1055.0,48.761692650334076,25.0,418.0,4.0,2.0,0.21161048689138576,4378.8,76.4,1
332784,4,1,13.0,518.0,81.0,599.0,113.0,28.523809523809526,0.0,21.0,0.0,0.0,0.1352253756260434,149.75,3.25,1
332785,2,1,4.0,71.0,7.0,78.0,29.0,11.142857142857142,0.0,7.0,0.0,0.0,0.08974358974358974,39.0,2.0,1
332786,1,1,1.0,7.0,0.0,7.0,7.0,7.0,0.0,1.0,0.0,0.0,0.0,7.0,1.0,1
332788,6,1,156.0,3361.0,1632.0,4993.0,343.0,30.631901840490798,7.0,151.0,3.0,2.0,0.32685760064089725,832.1666666666666,26.0,1
332789,3,1,10.0,937.0,41.0,978.0,218.0,81.5,2.0,10.0,0.0,0.0,0.041922290388548056,326.0,3.3333333333333335,1
332791,3,1,12.0,264.0,85.0,349.0,90.0,21.8125,0.0,16.0,0.0,0.0,0.24355300859598855,116.33333333333333,4.0,1
332792,2,1,7.0,787.0,19.0,806.0,218.0,115.14285714285714,2.0,5.0,0.0,0.0,0.02357320099255583,403.0,3.5,1
332793,2,1,3.0,165.0,5.0,170.0,137.0,42.5,1.0,3.0,0.0,0.0,0.029411764705882353,85.0,1.5,1
332795,3,1,198.0,9900.0,2534.0,12434.0,1643.0,61.554455445544555,11.0,188.0,2.0,1.0,0.20379604310760818,4144.666666666667,66.0,1
332796,1,1,1.0,0.0,1.0,1.0,1.0,1.0,0.0,1.0,0.0,0.0,1.0,1.0,1.0,1
332799,8,1,308.0,12901.0,3274.0,16175.0,1083.0,50.232919254658384,30.0,288.0,4.0,0.0,0.20241112828438948,2021.875,38.5,1
332800,3,1,8.0,337.0,42.0,379.0,103.0,37.9,0.0,10.0,0.0,0.0,0.11081794195250659,126.33333333333333,2.6666666666666665,1
332801,5,2,11.0,163.0,465.0,628.0,244.0,57.09090909090909,0.0,11.0,0.0,0.0,0.7404458598726115,125.6,2.2,2
332802,3,1,1.0,17.0,9.0,26.0,12.0,8.666666666666666,0.0,3.0,0.0,0.0,0.34615384615384615,8.666666666666666,0.3333333333333333,1
332803,11,3,217.0,9935.0,2691.0,12626.0,1043.0,47.11194029850746,12.0,253.0,2.0,1.0,0.21313163313796926,1147.8181818181818,19.727272727272727,3
332804,3,1,7.0,221.0,63.0,284.0,130.0,31.555555555555557,0.0,9.0,0.0,0.0,0.22183098591549297,94.66666666666667,2.3333333333333335,1
332807,1,1,11.0,45.0,67.0,112.0,32.0,10.181818181818182,0.0,11.0,0.0,0.0,0.5982142857142857,112.0,11.0,1
332809,5,2,301.0,14675.0,2197.0,16872.0,772.0,55.5,47.0,249.0,6.0,2.0,0.13021574205784733,3374.4,60.2,2
332812,3,1,146.0,7809.0,1484.0,9293.0,1043.0,60.73856209150327,11.0,139.0,2.0,1.0,0.15969008931453782,3097.6666666666665,48.666666666666664,1
332813,3,1,5.0,9.0,9.0,18.0,4.0,2.5714285714285716,0.0,7.0,0.0,0.0,0.5,6.0,1.6666666666666667,1
332814,3,1,2.0,21.0,1.0,22.0,17.0,7.333333333333333,0.0,3.0,0.0,0.0,0.045454545454545456,7.333333333333333,0.6666666666666666,1
332815,2,1,2.0,5.0,5.0,10.0,8.0,5.0,0.0,2.0,0.0,0.0,0.5,5.0,1.0,1
332817,1,1,1.0,8.0,7.0,15.0,15.0,15.0,0.0,1.0,0.0,0.0,0.4666666666666667,15.0,1.0,1
332818,1,1,2.0,2.0,2.0,4.0,2.0,2.0,0.0,2.0,0.0,0.0,0.5,4.0,2.0,1
332820,5,1,187.0,8757.0,1932.0,10689.0,1043.0,49.94859813084112,11.0,200.0,2.0,1.0,0.1807465618860511,2137.8,37.4,1
332821,6,2,2.0,137.0,13.0,150.0,51.0,18.75,0.0,8.0,0.0,0.0,0.08666666666666667,25.0,0.3333333333333333,2
332822,2,1,5.0,70.0,4.0,74.0,61.0,14.8,0.0,5.0,0.0,0.0,0.05405405405405406,37.0,2.5,1
332823,2,1,3.0,42.0,79.0,121.0,46.0,40.333333333333336,0.0,3.0,0.0,0.0,0.6528925619834711,60.5,1.5,1
332825,9,1,27.0,3114.0,555.0,3669.0,718.0,62.186440677966104,1.0,58.0,0.0,0.0,0.15126737530662307,407.6666666666667,3.0,1
332826,2,1,184.0,8784.0,1867.0,10651.0,1043.0,56.65425531914894,12.0,173.0,2.0,1.0,0.17528870528588864,5325.5,92.0,1
332827,9,1,544.0,48626.0,9740.0,58366.0,802.0,61.18029350104822,113.0,828.0,9.0,4.0,0.16687797690436212,6485.111111111111,60.44444444444444,1
332828,5,1,307.0,18823.0,3235.0,22058.0,1083.0,70.47284345047923,41.0,267.0,5.0,0.0,0.1466588085955209,4411.6,61.4,1
332833,2,1,146.0,4030.0,1290.0,5320.0,334.0,36.43835616438356,8.0,136.0,1.0,1.0,0.2424812030075188,2660.0,73.0,1
332834,17,5,343.0,18730.0,8679.0,27409.0,1591.0,78.76149425287356,62.0,260.0,25.0,1.0,0.316647816410668,1612.2941176470588,20.176470588235293,5
332835,2,1,1.0,53.0,27.0,80.0,46.0,40.0,0.0,2.0,0.0,0.0,0.3375,40.0,0.5,1
332838,29,1,16.0,1800.0,738.0,2538.0,503.0,35.25,3.0,69.0,0.0,0.0,0.2907801418439716,87.51724137931035,0.5517241379310345,1
332839,2,1,8.0,81.0,48.0,129.0,38.0,14.333333333333334,0.0,9.0,0.0,0.0,0.37209302325581395,64.5,4.0,1
332841,1,1,12.0,725.0,178.0,903.0,283.0,75.25,3.0,9.0,0.0,0.0,0.19712070874861573,903.0,12.0,1
332844,1,1,6.0,137.0,6.0,143.0,87.0,23.833333333333332,0.0,6.0,0.0,0.0,0.04195804195804196,143.0,6.0,1
332855,2,1,2.0,305.0,49.0,354.0,143.0,88.5,0.0,4.0,0.0,0.0,0.1384180790960452,177.0,1.0,1
332863,4,1,4.0,82.0,82.0,164.0,150.0,27.333333333333332,0.0,6.0,0.0,0.0,0.5,41.0,1.0,1
332864,3,1,4.0,81.0,20.0,101.0,52.0,12.625,0.0,8.0,0.0,0.0,0.19801980198019803,33.666666666666664,1.3333333333333333,1
332869,2,1,9.0,237.0,42.0,279.0,121.0,25.363636363636363,0.0,11.0,0.0,0.0,0.15053763440860216,139.5,4.5,1
332872,1,1,2.0,73.0,4.0,77.0,69.0,38.5,1.0,1.0,0.0,0.0,0.05194805194805195,77.0,2.0,1
332874,1,1,2.0,56.0,3.0,59.0,43.0,29.5,0.0,2.0,0.0,0.0,0.05084745762711865,59.0,2.0,1
332875,2,1,2.0,3.0,3.0,6.0,4.0,3.0,0.0,2.0,0.0,0.0,0.5,3.0,1.0,1
332876,2,1,4.0,255.0,37.0,292.0,137.0,48.666666666666664,2.0,4.0,0.0,0.0,0.1267123287671233,146.0,2.0,1
332878,1,1,2.0,121.0,8.0,129.0,71.0,64.5,0.0,2.0,0.0,0.0,0.06201550387596899,129.0,2.0,1
332890,1,1,44.0,4845.0,407.0,5252.0,477.0,119.36363636363636,8.0,36.0,0.0,0.0,0.0774942878903275,5252.0,44.0,1
332891,2,1,8.0,105.0,106.0,211.0,114.0,26.375,0.0,8.0,0.0,0.0,0.5023696682464455,105.5,4.0,1
332892,15,1,16.0,259.0,215.0,474.0,42.0,11.023255813953488,1.0,41.0,1.0,0.0,0.45358649789029537,31.6,1.0666666666666667,1
332893,2,1,6.0,194.0,13.0,207.0,122.0,34.5,1.0,5.0,0.0,0.0,0.06280193236714976,103.5,3.0,1
332895,1,1,1.0,1.0,0.0,1.0,1.0,1.0,0.0,1.0,0.0,0.0,0.0,1.0,1.0,1
332899,1,1,2.0,83.0,3.0,86.0,77.0,43.0,1.0,1.0,0.0,0.0,0.03488372093023256,86.0,2.0,1
332900,1,1,2.0,11.0,2.0,13.0,11.0,6.5,0.0,2.0,0.0,0.0,0.15384615384615385,13.0,2.0,1
332904,2,1,9.0,2594.0,193.0,2787.0,1405.0,278.7,6.0,4.0,0.0,0.0,0.06925008970218874,1393.5,4.5,1
332908,2,1,2.0,54.0,1.0,55.0,26.0,18.333333333333332,0.0,3.0,0.0,0.0,0.01818181818181818,27.5,1.0,1
332909,2,1,14.0,92.0,47.0,139.0,45.0,9.928571428571429,0.0,14.0,0.0,0.0,0.3381294964028777,69.5,7.0,1
332911,2,1,9.0,245.0,88.0,333.0,83.0,25.615384615384617,0.0,13.0,0.0,0.0,0.26426426426426425,166.5,4.5,1
332916,1,1,2.0,9.0,8.0,17.0,9.0,8.5,0.0,2.0,0.0,0.0,0.47058823529411764,17.0,2.0,1
332918,3,1,2.0,210.0,21.0,231.0,71.0,57.75,0.0,4.0,0.0,0.0,0.09090909090909091,77.0,0.6666666666666666,1
332923,2,1,2.0,57.0,9.0,66.0,25.0,16.5,0.0,4.0,0.0,0.0,0.13636363636363635,33.0,1.0,1
332926,2,1,22.0,134.0,59.0,193.0,54.0,8.041666666666666,0.0,24.0,0.0,0.0,0.30569948186528495,96.5,11.0,1
332929,12,1,581.0,35176.0,14390.0,49566.0,2174.0,64.96199213630406,85.0,665.0,12.0,1.0,0.29031997740386556,4130.5,48.416666666666664,1
332932,5,1,74.0,2303.0,353.0,2656.0,146.0,32.79012345679013,44.0,37.0,0.0,0.0,0.13290662650602408,531.2,14.8,1
332935,20,1,37.0,1609.0,483.0,2092.0,1079.0,38.03636363636364,1.0,54.0,0.0,0.0,0.23087954110898662,104.6,1.85,1
332937,3,1,94.0,6111.0,11.0,6122.0,547.0,63.770833333333336,93.0,3.0,0.0,0.0,0.0017967984318850048,2040.6666666666667,31.333333333333332,1
332939,3,1,4.0,219.0,56.0,275.0,114.0,45.833333333333336,0.0,6.0,0.0,0.0,0.20363636363636364,91.66666666666667,1.3333333333333333,1
332941,2,1,10.0,147.0,54.0,201.0,54.0,16.75,0.0,12.0,0.0,0.0,0.26865671641791045,100.5,5.0,1
332942,1,1,0.0,0.0,0.0,0.0,0.0,0.0,0.0,0.0,0.0,0.0,0.0,0.0,0.0,1
332943,1,1,2.0,37.0,1.0,38.0,35.0,19.0,0.0,2.0,0.0,0.0,0.02631578947368421,38.0,2.0,1
332945,1,1,4.0,86.0,86.0,172.0,82.0,43.0,0.0,4.0,0.0,0.0,0.5,172.0,4.0,1
332948,5,1,457.0,22495.0,7088.0,29583.0,1532.0,60.870370370370374,64.0,417.0,5.0,0.0,0.2395970658824325,5916.6,91.4,1
332950,4,1,264.0,14828.0,3127.0,17955.0,1588.0,65.2909090909091,60.0,214.0,1.0,0.0,0.17415761626287943,4488.75,66.0,1
332951,1,1,32.0,568.0,433.0,1001.0,244.0,31.28125,0.0,32.0,0.0,0.0,0.4325674325674326,1001.0,32.0,1
332952,5,2,409.0,27489.0,3943.0,31432.0,1588.0,72.25747126436782,77.0,357.0,1.0,0.0,0.12544540595571393,6286.4,81.8,2
332953,2,1,4.0,115.0,3.0,118.0,44.0,29.5,0.0,4.0,0.0,0.0,0.025423728813559324,59.0,2.0,1
332958,1,1,1.0,1.0,1.0,2.0,2.0,2.0,0.0,1.0,0.0,0.0,0.5,2.0,1.0,1
332961,1,1,13.0,993.0,162.0,1155.0,308.0,88.84615384615384,2.0,11.0,0.0,0.0,0.14025974025974025,1155.0,13.0,1
332962,1,1,6.0,326.0,58.0,384.0,143.0,64.0,0.0,6.0,0.0,0.0,0.15104166666666666,384.0,6.0,1
332963,1,1,9.0,747.0,105.0,852.0,311.0,94.66666666666667,2.0,7.0,0.0,0.0,0.12323943661971831,852.0,9.0,1
332964,1,1,5.0,415.0,27.0,442.0,151.0,88.4,0.0,5.0,0.0,0.0,0.06108597285067873,442.0,5.0,1
332965,1,1,20.0,1419.0,90.0,1509.0,309.0,75.45,3.0,17.0,0.0,0.0,0.05964214711729622,1509.0,20.0,1
332966,1,1,11.0,401.0,29.0,430.0,196.0,39.09090909090909,1.0,10.0,0.0,0.0,0.06744186046511629,430.0,11.0,1
332967,1,1,3.0,466.0,1.0,467.0,273.0,155.66666666666666,2.0,1.0,0.0,0.0,0.0021413276231263384,467.0,3.0,1
332968,1,1,3.0,211.0,9.0,220.0,139.0,73.33333333333333,0.0,3.0,0.0,0.0,0.04090909090909091,220.0,3.0,1
332970,2,1,3.0,45.0,11.0,56.0,27.0,11.2,0.0,5.0,0.0,0.0,0.19642857142857142,28.0,1.5,1
332971,6,2,3.0,687.0,284.0,971.0,670.0,121.375,1.0,6.0,1.0,0.0,0.2924819773429454,161.83333333333334,0.5,2
332974,1,1,5.0,87.0,19.0,106.0,40.0,21.2,0.0,5.0,0.0,0.0,0.1792452830188679,106.0,5.0,1
332976,1,1,5.0,12.0,10.0,22.0,8.0,4.4,0.0,5.0,0.0,0.0,0.45454545454545453,22.0,5.0,1
332977,2,1,8.0,76.0,36.0,112.0,50.0,14.0,0.0,8.0,0.0,0.0,0.32142857142857145,56.0,4.0,1
332979,3,1,9.0,801.0,396.0,1197.0,253.0,66.5,0.0,18.0,0.0,0.0,0.3308270676691729,399.0,3.0,1
332981,2,1,11.0,123.0,20.0,143.0,44.0,13.0,0.0,11.0,0.0,0.0,0.13986013986013987,71.5,5.5,1
332982,10,2,75.0,4699.0,3003.0,7702.0,685.0,68.76785714285714,7.0,97.0,6.0,2.0,0.3898987276032199,770.2,7.5,2
332984,3,1,4.0,102.0,37.0,139.0,45.0,19.857142857142858,0.0,7.0,0.0,0.0,0.26618705035971224,46.333333333333336,1.3333333333333333,1
332985,5,2,705.0,35764.0,7292.0,43056.0,1505.0,56.2088772845953,110.0,648.0,8.0,0.0,0.16936083240431066,8611.2,141.0,2
332987,7,1,331.0,14532.0,2093.0,16625.0,612.0,47.636103151862464,77.0,272.0,0.0,0.0,0.12589473684210525,2375.0,47.285714285714285,1
332989,1,1,1.0,1.0,1.0,2.0,2.0,2.0,0.0,1.0,0.0,0.0,0.5,2.0,1.0,1
332992,4,1,97.0,2897.0,468.0,3365.0,196.0,33.65,44.0,56.0,0.0,0.0,0.13907875185735513,841.25,24.25,1
332994,1,1,1.0,35.0,4.0,39.0,39.0,39.0,0.0,1.0,0.0,0.0,0.10256410256410256,39.0,1.0,1
332998,4,2,307.0,17533.0,2767.0,20300.0,1518.0,66.12377850162866,21.0,281.0,5.0,0.0,0.1363054187192118,5075.0,76.75,2
332999,1,1,0.0,0.0,0.0,0.0,0.0,0.0,0.0,0.0,0.0,0.0,0.0,0.0,0.0,1
333000,2,1,7.0,86.0,18.0,104.0,56.0,13.0,0.0,8.0,0.0,0.0,0.17307692307692307,52.0,3.5,1
333003,1,1,1.0,5.0,0.0,5.0,5.0,5.0,0.0,1.0,0.0,0.0,0.0,5.0,1.0,1
333008,1,1,2.0,71.0,4.0,75.0,57.0,37.5,0.0,2.0,0.0,0.0,0.05333333333333334,75.0,2.0,1
333011,3,1,3.0,70.0,74.0,144.0,87.0,24.0,0.0,6.0,0.0,0.0,0.5138888888888888,48.0,1.0,1
333014,3,1,70.0,7985.0,1757.0,9742.0,1588.0,135.30555555555554,5.0,66.0,1.0,0.0,0.180353110244303,3247.3333333333335,23.333333333333332,1
333021,2,2,1.0,6.0,7.0,13.0,7.0,6.5,0.0,2.0,0.0,0.0,0.5384615384615384,6.5,0.5,2
333022,3,2,1.0,20.0,14.0,34.0,26.0,11.333333333333334,0.0,3.0,0.0,0.0,0.4117647058823529,11.333333333333334,0.3333333333333333,2
333027,5,1,17.0,625.0,169.0,794.0,141.0,34.52173913043478,0.0,23.0,0.0,0.0,0.2128463476070529,158.8,3.4,1
333028,2,1,1.0,12.0,3.0,15.0,12.0,7.5,0.0,2.0,0.0,0.0,0.2,7.5,0.5,1
333029,1,1,6.0,262.0,59.0,321.0,119.0,53.5,0.0,6.0,0.0,0.0,0.1838006230529595,321.0,6.0,1
333030,3,1,187.0,15630.0,2740.0,18370.0,1588.0,97.7127659574468,19.0,168.0,1.0,0.0,0.1491562329885683,6123.333333333333,62.333333333333336,1
333031,2,1,70.0,4095.0,487.0,4582.0,1146.0,65.45714285714286,3.0,67.0,0.0,0.0,0.10628546486250545,2291.0,35.0,1
333032,4,1,312.0,14133.0,4278.0,18411.0,1083.0,58.63375796178344,25.0,281.0,8.0,0.0,0.2323610884797132,4602.75,78.0,1
333036,2,1,48.0,1463.0,193.0,1656.0,287.0,34.5,3.0,45.0,0.0,0.0,0.11654589371980677,828.0,24.0,1
333038,3,1,153.0,13224.0,2677.0,15901.0,1588.0,100.63924050632912,11.0,146.0,1.0,0.0,0.16835419156027923,5300.333333333333,51.0,1
333040,2,1,5.0,96.0,24.0,120.0,56.0,17.142857142857142,0.0,7.0,0.0,0.0,0.2,60.0,2.5,1
333041,4,1,81.0,7927.0,372.0,8299.0,1518.0,98.79761904761905,11.0,73.0,0.0,0.0,0.04482467767200868,2074.75,20.25,1
333043,3,2,1.0,30.0,6.0,36.0,17.0,12.0,0.0,3.0,0.0,0.0,0.16666666666666666,12.0,0.3333333333333333,2
333044,1,1,4.0,126.0,16.0,142.0,70.0,35.5,0.0,4.0,0.0,0.0,0.11267605633802817,142.0,4.0,1
333045,7,1,153.0,11005.0,751.0,11756.0,1518.0,70.39520958083833,20.0,147.0,0.0,0.0,0.06388227288193263,1679.4285714285713,21.857142857142858,1
333047,1,1,3.0,44.0,4.0,48.0,38.0,16.0,1.0,2.0,0.0,0.0,0.08333333333333333,48.0,3.0,1
333048,3,1,1.0,2.0,20.0,22.0,20.0,11.0,0.0,2.0,0.0,0.0,0.9090909090909091,7.333333333333333,0.3333333333333333,1
333050,2,1,5.0,100.0,11.0,111.0,31.0,15.857142857142858,0.0,7.0,0.0,0.0,0.0990990990990991,55.5,2.5,1
333051,5,1,30.0,2367.0,502.0,2869.0,722.0,73.56410256410257,5.0,32.0,2.0,0.0,0.17497385848727778,573.8,6.0,1
333052,1,1,9.0,192.0,2593.0,2785.0,1405.0,309.44444444444446,0.0,3.0,6.0,0.0,0.9310592459605027,2785.0,9.0,1
333055,2,1,1.0,54.0,3.0,57.0,40.0,28.5,0.0,2.0,0.0,0.0,0.05263157894736842,28.5,0.5,1
333056,1,1,32.0,433.0,568.0,1001.0,244.0,31.28125,0.0,32.0,0.0,0.0,0.5674325674325674,1001.0,32.0,1
333057,2,1,8.0,405.0,31.0,436.0,162.0,43.6,0.0,10.0,0.0,0.0,0.07110091743119266,218.0,4.0,1
333058,1,1,1.0,4.0,0.0,4.0,4.0,4.0,0.0,1.0,0.0,0.0,0.0,4.0,1.0,1
333059,1,1,1.0,3.0,3.0,6.0,6.0,6.0,0.0,1.0,0.0,0.0,0.5,6.0,1.0,1
333061,2,1,9.0,198.0,107.0,305.0,85.0,30.5,1.0,8.0,0.0,1.0,0.35081967213114756,152.5,4.5,1
333072,2,1,13.0,71.0,129.0,200.0,90.0,15.384615384615385,0.0,13.0,0.0,0.0,0.645,100.0,6.5,1
333073,1,1,1.0,0.0,1310.0,1310.0,1310.0,1310.0,0.0,1.0,0.0,0.0,1.0,1310.0,1.0,1
333074,1,1,1.0,7.0,25.0,32.0,32.0,32.0,0.0,1.0,0.0,0.0,0.78125,32.0,1.0,1
333075,5,1,2.0,21.0,12.0,33.0,16.0,8.25,0.0,4.0,0.0,0.0,0.36363636363636365,6.6,0.4,1
333076,2,1,5.0,55.0,6.0,61.0,42.0,12.2,0.0,5.0,0.0,0.0,0.09836065573770492,30.5,2.5,1
333078,8,1,12.0,588.0,347.0,935.0,168.0,31.166666666666668,0.0,30.0,0.0,0.0,0.3711229946524064,116.875,1.5,1
333080,5,1,262.0,9613.0,2152.0,11765.0,412.0,43.413284132841326,16.0,254.0,0.0,1.0,0.18291542711432215,2353.0,52.4,1
333081,2,1,1.0,23.0,17.0,40.0,31.0,20.0,0.0,2.0,0.0,0.0,0.425,20.0,0.5,1
333082,1,1,2.0,68.0,5.0,73.0,43.0,36.5,0.0,2.0,0.0,0.0,0.0684931506849315,73.0,2.0,1
333083,1,1,3.0,115.0,173.0,288.0,218.0,96.0,0.0,3.0,0.0,0.0,0.6006944444444444,288.0,3.0,1
333084,6,1,4.0,236.0,98.0,334.0,78.0,23.857142857142858,0.0,14.0,0.0,0.0,0.2934131736526946,55.666666666666664,0.6666666666666666,1
333086,1,1,14.0,42.0,86.0,128.0,46.0,9.142857142857142,0.0,14.0,0.0,0.0,0.671875,128.0,14.0,1
333088,1,1,2.0,88.0,2.0,90.0,73.0,45.0,1.0,1.0,0.0,0.0,0.022222222222222223,90.0,2.0,1
333090,2,1,1.0,8.0,8.0,16.0,8.0,8.0,0.0,2.0,0.0,0.0,0.5,8.0,0.5,1
333091,1,1,1.0,8.0,2.0,10.0,10.0,10.0,0.0,1.0,0.0,0.0,0.2,10.0,1.0,1
333094,1,1,2.0,6.0,1.0,7.0,5.0,3.5,0.0,2.0,0.0,0.0,0.14285714285714285,7.0,2.0,1
333096,1,1,14.0,796.0,13.0,809.0,192.0,57.785714285714285,5.0,9.0,0.0,0.0,0.016069221260815822,809.0,14.0,1
333098,1,1,10.0,1789.0,21.0,1810.0,464.0,181.0,4.0,6.0,0.0,0.0,0.011602209944751382,1810.0,10.0,1
333102,2,2,8.0,207.0,207.0,414.0,152.0,51.75,0.0,8.0,0.0,0.0,0.5,207.0,4.0,2
333103,2,1,33.0,466.0,587.0,1053.0,244.0,20.25,0.0,52.0,0.0,0.0,0.5574548907882241,526.5,16.5,1
333105,1,1,1.0,1.0,1.0,2.0,2.0,2.0,0.0,1.0,0.0,0.0,0.5,2.0,1.0,1
333108,3,1,19.0,620.0,120.0,740.0,116.0,27.40740740740741,2.0,25.0,0.0,0.0,0.16216216216216217,246.66666666666666,6.333333333333333,1
333110,2,1,13.0,101.0,112.0,213.0,62.0,13.3125,0.0,16.0,0.0,0.0,0.5258215962441315,106.5,6.5,1
333115,2,1,2.0,406.0,63.0,469.0,188.0,117.25,0.0,4.0,0.0,0.0,0.13432835820895522,234.5,1.0,1
333117,1,1,2.0,34.0,7.0,41.0,24.0,20.5,0.0,2.0,0.0,0.0,0.17073170731707318,41.0,2.0,1
333120,3,1,155.0,6478.0,4118.0,10596.0,1405.0,67.0632911392405,11.0,140.0,6.0,1.0,0.38863722159305397,3532.0,51.666666666666664,1
333122,2,1,2.0,123.0,72.0,195.0,95.0,48.75,1.0,3.0,0.0,0.0,0.36923076923076925,97.5,1.0,1
333124,1,1,2.0,2.0,2.0,4.0,2.0,2.0,0.0,2.0,0.0,0.0,0.5,4.0,2.0,1
333126,1,1,2.0,2.0,2.0,4.0,2.0,2.0,0.0,2.0,0.0,0.0,0.5,4.0,2.0,1
333127,9,1,323.0,17774.0,3925.0,21699.0,772.0,63.44736842105263,45.0,291.0,4.0,2.0,0.18088391170100004,2411.0,35.888888888888886,1
333130,23,1,604.0,39059.0,8189.0,47248.0,1657.0,60.265306122448976,106.0,670.0,7.0,1.0,0.1733195055875381,2054.2608695652175,26.26086956521739,1
333133,2,1,5.0,87.0,17.0,104.0,48.0,17.333333333333332,0.0,6.0,0.0,0.0,0.16346153846153846,52.0,2.5,1
333135,1,1,6.0,115.0,8.0,123.0,57.0,20.5,0.0,6.0,0.0,0.0,0.06504065040650407,123.0,6.0,1
333137,1,1,3.0,6.0,3.0,9.0,4.0,3.0,0.0,3.0,0.0,0.0,0.3333333333333333,9.0,3.0,1
333138,2,1,3.0,111.0,9.0,120.0,51.0,30.0,0.0,4.0,0.0,0.0,0.075,60.0,1.5,1
333144,2,1,6.0,334.0,78.0,412.0,105.0,41.2,0.0,10.0,0.0,0.0,0.18932038834951456,206.0,3.0,1
333152,2,1,1.0,12.0,17.0,29.0,19.0,14.5,0.0,2.0,0.0,0.0,0.5862068965517241,14.5,0.5,1
333155,3,1,529.0,28284.0,10661.0,38945.0,2290.0,64.69269102990033,52.0,538.0,9.0,3.0,0.2737450250353062,12981.666666666666,176.33333333333334,1
333157,3,1,304.0,9373.0,3442.0,12815.0,718.0,42.1546052631579,17.0,283.0,4.0,0.0,0.2685914943425673,4271.666666666667,101.33333333333333,1
333158,1,1,2.0,13.0,5.0,18.0,10.0,9.0,0.0,2.0,0.0,0.0,0.2777777777777778,18.0,2.0,1
333161,1,1,8.0,198.0,18.0,216.0,85.0,27.0,3.0,5.0,0.0,0.0,0.08333333333333333,216.0,8.0,1
333162,6,1,7.0,165.0,48.0,213.0,47.0,16.384615384615383,2.0,10.0,0.0,1.0,0.22535211267605634,35.5,1.1666666666666667,1
333163,2,1,13.0,206.0,39.0,245.0,105.0,17.5,0.0,14.0,0.0,0.0,0.15918367346938775,122.5,6.5,1
333164,2,1,4.0,77.0,6.0,83.0,41.0,16.6,0.0,5.0,0.0,0.0,0.07228915662650602,41.5,2.0,1
333165,2,1,2.0,13.0,13.0,26.0,14.0,8.666666666666666,0.0,3.0,0.0,0.0,0.5,13.0,1.0,1
333166,1,1,1.0,1.0,1.0,2.0,2.0,2.0,0.0,1.0,0.0,0.0,0.5,2.0,1.0,1
333167,2,1,10.0,453.0,48.0,501.0,148.0,41.75,3.0,9.0,0.0,0.0,0.09580838323353294,250.5,5.0,1
333169,1,1,2.0,1.0,81.0,82.0,55.0,41.0,0.0,2.0,0.0,0.0,0.9878048780487805,82.0,2.0,1
333171,3,1,44.0,1241.0,184.0,1425.0,116.0,29.081632653061224,3.0,46.0,0.0,0.0,0.12912280701754386,475.0,14.666666666666666,1
333179,1,1,2.0,42.0,9.0,51.0,35.0,25.5,0.0,2.0,0.0,0.0,0.17647058823529413,51.0,2.0,1
333181,3,1,9.0,283.0,207.0,490.0,107.0,35.0,0.0,14.0,0.0,0.0,0.42244897959183675,163.33333333333334,3.0,1
333182,1,1,9.0,124.0,38.0,162.0,41.0,18.0,0.0,9.0,0.0,0.0,0.2345679012345679,162.0,9.0,1
333184,5,2,12.0,208.0,464.0,672.0,244.0,51.69230769230769,0.0,13.0,0.0,0.0,0.6904761904761905,134.4,2.4,2
333185,8,1,6.0,358.0,81.0,439.0,99.0,24.38888888888889,0.0,18.0,0.0,0.0,0.1845102505694761,54.875,0.75,1
333186,2,1,2.0,55.0,17.0,72.0,43.0,18.0,0.0,4.0,0.0,0.0,0.2361111111111111,36.0,1.0,1
333187,2,1,2.0,37.0,3.0,40.0,31.0,13.333333333333334,0.0,3.0,0.0,0.0,0.075,20.0,1.0,1
333189,7,2,340.0,10207.0,3696.0,13903.0,627.0,39.49715909090909,15.0,333.0,4.0,0.0,0.2658419046249011,1986.142857142857,48.57142857142857,2
333191,5,1,61.0,1418.0,317.0,1735.0,257.0,25.514705882352942,2.0,66.0,0.0,0.0,0.18270893371757926,347.0,12.2,1
333195,1,1,8.0,49.0,5.0,54.0,18.0,6.75,0.0,8.0,0.0,0.0,0.09259259259259259,54.0,8.0,1
333196,3,2,306.0,13913.0,7240.0,21153.0,2290.0,68.90228013029316,37.0,264.0,5.0,1.0,0.3422682361839928,7051.0,102.0,2
333198,6,4,33.0,454.0,587.0,1041.0,244.0,28.916666666666668,0.0,36.0,0.0,0.0,0.56388088376561,173.5,5.5,4
333200,4,1,5.0,64.0,19.0,83.0,34.0,11.857142857142858,0.0,7.0,0.0,0.0,0.2289156626506024,20.75,1.25,1
333201,3,2,5.0,115.0,43.0,158.0,48.0,19.75,0.0,8.0,0.0,0.0,0.2721518987341772,52.666666666666664,1.6666666666666667,2
333211,13,1,10.0,425.0,373.0,798.0,91.0,19.95,0.0,40.0,0.0,0.0,0.4674185463659148,61.38461538461539,0.7692307692307693,1
333212,5,1,3.0,44.0,3.0,47.0,21.0,15.666666666666666,1.0,2.0,0.0,0.0,0.06382978723404255,9.4,0.6,1
333214,1,1,4.0,194.0,25.0,219.0,128.0,54.75,0.0,4.0,0.0,0.0,0.1141552511415525,219.0,4.0,1
333215,5,1,10.0,900.0,405.0,1305.0,201.0,52.2,6.0,19.0,0.0,0.0,0.3103448275862069,261.0,2.0,1
333216,4,1,9.0,362.0,34.0,396.0,164.0,36.0,0.0,11.0,0.0,0.0,0.08585858585858586,99.0,2.25,1
333218,1,1,15.0,218.0,24.0,242.0,35.0,16.133333333333333,1.0,14.0,0.0,0.0,0.09917355371900827,242.0,15.0,1
333222,1,1,1.0,1.0,1.0,2.0,2.0,2.0,0.0,1.0,0.0,0.0,0.5,2.0,1.0,1
333226,5,1,302.0,13173.0,2574.0,15747.0,718.0,50.96116504854369,24.0,284.0,0.0,1.0,0.16345970661078302,3149.4,60.4,1
333227,2,2,1.0,15.0,7.0,22.0,16.0,11.0,0.0,2.0,0.0,0.0,0.3181818181818182,11.0,0.5,2
333231,1,1,1.0,15.0,2.0,17.0,17.0,17.0,0.0,1.0,0.0,0.0,0.11764705882352941,17.0,1.0,1
333235,2,2,2.0,91.0,8.0,99.0,68.0,33.0,0.0,3.0,0.0,0.0,0.08080808080808081,49.5,1.0,2
333238,4,2,74.0,4321.0,1193.0,5514.0,718.0,64.11627906976744,8.0,76.0,2.0,0.0,0.21635836053681537,1378.5,18.5,2
333240,8,1,141.0,2024.0,740.0,2764.0,237.0,18.931506849315067,4.0,142.0,0.0,0.0,0.26772793053545585,345.5,17.625,1
333241,1,1,1.0,2.0,2.0,4.0,4.0,4.0,0.0,1.0,0.0,0.0,0.5,4.0,1.0,1
333243,2,1,2.0,85.0,20.0,105.0,63.0,26.25,0.0,4.0,0.0,0.0,0.19047619047619047,52.5,1.0,1
333247,1,1,5.0,54.0,10.0,64.0,23.0,12.8,0.0,5.0,0.0,0.0,0.15625,64.0,5.0,1
333249,8,2,137.0,5134.0,857.0,5991.0,718.0,40.755102040816325,8.0,137.0,2.0,0.0,0.14304790519112,748.875,17.125,2
333251,2,1,22.0,924.0,49.0,973.0,237.0,44.22727272727273,0.0,22.0,0.0,0.0,0.050359712230215826,486.5,11.0,1
333256,9,1,667.0,22196.0,6374.0,28570.0,718.0,38.87074829931973,52.0,678.0,5.0,0.0,0.22310115505775288,3174.4444444444443,74.11111111111111,1
333258,1,1,1.0,17.0,0.0,17.0,17.0,17.0,0.0,1.0,0.0,0.0,0.0,17.0,1.0,1
333260,2,1,8.0,93.0,98.0,191.0,38.0,17.363636363636363,0.0,11.0,0.0,0.0,0.5130890052356021,95.5,4.0,1
333262,1,1,4.0,12.0,77.0,89.0,47.0,22.25,0.0,4.0,0.0,0.0,0.8651685393258427,89.0,4.0,1
333263,17,1,571.0,21545.0,8707.0,30252.0,725.0,47.12149532710281,32.0,601.0,8.0,1.0,0.28781568160782756,1779.5294117647059,33.588235294117645,1
333264,1,1,4.0,179.0,3.0,182.0,94.0,45.5,0.0,4.0,0.0,0.0,0.016483516483516484,182.0,4.0,1
333271,3,1,258.0,8133.0,2677.0,10810.0,718.0,41.417624521072796,16.0,239.0,6.0,0.0,0.24764107308048103,3603.3333333333335,86.0,1
333272,1,1,5.0,339.0,5.0,344.0,176.0,68.8,0.0,5.0,0.0,0.0,0.014534883720930232,344.0,5.0,1
333273,1,1,10.0,269.0,16.0,285.0,162.0,28.5,2.0,8.0,0.0,0.0,0.056140350877192984,285.0,10.0,1
333274,4,1,4.0,135.0,54.0,189.0,46.0,21.0,0.0,9.0,0.0,0.0,0.2857142857142857,47.25,1.0,1
333275,8,2,536.0,23342.0,6500.0,29842.0,1505.0,50.66553480475382,43.0,541.0,5.0,0.0,0.21781381944909858,3730.25,67.0,2
333277,1,1,4.0,658.0,34.0,692.0,450.0,173.0,0.0,4.0,0.0,0.0,0.049132947976878616,692.0,4.0,1
333279,1,1,3.0,39.0,3.0,42.0,33.0,14.0,0.0,3.0,0.0,0.0,0.07142857142857142,42.0,3.0,1
333281,4,1,190.0,4914.0,2238.0,7152.0,572.0,37.44502617801047,9.0,178.0,4.0,0.0,0.31291946308724833,1788.0,47.5,1
333282,4,1,4.0,164.0,31.0,195.0,45.0,21.666666666666668,1.0,8.0,0.0,0.0,0.15897435897435896,48.75,1.0,1
333285,2,1,1.0,75.0,17.0,92.0,50.0,46.0,0.0,2.0,0.0,0.0,0.18478260869565216,46.0,0.5,1
333286,9,1,372.0,20113.0,5521.0,25634.0,772.0,61.62019230769231,41.0,369.0,4.0,2.0,0.21537801357571976,2848.222222222222,41.333333333333336,1
333287,1,1,3.0,349.0,129.0,478.0,287.0,159.33333333333334,2.0,1.0,0.0,0.0,0.2698744769874477,478.0,3.0,1
333288,4,2,307.0,10298.0,3799.0,14097.0,725.0,44.75238095238095,14.0,297.0,4.0,0.0,0.2694899624033482,3524.25,76.75,2
333289,2,1,2.0,230.0,19.0,249.0,177.0,62.25,0.0,4.0,0.0,0.0,0.07630522088353414,124.5,1.0,1
333290,3,1,7.0,47.0,73.0,120.0,61.0,10.909090909090908,0.0,11.0,0.0,0.0,0.6083333333333333,40.0,2.3333333333333335,1
333291,2,1,9.0,410.0,42.0,452.0,153.0,34.76923076923077,0.0,13.0,0.0,0.0,0.09292035398230089,226.0,4.5,1
333295,2,1,3.0,197.0,93.0,290.0,199.0,58.0,0.0,5.0,0.0,0.0,0.32068965517241377,145.0,1.5,1
333296,5,1,306.0,18221.0,4900.0,23121.0,1627.0,73.86900958466454,62.0,247.0,3.0,1.0,0.21192854980320922,4624.2,61.2,1
333300,1,1,3.0,124.0,2.0,126.0,107.0,42.0,0.0,3.0,0.0,0.0,0.015873015873015872,126.0,3.0,1
333302,1,1,6.0,92.0,12.0,104.0,34.0,17.333333333333332,0.0,6.0,0.0,0.0,0.11538461538461539,104.0,6.0,1
333304,5,1,4.0,343.0,63.0,406.0,263.0,45.111111111111114,0.0,9.0,0.0,0.0,0.15517241379310345,81.2,0.8,1
333307,2,1,2.0,7.0,7.0,14.0,10.0,4.666666666666667,0.0,3.0,0.0,0.0,0.5,7.0,1.0,1
333308,3,1,5.0,121.0,11.0,132.0,72.0,16.5,0.0,8.0,0.0,0.0,0.08333333333333333,44.0,1.6666666666666667,1
333314,2,1,5.0,87.0,3.0,90.0,59.0,15.0,0.0,6.0,0.0,0.0,0.03333333333333333,45.0,2.5,1
333318,1,1,1.0,0.0,1310.0,1310.0,1310.0,1310.0,0.0,1.0,0.0,0.0,1.0,1310.0,1.0,1
333319,2,1,6.0,111.0,1.0,112.0,88.0,18.666666666666668,0.0,6.0,0.0,0.0,0.008928571428571428,56.0,3.0,1
333326,2,1,301.0,17978.0,3783.0,21761.0,772.0,72.29568106312293,44.0,251.0,4.0,2.0,0.17384311382748954,10880.5,150.5,1
333328,4,2,9.0,137.0,463.0,600.0,244.0,60.0,0.0,10.0,0.0,0.0,0.7716666666666666,150.0,2.25,2
333333,3,1,4.0,89.0,13.0,102.0,47.0,20.4,2.0,2.0,0.0,1.0,0.12745098039215685,34.0,1.3333333333333333,1
333334,2,1,5.0,206.0,20.0,226.0,70.0,32.285714285714285,0.0,7.0,0.0,0.0,0.08849557522123894,113.0,2.5,1
333336,1,1,2.0,30.0,0.0,30.0,28.0,15.0,0.0,2.0,0.0,0.0,0.0,30.0,2.0,1
333340,2,1,2.0,55.0,3.0,58.0,37.0,19.333333333333332,0.0,3.0,0.0,0.0,0.05172413793103448,29.0,1.0,1
333350,2,1,300.0,18085.0,5474.0,23559.0,1627.0,78.53,50.0,247.0,3.0,0.0,0.23235281633346067,11779.5,150.0,1
333353,2,1,1.0,25.0,15.0,40.0,26.0,20.0,0.0,2.0,0.0,0.0,0.375,20.0,0.5,1
333356,2,1,1.0,16.0,7.0,23.0,12.0,11.5,0.0,2.0,0.0,0.0,0.30434782608695654,11.5,0.5,1
333359,3,1,2.0,71.0,14.0,85.0,63.0,28.333333333333332,0.0,3.0,0.0,0.0,0.16470588235294117,28.333333333333332,0.6666666666666666,1
333360,2,1,1.0,27.0,96.0,123.0,101.0,61.5,0.0,2.0,0.0,0.0,0.7804878048780488,61.5,0.5,1
333363,4,1,4.0,105.0,68.0,173.0,37.0,24.714285714285715,2.0,3.0,2.0,0.0,0.3930635838150289,43.25,1.0,1
333365,2,2,303.0,15187.0,3685.0,18872.0,772.0,62.28382838283829,44.0,256.0,1.0,2.0,0.1952628232301823,9436.0,151.5,2
333372,1,1,28.0,227.0,39.0,266.0,25.0,9.5,6.0,22.0,0.0,0.0,0.14661654135338345,266.0,28.0,1
333376,3,2,5.0,125.0,23.0,148.0,61.0,29.6,0.0,5.0,0.0,0.0,0.1554054054054054,49.333333333333336,1.6666666666666667,2
333381,1,1,1.0,3.0,1.0,4.0,4.0,4.0,0.0,1.0,0.0,0.0,0.25,4.0,1.0,1
333383,3,2,301.0,11617.0,5368.0,16985.0,836.0,56.241721854304636,38.0,254.0,8.0,2.0,0.3160435678539888,5661.666666666667,100.33333333333333,2
333385,1,1,1.0,3.0,2.0,5.0,5.0,5.0,0.0,1.0,0.0,0.0,0.4,5.0,1.0,1
333389,5,2,10.0,197.0,471.0,668.0,244.0,55.666666666666664,0.0,12.0,0.0,0.0,0.7050898203592815,133.6,2.0,2
333390,1,1,4.0,54.0,2.0,56.0,38.0,14.0,0.0,4.0,0.0,0.0,0.03571428571428571,56.0,4.0,1
333391,3,1,89.0,6096.0,876.0,6972.0,1505.0,76.61538461538461,19.0,71.0,1.0,0.0,0.12564543889845095,2324.0,29.666666666666668,1
333394,4,1,23.0,4616.0,654.0,5270.0,1504.0,159.6969696969697,10.0,22.0,1.0,0.0,0.12409867172675522,1317.5,5.75,1
333397,1,1,2.0,90.0,18.0,108.0,59.0,54.0,0.0,2.0,0.0,0.0,0.16666666666666666,108.0,2.0,1
333398,2,1,3.0,26.0,36.0,62.0,41.0,15.5,0.0,4.0,0.0,0.0,0.5806451612903226,31.0,1.5,1
333399,1,1,2.0,26.0,0.0,26.0,20.0,13.0,0.0,2.0,0.0,0.0,0.0,26.0,2.0,1
333404,1,1,21.0,566.0,66.0,632.0,88.0,30.095238095238095,2.0,19.0,0.0,0.0,0.10443037974683544,632.0,21.0,1
333410,3,1,37.0,1879.0,598.0,2477.0,243.0,36.97014925373134,4.0,63.0,0.0,0.0,0.24142107387969317,825.6666666666666,12.333333333333334,1
333411,1,1,1.0,1.0,1.0,2.0,2.0,2.0,0.0,1.0,0.0,0.0,0.5,2.0,1.0,1
333412,1,1,39.0,768347.0,0.0,768347.0,746067.0,19701.20512820513,39.0,0.0,0.0,0.0,0.0,768347.0,39.0,1
333418,1,1,7.0,15.0,25.0,40.0,10.0,5.714285714285714,0.0,6.0,1.0,0.0,0.625,40.0,7.0,1
333423,4,1,24.0,616.0,169.0,785.0,111.0,27.06896551724138,4.0,25.0,0.0,0.0,0.21528662420382166,196.25,6.0,1
333426,3,1,11.0,703.0,76.0,779.0,302.0,51.93333333333333,2.0,13.0,0.0,0.0,0.0975609756097561,259.6666666666667,3.6666666666666665,1
333428,3,1,24.0,370.0,144.0,514.0,89.0,20.56,0.0,25.0,0.0,0.0,0.2801556420233463,171.33333333333334,8.0,1
333429,3,1,3.0,108.0,8.0,116.0,37.0,19.333333333333332,0.0,6.0,0.0,0.0,0.06896551724137931,38.666666666666664,1.0,1
333431,2,1,1.0,8.0,4.0,12.0,8.0,6.0,0.0,2.0,0.0,0.0,0.3333333333333333,6.0,0.5,1
333432,1,1,7.0,140.0,13.0,153.0,82.0,21.857142857142858,0.0,7.0,0.0,0.0,0.08496732026143791,153.0,7.0,1
333435,1,1,6.0,82.0,14.0,96.0,35.0,16.0,0.0,6.0,0.0,0.0,0.14583333333333334,96.0,6.0,1
333436,1,1,24.0,220.0,404.0,624.0,294.0,26.0,0.0,24.0,0.0,0.0,0.6474358974358975,624.0,24.0,1
333438,1,1,1.0,8.0,1.0,9.0,9.0,9.0,0.0,1.0,0.0,0.0,0.1111111111111111,9.0,1.0,1
333439,1,1,1.0,12.0,0.0,12.0,12.0,12.0,1.0,0.0,0.0,0.0,0.0,12.0,1.0,1
333441,2,1,1.0,64.0,26.0,90.0,82.0,45.0,0.0,2.0,0.0,0.0,0.28888888888888886,45.0,0.5,1
333448,6,1,13.0,885.0,54.0,939.0,404.0,32.37931034482759,4.0,25.0,0.0,0.0,0.05750798722044728,156.5,2.1666666666666665,1
333454,1,1,18.0,1192.0,16.0,1208.0,389.0,67.11111111111111,5.0,13.0,0.0,0.0,0.013245033112582781,1208.0,18.0,1
333457,3,1,7.0,344.0,309.0,653.0,299.0,59.36363636363637,1.0,10.0,0.0,0.0,0.47320061255742724,217.66666666666666,2.3333333333333335,1
333463,3,1,25.0,376.0,146.0,522.0,89.0,20.076923076923077,0.0,26.0,0.0,0.0,0.2796934865900383,174.0,8.333333333333334,1
333464,1,1,1.0,1.0,1.0,2.0,2.0,2.0,0.0,1.0,0.0,0.0,0.5,2.0,1.0,1
333465,1,1,2.0,2.0,2.0,4.0,2.0,2.0,0.0,2.0,0.0,0.0,0.5,4.0,2.0,1
333466,1,1,4.0,8.0,8.0,16.0,6.0,4.0,0.0,4.0,0.0,0.0,0.5,16.0,4.0,1
333472,1,1,5.0,204.0,18.0,222.0,86.0,44.4,0.0,5.0,0.0,0.0,0.08108108108108109,222.0,5.0,1
333473,1,1,6.0,18.0,35.0,53.0,17.0,8.833333333333334,0.0,6.0,0.0,0.0,0.660377358490566,53.0,6.0,1
333475,2,1,3.0,167.0,36.0,203.0,89.0,50.75,1.0,3.0,0.0,0.0,0.17733990147783252,101.5,1.5,1
333477,2,1,3.0,45.0,42.0,87.0,39.0,17.4,0.0,5.0,0.0,0.0,0.4827586206896552,43.5,1.5,1
333488,1,1,2.0,87.0,8.0,95.0,60.0,47.5,0.0,2.0,0.0,0.0,0.08421052631578947,95.0,2.0,1
333495,2,1,1.0,8.0,0.0,8.0,6.0,4.0,0.0,2.0,0.0,0.0,0.0,4.0,0.5,1
333499,1,1,1.0,21.0,0.0,21.0,21.0,21.0,1.0,0.0,0.0,0.0,0.0,21.0,1.0,1
333508,1,1,1.0,19.0,7.0,26.0,26.0,26.0,0.0,1.0,0.0,0.0,0.2692307692307692,26.0,1.0,1
333511,1,1,4.0,44.0,7.0,51.0,23.0,12.75,0.0,4.0,0.0,0.0,0.13725490196078433,51.0,4.0,1
333524,2,1,28.0,1238.0,350.0,1588.0,227.0,44.111111111111114,3.0,33.0,0.0,0.0,0.22040302267002518,794.0,14.0,1
333525,2,1,8.0,705.0,37.0,742.0,283.0,74.2,0.0,10.0,0.0,0.0,0.04986522911051213,371.0,4.0,1
333526,2,1,4.0,349.0,5.0,354.0,335.0,70.8,1.0,4.0,0.0,0.0,0.014124293785310734,177.0,2.0,1
333530,1,1,2.0,9.0,3.0,12.0,8.0,6.0,0.0,2.0,0.0,0.0,0.25,12.0,2.0,1
333531,4,1,21.0,1161.0,73.0,1234.0,293.0,56.09090909090909,0.0,22.0,0.0,0.0,0.05915721231766612,308.5,5.25,1
333532,2,1,7.0,133.0,25.0,158.0,54.0,15.8,0.0,10.0,0.0,0.0,0.15822784810126583,79.0,3.5,1
333539,1,1,8.0,704.0,36.0,740.0,293.0,92.5,0.0,8.0,0.0,0.0,0.04864864864864865,740.0,8.0,1
333541,8,3,170.0,4823.0,1642.0,6465.0,342.0,36.52542372881356,5.0,172.0,0.0,0.0,0.2539829853054911,808.125,21.25,3
333554,2,1,1.0,3.0,3.0,6.0,4.0,3.0,0.0,2.0,0.0,0.0,0.5,3.0,0.5,1
333558,4,1,5.0,166.0,43.0,209.0,106.0,29.857142857142858,0.0,7.0,0.0,0.0,0.20574162679425836,52.25,1.25,1
333563,7,2,2.0,81.0,18.0,99.0,60.0,14.142857142857142,0.0,7.0,0.0,0.0,0.18181818181818182,14.142857142857142,0.2857142857142857,2
333565,1,1,1.0,1.0,1.0,2.0,2.0,2.0,0.0,1.0,0.0,0.0,0.5,2.0,1.0,1
333566,2,2,4.0,110.0,8.0,118.0,50.0,19.666666666666668,0.0,6.0,0.0,0.0,0.06779661016949153,59.0,2.0,2
333567,2,1,2.0,10.0,222.0,232.0,147.0,77.33333333333333,0.0,3.0,0.0,0.0,0.9568965517241379,116.0,1.0,1
333568,1,1,3.0,182.0,36.0,218.0,90.0,72.66666666666667,0.0,3.0,0.0,0.0,0.1651376146788991,218.0,3.0,1
333570,1,1,2.0,77.0,3.0,80.0,68.0,40.0,0.0,2.0,0.0,0.0,0.0375,80.0,2.0,1
333573,5,2,2.0,110.0,25.0,135.0,61.0,19.285714285714285,0.0,7.0,0.0,0.0,0.18518518518518517,27.0,0.4,2
333574,1,1,1.0,8.0,0.0,8.0,8.0,8.0,0.0,1.0,0.0,0.0,0.0,8.0,1.0,1
333575,5,1,14.0,372.0,40.0,412.0,91.0,20.6,0.0,20.0,0.0,0.0,0.0970873786407767,82.4,2.8,1
333579,3,1,12.0,489.0,213.0,702.0,385.0,46.8,0.0,15.0,0.0,0.0,0.3034188034188034,234.0,4.0,1
333580,2,1,6.0,278.0,31.0,309.0,121.0,38.625,1.0,7.0,0.0,0.0,0.10032362459546926,154.5,3.0,1
333582,4,1,4.0,165.0,27.0,192.0,34.0,24.0,0.0,8.0,0.0,0.0,0.140625,48.0,1.0,1
333590,2,1,8.0,244.0,48.0,292.0,83.0,32.44444444444444,0.0,9.0,0.0,0.0,0.1643835616438356,146.0,4.0,1
333595,2,1,11.0,328.0,56.0,384.0,93.0,27.428571428571427,1.0,13.0,0.0,0.0,0.14583333333333334,192.0,5.5,1
333596,1,1,1.0,13.0,0.0,13.0,13.0,13.0,0.0,1.0,0.0,0.0,0.0,13.0,1.0,1
333597,1,1,2.0,10.0,222.0,232.0,147.0,116.0,0.0,2.0,0.0,0.0,0.9568965517241379,232.0,2.0,1
333602,1,1,2.0,9.0,3.0,12.0,8.0,6.0,0.0,2.0,0.0,0.0,0.25,12.0,2.0,1
333603,2,1,4.0,64.0,12.0,76.0,45.0,19.0,0.0,4.0,0.0,0.0,0.15789473684210525,38.0,2.0,1
333604,1,1,1.0,9.0,5.0,14.0,14.0,14.0,0.0,1.0,0.0,0.0,0.35714285714285715,14.0,1.0,1
333606,1,1,2.0,10.0,0.0,10.0,9.0,5.0,0.0,2.0,0.0,0.0,0.0,10.0,2.0,1
333608,2,1,6.0,33.0,23.0,56.0,16.0,9.333333333333334,0.0,6.0,0.0,0.0,0.4107142857142857,28.0,3.0,1
333610,1,1,3.0,104.0,4.0,108.0,55.0,36.0,0.0,3.0,0.0,0.0,0.037037037037037035,108.0,3.0,1
333611,1,1,1.0,14.0,13.0,27.0,27.0,27.0,0.0,1.0,0.0,0.0,0.48148148148148145,27.0,1.0,1
333614,4,1,3.0,289.0,54.0,343.0,136.0,42.875,0.0,8.0,0.0,0.0,0.15743440233236153,85.75,0.75,1
333615,1,1,8.0,37.0,32.0,69.0,23.0,8.625,0.0,8.0,0.0,0.0,0.463768115942029,69.0,8.0,1
333617,1,1,2.0,47.0,2.0,49.0,40.0,24.5,0.0,2.0,0.0,0.0,0.04081632653061224,49.0,2.0,1
333618,5,1,10.0,388.0,165.0,553.0,83.0,27.65,2.0,18.0,0.0,0.0,0.298372513562387,110.6,2.0,1
333620,3,1,4.0,39.0,37.0,76.0,48.0,12.666666666666666,0.0,6.0,0.0,0.0,0.4868421052631579,25.333333333333332,1.3333333333333333,1
333626,3,1,23.0,686.0,169.0,855.0,128.0,25.147058823529413,1.0,33.0,0.0,0.0,0.1976608187134503,285.0,7.666666666666667,1
333627,1,1,2.0,59.0,0.0,59.0,54.0,29.5,1.0,1.0,0.0,0.0,0.0,59.0,2.0,1
333628,1,1,2.0,15.0,3.0,18.0,11.0,9.0,0.0,2.0,0.0,0.0,0.16666666666666666,18.0,2.0,1
333629,3,1,3.0,77.0,16.0,93.0,36.0,18.6,0.0,5.0,0.0,0.0,0.17204301075268819,31.0,1.0,1
333632,3,1,59.0,1023.0,408.0,1431.0,128.0,24.25423728813559,1.0,58.0,0.0,0.0,0.2851153039832285,477.0,19.666666666666668,1
333634,9,1,539.0,11504.0,2773.0,14277.0,382.0,24.15736040609137,29.0,560.0,0.0,2.0,0.19422847937241716,1586.3333333333333,59.888888888888886,1
333635,5,2,122.0,2979.0,706.0,3685.0,200.0,29.717741935483872,4.0,120.0,0.0,0.0,0.1915875169606513,737.0,24.4,2
333638,1,1,1.0,42.0,1.0,43.0,43.0,43.0,0.0,1.0,0.0,0.0,0.023255813953488372,43.0,1.0,1
333640,1,1,3.0,31.0,1.0,32.0,20.0,10.666666666666666,0.0,3.0,0.0,0.0,0.03125,32.0,3.0,1
333641,2,1,2.0,161.0,25.0,186.0,73.0,46.5,0.0,4.0,0.0,0.0,0.13440860215053763,93.0,1.0,1
333645,4,1,14.0,516.0,378.0,894.0,90.0,30.82758620689655,1.0,27.0,1.0,0.0,0.4228187919463087,223.5,3.5,1
333646,5,3,28.0,1008.0,312.0,1320.0,430.0,37.714285714285715,1.0,34.0,0.0,0.0,0.23636363636363636,264.0,5.6,3
333647,1,1,2.0,36.0,0.0,36.0,33.0,18.0,0.0,2.0,0.0,0.0,0.0,36.0,2.0,1
333649,1,1,3.0,0.0,12.0,12.0,10.0,4.0,0.0,3.0,0.0,0.0,1.0,12.0,3.0,1
333650,1,1,5.0,1.0,21.0,22.0,10.0,4.4,0.0,5.0,0.0,0.0,0.9545454545454546,22.0,5.0,1
333651,1,1,2.0,0.0,9.0,9.0,7.0,4.5,0.0,2.0,0.0,0.0,1.0,9.0,2.0,1
333653,1,1,3.0,1.0,10.0,11.0,7.0,3.6666666666666665,0.0,3.0,0.0,0.0,0.9090909090909091,11.0,3.0,1
333654,2,1,15.0,400.0,67.0,467.0,134.0,31.133333333333333,1.0,14.0,0.0,0.0,0.14346895074946467,233.5,7.5,1
333657,1,1,2.0,7.0,10.0,17.0,13.0,8.5,0.0,2.0,0.0,0.0,0.5882352941176471,17.0,2.0,1
333661,2,1,5.0,12.0,11.0,23.0,6.0,3.8333333333333335,0.0,6.0,0.0,0.0,0.4782608695652174,11.5,2.5,1
333663,4,2,5.0,832.0,275.0,1107.0,451.0,110.7,0.0,10.0,0.0,0.0,0.24841915085817526,276.75,1.25,2
333664,6,1,358.0,6326.0,1669.0,7995.0,382.0,21.491935483870968,26.0,344.0,0.0,2.0,0.20875547217010632,1332.5,59.666666666666664,1
333666,2,1,29.0,866.0,145.0,1011.0,178.0,24.658536585365855,0.0,41.0,0.0,0.0,0.1434223541048467,505.5,14.5,1
333668,3,1,2.0,250.0,15.0,265.0,150.0,53.0,0.0,5.0,0.0,0.0,0.05660377358490566,88.33333333333333,0.6666666666666666,1
333673,2,1,1.0,8.0,6.0,14.0,12.0,7.0,0.0,2.0,0.0,0.0,0.42857142857142855,7.0,0.5,1
333683,2,1,4.0,102.0,5.0,107.0,47.0,21.4,0.0,5.0,0.0,0.0,0.04672897196261682,53.5,2.0,1
333687,5,1,149.0,7016.0,3575.0,10591.0,652.0,67.03164556962025,12.0,146.0,0.0,0.0,0.3375507506373336,2118.2,29.8,1
333689,10,1,46.0,9074.0,827.0,9901.0,404.0,95.20192307692308,11.0,92.0,1.0,0.0,0.08352691647308352,990.1,4.6,1
333692,1,1,1.0,25.0,7.0,32.0,32.0,32.0,0.0,1.0,0.0,0.0,0.21875,32.0,1.0,1
333693,2,1,300.0,13782.0,2771.0,16553.0,772.0,54.811258278145694,38.0,257.0,5.0,2.0,0.16740167945387543,8276.5,150.0,1
333694,4,1,320.0,5016.0,1392.0,6408.0,382.0,19.962616822429908,26.0,293.0,0.0,2.0,0.21722846441947566,1602.0,80.0,1
333696,1,1,4.0,164.0,152.0,316.0,166.0,79.0,0.0,4.0,0.0,0.0,0.4810126582278481,316.0,4.0,1
333697,4,1,302.0,15636.0,3926.0,19562.0,1099.0,64.34868421052632,34.0,264.0,6.0,0.0,0.20069522543707188,4890.5,75.5,1
333698,6,1,32.0,2848.0,1203.0,4051.0,444.0,56.263888888888886,4.0,65.0,3.0,0.0,0.2969637126635399,675.1666666666666,5.333333333333333,1
333702,4,1,803.0,30323.0,7377.0,37700.0,4084.0,41.84239733629301,79.0,813.0,7.0,2.0,0.1956763925729443,9425.0,200.75,1
333703,1,1,2.0,59.0,19.0,78.0,76.0,39.0,0.0,2.0,0.0,0.0,0.24358974358974358,78.0,2.0,1
333704,1,1,2.0,181.0,24.0,205.0,172.0,102.5,0.0,2.0,0.0,0.0,0.11707317073170732,205.0,2.0,1
333705,1,1,2.0,3.0,3.0,6.0,4.0,3.0,0.0,2.0,0.0,0.0,0.5,6.0,2.0,1
333706,5,1,163.0,4209.0,961.0,5170.0,223.0,29.71264367816092,7.0,167.0,0.0,0.0,0.18588007736943907,1034.0,32.6,1
333707,1,1,2.0,181.0,24.0,205.0,172.0,102.5,0.0,2.0,0.0,0.0,0.11707317073170732,205.0,2.0,1
333708,1,1,1.0,1.0,1.0,2.0,2.0,2.0,0.0,1.0,0.0,0.0,0.5,2.0,1.0,1
333710,2,1,7.0,497.0,77.0,574.0,93.0,47.833333333333336,0.0,12.0,0.0,0.0,0.13414634146341464,287.0,3.5,1
333712,2,1,2.0,62.0,4.0,66.0,36.0,22.0,1.0,2.0,0.0,0.0,0.06060606060606061,33.0,1.0,1
333719,1,1,1.0,17.0,2.0,19.0,19.0,19.0,0.0,1.0,0.0,0.0,0.10526315789473684,19.0,1.0,1
333727,18,1,591.0,30517.0,8733.0,39250.0,1083.0,58.75748502994012,63.0,593.0,7.0,5.0,0.2224968152866242,2180.5555555555557,32.833333333333336,1
333732,1,1,1.0,72.0,0.0,72.0,72.0,72.0,0.0,1.0,0.0,0.0,0.0,72.0,1.0,1
333733,1,1,1.0,13.0,0.0,13.0,13.0,13.0,0.0,1.0,0.0,0.0,0.0,13.0,1.0,1
333734,1,1,2.0,56.0,7.0,63.0,52.0,31.5,0.0,2.0,0.0,0.0,0.1111111111111111,63.0,2.0,1
333736,6,1,32.0,1582.0,62.0,1644.0,239.0,42.15384615384615,1.0,38.0,0.0,0.0,0.037712895377128956,274.0,5.333333333333333,1
333737,3,2,1.0,11.0,11.0,22.0,9.0,7.333333333333333,0.0,3.0,0.0,0.0,0.5,7.333333333333333,0.3333333333333333,2
333739,3,1,303.0,1415.0,904.0,2319.0,186.0,3.845771144278607,34.0,554.0,15.0,0.0,0.3898231996550237,773.0,101.0,1
333741,2,1,3.0,39.0,2.0,41.0,29.0,13.666666666666666,0.0,3.0,0.0,0.0,0.04878048780487805,20.5,1.5,1
333743,2,1,4.0,19.0,7.0,26.0,9.0,4.333333333333333,0.0,6.0,0.0,0.0,0.2692307692307692,13.0,2.0,1
333744,1,1,7.0,58.0,2.0,60.0,15.0,8.571428571428571,1.0,6.0,0.0,0.0,0.03333333333333333,60.0,7.0,1
333745,1,1,4.0,55.0,9.0,64.0,50.0,16.0,0.0,4.0,0.0,0.0,0.140625,64.0,4.0,1
333746,2,1,8.0,243.0,47.0,290.0,83.0,36.25,0.0,8.0,0.0,0.0,0.16206896551724137,145.0,4.0,1
333748,3,1,1.0,3.0,3.0,6.0,2.0,2.0,0.0,3.0,0.0,0.0,0.5,2.0,0.3333333333333333,1
333749,1,1,4.0,86.0,86.0,172.0,82.0,43.0,0.0,4.0,0.0,0.0,0.5,172.0,4.0,1
333751,1,1,2.0,32.0,9.0,41.0,23.0,20.5,0.0,2.0,0.0,0.0,0.21951219512195122,41.0,2.0,1
333753,1,1,2.0,70.0,8.0,78.0,49.0,39.0,0.0,2.0,0.0,0.0,0.10256410256410256,78.0,2.0,1
333754,1,1,1.0,10.0,0.0,10.0,10.0,10.0,0.0,1.0,0.0,0.0,0.0,10.0,1.0,1
333756,3,1,304.0,1132.0,412.0,1544.0,186.0,5.078947368421052,19.0,285.0,0.0,0.0,0.266839378238342,514.6666666666666,101.33333333333333,1
333762,2,1,3.0,4.0,4.0,8.0,4.0,2.6666666666666665,0.0,3.0,0.0,0.0,0.5,4.0,1.5,1
333767,1,1,1.0,1.0,1.0,2.0,2.0,2.0,0.0,1.0,0.0,0.0,0.5,2.0,1.0,1
333773,1,1,2.0,5.0,7.0,12.0,7.0,6.0,0.0,2.0,0.0,0.0,0.5833333333333334,12.0,2.0,1
333774,2,1,3.0,54.0,14.0,68.0,39.0,13.6,0.0,5.0,0.0,0.0,0.20588235294117646,34.0,1.5,1
333775,2,1,11.0,265.0,51.0,316.0,136.0,24.307692307692307,0.0,13.0,0.0,0.0,0.16139240506329114,158.0,5.5,1
333780,1,1,1.0,21.0,8.0,29.0,29.0,29.0,0.0,1.0,0.0,0.0,0.27586206896551724,29.0,1.0,1
333781,3,2,3.0,83.0,63.0,146.0,37.0,24.333333333333332,1.0,4.0,1.0,0.0,0.4315068493150685,48.666666666666664,1.0,2
333782,3,1,7.0,225.0,110.0,335.0,62.0,25.76923076923077,0.0,13.0,0.0,0.0,0.3283582089552239,111.66666666666667,2.3333333333333335,1
333784,18,1,356.0,6523.0,1529.0,8052.0,382.0,20.384810126582277,31.0,362.0,0.0,2.0,0.18989071038251365,447.3333333333333,19.77777777777778,1
333787,4,2,1.0,71.0,35.0,106.0,60.0,26.5,0.0,4.0,0.0,0.0,0.330188679245283,26.5,0.25,2
333789,1,1,8.0,145.0,7.0,152.0,52.0,19.0,0.0,8.0,0.0,0.0,0.046052631578947366,152.0,8.0,1
333791,4,1,24.0,487.0,80.0,567.0,200.0,19.551724137931036,0.0,29.0,0.0,0.0,0.14109347442680775,141.75,6.0,1
333796,3,1,96.0,2402.0,794.0,3196.0,263.0,32.61224489795919,0.0,98.0,0.0,0.0,0.24843554443053817,1065.3333333333333,32.0,1
333798,1,1,1.0,6.0,0.0,6.0,6.0,6.0,0.0,1.0,0.0,0.0,0.0,6.0,1.0,1
333800,1,1,6.0,202.0,12.0,214.0,60.0,35.666666666666664,0.0,6.0,0.0,0.0,0.056074766355140186,214.0,6.0,1
333801,1,1,1.0,3.0,3.0,6.0,6.0,6.0,0.0,1.0,0.0,0.0,0.5,6.0,1.0,1
333803,5,1,60.0,1484.0,249.0,1733.0,263.0,25.865671641791046,0.0,67.0,0.0,0.0,0.1436814772071552,346.6,12.0,1
333804,1,1,2.0,58.0,0.0,58.0,46.0,29.0,0.0,2.0,0.0,0.0,0.0,58.0,2.0,1
333808,1,1,2.0,58.0,0.0,58.0,46.0,29.0,0.0,2.0,0.0,0.0,0.0,58.0,2.0,1
333810,4,2,31.0,1015.0,199.0,1214.0,263.0,33.72222222222222,1.0,34.0,1.0,0.0,0.16392092257001648,303.5,7.75,2
333811,3,1,6.0,230.0,49.0,279.0,99.0,34.875,0.0,8.0,0.0,0.0,0.17562724014336917,93.0,2.0,1
333812,1,1,3.0,9.0,1.0,10.0,4.0,3.3333333333333335,0.0,3.0,0.0,0.0,0.1,10.0,3.0,1
333813,1,1,2.0,2.0,2.0,4.0,2.0,2.0,0.0,2.0,0.0,0.0,0.5,4.0,2.0,1
333815,1,1,2.0,33.0,21.0,54.0,45.0,27.0,0.0,2.0,0.0,0.0,0.3888888888888889,54.0,2.0,1
333818,3,1,17.0,1286.0,104.0,1390.0,769.0,63.18181818181818,2.0,20.0,0.0,0.0,0.07482014388489208,463.3333333333333,5.666666666666667,1
333821,1,1,1.0,23.0,23.0,46.0,46.0,46.0,0.0,1.0,0.0,0.0,0.5,46.0,1.0,1
333822,1,1,2.0,33.0,5.0,38.0,25.0,19.0,0.0,2.0,0.0,0.0,0.13157894736842105,38.0,2.0,1
333823,7,1,8.0,399.0,280.0,679.0,123.0,18.86111111111111,0.0,36.0,0.0,0.0,0.41237113402061853,97.0,1.1428571428571428,1
333825,2,1,51.0,1341.0,188.0,1529.0,263.0,29.980392156862745,0.0,51.0,0.0,0.0,0.12295618051013735,764.5,25.5,1
333826,1,1,1.0,1.0,64.0,65.0,65.0,65.0,0.0,1.0,0.0,0.0,0.9846153846153847,65.0,1.0,1
333827,6,1,2.0,435.0,156.0,591.0,151.0,53.72727272727273,0.0,11.0,0.0,0.0,0.2639593908629442,98.5,0.3333333333333333,1
333829,2,1,15.0,383.0,45.0,428.0,104.0,20.38095238095238,0.0,21.0,0.0,0.0,0.10514018691588785,214.0,7.5,1
333831,1,1,2.0,69.0,3.0,72.0,49.0,36.0,0.0,2.0,0.0,0.0,0.041666666666666664,72.0,2.0,1
333833,12,1,7.0,471.0,84.0,555.0,73.0,24.130434782608695,0.0,23.0,0.0,0.0,0.15135135135135136,46.25,0.5833333333333334,1
333834,10,1,315.0,4771.0,1199.0,5970.0,382.0,17.981927710843372,29.0,301.0,0.0,2.0,0.20083752093802346,597.0,31.5,1
333835,3,1,13.0,359.0,80.0,439.0,73.0,27.4375,0.0,16.0,0.0,0.0,0.18223234624145787,146.33333333333334,4.333333333333333,1
333837,2,2,2.0,50.0,0.0,50.0,29.0,25.0,0.0,2.0,0.0,0.0,0.0,25.0,1.0,2
333838,2,1,8.0,18.0,8.0,26.0,9.0,3.25,0.0,8.0,0.0,0.0,0.3076923076923077,13.0,4.0,1
333839,6,1,40.0,1439.0,190.0,1629.0,121.0,30.735849056603772,2.0,51.0,0.0,0.0,0.11663597298956414,271.5,6.666666666666667,1
333840,4,1,322.0,12614.0,2920.0,15534.0,772.0,46.78915662650602,17.0,310.0,5.0,0.0,0.1879747650315437,3883.5,80.5,1
333842,2,1,9.0,216.0,13.0,229.0,132.0,22.9,0.0,10.0,0.0,0.0,0.056768558951965066,114.5,4.5,1
333844,4,1,3.0,89.0,38.0,127.0,63.0,18.142857142857142,0.0,7.0,0.0,0.0,0.2992125984251969,31.75,0.75,1
333846,2,1,4.0,124.0,8.0,132.0,44.0,18.857142857142858,0.0,7.0,0.0,0.0,0.06060606060606061,66.0,2.0,1
333847,2,1,3.0,187.0,9.0,196.0,106.0,49.0,0.0,4.0,0.0,0.0,0.04591836734693878,98.0,1.5,1
333851,4,1,69.0,1749.0,187.0,1936.0,136.0,26.52054794520548,1.0,72.0,0.0,0.0,0.09659090909090909,484.0,17.25,1
333853,5,1,65.0,1415.0,286.0,1701.0,136.0,22.68,1.0,74.0,0.0,0.0,0.16813639035861258,340.2,13.0,1
333854,2,1,5.0,109.0,24.0,133.0,35.0,16.625,0.0,8.0,0.0,0.0,0.18045112781954886,66.5,2.5,1
333855,2,1,1.0,41.0,11.0,52.0,33.0,26.0,0.0,2.0,0.0,0.0,0.21153846153846154,26.0,0.5,1
333857,1,1,2.0,49.0,42.0,91.0,82.0,45.5,0.0,2.0,0.0,0.0,0.46153846153846156,91.0,2.0,1
333858,6,5,370.0,15439.0,3666.0,19105.0,772.0,48.73724489795919,24.0,360.0,8.0,0.0,0.1918869405914682,3184.1666666666665,61.666666666666664,5
333859,1,1,10.0,204.0,20.0,224.0,68.0,22.4,0.0,10.0,0.0,0.0,0.08928571428571429,224.0,10.0,1
333861,1,1,5.0,44.0,7.0,51.0,33.0,10.2,0.0,5.0,0.0,0.0,0.13725490196078433,51.0,5.0,1
333862,1,1,1.0,1.0,1.0,2.0,2.0,2.0,0.0,1.0,0.0,0.0,0.5,2.0,1.0,1
333863,2,2,4.0,140.0,19.0,159.0,114.0,31.8,0.0,5.0,0.0,0.0,0.11949685534591195,79.5,2.0,2
333864,3,1,10.0,682.0,20.0,702.0,139.0,46.8,0.0,15.0,0.0,0.0,0.02849002849002849,234.0,3.3333333333333335,1
333868,1,1,1.0,2.0,2.0,4.0,4.0,4.0,0.0,1.0,0.0,0.0,0.5,4.0,1.0,1
333869,3,2,305.0,12112.0,3312.0,15424.0,772.0,50.40522875816993,18.0,281.0,7.0,0.0,0.21473029045643152,5141.333333333333,101.66666666666667,2
333870,3,2,3.0,95.0,63.0,158.0,56.0,31.6,0.0,5.0,0.0,0.0,0.3987341772151899,52.666666666666664,1.0,2
333871,1,1,3.0,15.0,35.0,50.0,46.0,16.666666666666668,0.0,3.0,0.0,0.0,0.7,50.0,3.0,1
333872,4,1,18.0,332.0,45.0,377.0,59.0,17.952380952380953,2.0,19.0,0.0,0.0,0.11936339522546419,94.25,4.5,1
333873,3,1,4.0,187.0,95.0,282.0,122.0,28.2,0.0,10.0,0.0,0.0,0.33687943262411346,94.0,1.3333333333333333,1
333874,1,1,4.0,50.0,6.0,56.0,41.0,14.0,1.0,3.0,0.0,0.0,0.10714285714285714,56.0,4.0,1
333878,1,1,1.0,2.0,1.0,3.0,3.0,3.0,0.0,1.0,0.0,0.0,0.3333333333333333,3.0,1.0,1
333883,3,1,7.0,364.0,204.0,568.0,131.0,37.86666666666667,1.0,14.0,0.0,0.0,0.3591549295774648,189.33333333333334,2.3333333333333335,1
333886,3,1,103.0,2732.0,1891.0,4623.0,261.0,43.205607476635514,7.0,92.0,8.0,0.0,0.409041747782825,1541.0,34.333333333333336,1
333888,1,1,2.0,49.0,4.0,53.0,47.0,26.5,0.0,2.0,0.0,0.0,0.07547169811320754,53.0,2.0,1
333889,3,1,19.0,451.0,178.0,629.0,142.0,21.689655172413794,5.0,19.0,5.0,0.0,0.28298887122416533,209.66666666666666,6.333333333333333,1
333892,1,1,1.0,47.0,41.0,88.0,88.0,88.0,0.0,1.0,0.0,0.0,0.4659090909090909,88.0,1.0,1
333893,1,1,3.0,22.0,2.0,24.0,18.0,8.0,0.0,3.0,0.0,0.0,0.08333333333333333,24.0,3.0,1
333896,2,1,10.0,331.0,42.0,373.0,94.0,28.692307692307693,0.0,13.0,0.0,0.0,0.1126005361930295,186.5,5.0,1
333897,3,1,186.0,5385.0,1097.0,6482.0,265.0,33.58549222797927,3.0,190.0,0.0,0.0,0.16923788954026536,2160.6666666666665,62.0,1
333899,1,1,4.0,74.0,74.0,148.0,72.0,37.0,0.0,4.0,0.0,0.0,0.5,148.0,4.0,1
333902,4,1,106.0,3043.0,786.0,3829.0,265.0,33.008620689655174,3.0,113.0,0.0,0.0,0.20527552885870984,957.25,26.5,1
333903,4,1,3.0,23.0,3.0,26.0,9.0,4.333333333333333,3.0,3.0,0.0,0.0,0.11538461538461539,6.5,0.75,1
333904,1,1,1.0,11.0,0.0,11.0,11.0,11.0,0.0,1.0,0.0,0.0,0.0,11.0,1.0,1
333905,1,1,1.0,2.0,1.0,3.0,3.0,3.0,0.0,1.0,0.0,0.0,0.3333333333333333,3.0,1.0,1
333908,1,1,3.0,84.0,17.0,101.0,41.0,33.666666666666664,0.0,3.0,0.0,0.0,0.16831683168316833,101.0,3.0,1
333909,5,1,362.0,22302.0,4361.0,26663.0,788.0,71.10133333333333,38.0,333.0,4.0,0.0,0.16355998949855605,5332.6,72.4,1
333914,1,1,4.0,86.0,86.0,172.0,82.0,43.0,0.0,4.0,0.0,0.0,0.5,172.0,4.0,1
333916,2,2,9.0,103.0,96.0,199.0,82.0,22.11111111111111,0.0,9.0,0.0,0.0,0.4824120603015075,99.5,4.5,2
333917,1,1,4.0,408.0,84.0,492.0,242.0,123.0,0.0,4.0,0.0,0.0,0.17073170731707318,492.0,4.0,1
333919,2,1,2.0,90.0,8.0,98.0,54.0,32.666666666666664,0.0,3.0,0.0,0.0,0.08163265306122448,49.0,1.0,1
333920,5,1,10.0,449.0,105.0,554.0,146.0,27.7,2.0,18.0,0.0,0.0,0.18953068592057762,110.8,2.0,1
333921,6,1,15.0,1043.0,90.0,1133.0,369.0,41.96296296296296,0.0,27.0,0.0,0.0,0.0794351279788173,188.83333333333334,2.5,1
333922,7,1,32.0,4665.0,1529.0,6194.0,3842.0,158.82051282051282,23.0,16.0,0.0,0.0,0.2468517920568292,884.8571428571429,4.571428571428571,1
333923,2,1,5.0,128.0,9.0,137.0,85.0,19.571428571428573,0.0,7.0,0.0,0.0,0.06569343065693431,68.5,2.5,1
333925,1,1,2.0,15.0,1.0,16.0,12.0,8.0,0.0,2.0,0.0,0.0,0.0625,16.0,2.0,1
333926,3,1,8.0,794.0,29.0,823.0,151.0,58.785714285714285,0.0,14.0,0.0,0.0,0.03523693803159174,274.3333333333333,2.6666666666666665,1
333928,1,1,14.0,297.0,33.0,330.0,87.0,23.571428571428573,0.0,14.0,0.0,0.0,0.1,330.0,14.0,1
333930,2,1,7.0,1014.0,487.0,1501.0,365.0,150.1,0.0,10.0,0.0,0.0,0.32445036642238506,750.5,3.5,1
333937,2,1,2.0,249.0,4.0,253.0,185.0,63.25,0.0,4.0,0.0,0.0,0.015810276679841896,126.5,1.0,1
333938,3,1,9.0,197.0,33.0,230.0,63.0,19.166666666666668,1.0,11.0,0.0,0.0,0.14347826086956522,76.66666666666667,3.0,1
333942,1,1,9.0,159.0,17.0,176.0,42.0,19.555555555555557,1.0,8.0,0.0,0.0,0.09659090909090909,176.0,9.0,1
333943,4,1,304.0,16357.0,10858.0,27215.0,1591.0,88.93790849673202,55.0,213.0,37.0,1.0,0.39897115561271357,6803.75,76.0,1
333945,1,1,2.0,9.0,2.0,11.0,9.0,5.5,0.0,2.0,0.0,0.0,0.18181818181818182,11.0,2.0,1
333946,1,1,2.0,39.0,3.0,42.0,38.0,21.0,0.0,2.0,0.0,0.0,0.07142857142857142,42.0,2.0,1
333949,1,1,2.0,5.0,1.0,6.0,3.0,3.0,0.0,2.0,0.0,0.0,0.16666666666666666,6.0,2.0,1
333952,1,1,0.0,0.0,0.0,0.0,0.0,0.0,0.0,0.0,0.0,0.0,0.0,0.0,0.0,1
333953,3,1,4.0,16.0,16.0,32.0,8.0,4.0,0.0,8.0,0.0,0.0,0.5,10.666666666666666,1.3333333333333333,1
333955,5,1,310.0,14477.0,2540.0,17017.0,802.0,52.36,24.0,296.0,5.0,0.0,0.14926250220367868,3403.4,62.0,1
333956,2,1,7.0,250.0,20.0,270.0,97.0,30.0,0.0,9.0,0.0,0.0,0.07407407407407407,135.0,3.5,1
333959,1,1,2.0,15.0,4.0,19.0,17.0,9.5,0.0,2.0,0.0,0.0,0.21052631578947367,19.0,2.0,1
333960,1,1,1.0,0.0,2.0,2.0,2.0,2.0,0.0,1.0,0.0,0.0,1.0,2.0,1.0,1
333961,1,1,9.0,94.0,70.0,164.0,48.0,18.22222222222222,2.0,7.0,0.0,0.0,0.4268292682926829,164.0,9.0,1
333962,1,1,6.0,31.0,31.0,62.0,26.0,10.333333333333334,0.0,6.0,0.0,0.0,0.5,62.0,6.0,1
333963,3,1,270.0,12632.0,3147.0,15779.0,772.0,58.0110294117647,23.0,241.0,8.0,0.0,0.19944229672349326,5259.666666666667,90.0,1
333964,8,1,30.0,894.0,230.0,1124.0,130.0,23.416666666666668,1.0,47.0,0.0,0.0,0.20462633451957296,140.5,3.75,1
333965,9,1,668.0,47573.0,10271.0,57844.0,3842.0,61.7991452991453,106.0,821.0,8.0,1.0,0.17756379226886107,6427.111111111111,74.22222222222223,1
333968,3,1,307.0,6556.0,1239.0,7795.0,772.0,25.22653721682848,28.0,279.0,0.0,2.0,0.15894804361770365,2598.3333333333335,102.33333333333333,1
333969,2,1,4.0,74.0,22.0,96.0,72.0,24.0,0.0,4.0,0.0,0.0,0.22916666666666666,48.0,2.0,1
333970,2,2,4.0,74.0,74.0,148.0,72.0,37.0,0.0,4.0,0.0,0.0,0.5,74.0,2.0,2
333973,14,2,10.0,738.0,329.0,1067.0,174.0,24.813953488372093,0.0,43.0,0.0,0.0,0.3083411433926898,76.21428571428571,0.7142857142857143,2
333980,3,1,3.0,55.0,1.0,56.0,39.0,14.0,0.0,4.0,0.0,0.0,0.017857142857142856,18.666666666666668,1.0,1
333981,2,1,2.0,106.0,5.0,111.0,54.0,27.75,1.0,3.0,0.0,0.0,0.04504504504504504,55.5,1.0,1
333982,4,1,310.0,17758.0,3838.0,21596.0,4084.0,67.27725856697819,52.0,269.0,0.0,0.0,0.17771809594369328,5399.0,77.5,1
333984,1,1,3.0,74.0,1.0,75.0,38.0,25.0,1.0,2.0,0.0,0.0,0.013333333333333334,75.0,3.0,1
333985,1,1,6.0,168.0,63.0,231.0,140.0,38.5,0.0,6.0,0.0,0.0,0.2727272727272727,231.0,6.0,1
333986,1,1,1.0,66.0,0.0,66.0,66.0,66.0,1.0,0.0,0.0,0.0,0.0,66.0,1.0,1
333987,3,1,4.0,44.0,14.0,58.0,36.0,11.6,0.0,5.0,0.0,0.0,0.2413793103448276,19.333333333333332,1.3333333333333333,1
333989,2,1,14.0,483.0,86.0,569.0,188.0,33.470588235294116,0.0,17.0,0.0,0.0,0.15114235500878734,284.5,7.0,1
333991,2,1,2.0,125.0,19.0,144.0,65.0,36.0,0.0,4.0,0.0,0.0,0.13194444444444445,72.0,1.0,1
333992,7,1,24.0,2194.0,855.0,3049.0,757.0,84.69444444444444,10.0,24.0,0.0,2.0,0.2804198097736963,435.57142857142856,3.4285714285714284,1
333998,3,1,3.0,257.0,20.0,277.0,129.0,69.25,0.0,4.0,0.0,0.0,0.07220216606498195,92.33333333333333,1.0,1
333999,3,1,4.0,67.0,8.0,75.0,24.0,12.5,0.0,6.0,0.0,0.0,0.10666666666666667,25.0,1.3333333333333333,1
334000,9,1,301.0,13476.0,3482.0,16958.0,772.0,54.52733118971061,23.0,280.0,8.0,0.0,0.20533081731336242,1884.2222222222222,33.44444444444444,1
334001,2,1,2.0,42.0,3.0,45.0,35.0,22.5,0.0,2.0,0.0,0.0,0.06666666666666667,22.5,1.0,1
334002,1,1,2.0,27.0,1.0,28.0,26.0,14.0,0.0,2.0,0.0,0.0,0.03571428571428571,28.0,2.0,1
334003,1,1,6.0,756.0,47.0,803.0,334.0,133.83333333333334,0.0,6.0,0.0,0.0,0.058530510585305104,803.0,6.0,1
334005,2,1,6.0,169.0,16.0,185.0,71.0,30.833333333333332,0.0,6.0,0.0,0.0,0.08648648648648649,92.5,3.0,1
334008,1,1,6.0,227.0,44.0,271.0,143.0,45.166666666666664,0.0,6.0,0.0,0.0,0.16236162361623616,271.0,6.0,1
334010,3,1,7.0,337.0,64.0,401.0,77.0,36.45454545454545,0.0,11.0,0.0,0.0,0.1596009975062344,133.66666666666666,2.3333333333333335,1
334011,1,1,3.0,99.0,2.0,101.0,66.0,33.666666666666664,0.0,3.0,0.0,0.0,0.019801980198019802,101.0,3.0,1
334013,1,1,2.0,19.0,2.0,21.0,17.0,10.5,0.0,2.0,0.0,0.0,0.09523809523809523,21.0,2.0,1
334021,2,1,2.0,48.0,0.0,48.0,41.0,24.0,0.0,2.0,0.0,0.0,0.0,24.0,1.0,1
334022,20,1,28.0,2099.0,1292.0,3391.0,226.0,28.024793388429753,4.0,115.0,2.0,0.0,0.3810085520495429,169.55,1.4,1
334024,1,1,1.0,14.0,13.0,27.0,27.0,27.0,0.0,1.0,0.0,0.0,0.48148148148148145,27.0,1.0,1
334025,1,1,1.0,21.0,7.0,28.0,28.0,28.0,0.0,1.0,0.0,0.0,0.25,28.0,1.0,1
334026,1,1,1.0,3.0,3.0,6.0,6.0,6.0,0.0,1.0,0.0,0.0,0.5,6.0,1.0,1
334030,2,1,1.0,3.0,2.0,5.0,5.0,5.0,0.0,1.0,0.0,0.0,0.4,2.5,0.5,1
334032,1,1,3.0,231.0,19.0,250.0,190.0,83.33333333333333,0.0,3.0,0.0,0.0,0.076,250.0,3.0,1
334034,2,1,24.0,319.0,155.0,474.0,109.0,15.8,0.0,30.0,0.0,0.0,0.3270042194092827,237.0,12.0,1
334036,4,1,12.0,583.0,200.0,783.0,217.0,39.15,0.0,19.0,1.0,0.0,0.2554278416347382,195.75,3.0,1
334037,2,1,3.0,56.0,7.0,63.0,20.0,12.6,0.0,5.0,0.0,0.0,0.1111111111111111,31.5,1.5,1
334038,1,1,4.0,34.0,8.0,42.0,14.0,10.5,0.0,4.0,0.0,0.0,0.19047619047619047,42.0,4.0,1
334039,2,1,2.0,53.0,3.0,56.0,46.0,18.666666666666668,0.0,3.0,0.0,0.0,0.05357142857142857,28.0,1.0,1
334040,2,1,2.0,182.0,28.0,210.0,109.0,52.5,0.0,4.0,0.0,0.0,0.13333333333333333,105.0,1.0,1
334042,3,1,8.0,1255.0,312.0,1567.0,425.0,97.9375,4.0,12.0,0.0,0.0,0.19910657306955967,522.3333333333334,2.6666666666666665,1
334043,2,1,15.0,412.0,84.0,496.0,95.0,22.545454545454547,0.0,22.0,0.0,0.0,0.1693548387096774,248.0,7.5,1
334044,2,1,8.0,398.0,35.0,433.0,132.0,39.36363636363637,0.0,11.0,0.0,0.0,0.08083140877598152,216.5,4.0,1
334045,3,1,8.0,431.0,25.0,456.0,157.0,45.6,0.0,10.0,0.0,0.0,0.05482456140350877,152.0,2.6666666666666665,1
334048,1,1,2.0,54.0,2.0,56.0,48.0,28.0,0.0,2.0,0.0,0.0,0.03571428571428571,56.0,2.0,1
334049,2,1,6.0,477.0,9.0,486.0,220.0,60.75,2.0,6.0,0.0,0.0,0.018518518518518517,243.0,3.0,1
334051,2,1,2.0,54.0,2.0,56.0,54.0,28.0,0.0,2.0,0.0,0.0,0.03571428571428571,28.0,1.0,1
334052,1,1,1.0,0.0,37.0,37.0,37.0,37.0,0.0,1.0,0.0,0.0,1.0,37.0,1.0,1
334056,2,2,1.0,164.0,1.0,165.0,164.0,82.5,0.0,2.0,0.0,0.0,0.006060606060606061,82.5,0.5,2
334057,2,2,23.0,93.0,93.0,186.0,72.0,8.08695652173913,0.0,23.0,0.0,0.0,0.5,93.0,11.5,2
334060,1,1,1.0,3.0,3.0,6.0,6.0,6.0,0.0,1.0,0.0,0.0,0.5,6.0,1.0,1
334063,6,2,633.0,17623.0,8145.0,25768.0,837.0,39.76543209876543,49.0,588.0,11.0,0.0,0.3160897236882956,4294.666666666667,105.5,2
334065,3,1,12.0,219.0,60.0,279.0,53.0,17.4375,0.0,16.0,0.0,0.0,0.21505376344086022,93.0,4.0,1
334066,3,1,5.0,169.0,14.0,183.0,59.0,20.333333333333332,0.0,9.0,0.0,0.0,0.07650273224043716,61.0,1.6666666666666667,1
334067,2,1,2.0,47.0,3.0,50.0,40.0,25.0,0.0,2.0,0.0,0.0,0.06,25.0,1.0,1
334068,4,1,19.0,878.0,473.0,1351.0,261.0,48.25,0.0,28.0,0.0,0.0,0.35011102886750556,337.75,4.75,1
334071,6,1,6.0,504.0,82.0,586.0,92.0,29.3,0.0,20.0,0.0,0.0,0.13993174061433447,97.66666666666667,1.0,1
334072,2,1,3.0,401.0,10.0,411.0,120.0,82.2,0.0,5.0,0.0,0.0,0.024330900243309004,205.5,1.5,1
334078,2,1,3.0,94.0,26.0,120.0,49.0,30.0,0.0,4.0,0.0,0.0,0.21666666666666667,60.0,1.5,1
334079,3,1,6.0,537.0,37.0,574.0,237.0,41.0,0.0,14.0,0.0,0.0,0.06445993031358885,191.33333333333334,2.0,1
334080,15,1,7.0,720.0,325.0,1045.0,370.0,30.735294117647058,0.0,34.0,0.0,0.0,0.31100478468899523,69.66666666666667,0.4666666666666667,1
334081,2,1,307.0,12600.0,3581.0,16181.0,772.0,52.535714285714285,46.0,258.0,2.0,2.0,0.22130894258698475,8090.5,153.5,1
334082,2,1,3.0,20.0,23.0,43.0,40.0,14.333333333333334,0.0,3.0,0.0,0.0,0.5348837209302325,21.5,1.5,1
334083,3,1,2.0,14.0,11.0,25.0,11.0,5.0,0.0,5.0,0.0,0.0,0.44,8.333333333333334,0.6666666666666666,1
334084,20,2,83.0,3140.0,865.0,4005.0,261.0,32.29838709677419,1.0,123.0,0.0,0.0,0.21598002496878901,200.25,4.15,2
334085,1,1,2.0,48.0,7.0,55.0,51.0,27.5,0.0,2.0,0.0,0.0,0.12727272727272726,55.0,2.0,1
334086,4,1,139.0,8534.0,2354.0,10888.0,3842.0,76.67605633802818,34.0,108.0,0.0,0.0,0.21620132255694344,2722.0,34.75,1
334087,2,1,6.0,147.0,10.0,157.0,57.0,17.444444444444443,0.0,9.0,0.0,0.0,0.06369426751592357,78.5,3.0,1
334089,3,1,108.0,7347.0,1818.0,9165.0,3842.0,84.86111111111111,34.0,74.0,0.0,0.0,0.1983633387888707,3055.0,36.0,1
334091,5,1,210.0,10717.0,2357.0,13074.0,3842.0,57.849557522123895,39.0,187.0,0.0,0.0,0.1802814746825761,2614.8,42.0,1
334094,1,1,1.0,21.0,35.0,56.0,56.0,56.0,0.0,1.0,0.0,0.0,0.625,56.0,1.0,1
334095,2,2,2.0,62.0,10.0,72.0,55.0,36.0,1.0,1.0,0.0,0.0,0.1388888888888889,36.0,1.0,2
334096,2,1,2.0,68.0,15.0,83.0,29.0,20.75,0.0,4.0,0.0,0.0,0.18072289156626506,41.5,1.0,1
334098,2,1,2.0,116.0,8.0,124.0,65.0,31.0,1.0,3.0,0.0,0.0,0.06451612903225806,62.0,1.0,1
334100,1,1,2.0,19.0,1.0,20.0,13.0,10.0,0.0,2.0,0.0,0.0,0.05,20.0,2.0,1
334101,1,1,6.0,838.0,565.0,1403.0,1208.0,233.83333333333334,2.0,4.0,0.0,0.0,0.40270848182466146,1403.0,6.0,1
334102,1,1,2.0,66.0,9.0,75.0,63.0,37.5,1.0,1.0,0.0,0.0,0.12,75.0,2.0,1
334103,1,1,2.0,66.0,9.0,75.0,63.0,37.5,1.0,1.0,0.0,0.0,0.12,75.0,2.0,1
334104,3,1,4.0,130.0,173.0,303.0,119.0,37.875,1.0,7.0,0.0,0.0,0.570957095709571,101.0,1.3333333333333333,1
334105,4,1,74.0,2484.0,723.0,3207.0,261.0,41.64935064935065,1.0,76.0,0.0,0.0,0.225444340505145,801.75,18.5,1
334108,3,1,33.0,1703.0,438.0,2141.0,242.0,59.47222222222222,1.0,34.0,1.0,0.0,0.20457730032695,713.6666666666666,11.0,1
334110,1,1,2.0,41.0,9.0,50.0,37.0,25.0,1.0,1.0,0.0,0.0,0.18,50.0,2.0,1
334111,6,1,49.0,2951.0,250.0,3201.0,385.0,40.51898734177215,6.0,73.0,0.0,0.0,0.07810059356451109,533.5,8.166666666666666,1
334113,7,1,10.0,600.0,409.0,1009.0,208.0,53.10526315789474,0.0,19.0,0.0,0.0,0.4053518334985134,144.14285714285714,1.4285714285714286,1
334115,232,48,1566.0,134581.0,40444.0,175025.0,3842.0,44.67202654415518,285.0,3598.0,31.0,4.0,0.23107556063419513,754.4181034482758,6.75,48
334116,1,1,1.0,0.0,1310.0,1310.0,1310.0,1310.0,0.0,1.0,0.0,0.0,1.0,1310.0,1.0,1
334118,2,1,14.0,87.0,30.0,117.0,27.0,8.357142857142858,0.0,14.0,0.0,0.0,0.2564102564102564,58.5,7.0,1
334120,1,1,1.0,47.0,41.0,88.0,88.0,88.0,0.0,1.0,0.0,0.0,0.4659090909090909,88.0,1.0,1
334122,2,1,6.0,685.0,300.0,985.0,468.0,89.54545454545455,0.0,11.0,0.0,0.0,0.30456852791878175,492.5,3.0,1
334123,2,1,6.0,93.0,45.0,138.0,42.0,12.545454545454545,0.0,11.0,0.0,0.0,0.32608695652173914,69.0,3.0,1
334124,3,1,9.0,256.0,10.0,266.0,124.0,26.6,0.0,10.0,0.0,0.0,0.03759398496240601,88.66666666666667,3.0,1
334125,5,1,3.0,39.0,18.0,57.0,15.0,7.125,0.0,8.0,0.0,0.0,0.3157894736842105,11.4,0.6,1
334127,2,1,11.0,956.0,42.0,998.0,233.0,71.28571428571429,0.0,14.0,0.0,0.0,0.04208416833667335,499.0,5.5,1
334128,7,1,267.0,12445.0,2982.0,15427.0,1208.0,54.512367491166074,11.0,271.0,1.0,0.0,0.19329746548259544,2203.8571428571427,38.142857142857146,1
334129,4,1,555.0,22812.0,4400.0,27212.0,772.0,46.67581475128645,54.0,527.0,0.0,2.0,0.16169337057180655,6803.0,138.75,1
334130,1,1,5.0,365.0,45.0,410.0,304.0,82.0,1.0,4.0,0.0,0.0,0.10975609756097561,410.0,5.0,1
334131,4,1,8.0,388.0,12.0,400.0,131.0,33.333333333333336,0.0,12.0,0.0,0.0,0.03,100.0,2.0,1
334132,1,1,4.0,84.0,15.0,99.0,49.0,24.75,0.0,4.0,0.0,0.0,0.15151515151515152,99.0,4.0,1
334133,3,1,11.0,238.0,143.0,381.0,91.0,23.8125,0.0,16.0,0.0,0.0,0.3753280839895013,127.0,3.6666666666666665,1
334135,1,1,6.0,62.0,8.0,70.0,28.0,11.666666666666666,0.0,6.0,0.0,0.0,0.11428571428571428,70.0,6.0,1
334136,4,1,16.0,764.0,108.0,872.0,131.0,37.91304347826087,2.0,21.0,0.0,0.0,0.12385321100917432,218.0,4.0,1
334137,2,1,1.0,14.0,9.0,23.0,14.0,11.5,0.0,2.0,0.0,0.0,0.391304347826087,11.5,0.5,1
334139,1,1,4.0,5.0,5.0,10.0,4.0,2.5,0.0,4.0,0.0,0.0,0.5,10.0,4.0,1
334141,6,1,579.0,28964.0,6771.0,35735.0,1208.0,57.267628205128204,55.0,561.0,8.0,0.0,0.18947810270043375,5955.833333333333,96.5,1
334143,6,1,1.0,162.0,315.0,477.0,273.0,95.4,0.0,5.0,0.0,0.0,0.660377358490566,79.5,0.16666666666666666,1
334145,3,1,4.0,218.0,54.0,272.0,84.0,45.333333333333336,1.0,5.0,0.0,0.0,0.19852941176470587,90.66666666666667,1.3333333333333333,1
334146,2,1,16.0,641.0,21.0,662.0,216.0,33.1,0.0,20.0,0.0,0.0,0.03172205438066465,331.0,8.0,1
334147,1,1,4.0,33.0,0.0,33.0,12.0,8.25,0.0,4.0,0.0,0.0,0.0,33.0,4.0,1
334150,7,1,587.0,25372.0,8973.0,34345.0,887.0,54.952,53.0,562.0,10.0,0.0,0.26126073664288835,4906.428571428572,83.85714285714286,1
334151,2,1,5.0,92.0,15.0,107.0,40.0,21.4,0.0,5.0,0.0,0.0,0.14018691588785046,53.5,2.5,1
334154,1,1,8.0,136.0,42.0,178.0,46.0,22.25,0.0,8.0,0.0,0.0,0.23595505617977527,178.0,8.0,1
334163,3,1,314.0,15033.0,3460.0,18493.0,1208.0,56.55351681957187,29.0,297.0,1.0,0.0,0.18709782079705833,6164.333333333333,104.66666666666667,1
334175,1,1,2.0,4.0,4.0,8.0,6.0,4.0,0.0,2.0,0.0,0.0,0.5,8.0,2.0,1
334176,2,2,5.0,79.0,74.0,153.0,72.0,30.6,0.0,5.0,0.0,0.0,0.48366013071895425,76.5,2.5,2
334177,8,1,13.0,525.0,195.0,720.0,304.0,45.0,2.0,13.0,1.0,0.0,0.2708333333333333,90.0,1.625,1
334179,1,1,4.0,13.0,9.0,22.0,8.0,5.5,0.0,4.0,0.0,0.0,0.4090909090909091,22.0,4.0,1
334180,4,1,4.0,284.0,29.0,313.0,117.0,28.454545454545453,2.0,9.0,0.0,0.0,0.0926517571884984,78.25,1.0,1
334184,4,1,543.0,28750.0,5519.0,34269.0,912.0,59.08448275862069,54.0,516.0,9.0,1.0,0.16104934488896672,8567.25,135.75,1
334188,1,1,1.0,5.0,1.0,6.0,6.0,6.0,0.0,1.0,0.0,0.0,0.16666666666666666,6.0,1.0,1
334189,1,1,2.0,42.0,0.0,42.0,40.0,21.0,1.0,1.0,0.0,0.0,0.0,42.0,2.0,1
334191,3,1,4.0,49.0,28.0,77.0,38.0,15.4,0.0,5.0,0.0,0.0,0.36363636363636365,25.666666666666668,1.3333333333333333,1
334192,5,1,519.0,31061.0,6928.0,37989.0,1385.0,62.68811881188119,48.0,549.0,9.0,0.0,0.18236858037853063,7597.8,103.8,1
334197,4,1,8.0,205.0,110.0,315.0,62.0,21.0,0.0,15.0,0.0,0.0,0.3492063492063492,78.75,2.0,1
334202,1,1,1.0,3.0,1.0,4.0,4.0,4.0,0.0,1.0,0.0,0.0,0.25,4.0,1.0,1
334203,1,1,1.0,5.0,5.0,10.0,10.0,10.0,0.0,1.0,0.0,0.0,0.5,10.0,1.0,1
334204,1,1,4.0,54.0,45.0,99.0,50.0,24.75,0.0,4.0,0.0,0.0,0.45454545454545453,99.0,4.0,1
334205,3,2,295.0,13049.0,4417.0,17466.0,611.0,59.20677966101695,30.0,254.0,9.0,2.0,0.2528913317302187,5822.0,98.33333333333333,2
334208,3,1,3.0,38.0,7.0,45.0,29.0,9.0,1.0,4.0,0.0,0.0,0.15555555555555556,15.0,1.0,1
334209,2,1,19.0,381.0,90.0,471.0,118.0,23.55,3.0,17.0,0.0,0.0,0.1910828025477707,235.5,9.5,1
334212,4,1,13.0,212.0,74.0,286.0,61.0,19.066666666666666,0.0,15.0,0.0,0.0,0.25874125874125875,71.5,3.25,1
334213,1,1,2.0,68.0,3.0,71.0,53.0,35.5,0.0,2.0,0.0,0.0,0.04225352112676056,71.0,2.0,1
334215,4,2,3.0,72.0,25.0,97.0,34.0,19.4,1.0,4.0,0.0,0.0,0.25773195876288657,24.25,0.75,2
334221,2,1,11.0,312.0,19.0,331.0,162.0,30.09090909090909,0.0,11.0,0.0,0.0,0.05740181268882175,165.5,5.5,1
334222,2,1,6.0,333.0,180.0,513.0,131.0,57.0,0.0,9.0,0.0,0.0,0.3508771929824561,256.5,3.0,1
334223,1,1,0.0,0.0,0.0,0.0,0.0,0.0,0.0,0.0,0.0,0.0,0.0,0.0,0.0,1
334224,2,2,6.0,101.0,36.0,137.0,40.0,19.571428571428573,0.0,7.0,0.0,0.0,0.26277372262773724,68.5,3.0,2
334226,10,1,23.0,632.0,149.0,781.0,123.0,23.666666666666668,2.0,31.0,0.0,0.0,0.19078104993597952,78.1,2.3,1
334230,1,1,1.0,1.0,8.0,9.0,9.0,9.0,0.0,1.0,0.0,0.0,0.8888888888888888,9.0,1.0,1
334231,1,1,1.0,19.0,11.0,30.0,30.0,30.0,0.0,1.0,0.0,0.0,0.36666666666666664,30.0,1.0,1
334233,4,1,318.0,9075.0,6058.0,15133.0,837.0,46.56307692307692,14.0,300.0,11.0,0.0,0.4003171876032512,3783.25,79.5,1
334235,2,1,2.0,20.0,21.0,41.0,30.0,20.5,0.0,2.0,0.0,0.0,0.5121951219512195,20.5,1.0,1
334237,1,1,1.0,2.0,2.0,4.0,4.0,4.0,0.0,1.0,0.0,0.0,0.5,4.0,1.0,1
334238,1,1,2.0,3.0,3.0,6.0,4.0,3.0,0.0,2.0,0.0,0.0,0.5,6.0,2.0,1
334240,3,1,5.0,942.0,190.0,1132.0,301.0,141.5,0.0,8.0,0.0,0.0,0.16784452296819788,377.3333333333333,1.6666666666666667,1
334242,1,1,2.0,46.0,1.0,47.0,45.0,23.5,1.0,1.0,0.0,0.0,0.02127659574468085,47.0,2.0,1
334245,2,1,12.0,367.0,32.0,399.0,84.0,30.692307692307693,0.0,13.0,0.0,0.0,0.08020050125313283,199.5,6.0,1
334249,9,1,316.0,10325.0,4007.0,14332.0,536.0,40.03351955307262,22.0,329.0,7.0,0.0,0.27958414736254533,1592.4444444444443,35.111111111111114,1
334250,10,1,126.0,8013.0,1850.0,9863.0,1102.0,53.31351351351351,10.0,170.0,4.0,1.0,0.18756970495792355,986.3,12.6,1
334255,2,1,2.0,49.0,3.0,52.0,28.0,17.333333333333332,0.0,3.0,0.0,0.0,0.057692307692307696,26.0,1.0,1
334258,1,1,2.0,91.0,5.0,96.0,57.0,48.0,0.0,2.0,0.0,0.0,0.052083333333333336,96.0,2.0,1
334259,6,1,6.0,42.0,36.0,78.0,19.0,6.0,0.0,13.0,0.0,0.0,0.46153846153846156,13.0,1.0,1
334260,2,1,21.0,186.0,34.0,220.0,72.0,9.565217391304348,0.0,23.0,0.0,0.0,0.15454545454545454,110.0,10.5,1
334269,4,1,5.0,213.0,31.0,244.0,72.0,27.11111111111111,0.0,9.0,0.0,0.0,0.12704918032786885,61.0,1.25,1
334270,10,1,419.0,22173.0,5639.0,27812.0,1234.0,58.675105485232066,33.0,434.0,7.0,0.0,0.20275420681720122,2781.2,41.9,1
334276,1,1,2.0,35.0,21.0,56.0,31.0,28.0,0.0,2.0,0.0,0.0,0.375,56.0,2.0,1
334277,1,1,1.0,12.0,0.0,12.0,12.0,12.0,0.0,1.0,0.0,0.0,0.0,12.0,1.0,1
334278,1,1,18.0,451.0,119.0,570.0,118.0,31.666666666666668,3.0,15.0,0.0,0.0,0.20877192982456141,570.0,18.0,1
334279,1,1,1.0,0.0,149.0,149.0,149.0,149.0,0.0,0.0,1.0,0.0,1.0,149.0,1.0,1
334280,1,1,1.0,1.0,1.0,2.0,2.0,2.0,0.0,1.0,0.0,0.0,0.5,2.0,1.0,1
334287,2,1,8.0,125.0,61.0,186.0,45.0,16.90909090909091,0.0,11.0,0.0,0.0,0.3279569892473118,93.0,4.0,1
334289,2,1,14.0,346.0,106.0,452.0,82.0,28.25,5.0,11.0,0.0,0.0,0.2345132743362832,226.0,7.0,1
334290,1,1,8.0,55.0,20.0,75.0,20.0,9.375,0.0,8.0,0.0,0.0,0.26666666666666666,75.0,8.0,1
334294,3,1,2.0,87.0,8.0,95.0,61.0,19.0,0.0,5.0,0.0,0.0,0.08421052631578947,31.666666666666668,0.6666666666666666,1
334295,1,1,5.0,62.0,6.0,68.0,62.0,13.6,0.0,5.0,0.0,0.0,0.08823529411764706,68.0,5.0,1
334297,2,1,10.0,183.0,42.0,225.0,107.0,20.454545454545453,0.0,11.0,0.0,0.0,0.18666666666666668,112.5,5.0,1
334299,2,1,1.0,18.0,24.0,42.0,24.0,21.0,0.0,2.0,0.0,0.0,0.5714285714285714,21.0,0.5,1
334300,6,1,9.0,3343.0,2532.0,5875.0,1161.0,293.75,5.0,15.0,0.0,0.0,0.4309787234042553,979.1666666666666,1.5,1
334301,1,1,6.0,205.0,12.0,217.0,83.0,36.166666666666664,0.0,6.0,0.0,0.0,0.055299539170506916,217.0,6.0,1
334302,1,1,1.0,24.0,21.0,45.0,45.0,45.0,0.0,1.0,0.0,0.0,0.4666666666666667,45.0,1.0,1
334303,6,1,35.0,787.0,418.0,1205.0,77.0,19.43548387096774,0.0,62.0,0.0,0.0,0.34688796680497924,200.83333333333334,5.833333333333333,1
334304,2,1,5.0,12.0,7.0,19.0,7.0,3.1666666666666665,0.0,6.0,0.0,0.0,0.3684210526315789,9.5,2.5,1
334306,6,1,100.0,4114.0,871.0,4985.0,536.0,46.157407407407405,7.0,100.0,1.0,0.0,0.17472417251755265,830.8333333333334,16.666666666666668,1
334307,3,1,128.0,6564.0,2959.0,9523.0,611.0,74.3984375,8.0,112.0,6.0,2.0,0.31072141131996217,3174.3333333333335,42.666666666666664,1
334308,3,1,5.0,187.0,135.0,322.0,94.0,35.77777777777778,1.0,7.0,1.0,0.0,0.4192546583850932,107.33333333333333,1.6666666666666667,1
334309,1,1,2.0,5.0,7.0,12.0,10.0,6.0,0.0,2.0,0.0,0.0,0.5833333333333334,12.0,2.0,1
334310,5,1,10.0,185.0,42.0,227.0,43.0,14.1875,0.0,16.0,0.0,0.0,0.18502202643171806,45.4,2.0,1
334311,1,1,2.0,13.0,7.0,20.0,12.0,10.0,0.0,2.0,0.0,0.0,0.35,20.0,2.0,1
334312,2,1,302.0,18532.0,3912.0,22444.0,4084.0,73.58688524590164,57.0,247.0,1.0,0.0,0.1743004811976475,11222.0,151.0,1
334313,1,1,1.0,4.0,5.0,9.0,9.0,9.0,0.0,1.0,0.0,0.0,0.5555555555555556,9.0,1.0,1
334316,13,1,317.0,14791.0,2375.0,17166.0,1385.0,48.62889518413598,13.0,340.0,0.0,0.0,0.13835488756844927,1320.4615384615386,24.384615384615383,1
334317,2,1,2.0,51.0,1.0,52.0,45.0,26.0,0.0,2.0,0.0,0.0,0.019230769230769232,26.0,1.0,1
334318,1,1,19.0,45.0,45.0,90.0,6.0,4.7368421052631575,0.0,19.0,0.0,0.0,0.5,90.0,19.0,1
334319,2,1,2.0,44.0,2.0,46.0,24.0,23.0,0.0,2.0,0.0,0.0,0.043478260869565216,23.0,1.0,1
334320,2,1,13.0,701.0,178.0,879.0,536.0,51.705882352941174,0.0,17.0,0.0,0.0,0.2025028441410694,439.5,6.5,1
334322,3,1,301.0,16750.0,3242.0,19992.0,772.0,66.19867549668874,46.0,251.0,3.0,2.0,0.16216486594637855,6664.0,100.33333333333333,1
334324,1,1,2.0,229.0,1.0,230.0,171.0,115.0,1.0,1.0,0.0,0.0,0.004347826086956522,230.0,2.0,1
334325,1,1,1.0,1.0,1.0,2.0,2.0,2.0,0.0,1.0,0.0,0.0,0.5,2.0,1.0,1
334327,2,1,3.0,175.0,13.0,188.0,80.0,31.333333333333332,0.0,6.0,0.0,0.0,0.06914893617021277,94.0,1.5,1
334328,1,1,5.0,414.0,18.0,432.0,192.0,86.4,1.0,4.0,0.0,0.0,0.041666666666666664,432.0,5.0,1
334329,1,1,4.0,214.0,6.0,220.0,102.0,55.0,2.0,2.0,0.0,0.0,0.02727272727272727,220.0,4.0,1
334330,1,1,3.0,160.0,2.0,162.0,71.0,54.0,1.0,2.0,0.0,0.0,0.012345679012345678,162.0,3.0,1
334331,2,1,3.0,44.0,30.0,74.0,18.0,12.333333333333334,0.0,6.0,0.0,0.0,0.40540540540540543,37.0,1.5,1
334332,13,1,547.0,34247.0,8982.0,43229.0,4084.0,66.50615384615385,91.0,549.0,8.0,2.0,0.20777718661083994,3325.3076923076924,42.07692307692308,1
334333,1,1,2.0,51.0,6.0,57.0,34.0,28.5,0.0,2.0,0.0,0.0,0.10526315789473684,57.0,2.0,1
334335,1,1,2.0,0.0,159.0,159.0,99.0,79.5,0.0,0.0,2.0,0.0,1.0,159.0,2.0,1
334336,1,1,3.0,11.0,11.0,22.0,16.0,7.333333333333333,0.0,3.0,0.0,0.0,0.5,22.0,3.0,1
334337,1,1,2.0,114.0,1.0,115.0,75.0,57.5,1.0,1.0,0.0,0.0,0.008695652173913044,115.0,2.0,1
334338,2,1,4.0,224.0,28.0,252.0,59.0,36.0,0.0,7.0,0.0,0.0,0.1111111111111111,126.0,2.0,1
334339,1,1,1.0,3.0,1.0,4.0,4.0,4.0,0.0,1.0,0.0,0.0,0.25,4.0,1.0,1
334341,23,1,409.0,20938.0,9054.0,29992.0,2290.0,54.53090909090909,47.0,493.0,7.0,3.0,0.30188050146705786,1304.0,17.782608695652176,1
334342,1,1,1.0,1.0,1.0,2.0,2.0,2.0,0.0,1.0,0.0,0.0,0.5,2.0,1.0,1
334344,1,1,2.0,55.0,2.0,57.0,53.0,28.5,1.0,1.0,0.0,0.0,0.03508771929824561,57.0,2.0,1
334346,1,1,1.0,7.0,1.0,8.0,8.0,8.0,0.0,1.0,0.0,0.0,0.125,8.0,1.0,1
334348,2,1,2.0,105.0,62.0,167.0,56.0,41.75,0.0,4.0,0.0,0.0,0.3712574850299401,83.5,1.0,1
334353,2,1,18.0,523.0,439.0,962.0,373.0,50.63157894736842,1.0,17.0,1.0,0.0,0.45634095634095634,481.0,9.0,1
334354,4,1,206.0,9660.0,3656.0,13316.0,611.0,61.36405529953917,19.0,187.0,9.0,2.0,0.2745569240012016,3329.0,51.5,1
334356,7,1,29.0,863.0,311.0,1174.0,122.0,30.102564102564102,0.0,37.0,2.0,0.0,0.26490630323679726,167.71428571428572,4.142857142857143,1
334357,1,1,1.0,3.0,1.0,4.0,4.0,4.0,0.0,1.0,0.0,0.0,0.25,4.0,1.0,1
334358,4,1,29.0,947.0,340.0,1287.0,131.0,25.235294117647058,2.0,48.0,1.0,0.0,0.2641802641802642,321.75,7.25,1
334361,1,1,1.0,0.0,11.0,11.0,11.0,11.0,0.0,1.0,0.0,0.0,1.0,11.0,1.0,1
334363,3,1,5.0,36.0,35.0,71.0,17.0,10.142857142857142,0.0,7.0,0.0,0.0,0.49295774647887325,23.666666666666668,1.6666666666666667,1
334365,1,1,2.0,5.0,5.0,10.0,8.0,5.0,0.0,2.0,0.0,0.0,0.5,10.0,2.0,1
334366,5,1,12.0,3018.0,951.0,3969.0,917.0,104.44736842105263,0.0,38.0,0.0,0.0,0.23960695389266817,793.8,2.4,1
334367,4,2,24.0,326.0,314.0,640.0,211.0,14.222222222222221,0.0,45.0,0.0,0.0,0.490625,160.0,6.0,2
334368,1,1,17.0,1037.0,75.0,1112.0,196.0,65.41176470588235,1.0,16.0,0.0,0.0,0.06744604316546762,1112.0,17.0,1
334369,23,1,573.0,36304.0,6485.0,42789.0,794.0,56.97603195739015,54.0,694.0,3.0,0.0,0.15155764331954474,1860.391304347826,24.91304347826087,1
334370,3,1,243.0,15592.0,4882.0,20474.0,954.0,82.22489959839358,29.0,209.0,9.0,2.0,0.23844876428641204,6824.666666666667,81.0,1
334371,4,2,777.0,32707.0,10404.0,43111.0,1324.0,47.74197120708749,68.0,822.0,11.0,2.0,0.24133051889308993,10777.75,194.25,2
334372,1,1,3.0,42.0,2.0,44.0,25.0,14.666666666666666,0.0,3.0,0.0,0.0,0.045454545454545456,44.0,3.0,1
334373,3,1,5.0,41.0,9.0,50.0,24.0,7.142857142857143,0.0,7.0,0.0,0.0,0.18,16.666666666666668,1.6666666666666667,1
334374,1,1,8.0,266.0,37.0,303.0,123.0,37.875,1.0,7.0,0.0,0.0,0.12211221122112212,303.0,8.0,1
334375,3,1,6.0,1136.0,1136.0,2272.0,895.0,252.44444444444446,0.0,9.0,0.0,0.0,0.5,757.3333333333334,2.0,1
334376,1,1,3.0,49.0,14.0,63.0,25.0,21.0,0.0,3.0,0.0,0.0,0.2222222222222222,63.0,3.0,1
334377,1,1,2.0,111.0,3.0,114.0,93.0,57.0,0.0,2.0,0.0,0.0,0.02631578947368421,114.0,2.0,1
334378,3,1,265.0,14740.0,4474.0,19214.0,818.0,72.23308270676692,30.0,225.0,9.0,2.0,0.23285104611220986,6404.666666666667,88.33333333333333,1
334379,2,1,3.0,49.0,15.0,64.0,24.0,12.8,0.0,5.0,0.0,0.0,0.234375,32.0,1.5,1
334381,2,1,2.0,128.0,49.0,177.0,58.0,44.25,0.0,4.0,0.0,0.0,0.2768361581920904,88.5,1.0,1
334382,3,2,3.0,13.0,13.0,26.0,6.0,3.7142857142857144,0.0,7.0,0.0,0.0,0.5,8.666666666666666,1.0,2
334384,2,1,5.0,116.0,9.0,125.0,70.0,15.625,0.0,8.0,0.0,0.0,0.072,62.5,2.5,1
334385,2,1,2.0,254.0,23.0,277.0,118.0,69.25,0.0,4.0,0.0,0.0,0.08303249097472924,138.5,1.0,1
334388,1,1,4.0,74.0,74.0,148.0,72.0,37.0,0.0,4.0,0.0,0.0,0.5,148.0,4.0,1
334390,4,1,9.0,77.0,50.0,127.0,58.0,11.545454545454545,0.0,11.0,0.0,0.0,0.3937007874015748,31.75,2.25,1
334393,3,2,24.0,386.0,134.0,520.0,209.0,21.666666666666668,0.0,24.0,0.0,0.0,0.25769230769230766,173.33333333333334,8.0,2
334402,6,2,28.0,613.0,286.0,899.0,214.0,29.966666666666665,0.0,30.0,0.0,0.0,0.3181312569521691,149.83333333333334,4.666666666666667,2
334408,2,1,7.0,94.0,323.0,417.0,215.0,41.7,0.0,10.0,0.0,0.0,0.7745803357314148,208.5,3.5,1
334410,1,1,12.0,227.0,55.0,282.0,55.0,23.5,1.0,11.0,0.0,0.0,0.1950354609929078,282.0,12.0,1
334411,1,1,3.0,73.0,0.0,73.0,62.0,24.333333333333332,0.0,3.0,0.0,0.0,0.0,73.0,3.0,1
334412,1,1,2.0,11.0,2.0,13.0,8.0,6.5,0.0,2.0,0.0,0.0,0.15384615384615385,13.0,2.0,1
334413,1,1,8.0,176.0,7.0,183.0,85.0,22.875,0.0,8.0,0.0,0.0,0.03825136612021858,183.0,8.0,1
334416,2,1,3.0,102.0,0.0,102.0,68.0,34.0,1.0,2.0,0.0,0.0,0.0,51.0,1.5,1
334417,8,1,549.0,31209.0,6068.0,37277.0,788.0,60.81076672104405,58.0,545.0,9.0,1.0,0.16278133970008316,4659.625,68.625,1
334418,1,1,28.0,743.0,199.0,942.0,145.0,33.642857142857146,3.0,25.0,0.0,0.0,0.21125265392781317,942.0,28.0,1
334426,1,1,6.0,42.0,6.0,48.0,16.0,8.0,0.0,6.0,0.0,0.0,0.125,48.0,6.0,1
334430,1,1,1.0,0.0,1.0,1.0,1.0,1.0,0.0,1.0,0.0,0.0,1.0,1.0,1.0,1
334446,1,1,6.0,329.0,43.0,372.0,90.0,62.0,0.0,6.0,0.0,0.0,0.11559139784946236,372.0,6.0,1
334449,2,1,2.0,180.0,128.0,308.0,153.0,77.0,0.0,4.0,0.0,0.0,0.4155844155844156,154.0,1.0,1
334450,1,1,1.0,3.0,0.0,3.0,3.0,3.0,0.0,1.0,0.0,0.0,0.0,3.0,1.0,1
334452,1,1,15.0,578.0,61.0,639.0,186.0,42.6,0.0,15.0,0.0,0.0,0.09546165884194054,639.0,15.0,1
334465,1,1,4.0,119.0,9.0,128.0,52.0,32.0,0.0,4.0,0.0,0.0,0.0703125,128.0,4.0,1
334471,3,2,5.0,4.0,10.0,14.0,6.0,2.8,0.0,5.0,0.0,0.0,0.7142857142857143,4.666666666666667,1.6666666666666667,2
334487,2,1,17.0,305.0,76.0,381.0,67.0,16.565217391304348,0.0,23.0,0.0,0.0,0.1994750656167979,190.5,8.5,1
334488,1,1,5.0,58.0,13.0,71.0,43.0,14.2,0.0,5.0,0.0,0.0,0.18309859154929578,71.0,5.0,1
334490,2,1,3.0,245.0,15.0,260.0,89.0,52.0,0.0,5.0,0.0,0.0,0.057692307692307696,130.0,1.5,1
334493,1,1,2.0,30.0,1.0,31.0,20.0,15.5,0.0,2.0,0.0,0.0,0.03225806451612903,31.0,2.0,1
334498,1,1,21.0,449.0,130.0,579.0,124.0,27.571428571428573,0.0,21.0,0.0,0.0,0.22452504317789293,579.0,21.0,1
334505,1,1,1.0,1.0,0.0,1.0,1.0,1.0,0.0,1.0,0.0,0.0,0.0,1.0,1.0,1
334506,1,1,2.0,7.0,1.0,8.0,6.0,4.0,0.0,2.0,0.0,0.0,0.125,8.0,2.0,1
334507,11,1,472.0,25246.0,4193.0,29439.0,796.0,55.33646616541353,33.0,495.0,4.0,0.0,0.14243010971840075,2676.2727272727275,42.90909090909091,1
334509,4,1,12.0,751.0,465.0,1216.0,201.0,45.03703703703704,0.0,27.0,0.0,0.0,0.3824013157894737,304.0,3.0,1
334510,4,1,202.0,10136.0,2611.0,12747.0,449.0,61.87864077669903,8.0,198.0,0.0,0.0,0.20483250961010435,3186.75,50.5,1
334512,4,2,110.0,3448.0,529.0,3977.0,221.0,33.42016806722689,0.0,119.0,0.0,0.0,0.1330148353029922,994.25,27.5,2
334513,24,1,870.0,42685.0,13948.0,56633.0,2290.0,54.98349514563107,74.0,942.0,12.0,2.0,0.24628750022071938,2359.7083333333335,36.25,1
334514,10,3,141.0,10408.0,592.0,11000.0,608.0,65.08875739644971,93.0,74.0,2.0,0.0,0.05381818181818182,1100.0,14.1,3
334515,7,1,4.0,258.0,16.0,274.0,175.0,27.4,1.0,9.0,0.0,0.0,0.058394160583941604,39.142857142857146,0.5714285714285714,1
334516,3,1,2.0,62.0,4.0,66.0,40.0,16.5,0.0,4.0,0.0,0.0,0.06060606060606061,22.0,0.6666666666666666,1
334518,2,1,17.0,184.0,58.0,242.0,70.0,13.444444444444445,0.0,18.0,0.0,0.0,0.2396694214876033,121.0,8.5,1
334520,2,2,303.0,531.0,358.0,889.0,56.0,2.933993399339934,13.0,290.0,0.0,0.0,0.4026996625421822,444.5,151.5,2
334521,22,1,67.0,5808.0,1487.0,7295.0,276.0,37.03045685279188,4.0,193.0,0.0,0.0,0.20383824537354353,331.59090909090907,3.0454545454545454,1
334522,3,1,8.0,477.0,39.0,516.0,221.0,46.90909090909091,0.0,11.0,0.0,0.0,0.0755813953488372,172.0,2.6666666666666665,1
334524,2,1,303.0,13383.0,2123.0,15506.0,703.0,50.83934426229508,22.0,278.0,5.0,0.0,0.1369147426802528,7753.0,151.5,1
334526,1,1,1.0,99.0,13.0,112.0,112.0,112.0,0.0,1.0,0.0,0.0,0.11607142857142858,112.0,1.0,1
334528,2,2,305.0,550.0,358.0,908.0,56.0,2.9770491803278687,13.0,292.0,0.0,0.0,0.394273127753304,454.0,152.5,2
334529,3,1,188.0,9531.0,2370.0,11901.0,449.0,62.96825396825397,8.0,181.0,0.0,0.0,0.19914292916561632,3967.0,62.666666666666664,1
334530,4,1,193.0,9662.0,2374.0,12036.0,449.0,60.78787878787879,9.0,189.0,0.0,0.0,0.1972416085078099,3009.0,48.25,1
334531,3,1,190.0,9527.0,2365.0,11892.0,449.0,61.61658031088083,8.0,185.0,0.0,0.0,0.19887319206189036,3964.0,63.333333333333336,1
334532,3,1,188.0,9573.0,2383.0,11956.0,449.0,63.25925925925926,8.0,181.0,0.0,0.0,0.1993141518902643,3985.3333333333335,62.666666666666664,1
334533,1,1,1.0,5.0,1.0,6.0,6.0,6.0,0.0,1.0,0.0,0.0,0.16666666666666666,6.0,1.0,1
334534,5,1,28.0,1941.0,262.0,2203.0,372.0,57.973684210526315,1.0,37.0,0.0,0.0,0.11892873354516569,440.6,5.6,1
334535,6,2,29.0,605.0,205.0,810.0,209.0,16.2,0.0,50.0,0.0,0.0,0.25308641975308643,135.0,4.833333333333333,2
334538,1,1,8.0,24.0,24.0,48.0,16.0,6.0,0.0,8.0,0.0,0.0,0.5,48.0,8.0,1
334539,1,1,4.0,8.0,8.0,16.0,6.0,4.0,0.0,4.0,0.0,0.0,0.5,16.0,4.0,1
334540,1,1,2.0,2.0,2.0,4.0,2.0,2.0,0.0,2.0,0.0,0.0,0.5,4.0,2.0,1
334544,5,1,24.0,638.0,1042.0,1680.0,259.0,49.411764705882355,0.0,34.0,0.0,0.0,0.6202380952380953,336.0,4.8,1
334545,1,1,1.0,4.0,0.0,4.0,4.0,4.0,0.0,1.0,0.0,0.0,0.0,4.0,1.0,1
334546,1,1,5.0,43.0,18.0,61.0,31.0,12.2,0.0,5.0,0.0,0.0,0.29508196721311475,61.0,5.0,1
334549,2,1,2.0,46.0,3.0,49.0,22.0,12.25,0.0,4.0,0.0,0.0,0.061224489795918366,24.5,1.0,1
334554,6,1,11.0,134.0,66.0,200.0,36.0,9.090909090909092,2.0,20.0,0.0,0.0,0.33,33.333333333333336,1.8333333333333333,1
334559,2,1,4.0,70.0,6.0,76.0,29.0,19.0,0.0,4.0,0.0,0.0,0.07894736842105263,38.0,2.0,1
334566,1,1,9.0,33.0,42.0,75.0,23.0,8.333333333333334,0.0,9.0,0.0,0.0,0.56,75.0,9.0,1
334568,4,1,199.0,10020.0,2707.0,12727.0,449.0,62.69458128078818,8.0,195.0,0.0,0.0,0.21269741494460595,3181.75,49.75,1
334584,2,1,6.0,298.0,32.0,330.0,78.0,33.0,0.0,10.0,0.0,0.0,0.09696969696969697,165.0,3.0,1
334591,3,1,6.0,830.0,156.0,986.0,266.0,75.84615384615384,0.0,13.0,0.0,0.0,0.15821501014198783,328.6666666666667,2.0,1
334593,4,1,4.0,575.0,148.0,723.0,325.0,72.3,0.0,10.0,0.0,0.0,0.20470262793914246,180.75,1.0,1
334594,9,1,7.0,395.0,181.0,576.0,55.0,26.181818181818183,0.0,22.0,0.0,0.0,0.3142361111111111,64.0,0.7777777777777778,1
334602,8,2,303.0,14457.0,2404.0,16861.0,703.0,54.566343042071196,24.0,280.0,5.0,0.0,0.1425775458157879,2107.625,37.875,2
334604,5,1,23.0,2046.0,1362.0,3408.0,479.0,79.25581395348837,5.0,36.0,2.0,0.0,0.3996478873239437,681.6,4.6,1
334606,8,1,328.0,18384.0,3349.0,21733.0,626.0,59.54246575342466,24.0,338.0,2.0,1.0,0.15409745548244605,2716.625,41.0,1
334607,3,1,9.0,1279.0,81.0,1360.0,689.0,97.14285714285714,1.0,13.0,0.0,0.0,0.05955882352941176,453.3333333333333,3.0,1
334612,1,1,4.0,83.0,12.0,95.0,50.0,23.75,0.0,4.0,0.0,0.0,0.12631578947368421,95.0,4.0,1
334620,1,1,24.0,573.0,977.0,1550.0,274.0,64.58333333333333,0.0,24.0,0.0,0.0,0.6303225806451613,1550.0,24.0,1
334624,3,2,6.0,342.0,90.0,432.0,209.0,72.0,0.0,6.0,0.0,0.0,0.20833333333333334,144.0,2.0,2
334625,7,2,21.0,5297.0,3095.0,8392.0,864.0,174.83333333333334,5.0,43.0,0.0,0.0,0.3688036224976168,1198.857142857143,3.0,2
334626,1,1,3.0,45.0,14.0,59.0,36.0,19.666666666666668,0.0,3.0,0.0,0.0,0.23728813559322035,59.0,3.0,1
334627,8,1,566.0,30892.0,5752.0,36644.0,788.0,59.39059967585089,59.0,549.0,9.0,0.0,0.15696976312629626,4580.5,70.75,1
334633,3,2,6.0,342.0,90.0,432.0,209.0,72.0,0.0,6.0,0.0,0.0,0.20833333333333334,144.0,2.0,2
334634,1,1,36.0,1425.0,241.0,1666.0,258.0,46.27777777777778,1.0,35.0,0.0,0.0,0.1446578631452581,1666.0,36.0,1
334637,2,1,1.0,47.0,14.0,61.0,58.0,30.5,0.0,2.0,0.0,0.0,0.22950819672131148,30.5,0.5,1
334638,2,1,21.0,237.0,47.0,284.0,80.0,13.523809523809524,0.0,21.0,0.0,0.0,0.16549295774647887,142.0,10.5,1
334641,1,1,2.0,105.0,6.0,111.0,73.0,55.5,1.0,1.0,0.0,0.0,0.05405405405405406,111.0,2.0,1
334642,2,1,1.0,13.0,5.0,18.0,17.0,9.0,0.0,2.0,0.0,0.0,0.2777777777777778,9.0,0.5,1
334643,2,1,3.0,19.0,6.0,25.0,15.0,8.333333333333334,0.0,3.0,0.0,0.0,0.24,12.5,1.5,1
334644,2,1,14.0,837.0,236.0,1073.0,187.0,59.611111111111114,0.0,18.0,0.0,0.0,0.21994408201304752,536.5,7.0,1
334648,6,1,11.0,311.0,325.0,636.0,82.0,27.652173913043477,1.0,21.0,1.0,0.0,0.5110062893081762,106.0,1.8333333333333333,1
334649,3,1,6.0,43.0,57.0,100.0,47.0,11.11111111111111,0.0,9.0,0.0,0.0,0.57,33.333333333333336,2.0,1
334652,1,1,6.0,128.0,23.0,151.0,74.0,25.166666666666668,0.0,6.0,0.0,0.0,0.152317880794702,151.0,6.0,1
334654,1,1,6.0,128.0,23.0,151.0,74.0,25.166666666666668,0.0,6.0,0.0,0.0,0.152317880794702,151.0,6.0,1
334655,4,1,6.0,114.0,51.0,165.0,44.0,18.333333333333332,0.0,9.0,0.0,0.0,0.3090909090909091,41.25,1.5,1
334657,2,1,6.0,186.0,19.0,205.0,94.0,25.625,1.0,7.0,0.0,0.0,0.09268292682926829,102.5,3.0,1
334658,1,1,1.0,8.0,3.0,11.0,11.0,11.0,0.0,1.0,0.0,0.0,0.2727272727272727,11.0,1.0,1
334661,1,1,3.0,25.0,37.0,62.0,33.0,20.666666666666668,0.0,3.0,0.0,0.0,0.5967741935483871,62.0,3.0,1
334664,3,1,4.0,121.0,32.0,153.0,50.0,21.857142857142858,0.0,7.0,0.0,0.0,0.20915032679738563,51.0,1.3333333333333333,1
334665,9,2,29.0,574.0,171.0,745.0,209.0,10.955882352941176,0.0,68.0,0.0,0.0,0.2295302013422819,82.77777777777777,3.2222222222222223,2
334667,1,1,0.0,0.0,0.0,0.0,0.0,0.0,0.0,0.0,0.0,0.0,0.0,0.0,0.0,1
334670,2,2,128.0,8672.0,2093.0,10765.0,521.0,82.8076923076923,5.0,125.0,0.0,0.0,0.19442638179284719,5382.5,64.0,2
334671,1,1,3.0,75.0,1.0,76.0,71.0,25.333333333333332,1.0,2.0,0.0,0.0,0.013157894736842105,76.0,3.0,1
334672,1,1,2.0,119.0,8.0,127.0,116.0,63.5,0.0,2.0,0.0,0.0,0.06299212598425197,127.0,2.0,1
334674,2,1,48.0,3794.0,474.0,4268.0,443.0,88.91666666666667,4.0,44.0,0.0,0.0,0.11105904404873478,2134.0,24.0,1
334677,1,1,2.0,5.0,3.0,8.0,5.0,4.0,0.0,2.0,0.0,0.0,0.375,8.0,2.0,1
334678,2,1,301.0,15777.0,2287.0,18064.0,794.0,60.01328903654485,19.0,280.0,2.0,0.0,0.12660540301151463,9032.0,150.5,1
334680,1,1,6.0,34.0,48.0,82.0,40.0,13.666666666666666,0.0,6.0,0.0,0.0,0.5853658536585366,82.0,6.0,1
334681,4,1,3.0,227.0,32.0,259.0,91.0,37.0,1.0,6.0,0.0,0.0,0.12355212355212356,64.75,0.75,1
334682,4,1,312.0,17439.0,2656.0,20095.0,929.0,63.191823899371066,22.0,294.0,2.0,0.0,0.13217218213485943,5023.75,78.0,1
334686,1,1,2.0,0.0,2.0,2.0,1.0,1.0,0.0,2.0,0.0,0.0,1.0,2.0,2.0,1
334687,1,1,2.0,20.0,2.0,22.0,17.0,11.0,0.0,2.0,0.0,0.0,0.09090909090909091,22.0,2.0,1
334688,4,2,155.0,8691.0,1275.0,9966.0,554.0,63.075949367088604,11.0,145.0,2.0,0.0,0.12793497892835642,2491.5,38.75,2
334689,1,1,2.0,0.0,2.0,2.0,1.0,1.0,0.0,2.0,0.0,0.0,1.0,2.0,2.0,1
334691,2,1,6.0,68.0,23.0,91.0,61.0,11.375,0.0,8.0,0.0,0.0,0.25274725274725274,45.5,3.0,1
334694,5,1,28.0,1941.0,262.0,2203.0,372.0,57.973684210526315,1.0,37.0,0.0,0.0,0.11892873354516569,440.6,5.6,1
334695,3,1,2.0,75.0,30.0,105.0,39.0,26.25,0.0,4.0,0.0,0.0,0.2857142857142857,35.0,0.6666666666666666,1
334696,1,1,6.0,788.0,70.0,858.0,386.0,143.0,0.0,6.0,0.0,0.0,0.08158508158508158,858.0,6.0,1
334698,1,1,2.0,18.0,3.0,21.0,14.0,10.5,0.0,2.0,0.0,0.0,0.14285714285714285,21.0,2.0,1
334700,1,1,2.0,38.0,3.0,41.0,30.0,20.5,0.0,2.0,0.0,0.0,0.07317073170731707,41.0,2.0,1
334702,1,1,12.0,28.0,148.0,176.0,36.0,14.666666666666666,0.0,12.0,0.0,0.0,0.8409090909090909,176.0,12.0,1
334705,14,1,310.0,17410.0,2398.0,19808.0,929.0,58.77744807121662,23.0,312.0,2.0,0.0,0.121062197092084,1414.857142857143,22.142857142857142,1
334708,1,1,2.0,49.0,1.0,50.0,48.0,25.0,1.0,1.0,0.0,0.0,0.02,50.0,2.0,1
334710,1,1,2.0,27.0,5.0,32.0,19.0,16.0,0.0,2.0,0.0,0.0,0.15625,32.0,2.0,1
334712,1,1,2.0,55.0,4.0,59.0,48.0,29.5,0.0,2.0,0.0,0.0,0.06779661016949153,59.0,2.0,1
334718,1,1,1.0,12.0,3.0,15.0,15.0,15.0,0.0,1.0,0.0,0.0,0.2,15.0,1.0,1
334719,1,1,2.0,89.0,17.0,106.0,74.0,53.0,0.0,2.0,0.0,0.0,0.16037735849056603,106.0,2.0,1
334720,2,1,2.0,392.0,149.0,541.0,256.0,135.25,0.0,4.0,0.0,0.0,0.2754158964879852,270.5,1.0,1
334730,1,1,3.0,43.0,2.0,45.0,38.0,15.0,1.0,2.0,0.0,0.0,0.044444444444444446,45.0,3.0,1
334736,1,1,1.0,1.0,0.0,1.0,1.0,1.0,1.0,0.0,0.0,0.0,0.0,1.0,1.0,1
334739,4,1,9.0,181.0,62.0,243.0,117.0,20.25,1.0,9.0,2.0,0.0,0.2551440329218107,60.75,2.25,1
334740,1,1,1.0,16.0,0.0,16.0,16.0,16.0,1.0,0.0,0.0,0.0,0.0,16.0,1.0,1
334741,1,1,2.0,20.0,2.0,22.0,17.0,11.0,0.0,2.0,0.0,0.0,0.09090909090909091,22.0,2.0,1
334742,1,1,2.0,73.0,1.0,74.0,44.0,37.0,0.0,2.0,0.0,0.0,0.013513513513513514,74.0,2.0,1
334743,1,1,19.0,125.0,70.0,195.0,52.0,10.263157894736842,0.0,19.0,0.0,0.0,0.358974358974359,195.0,19.0,1
334749,2,1,1.0,214.0,65.0,279.0,241.0,139.5,0.0,2.0,0.0,0.0,0.23297491039426524,139.5,0.5,1
334751,1,1,3.0,73.0,9.0,82.0,59.0,27.333333333333332,1.0,2.0,0.0,0.0,0.10975609756097561,82.0,3.0,1
334752,6,1,312.0,12386.0,6036.0,18422.0,837.0,56.858024691358025,35.0,278.0,9.0,2.0,0.3276517207686462,3070.3333333333335,52.0,1
334753,1,1,2.0,85.0,3.0,88.0,80.0,44.0,1.0,1.0,0.0,0.0,0.03409090909090909,88.0,2.0,1
334761,8,1,329.0,18337.0,4046.0,22383.0,772.0,65.63929618768329,42.0,294.0,3.0,2.0,0.18076218558727605,2797.875,41.125,1
334766,8,1,724.0,26715.0,9647.0,36362.0,837.0,43.86248492159228,46.0,774.0,8.0,1.0,0.26530443869974146,4545.25,90.5,1
334768,4,2,695.0,26411.0,9693.0,36104.0,837.0,46.52577319587629,46.0,721.0,8.0,1.0,0.26847440726789273,9026.0,173.75,2
334769,2,1,2.0,183.0,9.0,192.0,94.0,48.0,0.0,4.0,0.0,0.0,0.046875,96.0,1.0,1
334770,7,1,684.0,26477.0,9642.0,36119.0,837.0,47.776455026455025,46.0,701.0,8.0,1.0,0.26695091226224427,5159.857142857143,97.71428571428571,1
334771,7,1,698.0,26517.0,9423.0,35940.0,837.0,46.6147859922179,46.0,716.0,8.0,1.0,0.2621869782971619,5134.285714285715,99.71428571428571,1
334773,4,1,153.0,7214.0,1032.0,8246.0,521.0,53.54545454545455,11.0,141.0,2.0,0.0,0.12515158864904197,2061.5,38.25,1
334774,11,1,869.0,39572.0,13214.0,52786.0,2290.0,53.26538849646821,82.0,895.0,12.0,2.0,0.250331527298905,4798.727272727273,79.0,1
334778,1,1,3.0,72.0,3.0,75.0,53.0,25.0,0.0,3.0,0.0,0.0,0.04,75.0,3.0,1
334779,4,1,2.0,155.0,55.0,210.0,56.0,35.0,1.0,5.0,0.0,0.0,0.2619047619047619,52.5,0.5,1
334780,1,1,1.0,11.0,6.0,17.0,17.0,17.0,0.0,1.0,0.0,0.0,0.35294117647058826,17.0,1.0,1
334781,2,1,2.0,144.0,3.0,147.0,100.0,36.75,0.0,4.0,0.0,0.0,0.02040816326530612,73.5,1.0,1
334782,1,1,1.0,15.0,7.0,22.0,22.0,22.0,0.0,1.0,0.0,0.0,0.3181818181818182,22.0,1.0,1
334787,1,1,2.0,143.0,2.0,145.0,129.0,72.5,0.0,2.0,0.0,0.0,0.013793103448275862,145.0,2.0,1
334790,1,1,2.0,35.0,4.0,39.0,33.0,19.5,0.0,2.0,0.0,0.0,0.10256410256410256,39.0,2.0,1
334791,1,1,2.0,37.0,1.0,38.0,28.0,19.0,0.0,2.0,0.0,0.0,0.02631578947368421,38.0,2.0,1
334793,2,2,94.0,6700.0,866.0,7566.0,554.0,80.48936170212765,9.0,83.0,2.0,0.0,0.11445942373777425,3783.0,47.0,2
334803,1,1,2.0,22.0,6.0,28.0,24.0,14.0,0.0,2.0,0.0,0.0,0.21428571428571427,28.0,2.0,1
334804,2,1,167.0,9943.0,1124.0,11067.0,794.0,66.26946107784431,12.0,155.0,0.0,0.0,0.1015632059275323,5533.5,83.5,1
334808,2,1,2.0,86.0,6.0,92.0,45.0,30.666666666666668,0.0,3.0,0.0,0.0,0.06521739130434782,46.0,1.0,1
334811,1,1,1.0,14.0,16.0,30.0,30.0,30.0,0.0,1.0,0.0,0.0,0.5333333333333333,30.0,1.0,1
334812,2,1,3.0,242.0,156.0,398.0,194.0,99.5,1.0,3.0,0.0,0.0,0.39195979899497485,199.0,1.5,1
334814,1,1,3.0,29.0,12.0,41.0,14.0,13.666666666666666,0.0,3.0,0.0,0.0,0.2926829268292683,41.0,3.0,1
334818,8,1,538.0,29160.0,6240.0,35400.0,2002.0,56.45933014354067,56.0,563.0,5.0,3.0,0.17627118644067796,4425.0,67.25,1
334823,1,1,2.0,2.0,2.0,4.0,2.0,2.0,0.0,2.0,0.0,0.0,0.5,4.0,2.0,1
334824,1,1,2.0,2.0,2.0,4.0,2.0,2.0,0.0,2.0,0.0,0.0,0.5,4.0,2.0,1
334826,20,10,82.0,2976.0,758.0,3734.0,430.0,40.1505376344086,1.0,92.0,0.0,0.0,0.20299946438136046,186.7,4.1,10
334827,2,2,4.0,1470.0,1369.0,2839.0,714.0,354.875,2.0,4.0,2.0,0.0,0.4822120464952448,1419.5,2.0,2
334828,1,1,6.0,788.0,70.0,858.0,386.0,143.0,0.0,6.0,0.0,0.0,0.08158508158508158,858.0,6.0,1
334829,1,1,4.0,250.0,8.0,258.0,205.0,64.5,1.0,3.0,0.0,0.0,0.031007751937984496,258.0,4.0,1
334830,1,1,2.0,10.0,0.0,10.0,9.0,5.0,0.0,2.0,0.0,0.0,0.0,10.0,2.0,1
334831,1,1,62.0,4982.0,661.0,5643.0,521.0,91.01612903225806,4.0,58.0,0.0,0.0,0.11713627503101187,5643.0,62.0,1
334833,5,1,28.0,711.0,362.0,1073.0,205.0,23.844444444444445,3.0,41.0,1.0,0.0,0.33737185461323393,214.6,5.6,1
334834,2,2,2.0,9.0,9.0,18.0,6.0,4.5,0.0,4.0,0.0,0.0,0.5,9.0,1.0,2
334835,1,1,3.0,13.0,1.0,14.0,8.0,4.666666666666667,0.0,3.0,0.0,0.0,0.07142857142857142,14.0,3.0,1
334836,1,1,25.0,2039.0,117.0,2156.0,514.0,86.24,1.0,24.0,0.0,0.0,0.054267161410018555,2156.0,25.0,1
334838,2,2,2.0,2.0,2.0,4.0,2.0,2.0,0.0,2.0,0.0,0.0,0.5,2.0,1.0,2
334845,2,1,6.0,19.0,3.0,22.0,8.0,3.6666666666666665,0.0,6.0,0.0,0.0,0.13636363636363635,11.0,3.0,1
334849,1,1,7.0,708.0,18.0,726.0,356.0,103.71428571428571,0.0,7.0,0.0,0.0,0.024793388429752067,726.0,7.0,1
334861,3,1,17.0,913.0,48.0,961.0,277.0,50.578947368421055,2.0,17.0,0.0,0.0,0.04994797086368366,320.3333333333333,5.666666666666667,1
334863,3,1,240.0,8482.0,1533.0,10015.0,513.0,40.54655870445344,17.0,229.0,1.0,0.0,0.1530703944083874,3338.3333333333335,80.0,1
334864,5,1,71.0,1351.0,272.0,1623.0,233.0,21.93243243243243,3.0,71.0,0.0,0.0,0.16759088108441159,324.6,14.2,1
334865,1,1,18.0,1481.0,66.0,1547.0,514.0,85.94444444444444,1.0,17.0,0.0,0.0,0.04266321913380737,1547.0,18.0,1
334870,1,1,3.0,27.0,6.0,33.0,23.0,11.0,0.0,3.0,0.0,0.0,0.18181818181818182,33.0,3.0,1
334876,2,1,2.0,144.0,3.0,147.0,100.0,36.75,0.0,4.0,0.0,0.0,0.02040816326530612,73.5,1.0,1
334877,2,1,3.0,18.0,1.0,19.0,14.0,6.333333333333333,0.0,3.0,0.0,0.0,0.05263157894736842,9.5,1.5,1
334878,1,1,1.0,9.0,1.0,10.0,10.0,10.0,0.0,1.0,0.0,0.0,0.1,10.0,1.0,1
334879,2,1,5.0,29.0,8.0,37.0,14.0,6.166666666666667,0.0,6.0,0.0,0.0,0.21621621621621623,18.5,2.5,1
334889,3,1,12.0,129.0,63.0,192.0,38.0,10.666666666666666,0.0,18.0,0.0,0.0,0.328125,64.0,4.0,1
334894,5,1,16.0,1838.0,472.0,2310.0,398.0,64.16666666666667,7.0,28.0,1.0,0.0,0.20432900432900433,462.0,3.2,1
334898,3,1,20.0,637.0,281.0,918.0,264.0,24.81081081081081,2.0,35.0,0.0,0.0,0.30610021786492375,306.0,6.666666666666667,1
334904,3,1,45.0,462.0,142.0,604.0,90.0,13.422222222222222,1.0,44.0,0.0,0.0,0.23509933774834438,201.33333333333334,15.0,1
334907,1,1,5.0,43.0,18.0,61.0,31.0,12.2,0.0,5.0,0.0,0.0,0.29508196721311475,61.0,5.0,1
334908,6,1,104.0,2418.0,501.0,2919.0,244.0,25.831858407079647,5.0,108.0,0.0,0.0,0.17163412127440905,486.5,17.333333333333332,1
334909,1,1,3.0,20.0,6.0,26.0,17.0,8.666666666666666,0.0,3.0,0.0,0.0,0.23076923076923078,26.0,3.0,1
334911,2,1,9.0,87.0,42.0,129.0,23.0,14.333333333333334,1.0,8.0,0.0,0.0,0.32558139534883723,64.5,4.5,1
334913,2,1,3.0,65.0,4.0,69.0,52.0,23.0,0.0,3.0,0.0,0.0,0.057971014492753624,34.5,1.5,1
334919,3,1,6.0,218.0,127.0,345.0,71.0,38.333333333333336,0.0,9.0,0.0,0.0,0.3681159420289855,115.0,2.0,1
334921,1,1,1.0,1.0,3.0,4.0,4.0,4.0,0.0,1.0,0.0,0.0,0.75,4.0,1.0,1
334924,2,1,5.0,86.0,7.0,93.0,57.0,18.6,0.0,5.0,0.0,0.0,0.07526881720430108,46.5,2.5,1
334926,1,1,28.0,1785.0,272.0,2057.0,402.0,73.46428571428571,7.0,21.0,0.0,0.0,0.1322314049586777,2057.0,28.0,1
334927,1,1,7.0,173.0,3.0,176.0,95.0,25.142857142857142,1.0,6.0,0.0,0.0,0.017045454545454544,176.0,7.0,1
334928,2,1,5.0,29.0,8.0,37.0,14.0,6.166666666666667,0.0,6.0,0.0,0.0,0.21621621621621623,18.5,2.5,1
334929,3,1,64.0,1230.0,247.0,1477.0,244.0,21.405797101449274,3.0,66.0,0.0,0.0,0.16723087339201084,492.3333333333333,21.333333333333332,1
334931,1,1,6.0,24.0,47.0,71.0,39.0,11.833333333333334,0.0,6.0,0.0,0.0,0.6619718309859155,71.0,6.0,1
334932,8,2,806.0,26415.0,9934.0,36349.0,888.0,41.25879682179342,60.0,812.0,7.0,2.0,0.27329500123799827,4543.625,100.75,2
334934,2,1,5.0,105.0,7.0,112.0,80.0,22.4,0.0,5.0,0.0,0.0,0.0625,56.0,2.5,1
334942,3,1,89.0,1805.0,360.0,2165.0,244.0,24.325842696629213,5.0,84.0,0.0,0.0,0.16628175519630484,721.6666666666666,29.666666666666668,1
334944,2,2,23.0,1001.0,137.0,1138.0,244.0,47.416666666666664,2.0,22.0,0.0,0.0,0.12038664323374342,569.0,11.5,2
334945,10,1,537.0,26434.0,9600.0,36034.0,2290.0,56.56828885400314,59.0,566.0,9.0,3.0,0.26641505245046343,3603.4,53.7,1
334946,3,1,7.0,122.0,28.0,150.0,99.0,18.75,0.0,8.0,0.0,0.0,0.18666666666666668,50.0,2.3333333333333335,1
334947,1,1,6.0,214.0,123.0,337.0,116.0,56.166666666666664,0.0,6.0,0.0,0.0,0.3649851632047478,337.0,6.0,1
334948,1,1,2.0,78.0,5.0,83.0,78.0,41.5,1.0,1.0,0.0,0.0,0.060240963855421686,83.0,2.0,1
334955,1,1,3.0,9.0,6.0,15.0,8.0,5.0,0.0,3.0,0.0,0.0,0.4,15.0,3.0,1
334957,1,1,2.0,30.0,6.0,36.0,27.0,18.0,0.0,2.0,0.0,0.0,0.16666666666666666,36.0,2.0,1
334958,4,1,4.0,292.0,22.0,314.0,146.0,39.25,0.0,8.0,0.0,0.0,0.07006369426751592,78.5,1.0,1
334960,1,1,1.0,1.0,1.0,2.0,2.0,2.0,0.0,1.0,0.0,0.0,0.5,2.0,1.0,1
334961,5,1,19.0,516.0,78.0,594.0,79.0,18.0,1.0,32.0,0.0,0.0,0.13131313131313133,118.8,3.8,1
334962,2,1,7.0,390.0,50.0,440.0,157.0,48.888888888888886,0.0,9.0,0.0,0.0,0.11363636363636363,220.0,3.5,1
334964,1,1,13.0,275.0,26.0,301.0,131.0,23.153846153846153,0.0,13.0,0.0,0.0,0.08637873754152824,301.0,13.0,1
334965,2,1,5.0,85.0,41.0,126.0,42.0,15.75,0.0,8.0,0.0,0.0,0.3253968253968254,63.0,2.5,1
334966,6,2,6.0,383.0,85.0,468.0,134.0,46.8,3.0,7.0,0.0,0.0,0.18162393162393162,78.0,1.0,2
334968,1,1,2.0,22.0,5.0,27.0,17.0,13.5,0.0,2.0,0.0,0.0,0.18518518518518517,27.0,2.0,1
334969,5,2,25.0,588.0,205.0,793.0,209.0,18.022727272727273,0.0,44.0,0.0,0.0,0.25851197982345525,158.6,5.0,2
334971,1,1,7.0,121.0,27.0,148.0,99.0,21.142857142857142,0.0,7.0,0.0,0.0,0.18243243243243243,148.0,7.0,1
334972,7,1,38.0,3969.0,816.0,4785.0,445.0,70.36764705882354,5.0,63.0,0.0,0.0,0.17053291536050158,683.5714285714286,5.428571428571429,1
334973,1,1,1.0,1.0,0.0,1.0,1.0,1.0,0.0,1.0,0.0,0.0,0.0,1.0,1.0,1
334974,3,1,19.0,835.0,346.0,1181.0,209.0,29.525,2.0,38.0,0.0,0.0,0.29297205757832345,393.6666666666667,6.333333333333333,1
334975,1,1,2.0,5.0,5.0,10.0,9.0,5.0,0.0,2.0,0.0,0.0,0.5,10.0,2.0,1
334976,1,1,2.0,5.0,5.0,10.0,9.0,5.0,0.0,2.0,0.0,0.0,0.5,10.0,2.0,1
334977,2,2,5.0,105.0,7.0,112.0,80.0,22.4,0.0,5.0,0.0,0.0,0.0625,56.0,2.5,2
334978,1,1,6.0,92.0,12.0,104.0,34.0,17.333333333333332,0.0,6.0,0.0,0.0,0.11538461538461539,104.0,6.0,1
334980,3,1,54.0,2600.0,257.0,2857.0,513.0,47.61666666666667,8.0,52.0,0.0,0.0,0.08995449772488624,952.3333333333334,18.0,1
334981,6,1,36.0,2057.0,1430.0,3487.0,293.0,56.24193548387097,4.0,53.0,4.0,1.0,0.41009463722397477,581.1666666666666,6.0,1
334983,2,1,4.0,63.0,56.0,119.0,59.0,19.833333333333332,0.0,6.0,0.0,0.0,0.47058823529411764,59.5,2.0,1
334984,3,1,15.0,1048.0,503.0,1551.0,473.0,73.85714285714286,1.0,19.0,1.0,0.0,0.32430689877498386,517.0,5.0,1
334985,2,1,250.0,14163.0,1836.0,15999.0,862.0,63.7410358565737,29.0,221.0,1.0,0.0,0.1147571723232702,7999.5,125.0,1
334986,11,1,30.0,2746.0,427.0,3173.0,275.0,45.32857142857143,3.0,67.0,0.0,0.0,0.13457295934446895,288.45454545454544,2.727272727272727,1
334987,1,1,2.0,143.0,2.0,145.0,129.0,72.5,0.0,2.0,0.0,0.0,0.013793103448275862,145.0,2.0,1
334988,2,1,2.0,34.0,15.0,49.0,24.0,16.333333333333332,0.0,3.0,0.0,0.0,0.30612244897959184,24.5,1.0,1
334989,1,1,2.0,97.0,1.0,98.0,72.0,49.0,0.0,2.0,0.0,0.0,0.01020408163265306,98.0,2.0,1
334990,1,1,1.0,1.0,1.0,2.0,2.0,2.0,0.0,1.0,0.0,0.0,0.5,2.0,1.0,1
334994,9,1,12.0,625.0,54.0,679.0,72.0,22.633333333333333,0.0,30.0,0.0,0.0,0.07952871870397643,75.44444444444444,1.3333333333333333,1
335007,1,1,1.0,1.0,0.0,1.0,1.0,1.0,0.0,1.0,0.0,0.0,0.0,1.0,1.0,1
335008,2,1,152.0,6294.0,1129.0,7423.0,513.0,48.83552631578947,12.0,139.0,1.0,0.0,0.15209484036104,3711.5,76.0,1
335011,1,1,2.0,22.0,1.0,23.0,17.0,11.5,0.0,2.0,0.0,0.0,0.043478260869565216,23.0,2.0,1
335012,1,1,6.0,114.0,0.0,114.0,57.0,19.0,0.0,6.0,0.0,0.0,0.0,114.0,6.0,1
335013,2,1,6.0,63.0,57.0,120.0,73.0,20.0,0.0,6.0,0.0,0.0,0.475,60.0,3.0,1
335016,3,1,37.0,2629.0,240.0,2869.0,540.0,56.254901960784316,5.0,46.0,0.0,0.0,0.08365284071104914,956.3333333333334,12.333333333333334,1
335018,15,1,22.0,1754.0,283.0,2037.0,349.0,50.925,0.0,40.0,0.0,0.0,0.13892979872361316,135.8,1.4666666666666666,1
335028,4,1,8.0,227.0,16.0,243.0,106.0,22.09090909090909,0.0,11.0,0.0,0.0,0.06584362139917696,60.75,2.0,1
335030,1,1,2.0,57.0,2.0,59.0,55.0,29.5,1.0,1.0,0.0,0.0,0.03389830508474576,59.0,2.0,1
335038,1,1,8.0,27.0,258.0,285.0,138.0,35.625,0.0,8.0,0.0,0.0,0.9052631578947369,285.0,8.0,1
335039,5,1,8.0,653.0,68.0,721.0,154.0,48.06666666666667,3.0,12.0,0.0,0.0,0.09431345353675451,144.2,1.6,1
335040,2,2,8.0,237.0,46.0,283.0,117.0,18.866666666666667,0.0,15.0,0.0,0.0,0.1625441696113074,141.5,4.0,2
335042,1,1,3.0,167.0,3.0,170.0,142.0,56.666666666666664,0.0,3.0,0.0,0.0,0.01764705882352941,170.0,3.0,1
335044,3,1,8.0,37.0,17.0,54.0,24.0,6.0,1.0,8.0,0.0,0.0,0.3148148148148148,18.0,2.6666666666666665,1
335046,2,1,1.0,28.0,4.0,32.0,20.0,16.0,0.0,2.0,0.0,0.0,0.125,16.0,0.5,1
335048,1,1,3.0,34.0,18.0,52.0,33.0,17.333333333333332,0.0,3.0,0.0,0.0,0.34615384615384615,52.0,3.0,1
335050,2,1,3.0,203.0,118.0,321.0,290.0,80.25,0.0,4.0,0.0,0.0,0.367601246105919,160.5,1.5,1
335051,4,1,264.0,10128.0,1866.0,11994.0,513.0,45.090225563909776,21.0,244.0,1.0,0.0,0.15557778889444723,2998.5,66.0,1
335053,9,1,367.0,17542.0,7544.0,25086.0,2290.0,66.896,49.0,320.0,5.0,1.0,0.3007255042653273,2787.3333333333335,40.77777777777778,1
335055,2,2,308.0,14771.0,7262.0,22033.0,2290.0,71.53571428571429,39.0,263.0,5.0,1.0,0.32959651431942993,11016.5,154.0,2
335056,17,1,425.0,22269.0,2949.0,25218.0,1234.0,50.63855421686747,29.0,467.0,2.0,0.0,0.11694028075184391,1483.4117647058824,25.0,1
335057,5,2,170.0,12595.0,1794.0,14389.0,912.0,64.52466367713005,31.0,189.0,3.0,0.0,0.12467857391062617,2877.8,34.0,2
335058,3,1,37.0,2162.0,190.0,2352.0,233.0,61.89473684210526,5.0,33.0,0.0,0.0,0.08078231292517007,784.0,12.333333333333334,1
335059,1,1,1.0,0.0,2.0,2.0,2.0,2.0,0.0,1.0,0.0,0.0,1.0,2.0,1.0,1
335060,2,1,3.0,25.0,1.0,26.0,24.0,8.666666666666666,0.0,3.0,0.0,0.0,0.038461538461538464,13.0,1.5,1
335061,1,1,4.0,294.0,152.0,446.0,219.0,111.5,0.0,4.0,0.0,0.0,0.34080717488789236,446.0,4.0,1
335062,2,1,3.0,1.0,67.0,68.0,47.0,22.666666666666668,0.0,3.0,0.0,0.0,0.9852941176470589,34.0,1.5,1
335063,1,1,1.0,0.0,18.0,18.0,18.0,18.0,0.0,1.0,0.0,0.0,1.0,18.0,1.0,1
335065,3,1,2.0,5.0,1.0,6.0,4.0,3.0,0.0,2.0,0.0,0.0,0.16666666666666666,2.0,0.6666666666666666,1
335066,2,1,4.0,37.0,34.0,71.0,39.0,17.75,0.0,4.0,0.0,0.0,0.4788732394366197,35.5,2.0,1
335067,2,1,17.0,826.0,87.0,913.0,231.0,53.705882352941174,1.0,16.0,0.0,0.0,0.09529025191675794,456.5,8.5,1
335070,6,1,12.0,832.0,244.0,1076.0,198.0,29.88888888888889,0.0,36.0,0.0,0.0,0.22676579925650558,179.33333333333334,2.0,1
335072,2,1,48.0,2500.0,416.0,2916.0,261.0,60.75,8.0,40.0,0.0,0.0,0.14266117969821673,1458.0,24.0,1
335073,10,1,789.0,28196.0,10797.0,38993.0,908.0,42.24593716143012,71.0,839.0,11.0,2.0,0.2768958531018388,3899.3,78.9,1
335074,2,1,2.0,23.0,15.0,38.0,23.0,12.666666666666666,0.0,3.0,0.0,0.0,0.39473684210526316,19.0,1.0,1
335075,1,1,2.0,104.0,2.0,106.0,100.0,53.0,1.0,1.0,0.0,0.0,0.018867924528301886,106.0,2.0,1
335076,1,1,39.0,1663.0,136.0,1799.0,270.0,46.12820512820513,4.0,35.0,0.0,0.0,0.07559755419677598,1799.0,39.0,1
335078,3,1,19.0,520.0,219.0,739.0,90.0,32.130434782608695,0.0,20.0,0.0,3.0,0.2963464140730717,246.33333333333334,6.333333333333333,1
335080,1,1,16.0,1007.0,166.0,1173.0,495.0,73.3125,2.0,13.0,1.0,0.0,0.14151747655583974,1173.0,16.0,1
335083,1,1,2.0,80.0,2.0,82.0,71.0,41.0,1.0,1.0,0.0,0.0,0.024390243902439025,82.0,2.0,1
335087,4,1,4.0,113.0,109.0,222.0,68.0,24.666666666666668,0.0,9.0,0.0,0.0,0.49099099099099097,55.5,1.0,1
335088,3,1,304.0,16286.0,7791.0,24077.0,1324.0,78.94098360655738,22.0,273.0,8.0,2.0,0.32358682560119617,8025.666666666667,101.33333333333333,1
335091,1,1,2.0,66.0,10.0,76.0,41.0,38.0,0.0,2.0,0.0,0.0,0.13157894736842105,76.0,2.0,1
335092,2,1,4.0,118.0,28.0,146.0,54.0,24.333333333333332,0.0,6.0,0.0,0.0,0.1917808219178082,73.0,2.0,1
335094,3,1,145.0,9337.0,1047.0,10384.0,912.0,70.63945578231292,18.0,126.0,3.0,0.0,0.10082819722650231,3461.3333333333335,48.333333333333336,1
335096,1,1,2.0,80.0,2.0,82.0,71.0,41.0,1.0,1.0,0.0,0.0,0.024390243902439025,82.0,2.0,1
335098,2,1,7.0,142.0,27.0,169.0,66.0,24.142857142857142,1.0,6.0,0.0,0.0,0.15976331360946747,84.5,3.5,1
335100,1,1,5.0,39.0,16.0,55.0,37.0,11.0,0.0,5.0,0.0,0.0,0.2909090909090909,55.0,5.0,1
335101,3,1,1.0,7.0,4.0,11.0,4.0,3.6666666666666665,0.0,3.0,0.0,0.0,0.36363636363636365,3.6666666666666665,0.3333333333333333,1
335102,1,1,2.0,83.0,11.0,94.0,69.0,47.0,0.0,2.0,0.0,0.0,0.11702127659574468,94.0,2.0,1
335103,3,1,22.0,340.0,248.0,588.0,126.0,21.77777777777778,0.0,27.0,0.0,0.0,0.4217687074829932,196.0,7.333333333333333,1
335105,1,1,2.0,142.0,1.0,143.0,141.0,71.5,1.0,1.0,0.0,0.0,0.006993006993006993,143.0,2.0,1
335107,3,1,11.0,289.0,35.0,324.0,106.0,19.058823529411764,4.0,12.0,1.0,0.0,0.10802469135802469,108.0,3.6666666666666665,1
335108,1,1,1.0,3.0,0.0,3.0,3.0,3.0,0.0,1.0,0.0,0.0,0.0,3.0,1.0,1
335109,1,1,3.0,11.0,6.0,17.0,9.0,5.666666666666667,0.0,3.0,0.0,0.0,0.35294117647058826,17.0,3.0,1
335111,4,1,151.0,5664.0,2177.0,7841.0,690.0,48.701863354037265,11.0,145.0,4.0,1.0,0.27764315776048976,1960.25,37.75,1
335120,2,1,8.0,64.0,56.0,120.0,40.0,15.0,0.0,8.0,0.0,0.0,0.4666666666666667,60.0,4.0,1
335124,1,1,1.0,3.0,0.0,3.0,3.0,3.0,0.0,1.0,0.0,0.0,0.0,3.0,1.0,1
335128,1,1,8.0,64.0,56.0,120.0,40.0,15.0,0.0,8.0,0.0,0.0,0.4666666666666667,120.0,8.0,1
335129,1,1,1.0,1.0,0.0,1.0,1.0,1.0,0.0,1.0,0.0,0.0,0.0,1.0,1.0,1
335130,1,1,2.0,5.0,5.0,10.0,8.0,5.0,0.0,2.0,0.0,0.0,0.5,10.0,2.0,1
335134,2,2,304.0,15991.0,7369.0,23360.0,2290.0,76.84210526315789,38.0,260.0,5.0,1.0,0.31545376712328765,11680.0,152.0,2
335136,1,1,3.0,81.0,18.0,99.0,59.0,33.0,0.0,3.0,0.0,0.0,0.18181818181818182,99.0,3.0,1
335137,3,1,3.0,367.0,112.0,479.0,262.0,95.8,0.0,5.0,0.0,0.0,0.23382045929018788,159.66666666666666,1.0,1
335139,2,1,3.0,100.0,8.0,108.0,59.0,27.0,0.0,4.0,0.0,0.0,0.07407407407407407,54.0,1.5,1
335141,3,1,130.0,5680.0,1695.0,7375.0,690.0,54.629629629629626,7.0,126.0,1.0,1.0,0.22983050847457628,2458.3333333333335,43.333333333333336,1
335142,2,1,5.0,43.0,31.0,74.0,56.0,14.8,0.0,5.0,0.0,0.0,0.4189189189189189,37.0,2.5,1
335147,1,1,42.0,2328.0,125.0,2453.0,291.0,58.404761904761905,3.0,39.0,0.0,0.0,0.050958010599266204,2453.0,42.0,1
335151,1,1,9.0,18.0,72.0,90.0,11.0,10.0,0.0,9.0,0.0,0.0,0.8,90.0,9.0,1
335152,2,2,3.0,17.0,5.0,22.0,14.0,7.333333333333333,0.0,3.0,0.0,0.0,0.22727272727272727,11.0,1.5,2
335155,3,1,137.0,5362.0,794.0,6156.0,569.0,43.659574468085104,9.0,132.0,0.0,0.0,0.12897985705003248,2052.0,45.666666666666664,1
335157,4,1,3.0,19.0,7.0,26.0,11.0,5.2,0.0,5.0,0.0,0.0,0.2692307692307692,6.5,0.75,1
335159,6,1,349.0,32893.0,6857.0,39750.0,1250.0,60.59451219512195,114.0,526.0,12.0,4.0,0.17250314465408806,6625.0,58.166666666666664,1
335160,2,1,3.0,43.0,9.0,52.0,29.0,13.0,0.0,4.0,0.0,0.0,0.17307692307692307,26.0,1.5,1
335161,1,1,16.0,1091.0,65.0,1156.0,368.0,72.25,2.0,14.0,0.0,0.0,0.056228373702422146,1156.0,16.0,1
335162,1,1,3.0,64.0,27.0,91.0,61.0,30.333333333333332,0.0,3.0,0.0,0.0,0.2967032967032967,91.0,3.0,1
335164,1,1,1.0,3.0,3.0,6.0,6.0,6.0,0.0,1.0,0.0,0.0,0.5,6.0,1.0,1
335165,1,1,1.0,3.0,3.0,6.0,6.0,6.0,0.0,1.0,0.0,0.0,0.5,6.0,1.0,1
335166,1,1,1.0,3.0,3.0,6.0,6.0,6.0,0.0,1.0,0.0,0.0,0.5,6.0,1.0,1
335167,1,1,1.0,3.0,3.0,6.0,6.0,6.0,0.0,1.0,0.0,0.0,0.5,6.0,1.0,1
335169,2,1,9.0,60.0,13.0,73.0,18.0,7.3,0.0,10.0,0.0,0.0,0.1780821917808219,36.5,4.5,1
335170,1,1,2.0,27.0,0.0,27.0,23.0,13.5,0.0,2.0,0.0,0.0,0.0,27.0,2.0,1
335173,1,1,8.0,276.0,36.0,312.0,85.0,39.0,1.0,7.0,0.0,0.0,0.11538461538461539,312.0,8.0,1
335174,5,2,1.0,29.0,20.0,49.0,20.0,9.8,0.0,5.0,0.0,0.0,0.40816326530612246,9.8,0.2,2
335175,1,1,5.0,227.0,1323.0,1550.0,548.0,310.0,0.0,3.0,2.0,0.0,0.8535483870967742,1550.0,5.0,1
335177,3,1,12.0,433.0,366.0,799.0,81.0,36.31818181818182,4.0,14.0,4.0,0.0,0.45807259073842305,266.3333333333333,4.0,1
335179,2,1,34.0,679.0,2212.0,2891.0,353.0,82.6,0.0,35.0,0.0,0.0,0.7651331719128329,1445.5,17.0,1
335185,2,1,303.0,15418.0,5267.0,20685.0,2290.0,68.26732673267327,37.0,260.0,5.0,1.0,0.25462895818225767,10342.5,151.5,1
335186,1,1,4.0,50.0,196.0,246.0,121.0,61.5,0.0,4.0,0.0,0.0,0.7967479674796748,246.0,4.0,1
335190,1,1,1.0,25.0,11.0,36.0,36.0,36.0,0.0,1.0,0.0,0.0,0.3055555555555556,36.0,1.0,1
335195,1,1,6.0,405.0,20.0,425.0,270.0,70.83333333333333,1.0,5.0,0.0,0.0,0.047058823529411764,425.0,6.0,1
335198,1,1,3.0,22.0,1.0,23.0,14.0,7.666666666666667,0.0,3.0,0.0,0.0,0.043478260869565216,23.0,3.0,1
335201,4,1,9.0,298.0,58.0,356.0,111.0,25.428571428571427,1.0,13.0,0.0,0.0,0.16292134831460675,89.0,2.25,1
335203,1,1,2.0,56.0,6.0,62.0,59.0,31.0,0.0,2.0,0.0,0.0,0.0967741935483871,62.0,2.0,1
335205,6,1,60.0,2297.0,1147.0,3444.0,780.0,43.59493670886076,4.0,75.0,0.0,0.0,0.3330429732868757,574.0,10.0,1
335206,1,1,5.0,37.0,41.0,78.0,37.0,15.6,0.0,5.0,0.0,0.0,0.5256410256410257,78.0,5.0,1
335208,3,1,195.0,7027.0,1210.0,8237.0,571.0,40.18048780487805,11.0,189.0,4.0,1.0,0.1468981425276193,2745.6666666666665,65.0,1
335209,1,1,2.0,59.0,3.0,62.0,56.0,31.0,1.0,1.0,0.0,0.0,0.04838709677419355,62.0,2.0,1
335216,3,1,4.0,239.0,16.0,255.0,161.0,42.5,0.0,6.0,0.0,0.0,0.06274509803921569,85.0,1.3333333333333333,1
335222,1,1,1.0,2.0,2.0,4.0,4.0,4.0,0.0,1.0,0.0,0.0,0.5,4.0,1.0,1
335225,1,1,6.0,217.0,10.0,227.0,144.0,37.833333333333336,0.0,6.0,0.0,0.0,0.04405286343612335,227.0,6.0,1
335230,4,1,304.0,14055.0,7128.0,21183.0,2290.0,67.46178343949045,35.0,273.0,5.0,1.0,0.3364962469905113,5295.75,76.0,1
335231,1,1,2.0,25.0,9.0,34.0,20.0,17.0,0.0,2.0,0.0,0.0,0.2647058823529412,34.0,2.0,1
335233,1,1,1.0,1.0,1.0,2.0,2.0,2.0,0.0,1.0,0.0,0.0,0.5,2.0,1.0,1
335234,1,1,1.0,0.0,4.0,4.0,4.0,4.0,0.0,1.0,0.0,0.0,1.0,4.0,1.0,1
335235,1,1,4.0,44.0,7.0,51.0,22.0,12.75,0.0,4.0,0.0,0.0,0.13725490196078433,51.0,4.0,1
335236,2,1,2.0,7.0,5.0,12.0,6.0,6.0,0.0,2.0,0.0,0.0,0.4166666666666667,6.0,1.0,1
335238,1,1,2.0,82.0,7.0,89.0,65.0,44.5,0.0,2.0,0.0,0.0,0.07865168539325842,89.0,2.0,1
335239,1,1,1.0,0.0,5.0,5.0,5.0,5.0,0.0,1.0,0.0,0.0,1.0,5.0,1.0,1
335240,1,1,6.0,30.0,30.0,60.0,16.0,10.0,0.0,6.0,0.0,0.0,0.5,60.0,6.0,1
335241,1,1,5.0,164.0,27.0,191.0,108.0,38.2,2.0,3.0,0.0,0.0,0.14136125654450263,191.0,5.0,1
335242,4,1,310.0,14354.0,5312.0,19666.0,772.0,63.032051282051285,35.0,268.0,7.0,2.0,0.27011085121529543,4916.5,77.5,1
335243,1,1,3.0,112.0,5.0,117.0,75.0,39.0,0.0,3.0,0.0,0.0,0.042735042735042736,117.0,3.0,1
335245,9,1,469.0,26508.0,9101.0,35609.0,2290.0,68.74324324324324,59.0,452.0,6.0,1.0,0.2555814541267657,3956.5555555555557,52.111111111111114,1
335246,3,1,2.0,90.0,43.0,133.0,47.0,33.25,0.0,4.0,0.0,0.0,0.3233082706766917,44.333333333333336,0.6666666666666666,1
335247,7,2,304.0,15411.0,7464.0,22875.0,2290.0,68.4880239520958,37.0,291.0,5.0,1.0,0.32629508196721313,3267.8571428571427,43.42857142857143,2
335253,4,1,19.0,265.0,70.0,335.0,56.0,9.054054054054054,0.0,37.0,0.0,0.0,0.208955223880597,83.75,4.75,1
335254,2,1,18.0,342.0,28.0,370.0,75.0,16.818181818181817,0.0,22.0,0.0,0.0,0.07567567567567568,185.0,9.0,1
335255,2,1,60.0,2122.0,358.0,2480.0,270.0,41.333333333333336,5.0,53.0,1.0,1.0,0.1443548387096774,1240.0,30.0,1
335258,1,1,5.0,110.0,8.0,118.0,83.0,23.6,0.0,5.0,0.0,0.0,0.06779661016949153,118.0,5.0,1
335259,9,1,209.0,7672.0,2201.0,9873.0,778.0,41.483193277310924,8.0,226.0,3.0,1.0,0.2229312265775347,1097.0,23.22222222222222,1
335261,1,1,2.0,46.0,2.0,48.0,46.0,24.0,0.0,2.0,0.0,0.0,0.041666666666666664,48.0,2.0,1
335262,38,11,246.0,19476.0,3483.0,22959.0,521.0,60.577836411609496,20.0,358.0,1.0,0.0,0.15170521364170914,604.1842105263158,6.473684210526316,11
335263,1,1,6.0,36.0,29.0,65.0,17.0,10.833333333333334,1.0,5.0,0.0,0.0,0.4461538461538462,65.0,6.0,1
335265,1,1,1.0,1.0,1.0,2.0,2.0,2.0,0.0,1.0,0.0,0.0,0.5,2.0,1.0,1
335266,1,1,2.0,4.0,4.0,8.0,4.0,4.0,0.0,2.0,0.0,0.0,0.5,8.0,2.0,1
335268,2,1,132.0,3769.0,567.0,4336.0,270.0,31.88235294117647,7.0,127.0,1.0,1.0,0.13076568265682656,2168.0,66.0,1
335270,1,1,1.0,4.0,0.0,4.0,4.0,4.0,0.0,1.0,0.0,0.0,0.0,4.0,1.0,1
335273,2,1,2.0,1293.0,89.0,1382.0,848.0,345.5,0.0,4.0,0.0,0.0,0.06439942112879884,691.0,1.0,1
335275,3,1,2.0,63.0,4.0,67.0,42.0,22.333333333333332,0.0,3.0,0.0,0.0,0.05970149253731343,22.333333333333332,0.6666666666666666,1
335276,2,1,2.0,92.0,4.0,96.0,78.0,24.0,0.0,4.0,0.0,0.0,0.041666666666666664,48.0,1.0,1
335280,1,1,1.0,5.0,5.0,10.0,10.0,10.0,0.0,1.0,0.0,0.0,0.5,10.0,1.0,1
335281,3,1,9.0,625.0,95.0,720.0,179.0,48.0,0.0,15.0,0.0,0.0,0.13194444444444445,240.0,3.0,1
335282,3,1,14.0,790.0,485.0,1275.0,129.0,45.535714285714285,2.0,24.0,2.0,0.0,0.3803921568627451,425.0,4.666666666666667,1
335284,1,1,15.0,1235.0,134.0,1369.0,571.0,91.26666666666667,1.0,14.0,0.0,0.0,0.09788166544923302,1369.0,15.0,1
335285,1,1,3.0,0.0,278.0,278.0,186.0,92.66666666666667,0.0,0.0,3.0,0.0,1.0,278.0,3.0,1
335286,3,2,5.0,116.0,18.0,134.0,60.0,19.142857142857142,2.0,5.0,0.0,0.0,0.13432835820895522,44.666666666666664,1.6666666666666667,2
335289,3,3,604.0,16523.0,4791.0,21314.0,837.0,35.113673805601316,35.0,565.0,4.0,3.0,0.22478183353664258,7104.666666666667,201.33333333333334,3
335290,3,1,2.0,75.0,21.0,96.0,50.0,32.0,0.0,3.0,0.0,0.0,0.21875,32.0,0.6666666666666666,1
335291,9,1,325.0,18211.0,7334.0,25545.0,2290.0,74.69298245614036,43.0,291.0,7.0,1.0,0.287101193971423,2838.3333333333335,36.111111111111114,1
335294,1,1,2.0,41.0,6.0,47.0,31.0,23.5,0.0,2.0,0.0,0.0,0.1276595744680851,47.0,2.0,1
335296,1,1,6.0,380.0,7.0,387.0,347.0,64.5,1.0,5.0,0.0,0.0,0.01808785529715762,387.0,6.0,1
335298,1,1,1.0,1.0,0.0,1.0,1.0,1.0,0.0,1.0,0.0,0.0,0.0,1.0,1.0,1
335301,3,1,11.0,411.0,94.0,505.0,91.0,33.666666666666664,0.0,14.0,0.0,1.0,0.18613861386138614,168.33333333333334,3.6666666666666665,1
335303,2,1,196.0,10943.0,2243.0,13186.0,891.0,67.27551020408163,21.0,172.0,2.0,1.0,0.17010465645381465,6593.0,98.0,1
335304,5,1,309.0,13617.0,5844.0,19461.0,887.0,61.97770700636943,18.0,286.0,10.0,0.0,0.30029289347926624,3892.2,61.8,1
335305,4,1,180.0,5931.0,958.0,6889.0,571.0,37.23783783783784,11.0,172.0,1.0,1.0,0.1390622731891421,1722.25,45.0,1
335307,2,1,3.0,23.0,7.0,30.0,11.0,7.5,0.0,4.0,0.0,0.0,0.23333333333333334,15.0,1.5,1
335308,2,2,23.0,150.0,150.0,300.0,72.0,13.043478260869565,0.0,23.0,0.0,0.0,0.5,150.0,11.5,2
335317,1,1,9.0,26.0,83.0,109.0,46.0,12.11111111111111,0.0,9.0,0.0,0.0,0.7614678899082569,109.0,9.0,1
335318,1,1,2.0,92.0,7.0,99.0,82.0,49.5,0.0,2.0,0.0,0.0,0.0707070707070707,99.0,2.0,1
335322,1,1,1.0,1.0,1.0,2.0,2.0,2.0,0.0,1.0,0.0,0.0,0.5,2.0,1.0,1
335323,1,1,1.0,3.0,3.0,6.0,6.0,6.0,0.0,1.0,0.0,0.0,0.5,6.0,1.0,1
335324,3,1,5.0,278.0,24.0,302.0,107.0,43.142857142857146,0.0,7.0,0.0,0.0,0.07947019867549669,100.66666666666667,1.6666666666666667,1
335325,8,1,15.0,446.0,180.0,626.0,81.0,20.193548387096776,0.0,31.0,0.0,0.0,0.28753993610223644,78.25,1.875,1
335328,1,1,2.0,23.0,3.0,26.0,21.0,13.0,0.0,2.0,0.0,0.0,0.11538461538461539,26.0,2.0,1
335329,8,2,29.0,643.0,616.0,1259.0,121.0,32.282051282051285,1.0,35.0,3.0,0.0,0.4892772041302621,157.375,3.625,2
335333,9,1,611.0,35886.0,9304.0,45190.0,1254.0,72.304,75.0,533.0,13.0,4.0,0.20588625802168622,5021.111111111111,67.88888888888889,1
335335,1,1,1.0,1.0,2.0,3.0,3.0,3.0,0.0,1.0,0.0,0.0,0.6666666666666666,3.0,1.0,1
335336,1,1,23.0,156.0,77.0,233.0,27.0,10.130434782608695,0.0,23.0,0.0,0.0,0.33047210300429186,233.0,23.0,1
335337,3,1,6.0,76.0,31.0,107.0,27.0,13.375,0.0,8.0,0.0,0.0,0.2897196261682243,35.666666666666664,2.0,1
335341,2,1,2.0,79.0,16.0,95.0,86.0,47.5,0.0,2.0,0.0,0.0,0.16842105263157894,47.5,1.0,1
335342,2,1,9.0,129.0,63.0,192.0,62.0,17.454545454545453,0.0,11.0,0.0,0.0,0.328125,96.0,4.5,1
335343,1,1,2.0,54.0,2.0,56.0,43.0,28.0,0.0,2.0,0.0,0.0,0.03571428571428571,56.0,2.0,1
335344,2,1,5.0,313.0,44.0,357.0,174.0,51.0,2.0,5.0,0.0,0.0,0.12324929971988796,178.5,2.5,1
335345,9,1,5.0,346.0,230.0,576.0,89.0,24.0,2.0,21.0,1.0,0.0,0.3993055555555556,64.0,0.5555555555555556,1
335346,19,1,4.0,188.0,148.0,336.0,40.0,8.195121951219512,0.0,41.0,0.0,0.0,0.44047619047619047,17.68421052631579,0.21052631578947367,1
335349,2,1,1.0,4.0,3.0,7.0,7.0,7.0,0.0,1.0,0.0,0.0,0.42857142857142855,3.5,0.5,1
335350,22,1,10.0,441.0,218.0,659.0,78.0,12.433962264150944,4.0,48.0,1.0,0.0,0.330804248861912,29.954545454545453,0.45454545454545453,1
335352,4,1,12.0,811.0,73.0,884.0,327.0,34.0,0.0,26.0,0.0,0.0,0.08257918552036199,221.0,3.0,1
335353,2,1,16.0,94.0,960.0,1054.0,837.0,62.0,0.0,15.0,1.0,1.0,0.9108159392789373,527.0,8.0,1
335355,10,1,305.0,19495.0,2966.0,22461.0,1254.0,71.76038338658147,40.0,267.0,4.0,2.0,0.13205111081430035,2246.1,30.5,1
335356,1,1,17.0,864.0,173.0,1037.0,204.0,61.0,0.0,17.0,0.0,0.0,0.16682738669238187,1037.0,17.0,1
335358,3,1,13.0,609.0,232.0,841.0,183.0,49.470588235294116,0.0,17.0,0.0,0.0,0.27586206896551724,280.3333333333333,4.333333333333333,1
335360,2,1,10.0,451.0,47.0,498.0,223.0,45.27272727272727,1.0,10.0,0.0,0.0,0.09437751004016064,249.0,5.0,1
335361,5,1,7.0,1456.0,364.0,1820.0,684.0,130.0,3.0,10.0,1.0,0.0,0.2,364.0,1.4,1
335363,2,1,2.0,131.0,21.0,152.0,46.0,38.0,0.0,4.0,0.0,0.0,0.13815789473684212,76.0,1.0,1
335366,3,1,5.0,1477.0,182.0,1659.0,546.0,150.8181818181818,0.0,11.0,0.0,0.0,0.10970464135021098,553.0,1.6666666666666667,1
335368,2,1,1.0,5.0,1.0,6.0,5.0,3.0,0.0,2.0,0.0,0.0,0.16666666666666666,3.0,0.5,1
335369,5,1,6.0,32.0,23.0,55.0,27.0,6.875,0.0,8.0,0.0,0.0,0.41818181818181815,11.0,1.2,1
335373,1,1,12.0,100.0,20.0,120.0,38.0,10.0,1.0,11.0,0.0,0.0,0.16666666666666666,120.0,12.0,1
335375,1,1,2.0,50.0,0.0,50.0,47.0,25.0,0.0,2.0,0.0,0.0,0.0,50.0,2.0,1
335376,3,1,18.0,251.0,1052.0,1303.0,431.0,56.65217391304348,0.0,20.0,3.0,0.0,0.807367613200307,434.3333333333333,6.0,1
335377,3,1,16.0,363.0,49.0,412.0,91.0,21.68421052631579,0.0,19.0,0.0,0.0,0.11893203883495146,137.33333333333334,5.333333333333333,1
335379,3,1,78.0,3779.0,494.0,4273.0,684.0,49.68604651162791,9.0,77.0,0.0,0.0,0.11560964193774866,1424.3333333333333,26.0,1
335384,2,1,2.0,28.0,8.0,36.0,16.0,9.0,0.0,4.0,0.0,0.0,0.2222222222222222,18.0,1.0,1
335385,1,1,7.0,731.0,42.0,773.0,378.0,110.42857142857143,1.0,6.0,0.0,0.0,0.054333764553686936,773.0,7.0,1
335386,1,1,8.0,405.0,38.0,443.0,256.0,55.375,0.0,8.0,0.0,0.0,0.08577878103837472,443.0,8.0,1
335387,8,1,12.0,401.0,127.0,528.0,124.0,22.0,0.0,24.0,0.0,0.0,0.24053030303030304,66.0,1.5,1
335390,1,1,2.0,111.0,2.0,113.0,98.0,56.5,1.0,1.0,0.0,0.0,0.017699115044247787,113.0,2.0,1
335391,6,1,9.0,680.0,493.0,1173.0,146.0,36.65625,0.0,32.0,0.0,0.0,0.42028985507246375,195.5,1.5,1
335393,1,1,3.0,41.0,10.0,51.0,27.0,17.0,0.0,3.0,0.0,0.0,0.19607843137254902,51.0,3.0,1
335398,3,1,6.0,177.0,25.0,202.0,79.0,25.25,0.0,8.0,0.0,0.0,0.12376237623762376,67.33333333333333,2.0,1
335401,8,1,16.0,590.0,77.0,667.0,120.0,24.703703703703702,0.0,27.0,0.0,0.0,0.11544227886056972,83.375,2.0,1
335406,3,1,24.0,1302.0,116.0,1418.0,181.0,36.35897435897436,1.0,38.0,0.0,0.0,0.08180535966149506,472.6666666666667,8.0,1
335408,2,1,4.0,134.0,100.0,234.0,111.0,58.5,2.0,2.0,0.0,0.0,0.42735042735042733,117.0,2.0,1
335409,1,1,2.0,7.0,4.0,11.0,6.0,5.5,0.0,2.0,0.0,0.0,0.36363636363636365,11.0,2.0,1
335410,1,1,2.0,30.0,8.0,38.0,22.0,19.0,0.0,2.0,0.0,0.0,0.21052631578947367,38.0,2.0,1
335413,1,1,4.0,61.0,61.0,122.0,58.0,30.5,0.0,4.0,0.0,0.0,0.5,122.0,4.0,1
335414,16,2,337.0,19553.0,5416.0,24969.0,891.0,60.9,25.0,380.0,3.0,2.0,0.21690896711922783,1560.5625,21.0625,2
335415,3,1,1.0,26.0,15.0,41.0,31.0,13.666666666666666,0.0,3.0,0.0,0.0,0.36585365853658536,13.666666666666666,0.3333333333333333,1
335416,1,1,0.0,0.0,0.0,0.0,0.0,0.0,0.0,0.0,0.0,0.0,0.0,0.0,0.0,1
335417,3,1,4.0,135.0,56.0,191.0,54.0,27.285714285714285,0.0,7.0,0.0,0.0,0.2931937172774869,63.666666666666664,1.3333333333333333,1
335419,4,2,2.0,223.0,9.0,232.0,162.0,58.0,1.0,3.0,0.0,0.0,0.03879310344827586,58.0,0.5,2
335420,1,1,2.0,8.0,8.0,16.0,14.0,8.0,0.0,2.0,0.0,0.0,0.5,16.0,2.0,1
335421,1,1,1.0,3.0,3.0,6.0,6.0,6.0,0.0,1.0,0.0,0.0,0.5,6.0,1.0,1
335424,2,1,321.0,17037.0,4597.0,21634.0,837.0,64.77245508982035,22.0,305.0,4.0,3.0,0.21248959970416936,10817.0,160.5,1
335427,1,1,1.0,1.0,1.0,2.0,2.0,2.0,0.0,1.0,0.0,0.0,0.5,2.0,1.0,1
335428,2,1,122.0,4427.0,662.0,5089.0,330.0,41.71311475409836,9.0,113.0,0.0,0.0,0.13008449597170368,2544.5,61.0,1
335430,1,1,0.0,0.0,0.0,0.0,0.0,0.0,0.0,0.0,0.0,0.0,0.0,0.0,0.0,1
335431,5,1,48.0,5498.0,407.0,5905.0,1159.0,78.73333333333333,17.0,55.0,3.0,0.0,0.0689246401354784,1181.0,9.6,1
335433,3,1,7.0,248.0,95.0,343.0,114.0,38.111111111111114,1.0,8.0,0.0,0.0,0.27696793002915454,114.33333333333333,2.3333333333333335,1
335434,1,1,2.0,43.0,0.0,43.0,38.0,21.5,0.0,2.0,0.0,0.0,0.0,43.0,2.0,1
335436,1,1,2.0,52.0,6.0,58.0,50.0,29.0,0.0,2.0,0.0,0.0,0.10344827586206896,58.0,2.0,1
335437,2,1,3.0,96.0,66.0,162.0,99.0,54.0,0.0,3.0,0.0,0.0,0.4074074074074074,81.0,1.5,1
335439,1,1,4.0,41.0,22.0,63.0,27.0,15.75,0.0,4.0,0.0,0.0,0.3492063492063492,63.0,4.0,1
335443,1,1,2.0,50.0,19.0,69.0,65.0,34.5,0.0,2.0,0.0,0.0,0.2753623188405797,69.0,2.0,1
335447,1,1,2.0,39.0,2.0,41.0,37.0,20.5,0.0,2.0,0.0,0.0,0.04878048780487805,41.0,2.0,1
335450,1,1,2.0,10.0,10.0,20.0,18.0,10.0,0.0,2.0,0.0,0.0,0.5,20.0,2.0,1
335452,2,1,3.0,218.0,8.0,226.0,184.0,45.2,1.0,4.0,0.0,0.0,0.035398230088495575,113.0,1.5,1
335453,1,1,1.0,2.0,2.0,4.0,4.0,4.0,0.0,1.0,0.0,0.0,0.5,4.0,1.0,1
335454,1,1,1.0,4.0,2.0,6.0,6.0,6.0,0.0,1.0,0.0,0.0,0.3333333333333333,6.0,1.0,1
335455,1,1,2.0,33.0,0.0,33.0,27.0,16.5,0.0,2.0,0.0,0.0,0.0,33.0,2.0,1
335459,1,1,5.0,42.0,0.0,42.0,31.0,8.4,0.0,5.0,0.0,0.0,0.0,42.0,5.0,1
335461,2,1,2.0,141.0,4.0,145.0,114.0,48.333333333333336,1.0,2.0,0.0,0.0,0.027586206896551724,72.5,1.0,1
335462,1,1,2.0,56.0,0.0,56.0,51.0,28.0,0.0,2.0,0.0,0.0,0.0,56.0,2.0,1
335463,2,1,2.0,118.0,27.0,145.0,70.0,36.25,1.0,3.0,0.0,0.0,0.18620689655172415,72.5,1.0,1
335464,2,1,10.0,267.0,39.0,306.0,100.0,25.5,1.0,11.0,0.0,0.0,0.12745098039215685,153.0,5.0,1
335465,3,1,2.0,55.0,34.0,89.0,23.0,11.125,0.0,8.0,0.0,0.0,0.38202247191011235,29.666666666666668,0.6666666666666666,1
335466,1,1,5.0,143.0,6.0,149.0,61.0,29.8,0.0,5.0,0.0,0.0,0.040268456375838924,149.0,5.0,1
335471,1,1,2.0,27.0,5.0,32.0,28.0,16.0,0.0,2.0,0.0,0.0,0.15625,32.0,2.0,1
335472,1,1,2.0,73.0,1.0,74.0,71.0,37.0,0.0,2.0,0.0,0.0,0.013513513513513514,74.0,2.0,1
335475,4,1,303.0,19661.0,2061.0,21722.0,1254.0,67.04320987654322,40.0,281.0,3.0,0.0,0.09488076604364239,5430.5,75.75,1
335478,1,1,2.0,33.0,1.0,34.0,31.0,17.0,0.0,2.0,0.0,0.0,0.029411764705882353,34.0,2.0,1
335479,8,1,349.0,5472.0,1431.0,6903.0,381.0,19.390449438202246,26.0,330.0,0.0,0.0,0.20730117340286833,862.875,43.625,1
335480,4,1,312.0,21657.0,2331.0,23988.0,1254.0,68.14772727272727,41.0,307.0,4.0,0.0,0.0971735867933967,5997.0,78.0,1
335481,1,1,3.0,7.0,7.0,14.0,8.0,4.666666666666667,0.0,3.0,0.0,0.0,0.5,14.0,3.0,1
335482,1,1,3.0,152.0,5.0,157.0,108.0,52.333333333333336,1.0,2.0,0.0,0.0,0.03184713375796178,157.0,3.0,1
335483,2,2,308.0,5268.0,1536.0,6804.0,537.0,22.09090909090909,19.0,289.0,0.0,0.0,0.2257495590828924,3402.0,154.0,2
335484,1,1,1.0,3.0,1.0,4.0,4.0,4.0,0.0,1.0,0.0,0.0,0.25,4.0,1.0,1
335487,1,1,2.0,25.0,116.0,141.0,71.0,70.5,0.0,1.0,1.0,0.0,0.8226950354609929,141.0,2.0,1
335488,3,2,303.0,10439.0,5860.0,16299.0,908.0,53.26470588235294,20.0,277.0,8.0,1.0,0.3595312595864777,5433.0,101.0,2
335490,2,1,3.0,84.0,5.0,89.0,79.0,29.666666666666668,0.0,3.0,0.0,0.0,0.056179775280898875,44.5,1.5,1
335491,1,1,4.0,155.0,8.0,163.0,75.0,40.75,0.0,4.0,0.0,0.0,0.049079754601226995,163.0,4.0,1
335497,1,1,2.0,2.0,3.0,5.0,4.0,2.5,0.0,2.0,0.0,0.0,0.6,5.0,2.0,1
335498,10,1,36.0,3467.0,390.0,3857.0,428.0,53.56944444444444,13.0,59.0,0.0,0.0,0.10111485610578169,385.7,3.6,1
335500,2,2,4.0,345.0,26.0,371.0,139.0,61.833333333333336,0.0,6.0,0.0,0.0,0.07008086253369272,185.5,2.0,2
335501,2,1,12.0,1832.0,92.0,1924.0,507.0,137.42857142857142,2.0,12.0,0.0,0.0,0.04781704781704782,962.0,6.0,1
335502,2,1,5.0,12.0,193.0,205.0,118.0,34.166666666666664,0.0,6.0,0.0,0.0,0.9414634146341463,102.5,2.5,1
335504,7,1,116.0,8962.0,788.0,9750.0,1254.0,71.69117647058823,21.0,111.0,4.0,0.0,0.08082051282051282,1392.857142857143,16.571428571428573,1
335506,1,1,15.0,737.0,235.0,972.0,358.0,64.8,0.0,15.0,0.0,0.0,0.2417695473251029,972.0,15.0,1
335510,4,1,98.0,7523.0,569.0,8092.0,1254.0,80.92,18.0,79.0,3.0,0.0,0.07031636183885319,2023.0,24.5,1
335511,7,1,20.0,2147.0,368.0,2515.0,273.0,53.51063829787234,2.0,45.0,0.0,0.0,0.1463220675944334,359.2857142857143,2.857142857142857,1
335515,2,1,19.0,890.0,38.0,928.0,222.0,48.8421052631579,0.0,19.0,0.0,0.0,0.040948275862068964,464.0,9.5,1
335517,3,1,27.0,1278.0,522.0,1800.0,358.0,60.0,0.0,29.0,1.0,0.0,0.29,600.0,9.0,1
335518,2,2,4.0,196.0,196.0,392.0,121.0,65.33333333333333,0.0,6.0,0.0,0.0,0.5,196.0,2.0,2
335520,3,1,6.0,198.0,63.0,261.0,104.0,32.625,0.0,8.0,0.0,0.0,0.2413793103448276,87.0,2.0,1
335522,9,1,13.0,414.0,68.0,482.0,89.0,16.620689655172413,1.0,28.0,0.0,0.0,0.14107883817427386,53.55555555555556,1.4444444444444444,1
335525,7,3,518.0,16364.0,1905.0,18269.0,1254.0,34.02048417132216,43.0,491.0,3.0,0.0,0.10427500136843834,2609.8571428571427,74.0,3
335526,2,1,10.0,122.0,50.0,172.0,28.0,15.636363636363637,0.0,11.0,0.0,0.0,0.29069767441860467,86.0,5.0,1
335527,1,1,1.0,6.0,2.0,8.0,8.0,8.0,0.0,1.0,0.0,0.0,0.25,8.0,1.0,1
335533,9,1,413.0,9344.0,2090.0,11434.0,765.0,26.224770642201836,27.0,408.0,1.0,0.0,0.18278817561658212,1270.4444444444443,45.888888888888886,1
335535,2,1,2.0,36.0,6.0,42.0,27.0,14.0,0.0,3.0,0.0,0.0,0.14285714285714285,21.0,1.0,1
335537,1,1,5.0,154.0,44.0,198.0,86.0,39.6,0.0,5.0,0.0,0.0,0.2222222222222222,198.0,5.0,1
335539,4,1,9.0,124.0,78.0,202.0,43.0,15.538461538461538,2.0,11.0,0.0,0.0,0.38613861386138615,50.5,2.25,1
335542,1,1,2.0,50.0,1.0,51.0,50.0,25.5,0.0,2.0,0.0,0.0,0.0196078431372549,51.0,2.0,1
335543,3,1,4.0,156.0,92.0,248.0,136.0,27.555555555555557,0.0,9.0,0.0,0.0,0.3709677419354839,82.66666666666667,1.3333333333333333,1
335547,2,1,2.0,122.0,11.0,133.0,103.0,44.333333333333336,0.0,3.0,0.0,0.0,0.08270676691729323,66.5,1.0,1
335549,2,1,3.0,270.0,143.0,413.0,160.0,82.6,0.0,5.0,0.0,0.0,0.34624697336561744,206.5,1.5,1
335550,2,1,2.0,68.0,2.0,70.0,62.0,23.333333333333332,0.0,3.0,0.0,0.0,0.02857142857142857,35.0,1.0,1
335551,9,1,323.0,24571.0,3047.0,27618.0,1254.0,81.95252225519287,49.0,283.0,4.0,1.0,0.11032659859511912,3068.6666666666665,35.888888888888886,1
335552,2,1,4.0,168.0,67.0,235.0,95.0,39.166666666666664,1.0,5.0,0.0,0.0,0.2851063829787234,117.5,2.0,1
335553,1,1,15.0,190.0,38.0,228.0,84.0,15.2,2.0,13.0,0.0,0.0,0.16666666666666666,228.0,15.0,1
335557,1,1,2.0,7.0,7.0,14.0,8.0,7.0,0.0,2.0,0.0,0.0,0.5,14.0,2.0,1
335560,1,1,23.0,1153.0,96.0,1249.0,384.0,54.30434782608695,2.0,21.0,0.0,0.0,0.07686148919135308,1249.0,23.0,1
335562,4,1,221.0,12362.0,1717.0,14079.0,796.0,62.296460176991154,20.0,205.0,1.0,0.0,0.1219546842815541,3519.75,55.25,1
335564,3,1,7.0,63.0,26.0,89.0,16.0,8.090909090909092,0.0,11.0,0.0,0.0,0.29213483146067415,29.666666666666668,2.3333333333333335,1
335566,1,1,2.0,5.0,5.0,10.0,8.0,5.0,0.0,2.0,0.0,0.0,0.5,10.0,2.0,1
335567,1,1,2.0,11.0,1.0,12.0,10.0,6.0,0.0,2.0,0.0,0.0,0.08333333333333333,12.0,2.0,1
335568,6,1,5.0,1095.0,53.0,1148.0,240.0,57.4,6.0,14.0,0.0,0.0,0.046167247386759584,191.33333333333334,0.8333333333333334,1
335576,4,1,5.0,205.0,58.0,263.0,116.0,29.22222222222222,0.0,9.0,0.0,0.0,0.22053231939163498,65.75,1.25,1
335577,3,1,2.0,160.0,156.0,316.0,142.0,63.2,0.0,5.0,0.0,0.0,0.4936708860759494,105.33333333333333,0.6666666666666666,1
335578,2,1,2.0,108.0,4.0,112.0,64.0,28.0,0.0,4.0,0.0,0.0,0.03571428571428571,56.0,1.0,1
335579,1,1,4.0,25.0,3.0,28.0,10.0,7.0,0.0,4.0,0.0,0.0,0.10714285714285714,28.0,4.0,1
335580,1,1,6.0,169.0,169.0,338.0,96.0,56.333333333333336,0.0,6.0,0.0,0.0,0.5,338.0,6.0,1
335582,2,1,60.0,4755.0,898.0,5653.0,982.0,94.21666666666667,5.0,55.0,0.0,0.0,0.15885370599681586,2826.5,30.0,1
335583,14,1,32.0,3438.0,853.0,4291.0,153.0,28.045751633986928,5.0,148.0,0.0,0.0,0.19878816126776974,306.5,2.2857142857142856,1
335585,4,1,8.0,401.0,56.0,457.0,159.0,41.54545454545455,1.0,10.0,0.0,0.0,0.12253829321663019,114.25,2.0,1
335586,1,1,7.0,106.0,17.0,123.0,74.0,17.571428571428573,0.0,7.0,0.0,0.0,0.13821138211382114,123.0,7.0,1
335589,2,1,2.0,22.0,9.0,31.0,17.0,10.333333333333334,0.0,3.0,0.0,0.0,0.2903225806451613,15.5,1.0,1
335592,2,1,16.0,577.0,173.0,750.0,159.0,32.608695652173914,1.0,22.0,0.0,0.0,0.23066666666666666,375.0,8.0,1
335593,8,1,22.0,1114.0,1882.0,2996.0,397.0,71.33333333333333,0.0,42.0,0.0,0.0,0.6281708945260347,374.5,2.75,1
335594,2,1,3.0,53.0,17.0,70.0,28.0,17.5,1.0,3.0,0.0,0.0,0.24285714285714285,35.0,1.5,1
335595,8,1,10.0,918.0,150.0,1068.0,349.0,56.21052631578947,0.0,19.0,0.0,0.0,0.1404494382022472,133.5,1.25,1
335596,2,1,3.0,262.0,239.0,501.0,147.0,83.5,0.0,6.0,0.0,0.0,0.47704590818363274,250.5,1.5,1
335597,1,1,9.0,4.0,37.0,41.0,20.0,4.555555555555555,0.0,8.0,1.0,0.0,0.9024390243902439,41.0,9.0,1
335599,5,1,311.0,3866.0,1207.0,5073.0,381.0,16.053797468354432,20.0,296.0,0.0,0.0,0.23792627636506997,1014.6,62.2,1
335600,2,1,1.0,5532.0,5521.0,11053.0,5532.0,5526.5,0.0,2.0,0.0,0.0,0.49950239753912967,5526.5,0.5,1
335601,1,1,1.0,1.0,1.0,2.0,2.0,2.0,0.0,1.0,0.0,0.0,0.5,2.0,1.0,1
335604,10,1,29.0,713.0,431.0,1144.0,288.0,24.340425531914892,0.0,47.0,0.0,0.0,0.3767482517482518,114.4,2.9,1
335605,26,2,34.0,6385.0,927.0,7312.0,356.0,32.789237668161434,5.0,218.0,0.0,0.0,0.12677789934354486,281.2307692307692,1.3076923076923077,2
335606,1,1,7.0,372.0,56.0,428.0,192.0,61.142857142857146,2.0,5.0,0.0,0.0,0.1308411214953271,428.0,7.0,1
335610,2,1,11.0,51.0,46.0,97.0,22.0,8.818181818181818,0.0,11.0,0.0,0.0,0.4742268041237113,48.5,5.5,1
335611,2,1,4.0,38.0,28.0,66.0,22.0,9.428571428571429,0.0,7.0,0.0,0.0,0.42424242424242425,33.0,2.0,1
335613,23,1,772.0,43886.0,16534.0,60420.0,2290.0,50.60301507537689,96.0,1080.0,13.0,5.0,0.2736511089043363,2626.9565217391305,33.56521739130435,1
335615,1,1,1.0,5.0,0.0,5.0,5.0,5.0,0.0,1.0,0.0,0.0,0.0,5.0,1.0,1
335618,2,1,1.0,13.0,2.0,15.0,13.0,7.5,0.0,2.0,0.0,0.0,0.13333333333333333,7.5,0.5,1
335620,4,1,5.0,534.0,51.0,585.0,131.0,58.5,0.0,10.0,0.0,0.0,0.08717948717948718,146.25,1.25,1
335625,1,1,8.0,143.0,0.0,143.0,83.0,17.875,2.0,6.0,0.0,0.0,0.0,143.0,8.0,1
335628,5,1,13.0,230.0,28.0,258.0,109.0,13.578947368421053,0.0,19.0,0.0,0.0,0.10852713178294573,51.6,2.6,1
335631,2,1,1.0,4.0,4.0,8.0,6.0,4.0,0.0,2.0,0.0,0.0,0.5,4.0,0.5,1
335633,1,1,5.0,189.0,17.0,206.0,165.0,41.2,0.0,5.0,0.0,0.0,0.0825242718446602,206.0,5.0,1
335634,2,1,2.0,237.0,30.0,267.0,90.0,66.75,0.0,4.0,0.0,0.0,0.11235955056179775,133.5,1.0,1
335636,1,1,4.0,8.0,8.0,16.0,6.0,4.0,0.0,4.0,0.0,0.0,0.5,16.0,4.0,1
335637,1,1,2.0,2.0,2.0,4.0,2.0,2.0,0.0,2.0,0.0,0.0,0.5,4.0,2.0,1
335640,1,1,48.0,2444.0,26.0,2470.0,294.0,51.458333333333336,12.0,36.0,0.0,0.0,0.010526315789473684,2470.0,48.0,1
335641,1,1,4.0,464.0,2.0,466.0,411.0,116.5,2.0,2.0,0.0,0.0,0.004291845493562232,466.0,4.0,1
335646,2,1,3.0,118.0,5.0,123.0,45.0,30.75,0.0,4.0,0.0,0.0,0.04065040650406504,61.5,1.5,1
335648,3,1,30.0,1179.0,157.0,1336.0,223.0,35.1578947368421,0.0,38.0,0.0,0.0,0.11751497005988024,445.3333333333333,10.0,1
335659,1,1,2.0,31.0,3.0,34.0,30.0,17.0,0.0,2.0,0.0,0.0,0.08823529411764706,34.0,2.0,1
335664,2,1,3.0,543.0,231.0,774.0,528.0,129.0,0.0,6.0,0.0,0.0,0.29844961240310075,387.0,1.5,1
335667,2,1,2.0,48.0,0.0,48.0,47.0,24.0,1.0,1.0,0.0,0.0,0.0,24.0,1.0,1
335682,1,1,1.0,5.0,3.0,8.0,8.0,8.0,0.0,1.0,0.0,0.0,0.375,8.0,1.0,1
335689,1,1,4.0,4.0,0.0,4.0,1.0,1.0,0.0,4.0,0.0,0.0,0.0,4.0,4.0,1
335694,3,1,5.0,50.0,4.0,54.0,21.0,9.0,0.0,6.0,0.0,0.0,0.07407407407407407,18.0,1.6666666666666667,1
335696,1,1,1.0,35.0,29.0,64.0,64.0,64.0,0.0,1.0,0.0,0.0,0.453125,64.0,1.0,1
335697,1,1,2.0,18.0,8.0,26.0,18.0,13.0,0.0,2.0,0.0,0.0,0.3076923076923077,26.0,2.0,1
335698,1,1,6.0,74.0,40.0,114.0,38.0,19.0,0.0,6.0,0.0,0.0,0.3508771929824561,114.0,6.0,1
335699,2,1,3.0,120.0,0.0,120.0,103.0,40.0,1.0,2.0,0.0,0.0,0.0,60.0,1.5,1
335700,2,1,6.0,231.0,40.0,271.0,131.0,33.875,1.0,7.0,0.0,0.0,0.14760147601476015,135.5,3.0,1
335705,2,1,2.0,17.0,3.0,20.0,12.0,6.666666666666667,0.0,3.0,0.0,0.0,0.15,10.0,1.0,1
335706,2,1,4.0,99.0,22.0,121.0,46.0,15.125,0.0,8.0,0.0,0.0,0.18181818181818182,60.5,2.0,1
335711,2,1,2.0,18.0,2.0,20.0,8.0,6.666666666666667,0.0,3.0,0.0,0.0,0.1,10.0,1.0,1
335712,1,1,2.0,13.0,0.0,13.0,9.0,6.5,0.0,2.0,0.0,0.0,0.0,13.0,2.0,1
335714,1,1,2.0,47.0,9.0,56.0,36.0,28.0,1.0,1.0,0.0,0.0,0.16071428571428573,56.0,2.0,1
335715,1,1,1.0,2.0,2.0,4.0,4.0,4.0,0.0,1.0,0.0,0.0,0.5,4.0,1.0,1
335717,2,1,2.0,313.0,8.0,321.0,170.0,107.0,0.0,3.0,0.0,0.0,0.024922118380062305,160.5,1.0,1
335721,2,1,2.0,108.0,0.0,108.0,103.0,54.0,1.0,1.0,0.0,0.0,0.0,54.0,1.0,1
335727,2,1,3.0,151.0,5.0,156.0,135.0,39.0,0.0,4.0,0.0,0.0,0.03205128205128205,78.0,1.5,1
335728,2,1,8.0,258.0,35.0,293.0,155.0,32.55555555555556,0.0,9.0,0.0,0.0,0.11945392491467577,146.5,4.0,1
335729,2,1,11.0,191.0,24.0,215.0,92.0,16.53846153846154,0.0,13.0,0.0,0.0,0.11162790697674418,107.5,5.5,1
335730,1,1,1.0,0.0,17.0,17.0,17.0,17.0,0.0,1.0,0.0,0.0,1.0,17.0,1.0,1
335732,8,1,35.0,1413.0,297.0,1710.0,130.0,34.89795918367347,2.0,47.0,0.0,0.0,0.1736842105263158,213.75,4.375,1
335733,1,1,6.0,1029.0,108.0,1137.0,532.0,189.5,3.0,3.0,0.0,0.0,0.09498680738786279,1137.0,6.0,1
335735,3,1,48.0,3353.0,125.0,3478.0,378.0,59.96551724137931,15.0,43.0,0.0,0.0,0.0359401955146636,1159.3333333333333,16.0,1
335736,1,1,3.0,150.0,4.0,154.0,135.0,51.333333333333336,0.0,3.0,0.0,0.0,0.025974025974025976,154.0,3.0,1
335739,1,1,4.0,112.0,9.0,121.0,56.0,30.25,0.0,4.0,0.0,0.0,0.0743801652892562,121.0,4.0,1
335741,3,1,6.0,183.0,26.0,209.0,93.0,20.9,0.0,10.0,0.0,0.0,0.12440191387559808,69.66666666666667,2.0,1
335743,1,1,8.0,592.0,171.0,763.0,402.0,95.375,0.0,8.0,0.0,0.0,0.22411533420707733,763.0,8.0,1
335746,1,1,13.0,717.0,45.0,762.0,194.0,58.61538461538461,1.0,12.0,0.0,0.0,0.05905511811023622,762.0,13.0,1
335748,1,1,5.0,203.0,19.0,222.0,84.0,44.4,0.0,5.0,0.0,0.0,0.08558558558558559,222.0,5.0,1
335750,4,1,6.0,172.0,25.0,197.0,51.0,14.071428571428571,0.0,14.0,0.0,0.0,0.12690355329949238,49.25,1.5,1
335751,2,1,2.0,210.0,35.0,245.0,144.0,122.5,0.0,2.0,0.0,0.0,0.14285714285714285,122.5,1.0,1
335753,1,1,0.0,0.0,0.0,0.0,0.0,0.0,0.0,0.0,0.0,0.0,0.0,0.0,0.0,1
335759,3,1,2.0,54.0,12.0,66.0,25.0,13.2,0.0,5.0,0.0,0.0,0.18181818181818182,22.0,0.6666666666666666,1
335760,7,2,244.0,14180.0,1644.0,15824.0,880.0,57.12635379061372,25.0,251.0,1.0,0.0,0.1038928210313448,2260.5714285714284,34.857142857142854,2
335762,1,1,3.0,19.0,4.0,23.0,15.0,7.666666666666667,0.0,3.0,0.0,0.0,0.17391304347826086,23.0,3.0,1
335766,2,1,4.0,155.0,25.0,180.0,66.0,22.5,0.0,8.0,0.0,0.0,0.1388888888888889,90.0,2.0,1
335769,4,1,14.0,1844.0,1074.0,2918.0,2428.0,162.11111111111111,3.0,15.0,0.0,0.0,0.3680603152844414,729.5,3.5,1
335770,2,1,5.0,68.0,58.0,126.0,55.0,25.2,1.0,4.0,0.0,0.0,0.4603174603174603,63.0,2.5,1
335772,1,1,6.0,101.0,7.0,108.0,42.0,18.0,1.0,5.0,0.0,0.0,0.06481481481481481,108.0,6.0,1
335783,1,1,2.0,6.0,195.0,201.0,101.0,100.5,0.0,2.0,0.0,0.0,0.9701492537313433,201.0,2.0,1
335784,1,1,1.0,3.0,3.0,6.0,6.0,6.0,0.0,1.0,0.0,0.0,0.5,6.0,1.0,1
335785,1,1,13.0,224.0,22.0,246.0,110.0,18.923076923076923,0.0,13.0,0.0,0.0,0.08943089430894309,246.0,13.0,1
335791,5,1,43.0,583.0,372.0,955.0,107.0,19.1,2.0,48.0,0.0,0.0,0.38952879581151834,191.0,8.6,1
335793,1,1,1.0,1.0,1.0,2.0,2.0,2.0,0.0,1.0,0.0,0.0,0.5,2.0,1.0,1
335795,2,1,9.0,109.0,67.0,176.0,55.0,16.0,1.0,10.0,0.0,0.0,0.3806818181818182,88.0,4.5,1
335799,1,1,5.0,68.0,58.0,126.0,55.0,25.2,1.0,4.0,0.0,0.0,0.4603174603174603,126.0,5.0,1
335800,1,1,5.0,68.0,58.0,126.0,55.0,25.2,1.0,4.0,0.0,0.0,0.4603174603174603,126.0,5.0,1
335805,5,1,8.0,230.0,29.0,259.0,76.0,19.923076923076923,1.0,12.0,0.0,0.0,0.11196911196911197,51.8,1.6,1
335806,1,1,2.0,6.0,195.0,201.0,101.0,100.5,0.0,2.0,0.0,0.0,0.9701492537313433,201.0,2.0,1
335807,4,1,3.0,115.0,109.0,224.0,85.0,28.0,0.0,8.0,0.0,0.0,0.48660714285714285,56.0,0.75,1
335812,1,1,6.0,41.0,9.0,50.0,33.0,8.333333333333334,0.0,6.0,0.0,0.0,0.18,50.0,6.0,1
335814,2,1,303.0,20222.0,7549.0,27771.0,4508.0,91.65346534653466,98.0,195.0,10.0,0.0,0.2718303265996903,13885.5,151.5,1
335817,1,1,4.0,163.0,16.0,179.0,107.0,44.75,0.0,4.0,0.0,0.0,0.0893854748603352,179.0,4.0,1
335823,1,1,2.0,51.0,1.0,52.0,43.0,26.0,0.0,2.0,0.0,0.0,0.019230769230769232,52.0,2.0,1
335827,1,1,0.0,0.0,0.0,0.0,0.0,0.0,0.0,0.0,0.0,0.0,0.0,0.0,0.0,1
335828,13,2,29.0,933.0,395.0,1328.0,190.0,20.43076923076923,5.0,59.0,1.0,0.0,0.29743975903614456,102.15384615384616,2.230769230769231,2
335831,1,1,4.0,3.0,25.0,28.0,10.0,7.0,0.0,4.0,0.0,0.0,0.8928571428571429,28.0,4.0,1
335843,4,2,5.0,6.0,3.0,9.0,4.0,1.2857142857142858,2.0,3.0,2.0,0.0,0.3333333333333333,2.25,1.25,2
335845,3,2,4.0,107.0,13.0,120.0,43.0,20.0,0.0,6.0,0.0,0.0,0.10833333333333334,40.0,1.3333333333333333,2
335846,2,1,3.0,38.0,5.0,43.0,23.0,14.333333333333334,0.0,3.0,0.0,0.0,0.11627906976744186,21.5,1.5,1
335847,3,2,5.0,136.0,120.0,256.0,85.0,42.666666666666664,1.0,5.0,0.0,0.0,0.46875,85.33333333333333,1.6666666666666667,2
335849,3,1,3.0,426.0,17.0,443.0,213.0,63.285714285714285,1.0,6.0,0.0,0.0,0.03837471783295711,147.66666666666666,1.0,1
335850,7,1,5.0,205.0,33.0,238.0,54.0,21.636363636363637,0.0,11.0,0.0,0.0,0.13865546218487396,34.0,0.7142857142857143,1
335851,3,1,6.0,152.0,91.0,243.0,75.0,20.25,0.0,12.0,0.0,0.0,0.37448559670781895,81.0,2.0,1
335853,1,1,4.0,3.0,25.0,28.0,10.0,7.0,0.0,4.0,0.0,0.0,0.8928571428571429,28.0,4.0,1
335860,6,1,74.0,4099.0,561.0,4660.0,531.0,59.743589743589745,7.0,70.0,1.0,0.0,0.1203862660944206,776.6666666666666,12.333333333333334,1
335864,2,1,4.0,56.0,12.0,68.0,34.0,17.0,0.0,4.0,0.0,0.0,0.17647058823529413,34.0,2.0,1
335872,2,1,5.0,193.0,17.0,210.0,107.0,30.0,0.0,7.0,0.0,0.0,0.08095238095238096,105.0,2.5,1
335874,1,1,5.0,74.0,13.0,87.0,53.0,17.4,0.0,5.0,0.0,0.0,0.14942528735632185,87.0,5.0,1
335878,2,1,3.0,309.0,147.0,456.0,250.0,76.0,0.0,6.0,0.0,0.0,0.3223684210526316,228.0,1.5,1
335880,1,1,4.0,33.0,127.0,160.0,48.0,40.0,0.0,3.0,1.0,0.0,0.79375,160.0,4.0,1
335882,2,1,2.0,313.0,7.0,320.0,304.0,106.66666666666667,0.0,3.0,0.0,0.0,0.021875,160.0,1.0,1
335886,2,1,4.0,36.0,29.0,65.0,23.0,10.833333333333334,0.0,6.0,0.0,0.0,0.4461538461538462,32.5,2.0,1
335890,5,1,5.0,341.0,63.0,404.0,134.0,40.4,0.0,10.0,0.0,0.0,0.15594059405940594,80.8,1.0,1
335895,1,1,4.0,33.0,127.0,160.0,48.0,40.0,0.0,3.0,1.0,0.0,0.79375,160.0,4.0,1
335897,3,1,341.0,11578.0,3297.0,14875.0,880.0,43.241279069767444,22.0,317.0,4.0,1.0,0.22164705882352942,4958.333333333333,113.66666666666667,1
335898,1,1,5.0,330.0,47.0,377.0,192.0,75.4,0.0,5.0,0.0,0.0,0.1246684350132626,377.0,5.0,1
335899,2,1,24.0,2109.0,135.0,2244.0,625.0,86.3076923076923,1.0,25.0,0.0,0.0,0.06016042780748663,1122.0,12.0,1
335901,1,1,4.0,74.0,74.0,148.0,72.0,37.0,0.0,4.0,0.0,0.0,0.5,148.0,4.0,1
335902,1,1,199.0,24110.0,406.0,24516.0,1128.0,123.19597989949749,88.0,111.0,0.0,0.0,0.016560613476913035,24516.0,199.0,1
335905,1,1,1.0,15.0,7.0,22.0,22.0,22.0,0.0,1.0,0.0,0.0,0.3181818181818182,22.0,1.0,1
335909,1,1,4.0,79.0,17.0,96.0,47.0,24.0,0.0,4.0,0.0,0.0,0.17708333333333334,96.0,4.0,1
335910,1,1,1.0,3.0,1.0,4.0,4.0,4.0,0.0,1.0,0.0,0.0,0.25,4.0,1.0,1
335911,1,1,2.0,47.0,0.0,47.0,37.0,23.5,0.0,2.0,0.0,0.0,0.0,47.0,2.0,1
335912,1,1,8.0,17.0,17.0,34.0,14.0,4.25,0.0,8.0,0.0,0.0,0.5,34.0,8.0,1
335913,2,1,5.0,79.0,35.0,114.0,33.0,14.25,0.0,8.0,0.0,0.0,0.30701754385964913,57.0,2.5,1
335917,1,1,1.0,1.0,1.0,2.0,2.0,2.0,0.0,1.0,0.0,0.0,0.5,2.0,1.0,1
335918,1,1,19.0,1157.0,65.0,1222.0,375.0,64.3157894736842,3.0,16.0,0.0,0.0,0.05319148936170213,1222.0,19.0,1
